number,quote
1,"Youve hardly aged at all. In fact, if it were possible, I should say that you had fewer grey hairs than when I saw you last."
2,"Precisely that—careless. But let us not talk of it. You know, Hastings, in many ways I regard you as my mascot."
3,"As soon as I heard you were coming over I said to myself: something will arise. As in former days we will hunt together, we two. But if so it must be no common affair. It must be something"
4,Anyone would think you were ordering a dinner at the Ritz.
5,Whereas one cannot command a crime to order? Very true.
6,"What can one do? I showed it to Japp. He was of the same opinion as you—a stupid hoax—that was the expression he used. They get these things every day at Scotland Yard. I, too, have had my share…."
7,"There is something about that letter, Hastings, that I do not like…."
8,"You are in error, my friend. You do not understand my meaning. A robbery would be a relief since it would dispossess my mind of the fear of something else."
9,"Quite a good advertisement for a hair tonic, hed be. Face fungus sprouting finer than ever. Coming out into the limelight, too, in his old age. Mixed up in all the celebrated cases of the day. Train mysteries, air mysteries, high society deaths—oh, hes here, there and everywhere. Never been so celebrated as since he retired."
10,"I have already told Hastings that I am like the prima donna who makes always one more appearance,"
11,"I shouldnt wonder if you ended by detecting your own death,"
12,"Thats an idea, that is. Ought to be put in a book."
13,"It will be Hastings who will have to do that,"
14,"Bless you, we get dozens of letters like that coming in every day! People with nothing better to do and a bit weak in the top storey sit down and write em. They dont mean any harm! Just a kind of excitement."
15,"I have indeed been foolish to take the matter so seriously,"
16,It is the nest of the horse that I put my nose into there.
17,"You know, Hastings, there is a little device—my hairdresser is a man of great ingenuity—one attaches it to the scalp and brushes ones own hair over it—it is not a wig, you comprehend—but—"
18,"Who shall the victim be—man or woman? Man, I think. Some bigwig. American millionaire. Prime Minister. Newspaper proprietor. Scene of the crime—well, whats wrong with the good old library? Nothing like it for atmosphere. As for the weapon—well, it might be a curiously twisted dagger—or some blunt instrument—a carved stone idol—"
19,theres poison—but thats always so technical. Or a revolver shot echoing in the night. Then there must be a beautiful girl or two—
20,You have made there a very pretty résumé of nearly all the detective stories that have ever been written.
21,"that four people sit down to play bridge and one, the odd man out, sits in a chair by the fire. At the end of the evening the man by the fire is found dead. One of the four, while he is dummy, has gone over and killed him, and intent on the play of the hand, the other three have not noticed. Ah, there would be a crime for you! Which of the four was it?"
22,that a second murder in a book often cheers things up.
23,He had just got back to the Yard. There was a message from Andover….
24,An old woman of the name of Ascher who keeps a little tobacco and newspaper shop has been found murdered.
25,"Weve found a man who went in and bought some tobacco at 5:30. And a second man went in and found the shop empty, as he thought, at five minutes past six. That puts the time at between 5:30 and 6:5. So far I havent been able to find anyone who saw this man Ascher in the neighbourhood, but, of course, its early as yet. He was in the Three Crowns at nine oclock pretty far gone in drink. When we get hold of him hell be detained on suspicion."
26,"No. Theres a niece. Shes in service near Overton. Very superior, steady young woman."
27,"It is your opinion, inspector, that this man Ascher committed the crime?"
28,"Thats what Dr. Kerr says. Im glad it was that way, poor old soul. A decent woman she was."
29,"But yes, look at the line of the jaw, the bones, the moulding of the head."
30,"You perceive, Hastings, that we have already one further point in favour of Aschers innocence. If he had been abusing his wife and threatening her, she would have been facing him over the counter. Instead she had her back to her assailant—obviously she is reaching down tobacco or cigarettes for a customer."
31,"Ah! I think it is you who are Miss Mary Drower, the parlour-maid here?"
32,"They said I must come to the inquest—thats on Monday, sir. But Ive nowhere to go there—I couldnt fancy being over the shop—now—and what with the housemaid being away, I didnt want to put the mistress out more than may be."
33,"Indeed I was, sir. Very good shes been to me always, auntie has. I went to her in London when I was eleven years old, after mother died. I started in service when I was sixteen, but I usually went along to aunties on my day out. A lot of trouble she went through with that German fellow. My old devil, she used to call him. Hed never let her be in peace anywhere. Sponging, cadging old beast."
34,"Shed a little in the Savings Bank, sir—enough to bury her proper, thats what she always said. Otherwise she didnt more than just make ends meet—what with her old devil and all."
35,At present one is in the dark—there is no direction—if things get clearer—
36,"The whole place was examined straight away, sir. There werent none."
37,"A long sight too many, sir! All confused and jumbled up."
38,"Yes, sir, you go through that door at the back, sir. Youll excuse me not coming with you, but Ive got to stay—"
39,"Regard, Hastings, did I not tell you that she had been a beautiful woman?"
40,"It would be as well if some of that gaping crowd cleared off. What is there to look at, Id like to know?"
41,"Possibly you even observed the murderer enter the shop—a tall, fair man with a beard, was he not? A Russian, so I have heard."
42,"Well, I dont get much chance of noticing, and thats a fact. The evenings our busy time and theres always a fair few passing along and getting home after their work. A tall, fair man with a beard—no, I cant say I saw anyone of that description anywhere about."
43,I think you have been misinformed. A short dark man I was told.
44,"To Let sign appeared in the windows. On the other side was a house with somewhat grimy muslin curtains. The door was opened after some delay by a very dirty child with a nose that needed attention. Good evening,"
45,"I am sure Im sorry I spoke so sharp just now, but youd hardly believe the worry one has to put up with—fellows coming along selling this, that and the other—vacuum cleaners, stockings, lavender bags and such-like foolery—and all so plausible and civil spoken. Got your name, too, pat they have. Its Mrs. Fowler this, that and the other."
46,"Well, Mrs. Fowler, I hope youre going to do what I ask."
47,"Nobody saw this man Ascher go into the shop, I believe?"
48,"No, they dont. And thats another point in his favour. Ive just told the Chief Constable that I think this is a job for Scotland Yard. I dont believe its a local crime."
49,
50,"From Inspector Glen? What can I do for you, Mr."
51,Many people may have made purchases from Mrs. Ascher after I did so.
52,Certainly I did. As soon as I heard of the shocking occurrence I perceived that my statement might be helpful and came forward accordingly.
53,Perhaps you will be so kind as to repeat your story to me.
54,"As far as I noticed, she seemed exactly as usual,"
55,"Thank you, Mr. Partridge, for answering these questions. Have you, by any chance, an A B C in the house? I want to look up my return train to London."
56,"Whats it to do with me, anyway? Told it to the blarsted police, I ave, and now Ive got to spit it all out again to a couple of blarsted foreigners."
57,"In truth I sympathize with you, but what will you? It is a question of murder, is it not? One has to be very, very careful."
58,Why the hell should I? It were no business of mine.
59,There has been a murder—the police want to know who has been in the shop—I myself think it would have—what shall I say?—looked more natural if you had come forward.
60,I demand only your account of your visit. That you refuse it seems to me—what shall we say—a little odd?
61,was committed by a man of medium height with red hair and a cast in the left eye. He limps slightly on the right foot and has a mole just below the shoulder blade.
62,"Mon ami, what will you? You fix upon me a look of dog-like devotion and demand of me a pronouncement à la Sherlock Holmes! Now for the truth—I do not know what the murderer looks like, nor where he lives, nor how to set hands upon him."
63,Does this mean that this fiend is going to attempt another crime?
64,"Its difficult, sir. Theres not the least clue towards whom the victim may be. Speaking fair and square, what steps can we take?"
65,I think it possible that the surname of the intended victim will begin with the letter B.
66,"As a matter of fact—my last case—I dont know whether you read about it—the Mabel Homer case, the Muswell Hill schoolgirl, you know—that man Capper was extraordinary. Amazingly difficult to pin the crime on to him—it was his third, too! Looked as sane as you or I. But there are various tests—verbal traps, you know—quite modern, of course, there was nothing of that kind in your day. Once you can induce a man to give himself away, youve got him! He knows that you know and his nerve goes. He starts giving himself away right and left."
67,"Strangled with her own belt—a thick, knitted affair, I gather."
68,"At last we have a piece of information that is very definite. That tells one something, does it not?"
69,"Terrible shock to them, of course. I left them to recover a bit before questioning them, so you can start from the beginning there."
70,"Theres a sister—a typist in London. Shes been communicated with. And theres a young man—in fact, the girl was supposed to be out with him last night, I gather."
71,Theres the café and theres the girls home. Id better go to both of them. Kelsey can come with me.
72,Mr. I expect hed like to see it.
73,And this is Mr.
74,"Come into the snuggery. I dont know that my poor wifes up to seeing you. All broken up, she is."
75,"Somehow, I dont see what M."
76,What you do not see and what I do not see would probably fill a volume. But all that is of no practical importance. What is of practical importance is something that will not be easy to find.
77,"I will help you. I heard what you said to Hastings. That your sister was a bright, happy girl with no men friends. It was—un peu—the opposite that was true, was it not?"
78,"Wait, mademoiselle. I have something to tell you. Come back."
79,"Then let us continue our conversation. I have formed the idea that this Donald Fraser has, perhaps, a violent and jealous temper, is that right?"
80,It was just that attitude of mind of hers that Don couldnt understand. If she was really keen on him he couldnt see why she wanted to go out with other people. And once or twice they had flaming big rows about it.
81,"Just so. And I may say, mademoiselle, that but for the egoistical vanity of a killer, that is just what would have happened. If Donald Fraser escapes suspicion, it will be thanks to A B Cs maniacal boasting."
82,I would like a word with him before our good inspector takes him in hand.
83,Betty Barnard was killed by a homicidal murderer. Only by speaking the exact truth can you help us to get on his track.
84,"I believed her when she said it. Never thought of doing anything else. Afterwards—perhaps it was something in her manner. I—I, well, I began to wonder."
85,"While you pursued your investigations upstairs I have been conversing with Miss Barnard and Mr. Fraser, endeavouring if I could to find something that will throw light upon the matter."
86,A cleft stick—eh? How many crimes do you think this—lunatic has in mind?
87,he wont get there. Not nearly. Youll have him by the heels long before that. Interesting to know how hed have dealt with the letter X.
88,"Which letter of the alphabet do you place it at, inspector?"
89,"Well, you seem to be doing all that can be done, Crome,"
90,"What do you say, M. Does any line of inquiry suggest itself to you?"
91,It seems to me that there is one very important clue—the discovery of the motive.
92,"Isnt that pretty obvious? An alphabetical complex. Isnt that what you called it, doctor?"
93,There is an alphabetical complex. But why an alphabetical complex? A madman in particular has always a very strong reason for the crimes he commits.
94,Look at Stoneman in 1929. He ended by trying to do away with anyone who annoyed him in the slightest degree.
95,"I see what youre driving at, but Im not quite clear yet."
96,"it is there, in those questions, that the solution lies. If we knew the exact reason—fantastic, perhaps, to us—but logical to him—of why our madman commits these crimes, we should know, perhaps, who the next victim is likely to be."
97,"I said—the magnanimous murderer! Franz Ascher would have been arrested for the murder of his wife—Donald Fraser might have been arrested for the murder of Betty Barnard—if it had not been for the warning letters of A B C. Is he, then, so soft-hearted that he cannot bear others to suffer for something they did not do?"
98,"It has come? Open it, Hastings. Quickly. Every moment may be needed. We must make our plans."
99,"Vous éprouvez trop démotion, Hastings. It affects your hands and your wits. Is that a way to fold a coat? And regard what you have done to my pyjamas. If the hairwash breaks what will befall them?"
100,this is a matter of life and death. What does it matter what happens to our clothes?
101,No news as yet. All men available are on the lookout. All persons whose name begins with C are being warned by phone when possible. Theres just a chance. Wheres the letter?
102,No. Hes got his rules—crazy rules—and abides by them. Fair warning. He makes a point of that. Thats where his boastfulness comes in. I wonder now—Id almost bet the chap drinks White Horse whisky.
103,He prints the letter and the bottle is in front of him.
104,Its about as bad as it can be. Sir Carmichael Clarke has been found with his head bashed in.
105,It is possible that publicity may do what private efforts have failed to do. The whole country now will be looking for A B C.
106,"No, no, I do not agree with you. Its infinitely more frightening."
107,"It should be easier to discover because it is mad. A crime committed by someone shrewd and sane would be far more complicated. Here, if one could but hit on the idea…This alphabetical business, it has discrepancies. If I could once see the idea—then everything would be clear and simple…."
108,"Quite frankly, I should have jumped to the conclusion that it was suicide,"
109,A fact that repeats itself. It is of no matter.
110,"Not exactly hanging about. Of course, there are a lot of people what you might call wandering about at this time of year. One often meets people strolling with an aimless look across the golf links or down the lanes to the sea. In the same way, practically everyone one sees this time of year is a stranger."
111,Looks as though he knows everything—and what does he know? Nothing at all as far as I can make out.
112,"But do not worry yourself. All this is of no importance. These imbecilities, even, may help."
113,"If our madman reads what I am supposed to have said to the Daily Blague today, he will lose all respect for me as an opponent!"
114,Alas! I have shocked you. First my inertia—and then my views.
115,"I have one project that will please you—since it is active and not passive. Also, it will entail a lot of conversation and practically no thought."
116,"Ive no doubt that Crome is a very efficient officer, but, frankly, he puts my back up. That air of his of knowing best! I hinted something of what I had in mind to your friend here when he was down at Churston, but Ive had all my brothers affairs to settle up and I havent been free until now. My idea is, M."
117,What youve been saying. Its just words. It doesnt mean anything.
118,I think the principle of talking things over is always sound.
119,"that you all go over your own remembrances of the time preceding the murder. Perhaps youll start, Mr. Clarke."
120,"The gardener watering…Going to the post? Nearly ran down a bicyclist—silly woman wobbling and shouting to a friend. Thats all, Im afraid."
121,"I did correspondence with Sir Carmichael in the morning—saw the housekeeper. I wrote letters and did needlework in the afternoon, I fancy. It is difficult to remember. It was quite an ordinary day. I went to bed early."
122,Miss Barnard—can you bring back your remembrances of the last time you saw your sister?
123,"She didnt mention any man—forgive me, Mr. Fraser—she might be meeting?"
124,"I think that when the moment comes—that is, when the fourth letter arrives—we ought to join forces. Until then, perhaps we might each try our luck on our own. I dont know whether there are any points M."
125,"Tout de même, I do not think there is much you can do down there for the present,"
126,"Miss Grey very kindly stayed on to help me clear up things,"
127,Good. Ill let nurse know and shell arrange the dope accordingly.
128,I think you might perhaps do good work in Andover. Try the children.
129,It can do no harm to try. I think myself that A B C will be too cunning to reply.
130,"The human drama, Hastings! Reflect a little minute. Here are three sets of human beings brought together by a common tragedy. Immediately a second drama commences—tout à fait à part. Do you remember my first case in England? Oh, so many years ago now. I brought together two people who loved one another—by the simple method of having one of them arrested for murder! Nothing less would have done it! In the midst of death we are in life, Hastings…Murder, I have often noticed, is a great matchmaker."
131,Im sure none of those people was thinking of anything but—
132,What could be more revealing? Mais je crois que la blonde lemporte sur la brunette!
133,"Cest tout naturel. Did you observe how Franklin Clarke was suddenly at one and in sympathy with Mademoiselle Megan? How he leaned forward and looked at her? And did you also notice how very much annoyed Mademoiselle Thora Grey was about it? And Mr. Donald Fraser, he—"
134,"That is the last thing my mind is. You are the sentimental one, Hastings."
135,"I had no idea Lady Clarke disliked me so much. In fact, I always thought she was rather fond of me."
136,"She is an angel, is she not? From Eden, by way of Sweden…."
137,I am Nurse Capstick. I got Mr. Clarkes letter saying you were coming.
138,"Yes—it was good of you to come. I told Franklin. He said he wouldnt forget to tell you. I hope Franklin isnt going to be foolish…hes so easily taken in, in spite of having knocked about the world so much. Men are like that…They remain boys…Franklin, in particular."
139,Yes—yes…And very chivalrous. Men are so foolish that way. Even Car—
140,Why did you say that Miss Grey was a liar?
141,"Because she is. She told you no strangers came to the house, didnt she?"
142,"Perhaps it is that I like to mount you on your romantic high horse, Hastings. You are always the true knight—ready to come to the rescue of damsels in distress—good-looking damsels, bien entendu."
143,You have come to me because there is something that you must tell to someone. You were quite right. I am the proper person. Speak!
144,"Whats the meaning of it, M. Why does it come to me? Every night…?"
145,"What does it mean? I—I didnt kill her, did I?"
146,He stooped…I dont know. I hardly looked at him. He wasnt the sort of man youd notice….
147,"You are quite right, mademoiselle. The whole secret of the murders lies there in your description of the murderer—for without a doubt he was the murderer! He wasnt the sort of man youd notice. Yes—there is no doubt about it…You have described the murderer!"
148,"Oh, a great many reasons—for one, because the red succeeds the black."
149,I speak the language of the tables. At roulette there may be a long run on the black—but in the end red must turn up. It is the mathematical laws of chance.
150,"Look here, M. You went down to Churston, I know, and saw my sister-in-law. Did she say—or hint—I mean—did she suggest at all—?"
151,"And women, even the best of them, are a bit catty about other women. Of course, Thora was invaluable to my brother—he always said she was the best secretary he ever had—and he was very fond of her, too. But it was all perfectly straight and aboveboard. I mean, Thora isnt the sort of girl—"
152,"But my sister-in-law got it into her head to be—well—jealous, I suppose. Not that she ever showed anything. But after Cars death, when there was a question of Miss Grey staying on—well, Charlotte cut up rough. Of course, its partly the illness and the morphia and all that—Nurse Capstick says so—she says we mustnt blame Charlotte for getting these ideas into her head—"
153,"I know. Thats what I keep saying to myself. One mustnt judge her. All the same, I thought Id show you this. I dont want you to get a false impression of Thora from anything Lady Clarke may have said."
154,that I never permit myself to get false impressions from anything anyone tells me. I form my own judgments.
155,"A B C down on the floor between the dead mans feet,"
156,Yes. A B Cs slipped up for once—if thats any satisfaction to us. Deceaseds a man called Earlsfield—George Earlsfield. Barber by profession.
157,"Yes, sir. Your Inspector Rice has made arrangements. The house will be watched."
158,that when A B C finds out his mistake he might try again?
159,"Think so? Well, its possible. Damn it all, hasnt anyone got eyes in their head?"
160,"You seem very confident, M. Got any reason for this optimism?"
161,"I went to the address given me by Hartigan, but found that Cust had left the house about half an hour previously. He received a telephone message, Im told. First time such a thing had happened to him, so his landlady told me."
162,"It would be the act of an imbecile to bring that back with him,"
163,"Hes quite right. Theres got to be some definite obsession. I think well find the root of the matter in an intensified inferiority complex. There may be a persecution mania, too, and if so he may possibly associate M. He may have the delusion that M."
164,"Thats the jargon thats talked nowadays. In my day if a man was mad he was mad and we didnt look about for scientific terms to soften it down. I suppose a thoroughly up-to-date doctor would suggest putting a man like A B C in a nursing home, telling him what a fine fellow he was for forty-five days on end and then letting him out as a responsible member of society."
165,"However, Im against the theory that Cust committed these crimes without knowing hed done them. You might put that theory forward if it werent for the letters. The letters knock the theory on the head. They show premeditation and a careful planning of the crime."
166,"Naturally—since they were written to me. And on the subject of the letters Cust is persistently dumb. Until I get at the reason for those letters being written to me, I shall not feel that the case is solved."
167,"Mind you, I dont believe in it, because I know it isnt true. But it is going to be the deuce to break it. This man Strange is a tough character."
168,"The type of man who would not like to admit he was mistaken,"
169,"Yes. Hes an obstinate devil. And its difficult to see just where the flaw is. Supposing Strange is making a mistake and the man wasnt Cust—why on earth should he say his name is Cust? And the writing in the hotel register is his all right. You cant say hes an accomplice—homicidal lunatics dont have accomplices! Did the girl die later? The doctor was quite firm in his evidence, and anyway it would take some time for Cust to get out of the hotel at Eastbourne without being seen and get over to Bexhill—about fourteen miles away—"
170,"Of course, strictly speaking, it oughtnt to matter. Weve got Cust on the Doncaster murder—the bloodstained coat, the knife—not a loophole there. You couldnt bounce any jury into acquitting him. But it spoils a pretty case. He did the Doncaster murder. He did the Churston murder. He did the Andover murder. Then, by hell, he must have done the Bexhill murder. But I dont see how!"
171,Cromes in a fog. Exert those cellular arrangements of yours I used to hear so much about. Show us the way he did it.
172,"Not at the moment. I require first a little more information. That I can get from our Special Legion. And then—then, when I have got the answer to a certain question, I will go and see A B C."
173,"We will talk! Je vous assure, Hastings—there is nothing so dangerous for anyone who has something to hide as conversation! Speech, so a wise old Frenchman said to me once, is an invention of mans to prevent him from thinking. It is also an infallible means of discovering that which he wishes to hide. A human being, Hastings, cannot resist the opportunity to reveal himself and express his personality which conversation gives him. Every time he will give himself away."
174,"I have finished in Bexhill. Presently I go to Eastbourne. One little inquiry there—that is all. Unnecessary for you all to accompany me. In the meantime come back to the hotel and let us have a cocktail. That Carlton tea, it was abominable!"
175,"Ah, but ladies first—this time it would not be the politeness. We will start elsewhere."
176,you may not want the truth but—ma foi—you can speak it!
177,I never wrote to you. Those letters werent written by me. Ive said so again and again.
178,An enemy. I must have an enemy. They are all against me. The police—everyone—all against me. Its a gigantic conspiracy.
179,It was just the feeling that everybody else thought me stupid. Very paralyzing. It was the same thing later in the office.
180,"I enjoyed the war. What I had of it, that was. I felt, for the first time, a man like anybody else. We were all in the same box. I was as good as anyone else."
181,"And then I got that wound on the head. Very slight. But they found out I had fits…Id always known, of course, that there were times when I hadnt been quite sure what I was doing. Lapses, you know. And of course, once or twice Id fallen down. But I dont really think they ought to have discharged me for that. No, I dont think it was right."
182,"I got a place as a clerk. Of course there was good money to be got just then. And I didnt do so badly after the war. Of course, a smaller salary…And—I didnt seem to get on. I was always being passed over for promotion. I wasnt go-ahead enough. It grew very difficult—really very difficult…. Especially when the slump came. A salary and commission!"
183,"But you are aware, are you not, that the firm whom you say employed you deny the fact?"
184,"Im perfectly innocent! Its all a mistake. Why, look at that second crime—that Bexhill one. I was playing dominoes at Eastbourne. Youve got to admit that!"
185,"But its so easy, isnt it, to make a mistake of one day? And if youre an obstinate, positive man, like Mr. Strange, youll never consider the possibility of having been mistaken. What youve said youll stick to…Hes that kind of man. And the hotel register—its very easy to put down the wrong date when youre signing it—probably no one will notice it at the time."
186,"I remember one man—Ive never forgotten him because of something he told me—we just got talking over a cup of coffee, and we started dominoes. Well, I felt after twenty minutes that Id known that man all my life."
187,"It gave me a turn—a nasty turn. Talking of your fate being written in your hand, he was. And he showed me his hand and the lines that showed hed have two near escapes of being drowned—and he had had two near escapes. And then he looked at mine and he told me some amazing things. Said I was going to be one of the most celebrated men in England before I died. Said the whole country would be talking about me. But he said—he said…."
188,"It is finished. I say no more. It is over. We pass to the next murder, that of Sir Carmichael Clarke. Here the murderer goes back to his first method—the blow on the head. The same alphabetical complex—but one fact worries me a little. To be consistent the murderer should have chosen his towns in some definite sequence. If Andover is the 155th name under A, then the B crime should be the 155th also—or it should be the 156th and the C the 157th. Here again the towns seemed to be chosen in rather too haphazard a fashion."
189,You yourself are normally methodical and orderly. Its almost a disease with you.
190,"Be quiet, mademoiselle. I am for the truth, I am! I have done with lies. Supposing, I say, that A B C did not commit the second crime. It took place, remember, in the early hours of the 25th—the day he had arrived for the crime. Supposing someone had forestalled him? What in those circumstances would he do? Commit a second murder, or lie low and accept the first as a kind of macabre present?"
191,Thats a fantastic thought! All the crimes must have been committed by the same person!
192,I had no sooner spoken to him than I was aware that Cust believed himself to be guilty.
193,"No, Mr. Clarke. You were safe enough so long as no one suspected you. Once you were suspected proofs were easy to obtain."
194,"You may have noticed I had a new manservant today—a friend of mine—an expert sneak thief. He removed your pistol from your pocket, unloaded it, and returned it, all without you being aware of the fact."
195,I warn you that anything you say may be used as evidence.
196,"You are very full of an insular superiority, but for myself I consider your crime not an English crime at all—not aboveboard—not sporting—"
197,"Your dream has a very natural explanation. It is that you find that already the image of one sister fades in your memory and that its place is taken by the other sister. Mademoiselle Megan replaces her sister in your heart, but since you cannot bear to think of yourself being unfaithful so soon to the dead, you strive to stifle the thought, to kill it! That is the explanation of the dream."
198,She was not so well worth remembering. In Mademoiselle Megan you have one in a hundred—un coeur magnifique!
199,Some of them were simplement une blague. But I learnt one thing that I wanted to know—that Franklin Clarke was in London when the first letter was posted—and also I wanted to see his face when I asked my question of Mademoiselle Thora. He was off his guard. I saw all the malice and anger in his eyes.
200,"I do not fancy you returned me a truthful answer, mademoiselle,"
201,And now your second expectation is disappointed. Franklin Clarke will not inherit his brothers money.
202,Is there any need for me to stay here and be insulted?
203,"Do you know, a newspaper has actually offered me a hundred pounds—a hundred pounds—for a brief account of my life and history—I—I really dont know what to do about it."
204,Be firm. Say five hundred is your price. And do not confine yourself to one newspaper.
205,that you are a very famous man. Practically the most famous man in England today.
206,"My fellows are good scouts at scouring the countryside and investigating Arab blood feuds, but frankly, Leidner, this business of your wifes seems to me rather out of my class. The whole thing looks confoundedly fishy. Im more than willing to have the fellow take a look at the case."
207,"I do not insult you. I merely ask you all to face facts. In a house where murder has been committed, every inmate comes in for a certain share of suspicion. I ask you what evidence is there that the murderer came from outside at all?"
208,I explain to you only how the matter must be approached. First I assure myself of the fact that everyone in this room is innocent. After that I seek the murderer elsewhere.
209,"No, Im afraid I cant. I was engrossed in my work, you see."
210,"Can you say or suggest anything at all that might throw light on this business? Did you, for instance, notice anything in the days preceding the murder?"
211,"And you, mademoiselle? Do you consider such a hypothesis feasible?"
212,"I dont. Where could anyone hide? The bedrooms are all in use and, in any case, are sparsely furnished. The darkroom, the drawing office and the laboratory were all in use the next day—so were all these rooms. There are no cupboards or corners. Perhaps, if the servants were in collusion—"
213,There is another point. The other day Nurse Leatheran here noticed you talking to a man outside. She had previously noticed that same man trying to peer in at one of the windows on the outside. It rather looks as though the man were hanging round the place deliberately.
214,"This stranger hanging about, he may be important—he may not. At any rate he must be found. Let us continue our inquiry."
215,"Well, I sent him up once or twice to the roof with pottery."
216,"It is hardly necessary to ask you, Mr. Emmott, whether you saw anyone enter or leave Mrs. Leidners room during that time?"
217,"That agrees with your estimate of the time of death, doctor?"
218,"What should I mean, madame? You have just told us how fond you were of Mrs. Leidner. She might, perhaps, have confided in you."
219,"You heard nothing else—the opening or shutting of a door, for instance?"
220,"You know, M. On thinking it over, I do not believe that I could possibly have heard any cry uttered in Mrs. Leidners room from where I was. The antika room lay between me and her—and I understand her windows were found closed."
221,"No, of course not. I understand that. But you see, it is of importance to me, because I feel I might have done something."
222,Nurse Leatheran will be so kind as to remain. I think her assistance will be valuable to us.
223,"We are now private and undisturbed. We can speak freely. We have heard what the members of the expedition have to tell us and—But yes, ma soeur, what is it that you think?"
224,Very good. Very good. You have the mind neat and orderly. You will be of great service to me here.
225,"Yes, during her lifetime. Her father left her a considerable sum of money in trust. She could not touch the principal. At her death it was to pass to any children she might have—and failing children to the Pittstown Museum."
226,"I can, I think, appreciate devotion when I see it. I believe, Dr. Leidner, that your love for your wife was the ruling passion of your life. It is so, is it not?"
227,"My friend, do not be impatient. In a case like this everything must be approached with order and method. In fact, that is my rule in every case. Having disposed of certain possibilities, we now approach a very important point. It is vital that, as you say—all the cards should be on the table—there must be nothing kept back."
228,"Yes, indeed. I cannot think of any detail that has escaped me."
229,"You have not told me, for instance, why you installed Nurse Leatheran in the house."
230,You mean to suggest that my wifes former husband is one of the expedition and that she didnt recognize him?
231,A very useful point of view. Commençons! Who could emphatically not be Frederick or William?
232,"Well, let us proceed. Under the heading of means and opportunity we have seven names. Nurse Leatheran, Miss Johnson, Mrs. Mercado, Mr. Mercado, Mr. Reiter, Mr. Emmott and Father Lavigny."
233,a murderer of the first class never wears a false beard!
234,How do you know the murderer is of the first class?
235,But its ridiculous—quite ridiculous. Both he and Mercado are well-known men. Theyve been known for years.
236,"I quite understand. Never do I wish to cause you unnecessary pain. If you will be good enough to accompany me, ma soeur."
237,But I questioned him closely and its obvious that he didnt actually change her position.
238,"She was lying on the bed, asleep or resting—someone opens the door, she looks up, rises to her feet—"
239,"that seems straightforward enough—except for one thing. If the man who entered was a stranger, why did not Mrs. Leidner cry out at once for help? If she had screamed she would have been heard. Nurse Leatheran here would have heard her, and Emmott and the boy."
240,"She may have been surprised to see the person—but she was not afraid. Then, as he struck, she may have uttered a half cry—too late."
241,"Yes. And after all, in view of the circumstances, its not fantastic. Her fear might have led her to kneel in supplication rather than to scream when her instinct would tell her it was too late—that nobody could get there in time."
242,"Presently when we have finished here and I go back with the doctor to Hassanieh we will take you with us. You will give Nurse Leatheran tea, will you not, doctor?"
243,It is a danger—yes—a great danger—and what can one do? How can one guard against it?
244,"I was only joking! Whod want to murder me, I should like to know?"
245,"Can I discuss in the presence of Dr. Leidner the motives likely to lead to the murder of his wife by a member of the expedition? That would not have been delicate at all. I had to sustain the fiction that his wife was adorable and that everyone adored her! But naturally it was not like that at all. Now we can be brutal and impersonal and say what we think. We have no longer to consider peoples feelings. And that is where Nurse Leatheran is going to help us. She is, I am sure, a very good observer."
246,"You shall tell me, ma soeur, exactly what each member of the expedition felt towards Mrs. Leidner."
247,"Quite long enough for one of your intelligence. A nurse sums up quickly. She makes her judgments and abides by them. Come, let us make a beginning. Father Lavigny, for instance?"
248,"Thats rather difficult to say, too. It wasnt easy to know what Mrs. Leidner thought of people. Sometimes, I fancy, he puzzled her. I remember her saying to Dr. Leidner that he was unlike any priest she had ever known."
249,"A length of hemp to be ordered for Father Lavigny,"
250,"Have you not, perhaps, some patients to attend? I would not for the world detain you from your professional duties."
251,We will have now an interesting conversation tête-à-tête. But you must not forget to eat your tea.
252,Can you remember—in mentioning it—did she look at you as though she wondered whether you had heard a different version?
253,"She thought you were there for some ulterior reason apart from the declared one. What reason? And why should she be so concerned in the matter. Odd, too, the way you tell me she stared at you all through tea the day you arrived."
254,"That, ma soeur, is an excuse but not an explanation."
255,"I dont think Miss Johnson liked Mrs. Leidner either very much. But she was quite open and aboveboard about it. She as good as admitted she was prejudiced. You see, shes very devoted to Dr. Leidner and had worked with him for years. And of course, marriage does change things—theres no denying it."
256,And from Miss Johnsons point of view it would be an unsuitable marriage. It would really have been much more suitable if Dr. Leidner had married her.
257,"But there, thats a man all over. Not one in a hundred considers suitability. And one cant really blame Dr. Leidner. Miss Johnson, poor soul, isnt so much to look at. Now Mrs. Leidner was really beautiful—not young, of course—but oh! I wish youd known her. There was something about her . . . I remember Mr. Coleman saying she was like a thingummyjig that came to lure people into marshes. That wasnt a very good way of putting it, but—oh, well—youll laugh at me, but there was something about her that was—well—unearthly."
258,"Then I dont think she and Mr. Carey got on very well either,"
259,"I quite understand. And the three young men? Coleman, you say, was inclined to be poetic about her."
260,I dont really know about Mr. Emmott. Hes always so quiet and never says much. She was very nice to him always. You know—friendly—called him David and used to tease him about Miss Reilly and things like that.
261,"Nurse Leatheran has been giving me valuable information about the various members of the expedition. Incidentally I have learnt a good deal—about the victim. And the victim, mademoiselle, is very often the clue to the mystery."
262,Ive never known her anything but sweet to him. I suppose she was fond of him. Hes a dear—wrapped up in his own world—his digging and his theories. And he worshipped her and thought her perfection. That might have annoyed some women. It didnt annoy her. In a sense he lived in a fools paradise—and yet it wasnt a fools paradise because to him she was what he thought her. Though its hard to reconcile that with—
263,but I thought youd like to have the local colour correct.
264,Thats why you often find that the author of anonymous letters is the last person in the place to be suspected. Some quiet inoffensive little soul who apparently cant say Bo to a goose—all sweetness and Christian meekness on the outside—and seething with all the fury of hell underneath!
265,Should you say Mrs. Leidner had any tendency to an inferiority complex?
266,"Yes, I do. But if she did, the reason arose out of her instinct to dramatize herself. Mrs. Leidner was a bit of a film star in private life! She had to be the centre of things—in the limelight. By the law of opposites she married Leidner, whos about the most retiring and modest man I know. He adored her—but adoration by the fireside wasnt enough for her. She had to be the persecuted heroine as well."
267,you dont subscribe to his theory that she wrote them and retained no memory of her act?
268,"Thats my opinion. She was a very handsome woman, you know, and might easily have had enemies. I think, those letters were written by some spiteful woman. Mrs. Leidner being of a nervous temperament took them seriously."
269,"Well, I suppose that could have been managed if anyone had given their minds to it. Women will take a lot of trouble to gratify their spite, M."
270,"But neither David Emmott nor Coleman were on duty that afternoon. Richard Carey was in charge. Yes, perhaps she is attracted to one of the boys—but shes such a modern unsentimental young woman that one doesnt know quite how seriously to take her. Im sure I dont know which of them it is. Bills a nice boy, and not nearly such a fool as he pretends to be. David Emmott is a dear—and theres a lot to him. He is the deep, quiet kind."
271,"But has this any bearing on the crime, M."
272,"Shes young and shes crude, but shes the right sort."
273,Are there any other members of the staff in the house?
274,"that after an event of this kind, everyone always pretends a lot of things that never were? You know—tension, atmosphere, a feeling that something was going to happen? I think people just make up these things afterwards."
275,And it really wasnt true! We were a thoroughly happy family here.
276,"That woman is one of the most utter liars Ive ever known,"
277,"Hardly that—hardly that. If a person tells you lies with her lips she is sometimes telling you truth with her eyes. What is she afraid of, little Madame Mercado? I saw fear in her eyes. Yes—decidedly she is afraid of something. It is very interesting."
278,The cool way she answered you this morning about these same letters!
279,"It was interesting, that. For she let out the fact she knew all about those letters. So far they have not been spoken of in the presence of the staff. Of course, it is quite possible that Dr. Leidner told her about them yesterday. They are old friends, he and she. But if he did not—well—then it is curious and interesting, is it not?"
280,"No, no, indeed. Always it is unwise to parade ones knowledge. Until the last minute I keep everything here,"
281,You can at least tell me whether you liked or disliked her?
282,She was a charming person—most charming. And intellectual. She had a very fine brain—yes.
283,"I was the stinging insect—yes. And very neatly I did it, too, do you not think so? You did not see me."
284,I suspected—but I did not know. It is always necessary to know.
285,"To be perfectly honest, Mrs. Leidner and I didnt hit it off particularly well. I dont mean that we were in any sense of the word enemies, but we were not exactly friends. Mrs. Leidner was, perhaps, a shade jealous of my old friendship with her husband. I, for my part, although I admired her very much and thought she was an extremely attractive woman, was just a shade resentful of her influence over Leidner. As a result we were quite polite to each other, but not intimate."
286,Perhaps you can guess. The usual sort of story—about you and Mrs. Leidner.
287,"I doubt if youd know the truth if you heard it,"
288,I will then! You shall have the truth! I hated Louise Leidner—theres the truth for you! I hated her like hell!
289,First millennium. A lady of some consequence perhaps. Skull looks rather odd—I must get Mercado to look at it. It suggests death by foul play.
290,"I expect you are all glad to get back to work again,"
291,"Yes, its much the best thing. Its not been any too easy loafing about the house and making conversation."
292,The hub of the case is Mrs. Leidner. I want to know about Mrs. Leidner.
293,"What did nurse think of her? Women are said to sum up other women quickly enough, and a nurse has a wide experience of types."
294,"I dont even know if Ive summed her up correctly. She wasnt easy to read. Shed do a devilish thing one day, and a really fine one the next. But I think youre about right when you say that shes the hub of the case. Thats what she always wanted to be—at the centre of things. And she liked to get at other people—I mean, she wasnt just satisfied with being passed the toast and the peanut butter, she wanted you to turn your mind and soul inside out for her to look at it."
295,"The fault is mine. Father Lavigny, he explains to me some tablets, and I take one to the window to see better—and, ma foi, not looking where I was going, I steb the toe, and the pain is sharp for the moment and I cry out."
296,Have you ever come to any conclusion about those anonymous letters?
297,She said she wanted to think it over—eh? That is what signed her death warrant. If she had only spoken out—then—at once.
298,Now what do I see? I see half the courtyard—and the archway—and the doors of the drawing office and the photographic room and the laboratory. Was there anyone in the courtyard?
299,Not in the least. I puzzled and puzzled over it but I couldnt even get a glimmering.
300,Man with a squint? Man with a squint? Theres more in this tale of that fellow with a squint than meets the eye. I dont know why the devil my fellows cant lay hold of him!
301,Do you mean he faked it? Didnt know you could fake an actual squint.
302,"The devil it can! Id give a lot to know where that fellow is now, squint or no squint!"
303,"Weve warned Tell Kotchek and Abu Kemal—all the frontier posts, in fact."
304,"It strikes me, M."
305,Not really. The truth came to me only this morning when I was watching the sunrise. A very beautiful sunrise.
306,and there was a telegram there for you—so I brought it along.
307,Ill be quiet. But I must leave this place. Joseph and I can go in and sleep at the Rest House.
308,"No, there seemed to be no one there but the Arab foreman."
309,No more did M. Verrier when he went there that same afternoon.
310,"Well, that was pretty natural under the circumstances, dont you think?"
311,"Oh, come now—dont go looking for trouble—thats my motto! But you cant fasten anything on me. I never went into the courtyard, and you cant find anyone wholl say I did."
312,"The evidence of the servants that no one entered the courtyard from outside. But it occurred to me, upon reflection, that that was really not what they had said. They had sworn that no stranger had entered the premises. They had not been asked if a member of the expedition had done so."
313,"Ah! but that raises rather an interesting question. They would notice a stranger undoubtedly—but would they have even noticed a member of the expedition? The members of the staff are passing in and out all day. The servants would hardly notice their going and coming. It is possible, I think, that either Mr. Carey or Mr. Coleman might have entered and the servants minds would have no remembrance of such an event."
314,"Of the two, I think Mr. Carey was the least likely to be noticed going or coming. Mr. Coleman had started to Hassanieh in the car that morning and he would be expected to return in it. His arrival on foot would therefore be noticeable."
315,"As yet I am only taking you all on a journey—my journey towards the truth. I had now established one fact—that all the members of the expedition staff, and also Nurse Leatheran, could in actual fact have committed the murder. That there was very little likelihood of some of them having committed it was a secondary matter. I had examined means and opportunity. I next passed to motive. I discovered that one and all of you could be credited with a motive!"
316,"Not me! Why, I was a stranger. Id only just come."
317,"Eh bien, ma soeur, and was not that just what Mrs. Leidner had been fearing? A stranger from outside?"
318,"Only if its to be all truth, Mr. Coleman did say once himself that he would have made a good forger."
319,"Therefore if he had come across some of the old threatening letters, he could have copied them without difficulty."
320,"Oh, I believe you. Dr. Leidner did not leave the roof. That is an undisputed fact. But what I saw—and what Miss Johnson had seen—was that Dr. Leidner could murder his wife from the roof without leaving it."
321,"if he loved her, why did he kill her? Wheres the motive? Cant you speak, Leidner? Tell him hes mad."
322,there is no proof. But that does not matter. You knew that I would not deny truth . . . I have never denied truth . . . I think—really—I am rather glad . . . Im so tired. . . .
323,"Oh, well, Jules here will compose for you a little meal that will be a poem—positively a poem! Women, however charming, have this disadvantage: They distract the mind from food! Now as to wine—"
324,I have made the economies in my time and I have now the means to enjoy the life of idleness.
325,I suppose you have something to be conceited about. Unfortunately crime doesnt interest me in the least.
326,I am delighted to learn that you have no guilty secret to hide.
327,"I am repeating what you said just now under your breath. Oh, yes, you did."
328,"It really seems a little too much for one person. Money, good looks, marvellous figure and—"
329,And love? Eh? And love? But you do not know—she may have been married for her money!
330,"Oh, yes, Mademoiselle. I saw all there was to see—indeed I saw something that you did not."
331,"I saw, Mademoiselle, dark lines below a womans eyes. I saw a hand that clutched a sunshade so tight that the knuckles were white…."
332,"I mean that all is not the gold that glitters. I mean that, though this lady is rich and beautiful and beloved, there is all the same something that is not right. And I know something else."
333,"that somewhere, at some time, I have heard that voice before—the voice of Monsieur Doyle—and I wish I could remember where."
334,"Let me congratulate you, Madame, on a very lovely daughter,"
335,"Rosalie? Yes, yes—she is good-looking. And no sympathy with illness. She always thinks she knows best. She imagines she knows more about my health than I do myself—"
336,"And how do you propose that that should be accomplished, Madame?"
337,Well—naturally—my husband and I cannot continue being subjected to this annoyance. There must be some kind of legal redress against such a thing.
338,Has she threatened you in actual words in public? Used insulting language? Attempted any bodily harm?
339,You mean there is nothing that I can do about it?
340,"Nothing at all, as far as I can see. Mademoiselle de Bellefort is within her rights."
341,But—but it is maddening! It is intolerable that I should have to put up with this!
342,"I must sympathize with you, Madame—especially as I imagine that you have not often had to put up with things."
343,Why? But its maddening! Irritating to the last degree! Ive told you why!
344,"That is a month or two ago, but the girls face—I do not forget it. I know that I shall remember if I see it again. And I remember too the mans voice. And I think you can guess, Madame, when it is I see the one and hear the other again. It is here in Egypt. The man is on his honeymoon, yes—but he is on his honeymoon with another woman."
345,"The girl in the restaurant mentioned a friend—a friend who, she was very positive, would not let her down. That friend, I think, was you, Madame."
346,"I should say, Madame, that you have had a happy life, that you have been generous and kindly in your attitude towards others."
347,"Yes, I will do that. But it is my opinion that I shall not be able to accomplish anything."
348,You permit that I speak to you for a little moment?
349,It is only when we are young that we think it is.
350,I know it. He loved me—he will always love me.
351,"Even if I were to—kill her, you couldnt stop me."
352,"Oh, Im not afraid of death! What have I got to live for, after all? I suppose you believe its very wrong to kill a person who has injured you—even if theyve taken away everything you had in the world?"
353,"Yes, Mademoiselle. I believe it is the unforgivable offence—to kill."
354,Linnets been brought up to believe that every annoyance can automatically be referred to the police.
355,"Its—its infamous that she should be victimized like this! Shes done nothing! If anyone likes to say I behaved like a cad, theyre welcome to say so! I suppose I did. But I wont have the whole thing visited on Linnet. She had nothing whatever to do with it."
356,And it is like that that you felt with Mademoiselle Jacqueline?
357,"Er—yes—well, yes, as a matter of fact I did. She doesnt realize that, of course. And its not the sort of thing I could ever tell her. But I was feeling restless—and then I met Linnet, and she just swept me off my feet! Id never seen anything so lovely. It was all so amazing. Everyone kowtowing to her—and then her singling out a poor chump like me."
358,I dont believe shell use that—now. She might have done so earlier. But I believe its got past that. Shes just spiteful now—trying to take it out on us both.
359,"Some day, I feel, weve got to make a stand and fight it out. Her attitude isnt reasonable."
360,"Theres no reason why women shouldnt behave like rational beings,"
361,"No, of course not. As a matter of fact Id rather have gone anywhere else, but Linnet was absolutely set upon it. And so—and so—"
362,"But you can never be alone anywhere. Someone is always pestering you for money, or offering you donkeys, or beads, or expeditions to native villages, or duck shooting."
363,"You see Im old-fashioned. I dont like her much. Tim and she are the greatest of friends, though."
364,"How very few young people there are out here! That pretty girl with the chestnut hair and the appalling mother in the turban is almost the only young creature in the place. You have talked to her a good deal, I notice. She interests me, that child."
365,A very simple crime—a direct shortcut to his objective. No subtlety about it.
366,Of course. The divine right of monarchy! Just a little bit of the Naboths vineyard touch. And the dangerous girl—Jacqueline de Bellefort—could she do a murder?
367,"Take the Pyramids. Great blocks of useless masonry, put up to minister to the egoism of a despotic bloated king. Think of the sweated masses who toiled to build them and died doing it. It makes me sick to think of the suffering and torture they represent."
368,Id rather see a well fed worker than any so-called work of art. What matters is the future—not the past.
369,"Look at—at some peoples mothers—and look at mine. There is no God but Sex, and Salome Otterbourne is its Prophet."
370,"Why not say it—to me? I am one of those who hear many things. If, as you say, you boil inside—like the jam—eh bien, let the scum come to the surface, and then one can take it off with a spoon, so."
371,How did she know we were coming on this boat?
372,I feel as though I shall never escape from her.
373,"There is one plan you might have adopted. In fact I am surprised that it did not occur to you. After all, with you, Madame, money is no object. Why did you not engage in your own private dahabiyeh?"
374,"Well, you see, Cousin Marie—thats Miss Van Schuyler—never gets up very early. She has to be very, very careful of her health. And of course she wanted Miss Bowers, thats her hospital nurse, to do things for her. And she said, too, that this isnt one of the best temples—but she was frightfully kind and said it would be quite all right for me to come."
375,"Oh, shes very kind. Its simply wonderful of her to bring me on this trip. I do feel Im a lucky girl. I just could hardly believe it when she suggested to Mother that I should come too."
376,"Oh, its been wonderful! Ive seen Italy—Venice and Padua and Pisa—and then Cairo—only cousin Marie wasnt very well in Cairo, so I couldnt get round much, and now this wonderful trip up the Wadi Halfa and back."
377,Dislike? I should say so. What good has that woman ever been to anyone or anything? Shes never worked or lifted a finger. Shes just battened on other people. Shes a parasite—and a damned unpleasant parasite. There are a lot of people on this boat Id say the world could do without.
378,"Me, I work with my brains and am not ashamed of it,"
379,Can you tell me of any good that can be done without it? Youve got to break down and destroy before you can build up.
380,Do you mean that girl actually totes about a dumb dick? Is she as careful of her precious skin as that?
381,"I have no connection whatever with Monsieur and Madame Doyle,"
382,And you? Is it not that you are on holiday also?
383,"You know, Im not much of a fellow for temples and sightseeing and all that, but a place like this sort of gets you, if you know what I mean. Those old Pharaohs must have been wonderful fellows."
384,"Im no end glad we came on this trip. Its—well, its cleared things up. Amazing why it should—but there it is. Linnets got her nerve back. She says its because shes actually faced the business at last."
385,"She says that when she actually saw Jackie on the boat she felt terrible—and then, suddenly, it didnt matter anymore. Were both agreed that we wont try to dodge her anymore. Well just meet her on her own ground and show her that this ridiculous stunt of hers doesnt worry us a bit. Its just damned bad form—thats all. She thought shed got us badly rattled, but now, well, we just arent rattled anymore. That ought to show her."
386,"You would go faster, would you not, on the Government steamer, which travels by night as well as day?"
387,"No. American, Irish, and French descent. Bit of a mongrel. That doesnt help us much. Have you got any ideas?"
388,There passes itself something on this boat that causes me much inquietude.
389,a person A who has grievously wronged a person B. The person B desires the revenge. The person B makes the threats.
390,Mais oui—I am consumed with sleep. I can hardly keep my eyes open. It has been a day very close and oppressive.
391,"I agree. One can pretty well rule that out. Well, man, its up to you. This is your show."
392,She was asleep; there was no struggle; the murderer crept up in the dark and shot her as she lay there.
393,"Well, Im damned."
394,"Yes, yes. It is, as I say, of an astonishing simplicity! It is so familiar, is it not? It has been done so often, in the pages of the romance of crime! It is now, indeed, a little vieux jeu! It leads one to suspect that our murderer is—old-fashioned!"
395,"J stands for Jacqueline de Bellefort, a young lady who declared to me less than a week ago that she would like nothing better than to—"
396,"If thats so, its going to simplify matters very much."
397,"Mrs. Doyles maid, Louise Bourget. She went to call her mistress as usual, found her dead, and came out and flopped into the stewards arms in a dead faint. He went to the manager, who came to me. I got hold of Bessner and then came for you."
398,"Yes, hes still asleep in my cabin. I gave him a strong opiate last night."
399,"I dont think we need detain the doctor any longer, eh? Thank you, Doctor."
400,Youre the man in charge. Ill take my orders from you. You say whats to be done.
401,"we must hold the court of inquiry. First of all, I think we must verify the story of the affair last night. That is to say, we must question Fanthorp and Miss Robson, who were the actual witnesses of what occurred. The disappearance of the pistol is very significant."
402,"You think that this girl, Jacqueline de Bellefort, is incapable of a premeditated cold-blooded murder?"
403,"I am not sure, you see. She would have the brains—yes. But I doubt if, physically, she could bring herself to do the act…."
404,It must have been about twenty minutes past twelve. I know that it was actually half-past twelve when I finally got to my cabin.
405,"Now let me be quite sure on one or two points,"
406,"After Madame Doyle left the saloon, did any of you four leave it?"
407,"Now we begin to arrive. Let us, I pray you, be very precise. Describe to me exactly what happened."
408,you have just told us that the pistol was out of sight under the settee. Therefore it is hardly credible that it was discovered by accident. It was taken by someone who knew it was there. Therefore that someone must have assisted at the scene.
409,"As far as I know, no one seems to have heard the other shot—the shot that killed Mrs. Doyle."
410,"For the moment we still concern ourselves with Mademoiselle de Bellefort. We must speak to Mademoiselle Bowers. But first, before you go"
411,"Very well, Monsieur Fanthorp. Will you give me a brief account of your own movements last night after the events we have just been narrating?"
412,"Shes not very young, and shes nervous about herself, and she likes to have a nurse around handy. Theres nothing serious the matter with her. She just likes plenty of attention, and shes willing to pay for it."
413,Someone pinched the pistol. It wasnt Jacqueline de Bellefort. Someone knew enough to feel that his crime would be attributed to her. But that someone did not know that a hospital nurse was going to give her morphia and sit up with her all night. And one thing more. Someone had already attempted to kill Linnet Doyle by rolling a boulder over the cliff; that someone was not Jacqueline de Bellefort. Who was it?
414,"It will be simpler to say who it could not have been. Neither Monsieur Doyle, Madame Allerton, Monsieur Allerton, Mademoiselle Van Schuyler, nor Mademoiselle Bowers could have had anything to do with it. They were all within my sight."
415,"is just the question we are asking ourselves. You cannot help us there, my child?"
416,"Yes. It is not pleasant to think, is it, that now, at this very moment, someone is rejoicing at the successful carrying out of his or her plan."
417,"I—I wanted her dead—and she is dead…And, what is worse…she died—just like I said."
418,"You know—Jackie didnt do it. Im certain Jackie didnt do it! It looks black against her, I dare say, but she didnt do it. She—she was a bit tight last night, and all worked up, and thats why she went for me. But she wouldnt—she wouldnt do murder… not cold-blooded murder…."
419,"Do not distress yourself, Monsieur Doyle. Whoever shot your wife, it was not Mademoiselle de Bellefort."
420,"That would explain what she said to me. For the first time she was feeling the burden of her inheritance and not its advantages. You are quite sure, Monsieur Doyle, that she did not mention this mans name?"
421,"Ach, but I can have a guess. There is certainly a young man with a grievance on board."
422,Yes. He spoke against Mrs. Doyle once or twice. I myself have heard him.
423,"Colonel Race and I must interview all the passengers. Until we have got their stories it would be unwise to form theories. Then there is the maid. We ought to interview her first of all. It would, perhaps, be as well if we did that here. Monsieur Doyles presence might be helpful."
424,"All the same it seems hardly credible…Well, we shall see. Let us have the maid here."
425,"Oh, yes. That I do know. To that question I can answer Yes most emphatically."
426,"She, certainly. But it is not of her I speak. There was someone else on this boat who disliked Madame, who was very angry because of the way Madame had injured him."
427,Her pearls? Louises eyes opened very wide. She was wearing them last night.
428,"Yes. It suddenly came to me, when Fanthorp mentioned thinking he had heard a splash. Its perfectly possible that after the murder, the murderer threw the pistol overboard."
429,"Its a suggestion. After all, the pistol wasnt anywhere in the cabin. First thing I looked for."
430,it is incredible that it should have been thrown overboard.
431,"If it is not in Madame Doyles cabin, there is, logically, only one other place where it could be."
432,"weve got two definite leads. Theres the disappearance of the pearls. And theres the man Fleetwood. As regards the pearls, robbery seems indicated, but—I dont know whether youll agree with me—"
433,Exactly. To steal the pearls at such a moment invites a close search of everybody on board. How then could the thief hope to get away with his booty?
434,You think she had something to do with the murder?
435,"In fact, hes just the person we are looking for?"
436,"See you, I recognize my own weaknesses. It has been said of me that I like to make a case difficult. This solution that you put to me—it is too simple, too easy. I cannot feel that it really happened. And yet, that may be the sheer prejudice on my part."
437,"We know that. On the other hand, I cant see any way in which he could have come up against Linnet Doyle. Their orbits dont touch."
438,"Unless, accidentally, she had become possessed of evidence showing his identity."
439,"I can hardly believe it. That lovely creature, with everything to live for—dead. I almost feel I cant believe it."
440,"And unluckily I didnt hear anything at all. I cant think why not. After all, Linnets cabin is only one away from mine. I should think Id have been bound to hear the shot. Go along, Tim; theyre waiting for you."
441,"I went to bed early, half-past ten or so. I read for a bit. Put out my light just after eleven."
442,Im glad you both realize my feelings. I am not accustomed to anything of this kind.
443,"Precisely, Mademoiselle. That is why we wish to free you from unpleasantness as quickly as possible. Now you went to bed last night—at what time?"
444,Is this the pistol you saw at the Cataract Hotel that night?
445,"Yes—that is it. There is the ornamental work on it—and the initials J.B. It is an article de luxe, a very feminine production, but it is none the less a lethal weapon."
446,"But Jacqueline de Bellefort did not shoot Madame Doyle. That we know for certain. It is proved,"
447,The blood lust and the sex instinct—a sexual crime. There are many well-known instances.
448,"Put it on to a poor devil like Fleetwood, who cant defend himself, whos got no money to hire lawyers. But I tell you this—if you try and saddle Fleetwood with this business youll have me to deal with."
449,You dont think he is the man you are after?
450,"I hardly think so. I suppose he is on board. The information was very precise. Oh, well, one job at a time. Lets have a go at Pennington."
451,You mean that in your belief Jacqueline de Bellefort shot Madame Doyle?
452,Thats what it looks like to me. Of course I dont know anything….
453,Mr. Pennington was sufficiently perturbed to tell a rather stupid lie. He was not in the temple of Abu Simbel when that boulder fell. I—moi qui vous parle—can swear to that. I had just come from there.
454,"we handle him with the gloves of kid, is it not so?"
455,Id like to make a brief précis of the facts as I go along. It keeps ones mind free of confusion.
456,Cette pauvre Madame Doyle. Lying there so peacefully…with the little hole in her head. You remember how she looked?
457,"Will you come with me, Mademoiselle? Monsieur Doyle wants to see you."
458,And then—she began to dislike me for it. She—shes turned right against me. I think she almost hates me sometimes.
459,Dont be sorry for me. Dont be kind. Its easier if youre not.
460,People think Im awful. Stuck-up and cross and bad-tempered. I cant help it. Ive forgotten how to be—to be nice.
461,"You drink wine always; Tim drinks whisky and soda, and I try all the different brands of mineral water in turn."
462,"Only yesterday he looked such a happy boy, with everything in the world he wanted. And now his beautiful wife killed and he himself laid up and helpless. I do hope, though—"
463,I hope hes not too angry with that poor child.
464,"Tell me, Madame Doyles cousin, Miss Joanna Southwood, did she resemble Madame Doyle?"
465,"Ah, pardon—I was confused. She is a young lady much in the news, that. I have been interested in her for some time."
466,"Ah! You have had previous experience, perhaps? You have been in a house where there was a robbery?"
467,"We have to thank you, Mademoiselle, for coming to us so promptly,"
468,"that reaction came pretty quickly. Thats a very coolheaded and astute young woman—perfectly capable of holding out on us and still further if she thinks it suits her book. What about Miss Marie Van Schuyler now? I dont think we can eliminate her from the possible suspects. You know, she might have committed murder to get hold of those jewels. We cant take the nurses word for it. Shes all out to do the best for the family."
469,"He is careful, our Mr. Fanthorp, to destroy his correspondence."
470,for it is possible that the thief hid the pearls here.
471,"if theres anything to be found here, for Gods sake go ahead and find it. You can if anyone can—I know that."
472,"It might be. Once, on the Orient Express, I investigated a murder. There was a little matter of a scarlet kimono. It had disappeared, and yet it must be on the train. I found it—where do you think? In my own locked suitcase! Ah! It was an impertinence, that!"
473,"The stole, perhaps, but would she have got rid of the pistol, too? Still, I agree that it is a possible solution. But it is always—bon Dieu! It is clumsy. And you still have not appreciated one point about the stole—"
474,What are you getting at? That Jackie stole the pearls? She didnt. Ill swear she didnt. Jackies as straight as a die. The mere idea of her being a thief is ridiculous—absolutely ridiculous.
475,She knew something—and she was blackmailing the murderer with her knowledge. We thought she wasnt being quite straight this morning.
476,"We have been idiots—fools! We should have known—then. What did she say? What could I have seen or heard? I was on the deck below. Naturally, if I had been unable to sleep, if I had mounted the stairs, then perhaps I might have seen this assassin, this monster, enter or leave Madames cabin, but as it is— Of course, that is what did happen! She did come up. She did see someone gliding into Linnet Doyles cabin—or coming out of it. And, because of her greed, her insensate greed, she lies here—"
477,"The murderer comes to her cabin, gives her the money, and then—"
478,"she counts it. Oh, yes, I know that class. She would count the money, and while she counted it she was completely off her guard. The murderer struck. Having done so successfully, he gathered up the money and fled—not noticing that the corner of one of the notes was torn."
479,"He will examine those notes, and will probably notice the tear. Of course if he were of a parsimonious disposition he would not be able to bring himself to destroy a mille note—but I very much fear that his temperament is just the opposite."
480,"You see, this maid she saw something she was not intended to see. And so—she was silenced, in case she should not hold her tongue."
481,"There is, I think, very little doubt what it was she saw,"
482,She saw someone enter and leave Linnet Doyles cabin on that fatal night.
483,What is the truth? You seem to know it better than I do.
484,"You want me to tell what it was you saw? If I am right, will you admit that I am right? I will tell you my little idea. I think that when you came round the stern of the boat you stopped involuntarily because you saw a man come out of a cabin about halfway down the deck—Linnet Doyles cabin, as you realized next day. You saw him come out, close the door behind him, and walk away from you down the deck and—perhaps—enter one of the two end cabins. Now, then, am I right, Mademoiselle?"
485,"Perhaps you think it is wiser not to speak. Perhaps you are afraid that, if you do, you too will be killed."
486,"You dont understand. Hes just sorry for me—awfully sorry for me, because he knows how terrible it is for me to know Ive hurt him so badly."
487,"Monsieur Pennington, I would like to discuss certain aspects of the case with you. Will you come to my cabin in half an hours time?"
488,"Oh, well, poor woman, one must not judge her, I suppose; but that girl must have had a terrible life."
489,How did the person who shot her get away without our seeing him?
490,"it was not quite such a disappearing trick as you think, Mademoiselle. There were three distinct ways the murderer might have gone."
491,"Of course. He could move in two directions on one plane, but he could go at right angles to that plane too. That is, he couldnt go up very well, but he could go down."
492,"I know Im just a plain mutt, but I still dont see."
493,Would you mind all clearing off? We want to bring out the body.
494,Ill never forget this trip as long as I live. Three deaths…Its just like living in a nightmare.
495,Damn the girl! I believe she really means it. She wants a man to be reliable. Reliable—ye gods!
496,Meditation on Death. One of his well-known monographs.
497,If you would send Miss Bowers to me—I feel quite upset—that insolent young man.
498,"Most of that family are. Spoilt, of course. Always inclined to tilt at windmills."
499,"Not so much that, but I think I put the wind up Pennington. I felt convinced he wouldnt try anymore funny business for some time, and by then I hoped to have got intimate enough with Mr. and Mrs. Doyle to convey some kind of a warning. As a matter of fact I hoped to do so through Doyle. Mrs. Doyle was so attached to Mr. Pennington that it would have been a bit awkward to suggest things to her about him. It would have been easier for me to approach the husband."
500,"Will you give me a candid opinion on one point, Monsieur Fanthorp? If you were engaged in putting a swindle over, would you choose Madame Doyle or Monsieur Doyle as a victim?"
501,"Mr. Doyle, every time. Linnet Doyle was very shrewd in business matters. Her husband, I should fancy, is one of those trustful fellows who know nothing of business and are always ready to sign on the dotted line as he himself put it."
502,because it is fairly obvious that you have a very special and immediate interest in the case.
503,"Surely. You have known Linnet Ridgeway, I understand, since she was quite a child."
504,"And it is a matter, I am credibly assured, of millions."
505,"Your responsibility, Mr. Pennington, and that of your partner, has been a very grave one."
506,"I was wondering, Mr. Pennington, whether Linnet Ridgeways sudden marriage caused any—consternation, in your office?"
507,And the letter reached New York after the Carmanic sailed?
508,"That on your luggage there are no labels of the Carmanic. The only recent labels of transatlantic sailing are the Normandie. The Normandie, I remember, sailed two days after the Carmanic."
509,"We got more than I thought we should. Admission of fraud. Admission of attempted murder. Further than that its impossible to go. A man will confess, more or less, to attempted murder, but you wont get him to confess to the real thing."
510,"The garden at Assuan. Mr. Allertons statement. The two bottles of nail polish. My bottle of wine. The velvet stole. The stained handkerchief. The pistol that was left on the scene of the crime. The death of Louise. The death of Madame Otterbourne. Yes, its all there. Pennington didnt do it, Race!"
511,"In a sense, perhaps. What I really require is for you to listen."
512,"Look here—you arent thinking…it wasnt I who killed her! Ill swear that! Ive been in the most awful stew. To have chosen that night of all others…God, its been awful!"
513,"Yes, you must have had uneasy moments. But, now that the truth has come out, you may be able to help us. Was Madame Doyle alive or dead when you stole the pearls?"
514,Rosalie Otterbourne. She came round from the other side of the boat and saw you leave Linnet Doyles cabin and go to your own.
515,"When I taxed her with it, do you know what she said? She said: I saw nobody. And she lied."
516,"Perhaps because she thought the man she saw was the murderer. It looked like that, you know."
517,That seems to me all the more reason for telling you.
518,"Well, sir, where do we go from here? I admit taking the pearls from Linnets cabin and youll find them just where you say they are. Im guilty all right. But as far as Miss Southwood is concerned, Im not admitting anything. Youve no evidence whatever against her. How I got hold of the fake necklace is my own business."
519,"It is necessary to clear up one or two points. When I asked you whether you saw anyone on the starboard deck at one-ten this morning, your answer was that you saw nobody. Fortunately I have been able to arrive at the truth without your help. Monsieur Allerton has admitted that he was in Linnet Doyles cabin last night."
520,"No, I didnt kill her. Im a thief, not a murderer. Its all going to come out, so you might as well know. I was after her pearls."
521,Mr. Allertons story is that he went to her cabin last night and exchanged a string of fake pearls for the real ones.
522,"That, as I say, is Monsieur Allertons story, partially confirmed by your evidence. That is to say, there is evidence that he did visit Linnet Doyles cabin last night, but there is no evidence to show why he did so."
523,"A new code—it was used in the South African rebellion. Potatoes mean machine guns, artichokes are high explosives—and so on. Richetti is no more an archæologist than I am! Hes a very dangerous agitator, a man whos killed more than once, and Ill swear that hes killed once again. Mrs. Doyle opened that telegram by mistake, you see. If she were ever to repeat what was in it before me, he knew his goose would be cooked!"
524,"I always thought there was something wrong about him. He was almost too word-perfect in his rôle; he was all archæologist, not enough human being."
525,To begin with I was stupid—incredibly stupid. To me the stumbling block was the pistol—Jacqueline de Belleforts pistol. Why had that pistol not been left on the scene of the crime? The idea of the murderer was quite plainly to incriminate her. Why then did the murderer take it away? I was so stupid that I thought of all sorts of fantastic reasons. The real one was very simple. The murderer took it away because he had to take it away—because he had no choice in the matter.
526,Ach! what is that you say? You accuse me? Again? But it is ridiculous—beneath contempt.
527,Be quiet. I am telling you what I thought at the time. Let us remain impersonal.
528,"Ach! it is foolish, that! Do you think a man with a fractured bone and a splint on his leg could go walking about the boat and stabbing people? I tell you, it was impossible for Simon Doyle to leave his cabin."
529,"And now, Doctor, we will go and have a word with your patient."
530,But it wouldnt have occurred to you to let me off?
531,"No, its no use being sentimental. I might do it again…Im not a safe person any longer. I can feel that myself…"
532,"And for you love would have been enough, but not for him."
533,Do you remember when you came into my cabin afterwards? You said you were not sure why you had come. I was so miserable—so terrified. I thought Simon was going to die….
534,"Yes, it would have been better for him that way."
535,I suppose the stewardess is in attendance to see I dont hang myself or swallow a miraculous capsule of prussic acid as people always do in books. You neednt be afraid! I shant do that. It will be easier for Simon if Im standing by.
536,"Do you remember when I said I must follow my star? You said it might be a false star. And I said: That very bad star, that star fell down."
537,"weve done our job. Ive arranged for Richetti to be taken ashore first. Glad weve got him. Hes been a slippery customer, I can tell you. Given us the slip dozens of times."
538,We must get hold of a stretcher for Doyle. Remarkable how he went to pieces.
539,That boyish type of criminal is usually intensely vain. Once prick the bubble of their self-esteem and it is finished! They go to pieces like children.
540,"What one looks like doesnt matter. He says I really could help him in his work, and hes going to teach me all about neurosis."
541,It is probably the first time you have met one.
542,You went to this inn—this Three Boars—last night on your way home?
543,"But no matter. What we have to look at is this—Captain Paton is missing, under
circumstances which call for an explanation. I will not hide from you
that the matter looks grave. Still, it may admit of a perfectly simple
explanation."
544,"It is true that I have retired from the world,"
545,"But most of my
successes have been obtained by the aid of the police. I admire
enormously your English police. If Inspector Raglan permits me to
assist him, I shall be both honored and flattered."
546,"we must
put you wise to the latest developments, M."
547,"My friend, Dr. Sheppard, said something of
the butler being suspected?"
548,"Went out just on nine oclock last night. Was seen in neighborhood of
Fernly Park somewhere about nine-thirty. Not been seen since. Believed
to be in serious money difficulties. Ive got a pair of his shoes
here—shoes with rubber studs in them. He had two pairs, almost exactly
alike. Im going up now to compare them with those footmarks. The
constable is up there seeing that no one tampers with them."
549,"Would you like to go with the inspector, M."
550,"when you broke down the door with Dr. Sheppard last night, and found your master dead, what was the state of
the fire?"
551,"It had burned very low, sir. It was almost out."
552,"Look round you, my good Parker. Is this room exactly as it was then?"
553,"It was back in position when I arrived with the police, sir,"
554,"It
will be a great privilege to watch you at work——Hallo, whats this?"
555,"He is anxious to know if
he can be of any service, and he would be glad to have a word with you."
556,"It is a busy time for this young M. Raymond,"
557,"They would have to have also eyes
and ears. But do not be too sure that these dead things"
558,"Well, this isnt going to be
much of a case. Im sorry, too. A nice enough young fellow gone wrong."
559,"youve been bitten with all this
psychoanalysis stuff? Now, Im a plain man——"
560,"Mrs. Raglan would not agree, I am sure, to that,"
561,"The cook has been here seven years, the parlormaid eighteen months,
and Parker just over a year. The others are new. Except for something
fishy about Parker, they all seem quite all right."
562,"I am
quite sure that Parker did not do the murder,"
563,"Quite sure. She knows him well by sight. He went past very quickly
and turned off by the path to the right, which is a short cut to the
terrace."
564,Surely a great many people wear shoes with rubber studs in them?
565,"I shouldnt put so much
stress on the footmarks if it wasnt for everything else."
566,"Naturally. But several different women have walked this way—and men
as well. Its a regular short cut to the house, you see. It would be
impossible to sort out all the footsteps. After all, its the ones on
the window-sill that are really important."
567,"I am glad to
have encountered you, monsieur. I am in need of some information that
you can give me."
568,"I should like you to
meet my mother. She is—very fond of Ralph."
569,"The real gold! They will make a pretty couple. She and the dark,
handsome Captain Paton. Will they not?"
570,"You and I, M. le docteur, we
investigate this affair side by side. Without you I should be lost. I
desire a little information from the good Mr. Hammond."
571,"You are acting on behalf of Captain Ralph Paton, I understand,"
572,"Not so. I am acting in the interests of justice. Miss Ackroyd has
asked me to investigate the death of her uncle."
573,"But why not? Why shouldnt
he? Ill swear the man is perfectly square and aboveboard."
574,"You saw Mr. Ackroyd put this money away last night when he was
dressing for dinner? You are sure he had not paid away any of it
already?"
575,"Im sure he hadnt. He even said, I dont want to take a hundred
pounds down to dinner with me. Too bulgy."
576,"Either he paid out
that forty pounds sometime last evening, or else it has been stolen."
577,"It was yesterday afternoon that Mr. Ackroyd dismissed you—or you
dismissed yourself, was it not?"
578,"what the papers the girl
disarranged could have been for Ackroyd to have got into such a state
about them? I wonder if there is any clew there to the mystery."
579,"The secretary said there were no papers of particular importance on
the desk,"
580,"It strikes you as odd that Ackroyd should have flown into a rage about
so trivial a matter?"
581,"And I was able to tell
him the way people were already talking about it."
582,"Im trying to judge the thing
fair and square. Im a local man, and Ive seen Captain Paton many
times in Cranchester. Im not wanting him to be the guilty one—but its
bad whichever way you look at it. If hes innocent, why doesnt he come
forward? Weve got evidence against him, but its just possible that
that evidence could be explained away. Then why doesnt he give an
explanation?"
583,"Do you really think
thats the explanation of the telephone call?"
584,"I do not know. But I will tell you
this: I believe that when we find the explanation of that telephone
call we shall find the explanation of the murder."
585,"youve got to admit that those prints were made by some one who was in
the house that night?"
586,"Well, Ive taken the prints of every member of the household, every
one, mind you, from the old lady down to the kitchenmaid."
587,"that the fingerprints on the
dagger handle are those of Mr. Ackroyd himself. It is an easy matter to
verify. His body is still available."
588,"Ah! no. My theory is that the murderer wore gloves or wrapped
something round his hand. After the blow was struck, he picked up the
victims hand and closed it round the dagger handle."
589,"I would not seek to entrap you, mademoiselle. Will you not
trust me—and tell me where Ralph Paton is hiding?"
590,"I swear to you—swear
solemnly—that I have no idea where Ralph is, and that I have neither
seen him nor heard from him either on the day of—of the murder, or
since."
591,"will you let an old man congratulate you
on your courage and your loyalty? And will you not misunderstand me if
I ask you—ask you most solemnly—to postpone the announcement you speak
of for at least two days more?"
592,"I will continue
with what I was about to say. Understand this, I mean to arrive at
the truth. The truth, however ugly in itself, is always curious and
beautiful to the seeker after it. I am much aged, my powers may not
be what they were."
593,I appeal to you all. Tell me the truth—the whole truth.
594,"this man went to the summer-house to meet somebody. Who was that
somebody?"
595,You will remember that Mrs. Ackroyd and her daughter came over from Canada to live here?
596,"I shall have to speak
as a medical man. Ralphs nerves must have gone phut! If he suddenly
found out that his uncle had been murdered within a few minutes of his
leaving him—after, perhaps, a rather stormy interview—well, he might
get the wind up and clear right out. Men have been known to do that—act
guiltily when theyre perfectly innocent."
597,"That is where we disagree, you and I. Three
motives—it is almost too much. I am inclined to believe that, after
all, Ralph Paton is innocent."
598,"He wants to know whether Ralph Patons boots were black or brown,"
599,"Hed just come from The
Larches. M. Mr. Raymond thought that he might be here,
or that you might know where he was."
600,"When the professional part of the conversation
was over, we talked for a few minutes about poisons, and the ease or
difficulty of detecting them, and about drug-taking and drug-takers."
601,"Oh, its of no consequence, really. But, as a matter of fact, my
conscience has been pricking me ever since yesterday afternoon. You
accused us all of keeping back something, M. I plead guilty. Ive had something up my sleeve."
602,"See you, when I know that any one is hiding things from me,
I suspect that the thing hidden may be something very bad indeed. You
have done well."
603,"A mere bagatelle—but if he had not been in the
billiard room—who knows? After all, many crimes have been committed for
the sake of less than five hundred pounds. It all depends on what sum
is sufficient to break a man. A question of the relativity, is it not
so? Have you reflected, my friend, that many people in that house stood
to benefit by Mr. Ackroyds death? Mrs. Ackroyd, Miss Flora, young Mr. Raymond, the housekeeper, Miss Russell. Only one, in fact, does not,
Major Blunt."
604,"there is a saying, is
there not, that Englishmen conceal only one thing—their love? And Major
Blunt, I should say, is not good at concealments."
605,"I think it was before—no,
afterwards. Yes, Im almost sure it was afterwards."
606,"But Parker
is the most likely. It is in my mind to try a little experiment with
Parker. How say you, my friend, will you accompany me to Fernly?"
607,"I have to confide in you a little
secret. I am not yet satisfied of the innocence of Parker. I propose to
make a little experiment with your assistance. I want to reconstruct
some of his actions on that night. But we must think of something to
tell him—ah! I have it. I wish to satisfy myself as to whether voices
in the little lobby could have been heard outside on the terrace. Now,
ring for Parker, if you will be so good."
608,"We must have everything in order. Just as it occurred. It is
a little method of mine."
609,"He has read
of these things. Now, I beg you, let us have everything of the most
exact. You came from the outer hall—so. Mademoiselle was—where?"
610,"Your hand was still on the handle as it is
now."
611,"I think there were. Is—is that
the object of your experiment?"
612,"I am always interested to see if people
will speak the truth."
613,What was the point of that question about the glasses?
614,"Well, not exactly. Ill tell you about it. You know that big map of
the county we have in the hall?"
615,"Its a curious coincidence, but I was out for a walk
this afternoon on the Cranchester road, and he passed me in a car
coming from that direction."
616,"He doesnt give himself
away. But theyre wonderful fellows, these foreign detectives. Up to
all sorts of dodges, I believe."
617,"I asked him to be at my house this morning at
twelve oclock. He should await us there at this very minute."
618,"Take a seat, will you not? What
I have to say may take some time."
619,"I understood, sir, that you wished to ask me a few questions about my
late master—private like."
620,"Do not play the farce
of the honest, injured man. You know all there is to know about the
blackmail, is it not so?"
621,"in such a way before. Then why, my
excellent Parker, were you so anxious to overhear the conversation in
Mr. Ackroyds study the other evening, after you had caught the word
blackmail?"
622,"It is
as I say. You got a good sum then as blackmail, and Major Ellerby went
on paying you until he died. Now I want to hear about your latest
experiment."
623,"You have not
the nerve—the courage. But I must have the truth."
624,"Ill tell you anything, sir, anything you want to know. Its true that
I tried to listen that night. A word or two I heard made me curious. And Mr. Ackroyds wanting not to be disturbed, and shutting himself up
with the doctor the way he did. Its Gods own truth what I told the
police. I heard the word blackmail, sir, and well——"
625,You thought there might be something in it for you?
626,"Well—well, yes, I did, sir. I thought that if Mr. Ackroyd was being
blackmailed, why shouldnt I have a share of the pickings?"
627,"I hope you believe me, sir. Ive been afraid all along the police
would rake up that old business with Major Ellerby and be suspicious of
me in consequence."
628,"I am disposed to believe you. But
there is one thing I must request of you—to show me your bank-book. You
have a bank-book, I presume?"
629,"Yes, we will pay a little visit to the good M. Hammond."
630,"I fall into the bad habit of leaving my sentences unfinished this
morning,"
631,I hope youre not annoyed? It was very careless of me.
632,"Ah! And yet it is so simple. The true explanation leapt to the eye,
did it not?"
633,Is not that so? But here we are at Mr. Hammonds.
634,"I can hardly say that I am surprised. I have
suspected something of the kind for some time."
635,"to the information for which I am
asking. If any one can give us an idea of the actual sums paid, you are
the man, monsieur."
636,"In all, I should say the various sums totaled at least twenty thousand
pounds."
637,"And the
penalty for murder is not a pleasant one."
638,"never will my English be quite perfect. A curious
language. I should then have said disarranged, _nest-ce pas_?"
639,"Take James here—weak as water, if I werent
about to look after him."
640,"Im eight years
older than you are—oh! I dont mind M."
641,"Eight years older. But Ive always considered it my duty to look after
you. With a bad bringing up, Heaven knows what mischief you might have
got into by now."
642,"James sticks to it that you believe some one in the house committed
the murder. All I can say is, youre wrong."
643,"they have detained a man at Liverpool. His name is
Charles Kent, and he is believed to be the stranger who visited Fernly
that night. They want me to go to Liverpool at once and identify him."
644,"Description was circulated, as you know. In the press and privately. Not much to go on, I admit. This fellow has an American accent all
right, and he doesnt deny that he was near Kings Abbot that night. Just asks what the hell it is to do with us, and that hell see us in
—— before he answers any questions."
645,"Very glad to have you, sir. Youve got permission to do anything you
please. Inspector Japp of Scotland Yard was asking after you the other
day. Said hed heard you were connected unofficially with this case. Wheres Captain Paton hiding, sir, can you tell me that?"
646,"I doubt if it would be wise at the present juncture,"
647,I dont admit anything. Not till I know what youve got on me.
648,Have you not read the papers in the last few days?
649,"So thats it, is it? I saw an old gent had been croaked at Fernly. Trying to make out I did the job, are you?"
650,"No, my friend, it is empty. It lay
where you dropped it in the summer-house that night."
651,"Yes, but is it really so? Thats what Im getting at."
652,Thats right. Between a quarter to ten and ten oclock.
653,"To hell with a civil tongue. I went there on my own business, and
thats all there is to it. If I was clear away before the murder was
done, thats all that concerns the cops."
654,"I think you are. I fancy you were
born in Kent."
655,"Whys that? Because of my name? Whats that to do with it? Is a man
whose name is Kent bound to be born in that particular county?"
656,"A little idea of mine, that
was all. Me, I am famous for my little ideas."
657,"Manys the time Ive heard Inspector Japp say that. M. Too fanciful for me, hed say, but always something in
them."
658,"but never mind. The
old ones they laugh last sometimes, when the young, clever ones do not
laugh at all."
659,"Obstinate as a mule he is. I had a chat with Hayes at Liverpool over
the wire this morning."
660,"Ive thought so for some time. Poor old
chap, so thats why he had to give up and come down here. In the
family, very likely. Hes got a nephew whos quite off his crumpet."
661,"Yes. Hasnt he ever mentioned him to you? Quite docile, I believe, and
all that, but mad as a hatter, poor lad."
662,"You mean—the money? Hang it all, you dont suggest that it was Miss
Ackroyd who took that forty pounds?"
663,"she must have realized the
vital importance of speaking the truth? Why, the whole case hinges on
it!"
664,"as I told you at the time,
one must say something."
665,"I am not deceived by your little
fantasy. No, indeed. It was truly Miss Flora who took the money. All
the same it is well imagined what you say—it pleases me. It is very
good what you have done there. You are a man quick to think and to act."
666,"Im not in the least anxious for your opinion, thank you,"
667,"This alters everything, this does."
668,"You see, me, I have been
familiar with the idea for some time."
669,"You have not got rid of me so easily, you see!"
670,"You have the intelligence so quick! No, he has not been found at
Liverpool. Inspector Raglan was very loath to let me send this
paragraph to the press, especially as I could not take him into my
confidence. But I assured him most solemnly that very interesting
results would follow its appearance in print, so he gave in, after
stipulating that he was, on no account, to bear the responsibility."
671,"It is that you have really the love of the machinery,"
672,"you should be an inventor by trade, not a
doctor. But I hear the bell—that is your patient. Let us go into the
surgery."
673,"Will you be seated? Dr. Sheppard is so kind as to permit me the use of his surgery for a little
conversation I am anxious to have with you."
674,"This morning fresh
developments have arisen. It seems now that Mr. Ackroyd was murdered,
not at a quarter to ten, but _before_. Between ten minutes to nine,
when Dr. Sheppard left, and a quarter to ten."
675,"You went out to meet him at ten minutes past
nine. What did you say to each other?"
676,"in this matter I must
have the whole truth. What you tell us need never go beyond these four
walls. Dr. Sheppard will be discreet, and so shall I. See, I will help
you. This Charles Kent, he is your son, is he not?"
677,"Yes. I wondered if something could be done. He was not a bad
boy—before he took to drugs."
678,"Now let us go on with the story. He came that
night to the summer-house?"
679,"It may come to that. But let us not be in a hurry. Let us proceed
slowly, with due order and method. Charles Kent is not yet formally
charged with murder. Circumstances may arise which will render your
story unnecessary."
680,"You have been very
kind—very kind indeed. You—you do believe me, dont you? That Charles
had nothing to do with this wicked murder!"
681,"Every time we come back to Ralph Paton. How
did you manage to spot Miss Russell as the person Charles Kent came to
meet? Did you notice the resemblance?"
682,"Not again to-day. I should not like to force Mademoiselle Caroline to
adopt a vegetarian diet two days in succession."
683,"Didnt you? Oh, he told me all about it. Poor lad. Its a great grief
to all the family. Theyve kept him at home so far, but its getting
to such a pitch that theyre afraid hell have to go into some kind of
institution."
684,"But no, my friend reposes himself. Soon you must make his acquaintance."
685,"Quite an old friend of yours, so somebody told me,"
686,"I suppose we must
come if M. But what is it all about? I like to know
beforehand."
687,"But once that good lady starts talking its a matter of the utmost
difficulty to get a word in edgeways."
688,"Me, I have been well amused. This
park is magnificent."
689,"the parlormaid from Fernly. Shes here! Ive put her in the dining-room. Shes in a terrible way, poor thing. Says she must see M. Ive done all I could. Taken her a
cup of hot tea. It really goes to ones heart to see any one in such a
state."
690,"that is not quite right, I think. It is not Ursula
Bourne, is it, my child—but Ursula Paton? Mrs. Ralph Paton."
691,"We can all realize the strain
of this last week."
692,"Yet all the same you came
here to find me, did you not? Why was that?"
693,"I have not the least idea where Ralph Paton
is at the present moment."
694,"a _bagatelle_,
mademoiselle. A _rien du tout_. Not for a moment do I believe that
Ralph Paton has been arrested."
695,"that child is coming upstairs to lie
down. Dont you worry, my dear. M."
696,"Theyre getting to look blacker and blacker against Ralph Paton,"
697,"Yes, that is so. But it was to be expected, was it not?"
698,"But this is magnificent—you have then written down your impressions of
the case as you went along?"
699,
700,"That is good. We will go to
my house together. Mademoiselle Caroline, believe me, I do everything
possible to render you service. Good-evening."
701,"You call it guessing. I call it knowing, my friend."
702,"is a list of suspected
persons. Every one of you present had the opportunity to kill Mr. Ackroyd——"
703,"I dont like it. I would much prefer to
go home."
704,"I dont know if youre trying to make me out a liar, M. Remember, Major Blunt also heard Mr. Ackroyd talking
to some one. He was on the terrace outside, and couldnt catch the
words clearly, but he distinctly heard the voices."
705,"But Major Blunt was under the
impression that it was _you_ to whom Mr. Ackroyd was speaking."
706,"He has frequently dictated letters
to me, using almost exactly those same words."
707,"That is what I seek to arrive at. Would any
man use such a phrase in _talking_ to another? Impossible that that
should be part of a real conversation. Now, if he had been dictating a
letter——"
708,"Surely a man wouldnt read letters of that type aloud to himself—not
unless he was—well—going balmy."
709,"the stranger
who called at the house the preceding Wednesday."
710,"on Wednesday. The
young man was not of himself important. But the firm he represented
interested me very much."
711,"He had
quite a childish love of surprising people. Meant to keep it up his
sleeve for a day or so. Probably was playing with it like a new toy. Yes, it fits in. Youre quite right—no one would use quite those words
in casual conversation."
712,"why Major Blunt thought it was you
who were in the study. Such scraps as came to him were fragments of
dictation, and so his subconscious mind deduced that you were with him. His conscious mind was occupied with something quite different—the
white figure he had caught a glimpse of. He fancied it was Miss
Ackroyd. Really, of course, it was Ursula Bournes white apron he saw
as she was stealing down to the summer-house."
713,"I perceive that you do not believe that I do know. And yet I have told
you just now that I know everything. The truth of the telephone call,
of the footprints on the window-sill, of the hiding-place of Ralph
Paton——"
714,"Always you ask me that. The idea of Cranchester it is with you an
_idée fixe_. No, he is not in Cranchester. He is—_there_!"
715,"You thought that, Ralph! You actually thought that I might have done
it?"
716,"Let us get back to the culpable conduct of Dr. Sheppard,"
717,"Dr. Sheppard consented to do what he could to help him. He was
successful in hiding Captain Paton from the police."
718,"He has stood by me
through thick and thin. He did what he thought was the best. I see now,
from what M. I
should have come forward and faced the music. You see, in the home, we
never saw a newspaper. I knew nothing of what was going on."
719,"But
me, I discover all the little secrets. It is my business."
720,"Thats bad. I believe you, of course,
but—its a bad business."
721,"You see what I mean? No? Just this—to save Captain Paton the real
criminal must confess."
722,"Then I fail to understand you. Surely you are running the risk of
letting the murderer escape by thus putting him on his guard?"
723,"There is only one way out—and
that way does not lead to freedom."
724,"I am not mad. It was the little
discrepancy in time that first drew my attention to you—right at the
beginning."
725,"youve been brooding over this case too long. What on
earth had I to gain by murdering Ackroyd?"
726,"The call was genuine. Your sister
saw you take it. But there was only one mans word as to what was
actually said—your own!"
727,"Now that you remind me of the fact, it is true that there is one thing
more. It would be most unwise on your part to attempt to silence me as
you silenced M. Ackroyd."
728,"whatever else I may be, I
am not a fool."
729,"La Sainte Sophie, I have heard it is very fine."
730,"The little valise of Monsieur, I have placed it here."
731,"No, Monsieur. I have only two other passengers—both English. A Colonel from India, and a young English lady from Baghdad. Monsieur requires anything?"
732,Assuredly they are Americans. I meant what did you think of their personalities?
733,There is not one first-class sleeping berth to be had on the train.
734,"I read my Dickens. M. Harris, he will not arrive."
735,If this M. Harris arrives we will tell him that he is too late—that berths cannot be retained so long—we will arrange the matter one way or another. What do I care for a M. Harris?
736,If I had but the pen of a Balzac! I would depict this scene.
737,"Ah, you agree? It has not been done, I think? And yet—it lends itself to romance, my friend. All around us are people, of all classes, of all nationalities, of all ages. For three days these people, these strangers to one another, are brought together. They sleep and eat under one roof, they cannot get away from each other. At the end of three days they part, they go their several ways, never, perhaps, to see each other again."
738,"From your point of view it would be regrettable, I agree. But nevertheless let us just for one moment suppose it. Then, perhaps, all these here are linked together—by death."
739,"What is it you wish me to do for you, M.—er—Ratchett?"
740,"Monsieur, in my experience when a man is in a position to have, as you say, enemies, then it does not usually resolve itself into one enemy only."
741,"Why, yes, I appreciate that point. Enemy or enemies—it doesnt matter. What does matter is my safety."
742,"You do not understand, Monsieur. I have been very fortunate in my profession. I have made enough money to satisfy both my needs and my caprices. I take now only such cases as—interest me."
743,I thought youd left us. You said you were getting off at Belgrade.
744,"I remember now, the train started from Stamboul just as we were talking about it."
745,"Ive got plenty other things to read. My, isnt the cold something frightful?"
746,Not at all. I hope youll sleep well and that your head will be better in the morning.
747,"But yes, Monsieur. Monsieur has not noticed? The train has stopped. We have run into a snowdrift. Heaven knows how long we shall be here. I remember once being snowed up for seven days."
748,"Vous êtes un directeur de la ligne, je crois, Monsieur. Vous pouvez nous dire—"
749,It is not I. You confound me with my friend M. Bouc.
750,Oh! one of these Balkan things. What can you expect?
751,"Oh, no. No, indeed. I know one far far stronger than I am."
752,"Well—that old lady, for instance. You have probably noticed her. A very ugly old lady, but rather fascinating. She has only to lift a little finger and ask for something in a polite voice—and the whole train runs."
753,"But that is because he is a director of the line, not because he has a masterful character."
754,"Certainly it is serious. To begin with, a murder—that by itself is a calamity of the first water. But not only that, the circumstances are unusual. Here we are, brought to a standstill. We may be here for hours—and not only hours—days! Another circumstance. Passing through most countries we have the police of that country on the train. But in Yugoslavia—no. You comprehend?"
755,"There is worse to come. Dr. Constantine—I forgot, I have not introduced you—Dr. Constantine, M."
756,but I think I can say definitely that death occurred between midnight and two in the morning.
757,"He is known to have been alive at about twenty minutes to one, when he spoke to the conductor,"
758,I myself heard what passed. That is the last thing known?
759,"The window of M. Ratchetts compartment was found wide open, leading one to suppose that the murderer escaped that way. But in my opinion that open window is a blind. Anyone departing that way would have left distinct traces in the snow. There were none."
760,Does a man who commits suicide stab himself in ten—twelve—fifteen places?
761,It is not my desire to speak technically—that is only confusing—but I can assure you that one or two of the blows were delivered with such force as to drive them through hard belts of bone and muscle.
762,"The blows seem to have been delivered haphazard and at random. Some have glanced off, doing hardly any damage. It is as though somebody had shut their eyes and then in a frenzy struck blindly again and again."
763,"I have, perhaps, something to contribute to your store of knowledge,"
764,"M. Ratchett spoke to me yesterday. He told me, as far as I was able to understand him, that he was in danger of his life."
765,"You might not. You might not. But we will go into that presently. The question is, what to do?"
766,"You comprehend what I am about to ask of you. I know your powers. Take command of this investigation! No, no, do not refuse. See, to us it is serious—I speak for the Compagnie Internationale des Wagons Lits. By the time the Yugo-Slavian police arrive, how simple if we can present them with the solution! Otherwise delays, annoyances, a million and one inconveniences. Perhaps, who knows, serious annoyance to innocent persons. Instead—you solve the mystery! We say, A murder has occurred—this is the criminal!"
767,"As you say, this cannot be a difficult case. I myself, last night—but we will not speak of that now. In truth, this problem intrigues me. I was reflecting, not half an hour ago, that many hours of boredom lay ahead whilst we are stuck here. And now—a problem lies ready to my hand."
768,"In this coach Dr. Constantine and I are the only travellers. In the coach from Bucharest is an old gentleman with a lame leg. He is well known to the conductor. Beyond that are the ordinary carriages, but these do not concern us, since they were locked after dinner had been served last night. Forward of the Istanbul-Calais coach there is only the dining car."
769,as though we must look for our murderer in the Istanbul-Calais coach.
770,I should like a word or two with young M. MacQueen. He may be able to give us valuable information.
771,perhaps M. le docteur will come with me to the dead mans carriage.
772,"What exactly do you mean by that phrase, M. MacQueen?"
773,"Thats just what I did think. Do you mean he just died in his sleep? Why, the old man was as tough as—as tough—"
774,"Your assumption was quite right. Mr. Ratchett was murdered. Stabbed. But I should like to know why you were so sure it was murder, and not just—death."
775,"Why, it does seem kind of familiar—only I always thought it was a womans dressmaker."
776,"Were going to take you for a ride, Ratchett. Some time soon. Were going to GET you, see?"
777,"It requires the eye of one used to such things. This letter was not written by one person, M. MacQueen. Two or more persons wrote it—each writing a letter of a word at a time. Also, the letters are printed. That makes the task of identifying the handwriting much more difficult."
778,I felt that there was a good deal going on underneath the quietness.
779,"Mr. MacQueen, will you tell me, quite honestly, exactly how you regarded your employer? Did you like him?"
780,I cant exactly say. He was always quite pleasant in his manner.
781,If so try to get him to hold his tongue.
782,"That oughtnt to be difficult. Hes a Britisher, and does what he calls Keeps himself to himself. Hes a low opinion of Americans and no opinion at all of any other nationality."
783,"So you pronounce one person at least innocent of the crime,"
784,"Nobody left the carriage this way. Possibly the open window was intended to suggest the fact, but, if so, the snow has defeated the murderers object."
785,That the man was already dead—some little time dead—when they were delivered. But that is surely absurd.
786,Unless our murderer figured to himself that he had not accomplished his job properly and came back to make quite sure; but that is manifestly absurd! Anything else?
787,You see this wound here—under the right arm—near the right shoulder. Take this pencil of mine. Could you deliver such a blow?
788,"I see. With the right hand it is exceedingly difficult—almost impossible. One would have to strike backhanded, as it were. But if the blow were struck with the left hand—"
789,It is difficult to say. You see it is turned off by the conductor every morning about ten oclock.
790,"A young, vigorous, athletic woman might have struck them, especially if she were in the grip of a strong emotion, but it is in my opinion highly unlikely."
791,"The matter begins to clear itself up wonderfully! The murderer was a man of great strength, he was feeble, it was a woman, it was a right-handed person, it was a left-handed person—Ah! cest rigolo, tout ça!"
792,Our friend the chef de train was right. There is a woman concerned in this.
793,Exactly as it happens in the books and on the films—and to make things even easier for us it is marked with an initial.
794,"You will pardon me, M."
795,"I understand nothing at all, and, as you perceive, it worries me."
796,I know the dead mans real name. I know why he had to leave America.
797,"It brings back to me something. Some years ago. I cannot remember…It was a case in America, was it not?"
798,"I thought it best to have lunch served immediately in the restaurant car,"
799,Afterwards it will be cleared and M. In the meantime I have ordered them to bring us three some food here.
800,That seems to give us the time of the crime very exactly.
801,You say that you yourself heard Ratchett speak to the conductor at twenty minutes to one?
802,"that proves at least that Cassetti—or Ratchett, as I shall continue to call him—was certainly alive at twenty minutes to one."
803,"Certainly, my dear doctor. Unless M."
804,"We can open our Court of Inquiry without more ado. First, I think, we should take the evidence of the Wagon Lit conductor. You probably know something about the man. What character has he? Is he a man in whose word you would place reliance?"
805,"I should say so most assuredly. Pierre Michel has been employed by the company for over fifteen years. He is a Frenchman—lives near Calais. Thoroughly respectable and honest. Not, perhaps, remarkable for brains."
806,"I hope Monsieur will not think that there has been any negligence on my part,"
807,It is a terrible thing that has happened. I hope Monsieur does not think that it reflects on me in any way?
808,That is what I heard. And then you went away?
809,"One of my bells rang, Monsieur—I remember—I told you. It was the American lady. She had rung several times."
810,"After that, Monsieur? I answered your bell and brought you some mineral water. Then, about half an hour later, I made up the bed in one of the other compartments—that of the young American gentleman, M. Ratchetts secretary."
811,"Ah, pardon, you yourself, Monsieur, opened your door and looked out for a second."
812,"I wondered whether you would remember that. By the way, I was awakened by what sounded like something heavy falling against my door. Have you any idea what that could have been?"
813,"There was nothing, Monsieur. Nothing, I am positive of it."
814,it was something in the compartment next door that you heard.
815,Doubtless one of the passengers has opened it to look out on the snow.
816,"that it would be well to have a further word with M. MacQueen, in view of what we now know."
817,But surely—I mean—that was rather careless of the old man?
818,"is to make sure of the movements of everyone on the train. No offence need be taken, you understand? It is only a matter of routine."
819,Sure. Get right on with it and let me clear my character if I can.
820,"I need hardly ask you the number of your compartment,"
821,"since I shared it with you for a night. It is the second-class compartment Nos. 6 and 7, and after my departure you had it to yourself."
822,"I dont think so, sir. Nothing unusual, I mean. The train being at a standstill made it all very quiet."
823,"Well, I think there is very little more to be said. You cannot throw any light upon the tragedy?"
824,"Youll excuse me, sir, but the elderly American lady is in what I might describe as a state, sir. Shes saying she knows all about the murderer. Shes in a very excitable condition, sir."
825,"Shall I tell her, sir? Shes been demanding to see someone in authority for a long time. The conductors been trying to pacify her."
826,But this is a button from the tunic of a Wagon Lit attendant!
827,"This button, Madame, may have dropped from the conductors uniform, either when he searched your cabin, or when he was making the bed up last night."
828,"Very well, then. The conductor looked under the seat from near the door and then he came in and bolted the door between me and the next compartment, but he never went up near the window. Well, this morning that button was lying right on top of the magazine. What do you call that, I should like to know?"
829,"It makes me madder than a hornet to be disbelieved,"
830,Did you hear any noise from M. Ratchetts compartment after that?
831,You didnt hear him snore after you had had the scare about a man being in your compartment?
832,"Do you remember the affair of the Armstrong kidnapping, Mrs. Hubbard?"
833,"This button. I cannot understand it. Does it mean that, after all, Pierre Michel is involved in some way?"
834,Let us interview next the Swedish lady before we discuss the evidence we have heard.
835,He laughed and said a few words. I—I did not quite catch them.
836,"I went in to the American lady, Mrs. Hubbard. I asked her for some aspirin and she gave it to me."
837,"No, indeed. I have a good comfortable dressing gown of Jaeger material."
838,A pale mauve abba such as you buy in the East.
839,"Yes, it is annoying, that. Unlucky for your theory, and extremely lucky for our Italian friend that M. Ratchetts valet should have had the toothache."
840,Did you see anyone going away from you down the corridor in the other direction?
841,"It is a question of time. Mrs. Hubbard wakes to find someone in her compartment. For a minute or two she lies paralysed, her eyes shut. Probably it was then that the man slipped out into the corridor. Then she starts ringing the bell. But the conductor does not come at once. It is only the third or fourth peal that he hears. I should say myself that there was ample time—"
842,"For what? For what, mon cher? Remember that there are thick drifts of snow all round the train."
843,He could retreat into either of the toilets or he could disappear into one of the compartments.
844,"Five first-class passengers—Princess Dragomiroff, Count and Countess Andrenyi, Colonel Arbuthnot and Mr. Hardman. Three second-class passengers—Miss Debenham, Antonio Foscarelli and the ladys maid, Fräulein Schmidt."
845,"You need not offer apologies, Messieurs. I understand a murder has taken place. Naturally, you must interview all the passengers. I shall be glad to give all the assistance in my power."
846,Not at all. It is a duty. What do you wish to know?
847,"Your full Christian names and address, Madame. Perhaps you would prefer to write them yourself?"
848,that in view of what has occurred I am obliged to put certain questions to all the passengers.
849,"But that, Monsieur, is not his real name. He is the man Cassetti, who was responsible for a celebrated kidnapping outrage in America."
850,But all the same I think I should like to have just one little word with Madame la Comtesse.
851,So you do not think that she is likely to be implicated in this crime?
852,She did. She commented at once upon his somewhat unpleasant appearance.
853,"It was cold outside. You have returned to the train. You sit down again, you smoke—perhaps a cigarette, perhaps a pipe—"
854,"Well, you cant go about having blood feuds and stabbing each other like Corsicans or the Mafia,"
855,"Say what you like, trial by jury is a sound system."
856,"I am sure that would be your view. Well, Colonel Arbuthnot, I do not think there is anything more I have to ask you. There is nothing you yourself can recall last night that in any way struck you—or shall we say strikes you now looking back—as suspicious?"
857,"Well, the door of it was not quite closed. And the fellow inside peered out in a furtive sort of way. Then he pulled the door to quickly. Of course, I know theres nothing in that—but it just struck me as a bit odd. I mean, its quite usual to open a door and stick your head out if you want to see anything. But it was the furtive way he did it that caught my attention."
858,that Miss Debenhams father and brothers were at the same kind of school as Colonel Arbuthnot.
859,Then it has nothing to do with the crime at all.
860,"It will certainly be advisable for you to tell us all you know,"
861,Youd have said a mouthful if there was anything I did know. But I dont. I know nothing at all—just as I said. But I ought to know something. Thats what makes me sore. I ought to.
862,"Did he tell you anything about this enemy of his? Did he, for instance, say why his life was threatened?"
863,"No, he was kinder reticent about that part of it. Just said the fellow was out for his blood and meant to get it."
864,"A description which applies to no one on the train,"
865,we will delight the heart of M. Bouc and see the Italian.
866,"It is very respectable, very well dressed, but underneath it is all wrong. Out of my experience, I should say he was the big crook. I give you my opinion for what it is worth."
867,What did I tell you? I have learned to be very acute—to read the face. It is necessary. Only in America do they teach you the proper way to sell.
868,"and he is an Italian, and Italians use the knife! And they are great liars! I do not like Italians."
869,"Well, it may be that you are right, but I will point out to you, my friend, that there is absolutely no evidence against the man."
870,"Especially in the heat of a quarrel. But this—this is a different kind of crime. I have the little idea, my friend, that this is a crime very carefully planned and staged. It is a far-sighted, long-headed crime. It is not—how shall I express it?—a Latin crime. It is a crime that shows traces of a cool, resourceful, deliberate brain—I think an Anglo-Saxon brain."
871,What is your opinion of the lady who shares your compartment—Miss Ohlsson?
872,"It needs explaining. If it means what you suspect it means, then they are both of them in it together—she and the stiff Englishman."
873,"See you, if they were both in this together, what should we expect to find—that each of them would provide an alibi for the other. Is not that so? But no—that does not happen. Miss Debenhams alibi is provided by a Swedish woman whom she has never seen before, and Colonel Arbuthnots alibi is vouched for by MacQueen, the dead mans secretary. No, that solution of the puzzle is too easy."
874,"I think you are wrong, my friend. I do not see that young English girl as a criminal."
875,"to the final name on our list. Hildegarde Schmidt, ladys maid."
876,The conductor often has to answer bells at night. Do you remember which compartment it was?
877,"Towards me, Monsieur. He apologized and passed on down the corridor towards the dining car. A bell began ringing, but I do not think he answered it."
878,"All a matter of routine. This poor conductor, he seems to have had a busy night—first waking you and then answering bells."
879,The three sleeping car attendants are coming in. Will you be so kind as to tell me which is the one you met last night as you were going with the rug to the Princess?
880,"But I understand nothing—but nothing of all this! The enemy that this Ratchett spoke of, he was then on the train after all? But where is he now? How can he have vanished into thin air? My head, it whirls. Say something, then, my friend, I implore you. Show me how the impossible can be possible!"
881,"The impossible cannot have happened, therefore the impossible must be possible in spite of appearances."
882,"I exaggerate, perhaps. The American, Hardman, and the German maid—yes, they have added something to our knowledge. That is to say, they have made the whole business more unintelligible than it was."
883,
884,"Did I not tell you that I was, like you, a very puzzled man? But at least we can face our problem. We can arrange such facts as we have with order and method."
885,"But whilst I admire your caution, your method of advancing a step at a time, I submit that you have not yet touched the point at issue. We are all agreed that this person exists. The point is—where did he go?"
886,"I know exactly how you feel. The head spins, does it not?"
887,"We must search all the passengers luggage. Yes, that will be something."
888,"There is no mistake. Here is our missing weapon all right—eh, docteur?"
889,There will be no fingerprints on it save those of Mrs. Hubbard.
890,Thousands of these sham Eastern daggers are made and shipped to the bazaars of Constantinople.
891,Move this baggage into a vacant compartment in the Athens-Paris coach.
892,"I think it would be better for Madame to have a different number altogether. The No. 12, for instance."
893,But nobody else has had a murderer walking right through their compartment in the middle of the night.
894,is how the man got into your compartment if the communicating door was bolted as you say. You are sure that it was bolted?
895,But I guess every nation likes its own girls best.
896,"Say, gentlemen, this business is getting on my nerves. Murder and the snow and all, and nothing doing. Just hanging about and killing time. Id like to get busy after someone or something."
897,that is all there is to it. My maid has the keys. She will attend to it with you.
898,And if during the night at one of the frontiers the Customs officials should require a piece of luggage to be opened?
899,I do not employ people whom I do not trust.
900,"Trust is indeed something in these days. It is, perhaps, better to have a homely woman whom one can trust than a more chic maid—for example, some smart Parisienne."
901,"She is truly grande dame. These two are also of the same position, but the Count impressed me as a man of somewhat truculent disposition. He was not pleased when you insisted on questioning his wife. And this will annoy him still further. Suppose—eh—we omit them. After all, they can have nothing to do with the matter. Why should I stir up needless trouble for myself."
902,"I feel sure that Count Andrenyi will be reasonable. At any rate, let us make the attempt."
903,"I assure you all is well. See, I will tell you how this happened. This man, the man you saw in Wagon Lit uniform, comes out of the dead mans compartment. He collides with you. That is bad luck for him. He has hoped that no one will see him. What to do next? He must get rid of his uniform. It is now not a safeguard, but a danger."
904,"There is the snow, you see. The snow which confuses all his plans. Where can he hide these clothes? All the compartments are full. No, he passes one where the door is open and shows it to be unoccupied. It must be the one belonging to the woman with whom he has just collided. He slips in, removes the uniform and jams it hurriedly into a suitcase on the rack. It may be some time before it is discovered."
905,"Your questions to Mrs. Hubbard were unnecessary. Locked or not locked, the man could easily get through the communicating door. After all, if a Wagon Lit uniform, why not a Wagon Lit key?"
906,"We might have known it, really. You remember Michel said that the door into the corridor of Mrs. Hubbards compartment was locked when he came in answer to her bell."
907,"Doubtless he meant to relock the communicating door also, but perhaps he heard some movement from the bed and it startled him."
908,True. And these last two compartments are occupied by men.
909,"We know now all that we can know. We have the evidence of the passengers, the evidence of their baggage, the evidence of our eyes. We can expect no further help. It must be our part now to use our brains."
910,"If you solve this case, mon cher, I shall indeed believe in miracles!"
911,Naturally it worries me. I cannot make head or tail of it.
912,I cannot see what you are going to do next.
913,The hands of the watch pointed to 1:15—the exact time when the intruder actually left the scene of the crime.
914,"And, by our former reasoning, it must be one of the passengers,"
915,We come back to where we were. Which of them?
916,"If you like to see it, it will, perhaps, refresh your memory."
917,"is a mere précis of the evidence we heard, arranged that way for convenience."
918,The handkerchief to begin with. Let us by all means be orderly and methodical.
919,"It is a very expensive handkerchief that, and Americans, as all the world knows, do not care what they pay."
920,"Yes. As she herself said, it is the handkerchief of a member of the upper classes."
921,"That is more difficult. The English, they do not stab. You are right there. I incline to the view that someone else dropped the pipe cleaner—and did so to incriminate the long-legged Englishman."
922,"two clues is too much carelessness. I agree with M. Bouc. The handkerchief was a genuine oversight—hence no one will admit that it is theirs. The pipe cleaner is a faked clue. In support of that theory, you notice that Colonel Arbuthnot shows no embarrassment and admits freely to smoking a pipe and using that type of cleaner."
923,"As to that I will confess I have not the slightest idea. Have you any views on the subject, Dr. Constantine?"
924,"Unless it is someone from outside who has found a hiding place—and that, we agreed, was impossible."
925,"she stabbed him in the dark, not realizing that he was dead already, but somehow deduced that he had a watch in his pyjama pocket, took it out, put back the hands blindly and gave it the requisite dent."
926,I do not think you have either of you appreciated the most interesting point about that watch.
927,"Yes, but the question Was it later? can also be answered in the affirmative. I agree with your theory, M. Bouc, and so, I think, does M. The First Murderer came earlier than 1:15, the Second Murderer came after 1:15. And as regards the question of left-handedness, ought we not to take steps to ascertain which of the passengers is left-handed?"
928,"You may have noticed that I made each passenger write either a signature or an address. That is not conclusive, because some people do certain actions with the right hand and others with the left. Some write right-handed, but play golf left-handed. Still it is something. Every person questioned took the pen in their right hand—with the exception of Princess Dragomiroff, who refused to write."
929,"No, I would not say that. But I think more force than an elderly woman could display, and Princess Dragomiroffs physique is particularly frail."
930,"It might be a question of the influence of mind over body,"
931,Princess Dragomiroff has great personality and immense will power. But let us pass from that for the moment.
932,"To questions Nos. 9 and 10. Can we be sure that Ratchett was stabbed by more than one person, and what other explanation of the wounds can there be? In my opinion, medically speaking, there can be no other explanation of those wounds. To suggest that one man struck first feebly and then with violence, first with the right hand and then with the left, and after an interval of perhaps half an hour inflicted fresh wounds on a dead body—well, it does not make sense."
933,It does not make sense. And you think that two murderers do make sense?
934,"As you yourself have said, what other explanation can there be?"
935,I do not understand in the least of what you are talking.
936,"It is of no use denying. That is the truth, is it not?"
937,"I am Helena Goldenberg, the younger sister of Mrs. Armstrong."
938,"In fact, all that your husband and you told me was a tissue of lies."
939,"I am glad you admit the fact so freely, Madame. Will you now tell me your reasons for so doing and also for altering your Christian name on your passport."
940,"Your family is, I know, a proud and ancient one. It would be bitter indeed for you to have your wife dragged into an unpleasant police case. With that I can sympathize. But how, then, do you explain the presence of your wifes handkerchief actually in the dead mans compartment?"
941,Because we heard that a handkerchief had been found with the initial H on it. We talked the matter over together before we came to be interviewed. I pointed out to Helena that if it were seen that her Christian name began with an H she would immediately be subjected to much more rigorous questioning. And the thing was so simple—to alter Helena to Elena was easily done.
942,"You have, M. le Comte, the makings of a very fine criminal,"
943,"A great natural ingenuity, and an apparently remorseless determination to mislead justice."
944,"You need not make a long business of this, Messieurs. Your next question will be—how did my handkerchief come to be lying by a murdered mans body? My reply to that is that I have no idea."
945,"You will excuse me, Madame, but how much can we rely upon the truthfulness of your replies?"
946,"Those blows—the ones delivered with great force penetrating the muscle—never, never could anyone with so frail a physique inflict them."
947,"of the incident this morning when I said to her that the strength was in her will rather than in her arm. It was in the nature of a trap, that remark. I wanted to see if she would look down at her right or her left arm. She did neither. She looked at them both. But she made a strange reply. She said, No, I have no strength in these. I do not know whether to be sorry or glad. A curious remark that. It confirms me in my belief about the crime."
948,"Lies—and again lies—it amazes me, the amount of lies we had told to us this morning."
949,I shall be very disappointed if it is not so.
950,But there is still some information that I think you might be able to give us.
951,"we know more than you think. If Miss Debenham is innocent, why did she conceal that fact? Why did she tell me that she had never been in America?"
952,"I wished to ask you, Mademoiselle, why you lied to us this morning?"
953,"Miss Debenhams got nothing to do with this business—nothing, do you hear? And if shes worried and interfered with, youll have me to deal with."
954,They are very amusing. The more emotional they feel the less command they have of language.
955,Nothing! Even if everybody in the train proved to have been in the Armstrong household I should not express surprise.
956,"Would you like to see what your favourite suspect, the Italian, has to say for himself?"
957,"No, no, never. They could not prove a thing against me—but it was not for want of trying."
958,"That was in the Armstrong case, was it not? You were the chauffeur?"
959,"No, no, I had nothing to do with this business last night. I never left my carriage. The long-faced Englishman, he can tell you so. It was not I who killed this pig—this Ratchett. You cannot prove anything against me."
960,"Of the twelve passengers in that coach, nine have been proved to have had a connection with the Armstrong case. What next, I ask you? Or, should I say, who next?"
961,"I can almost give you the answer to your question,"
962,"Havent got the fancy manner for a place like that. No, I never had any connection with the Armstrong house—but Im beginning to believe Im about the only one on this train who hadnt! Can you beat it—thats what I say? Can you beat it?"
963,"Have you any ideas of your own about the crime, M. Hardman?"
964,"but no one would believe it to look at you. I take off my hat to you. I do, indeed."
965,Not at all. Ive got to hand it to you.
966,the problem is not yet quite solved. Can we say with authority that we know who killed M. Ratchett?
967,Im not saying anything at all. Im just full of natural admiration. What about the other two youve not had a guess at yet? The old American dame and the ladys maid? I suppose we can take it that theyre the only innocent parties on the train?
968,we can fit them into our little collection as—shall we say?—housekeeper and cook in the Armstrong household.
969,"Ah, mon cher, that would be indeed stretching coincidence a little too far,"
970,I have known for some time. It is so clear that I wonder you have not seen it also.
971,I dont know at all. Which of them was it?
972,"If you will be so good, M. Hardman, assemble everyone here. There are two possible solutions of this case. I want to lay them both before you all."
973,"No, no, and again no! That is an explanation that will not hold water. It is deficient in a dozen minor points. The crime was not committed so—M."
974,that I shall have to give my second solution. But do not abandon this one too abruptly. You may agree with it later.
975,"the first theory you put forward was the correct one—decidedly so. I suggest that that is the solution we offer to the Yugo-Slavian police when they arrive. You agree, Doctor?"
976,"As regards the medical evidence, I think—er—that I made one or two fantastic suggestions."
977,"having placed my solution before you, I have the honour to retire from the case…."
978,"Ive just got to confess one thing, M. It gave me a kind of a turn meeting you here—not that I wasnt just thrilled to meet you, because I was. Mr. Gardener knows that. But it just came to me that you might be here—well, professionally. You know what I mean? Well, Im just terribly sensitive, as Mr. Gardener will tell you, and I just couldnt bear it if I was to be mixed up in crime of any kind. You see—"
979,"Regard them there, lying out in rows. What are they? They are not men and women. There is nothing personal about them. They are just—bodies!"
980,"Good-looking fillies, some of em. Bit on the thin side, perhaps."
981,"Yes, but what appeal is there? What mystery? I, I am old, of the old school, When I was young, one saw barely the ankle. The glimpse of a foamy petticoat, how alluring! The gentle swelling of the calf—a knee—a beribboned garter—"
982,"I do think, you know, that our girls and boys nowadays lead a much more natural healthy life. They just romp about together and they—well, they—"
983,"they think nothing of it, if you know what I mean?"
984,"Bless the man, the sea is as calm as a mill pond today."
985,"There is no such thing as a really calm sea. Always, always, there is motion."
986,"Here comes Mrs. Redfern now, coming up from her bathe."
987,"Mrs. Gardeners been in grand form this morning. Absolutely nonstop. Isnt that so, Odell? Yes, darling."
988,"I wish, though, M. Why didnt you? Why didnt you tell her that you were down here investigating a particularly gruesome murder, and that the murderer, a homicidal maniac, was certainly to be found among the guests of the hotel?"
989,"No, I dont believe even Mrs. Gardener would have believed in a crime staged here. This isnt the sort of place youd get a body!"
990,"But why not, Mademoiselle? Why should there not be what you call a body here on Smugglers Island?"
991,I understand your meaning. Up to a point I agree with you. Evil does walk the earth and can be recognized as such.
992,What are you thinking about? Youve not opened your mouth. What do you think of the siren? Pretty hot?
993,"Well, dont tell me you havent got an eye for a pretty girl! What do you think of her, eh?"
994,What does that matter? A womans as old as she looks! Her looks are all right.
995,"Yes, she is beautiful. But it is not beauty that counts in the end."
996,I am looking at the exception. At the one man who did not look up when she passed.
997,That woman is evil through and through. Do you doubt it?
998,"But, man alive, dont you feel it in the air? All round you? The presence of Evil."
999,"Yes, two years ago, at Easter. There werent so many people then."
1000,"Something has occurred to worry you. That is right, is it not?"
1001,"Oh, incredibly so! The country—a big shabby house—horses, dogs—walks in the rain—wood fires—apples in the orchard—lack of money—old tweeds—evening dresses that went on from year to year—a neglected garden—with Michaelmas daisies coming out like great banners in the autumn…."
1002,"One cant go back, can one? That—never. But Id like to have gone on—a different way."
1003,"One wrote the answer in young ladies albums. They had gold edges and were bound in blue leather. The answer? Mademoiselle, is not really very easy to find."
1004,"Of course—I havent got a husband! Ive failed there, havent I, M."
1005,"Mademoiselle, if you are not married, it is because none of my sex have been sufficiently eloquent. It is from choice, not necessity, that you remain single."
1006,"Well, its true enough. Kenneth Marshall and I were more or less children together. The Marshalls lived next door to us. Ken was always nice to me—although condescending, of course, since he was four years older. Ive not seen anything of him for a long time. It must be—fifteen years at least."
1007,Kens a dear. One of the best. Frightfully quiet and reserved. Id say his only fault is a penchant for making unfortunate marriages.
1008,Kenneths a fool—an utter fool where women are concerned! Do you remember the Martingdale case?
1009,"Thats right. Well, after her acquittal, Ken married her. Thats the sort of damn silly thing he does."
1010,"Oh, I dare say she was innocent. Nobody really knows! But there are plenty of women to marry in the world without going out of your way to marry one whos stood her trial for murder."
1011,"She? Shes the worlds first gold digger. And a man-eater as well! If anything personable in trousers comes within a hundred yards of her, its fresh sport for Arlena! Shes that kind."
1012,That is true what you say… Her eyes look for one thing only—men.
1013,"Shes got her eye on Patrick Redfern now. Hes a good-looking man—and rather the simple kind—you know, fond of his wife, and not a philanderer. Thats the kind thats meat and drink to Arlena. I like little Mrs. Redfern—shes nice looking in her fair washed-out way—but I dont think shell stand a dogs chance against that man-eating tiger, Arlena."
1014,"Christine Redfern was a school teacher, I believe. Shes the kind that thinks that mind has a pull over matter. Shes got a rude shock coming to her."
1015,"Didnt catch his name properly. Oh yes, Ive heard of him. But I thought he was dead. Dash it, he ought to be dead. Whats he after down here?"
1016,"Oh! Come now. As a matter of fact youd be safe enough with me. I dont repeat all I hear! Learnt to keep my mouth shut years ago. Shouldnt have got on the way I have if I hadnt known how to do that. But you know what most people are—yap, yap, yap about everything they hear! Now you cant afford that in your trade! Thats why youve got to keep it up that youre here holiday-making and nothing else."
1017,"Mostly a dried up lot of sticks in this hotel! Mrs. Marshalls about the only lively spot! I should think Marshalls got his hands full looking after her. All sorts of stories about her in her stage days—and after! Men go crazy about her. Youll see, therell be a spot of trouble one of these days."
1018,"That depends. Id say, looking at Marshall, that hes a man with a funny kind of temper. As a matter of fact, I know he is. Heard something about him. Ive met that quiet sort. Never know where you are with that kind. Redfern had better look out—"
1019,"And, as I say, sailing round this coast is good fun. Hullo, Redfern, have one with me? Whatll you have? Dry Martini? Right. What about you, M."
1020,Sailing? Its the best fun in the world. Wish I could do more of it. Used to spend most of my time as a boy in a sailing dinghy round this coast.
1021,"Rather! I knew this place before there was a hotel on it. There were just a few fishermens cottages at Leathercombe Bay and a tumbledown old house, all shut up, on the island."
1022,"Oh, dont you know it? Its on Pixy Cove. You cant find the entrance to it easily. Its among a lot of piled up boulders at one end. Just a long thin crack. You can just squeeze through it. Inside it widens out into quite a big cave. You can imagine what fun it was to a boy! An old fisherman showed it to me. Nowadays, even the fishermen dont know about it. I asked one the other day why the place was called Pixy Cove and he couldnt tell me."
1023,But I still do not understand. What is this pixy?
1024,"Oh! thats typically Devonshire. Theres the pixys cave at Sheepstor on the Moor. Youre supposed to leave a pin, you know, as a present for the pixy. A pixy is a kind of moor spirit."
1025,"Theres a lot of pixy lore on Dartmoor still. There are tors that are said to pixy-ridden, and I expect that farmers coming home after a thick night still complain of being pixy-led."
1026,"Faith, Id like to see the old boy pixy-led himself!"
1027,"For a hard-bitten business man, M. Blatt seems to have a very romantic imagination."
1028,Thats because hes only half-educated. Or so my wife says. Look at what he reads! Nothing but thrillers or Wild West stories.
1029,You mean that he has still the mentality of a boy?
1030,I havent either. Ive been out sailing with him once or twice—but he doesnt really like having anyone with him. He prefers to be on his own.
1031,That is indeed curious. It is singularly unlike his practice on land.
1032,I know. We all have a bit of trouble keeping out of his way. Hed like to turn this place into a cross between Margate and Le Touquet.
1033,"I know something of them. They are capable of complicating life unbearably. And the English, they conduct their affairs indescribably. If it was necessary for you to come here, M. Redfern, why, in the name of heaven, did you bring your wife?"
1034,You know perfectly. I am not so foolish as to argue with an infatuated man. I utter only the word of caution.
1035,"Tscha, tscha, you are not a child! You are an educated woman. You must look at things sensibly."
1036,"It has been a wet day. The wind blew, the rain came down, and the mist was everywhere so that one could not see through it. Eh bien, what is it like now? The mists have rolled away, the sky is clear and up above the stars shine. That is like life, Madame."
1037,"Will you allow me to tell you something, Madame? Something that is as true as the stars above us? The Arlena Stuarts—or Arlena Marshalls—of this world—do not count."
1038,Well. M. The beach seems very deserted this morning. Where is everybody?
1039,"I was saying to Mr. Gardener only this morning that we simply must make an excursion to Dartmoor. Its quite near and the associations are all so romantic. And Id like to see that convict prison—Princetown, isnt it? I think wed better fix up right away and go there tomorrow, Odell."
1040,"Oh Ive had my morning dip before breakfast. Somebody nearly brained me with a bottle, too. Chucked it out of one of the hotel windows."
1041,"Sometimes, you know, I do think that maybe were going a little too far nowadays. What with all our great discoveries and all the electrical waves there must be in the atmosphere, I do think it leads to a great deal of mental unrest, and I just feel that maybe the time has come for a new message to humanity. I dont know, M."
1042,"Well, I do assure you that theyre very, very interesting. What with Moscow being exactly a thousand miles due north of—now what was it?—would it be Nineveh?—but anyway you take a circle and it just shows the most surprising things—and one can just see that there must have been special guidance, and that those ancient Egyptians couldnt have thought of what they did all by themselves. And when youve gone into the theory of the numbers and their repetition, why its all just so clear that I cant see how anyone can doubt the truth of it for a moment."
1043,"Biggest surprise of my life. The thing Ive never got over, though, is the way you got round me about that funeral business. Absolutely unorthodox, the whole thing. Fantastic!"
1044,"Er—well, possibly. I dare say we should have got there by more orthodox methods."
1045,"And here you are in the thick of another murder,"
1046,"My dear fellow, delighted to have you. Dont know enough yet to decide whether its a case for Scotland Yard or not. Offhand it looks as though our murderer must be pretty well within a limited radius. On the other hand, all these people are strangers down here. To find out about them and their motives youve got to go to London."
1047,weve got to find out who last saw the dead woman alive. Chambermaid took her her breakfast at nine. Girl in the bureau downstairs saw her pass through the lounge and go out about ten.
1048,"Oh, Neasden doesnt commit himself. Hes a cautious chap. A quarter to eleven is his earliest outside limit."
1049,"There is one other point that I must mention. As she left, Mrs. Marshall asked me not to say I had seen her."
1050,Youre a man of the world. What sort of a woman was Mrs. Marshall?
1051,And the husband? Did he know about it? What did he feel?
1052,It is not easy to know what Captain Marshall feels or thinks. He is a man who does not display his emotions.
1053,"Dont misunderstand me, sir. My wife was an actress. She was also a very good-looking woman. In both capacities she aroused a certain amount of jealousy and envy. There were fusses over parts—there was rivalry from other women—there was a good deal, shall we say, of general envy, hatred, malice, and all uncharitableness! But that is not to say that there was anyone who was capable of deliberately murdering her."
1054,"What you really mean, Monsieur, is that her enemies were mostly or entirely, women?"
1055,"She did not seem excited, or depressed, or upset in any way?"
1056,Did she mention at all what were the contents of her letters?
1057,You were asking about Redfern. My wife told me she had come across him at some cocktail party or other.
1058,Arent you getting a good way from the essentials of this business? What I believe or dont believe is surely not relevant to the plain fact of murder?
1059,"You do not comprehend, Captain Marshall. There is no such thing as a plain fact of murder. Murder springs, nine times out of ten, out of the character and circumstances of the murdered person. Because the victim was the kind of person he or she was, therefore was he or she murdered! Until we can understand fully and completely exactly what kind of a person Arlena Marshall was, we shall not be able to see clearly exactly the kind of person who murdered her. From that springs the necessity of our questions."
1060,"Thought you wouldnt agree. This character stuff is M. Poirots specialty, I believe."
1061,You can at least congratulate yourself on having done nothing to assist me!
1062,"What can one say? He is the closed box—the fastened oyster. He has chosen his rôle. He has heard nothing, he has seen nothing, he knows nothing!"
1063,"Theres jealousy and theres the money motive. Of course, in a way, a husbands the obvious suspect. One naturally thinks of him first. If he knew his missus was carrying on with the other chap—"
1064,"Listen, my friend. Last night I had been talking with Mrs. Redfern on Sunny Ledge. I came down from there to the hotel and on my way I saw those two together—Mrs. Marshall and Patrick Redfern. And a moment or two after I met Captain Marshall. His face was very stiff. It says nothing—but nothing at all! It is almost too blank, if you understand me. Oh! he knew all right."
1065,"I am sure of it! But even then, what does that tell us? What did Kenneth Marshall feel about his wife?"
1066,"Sometimes these quiet ones are the most violent underneath, so to speak. Its all bottled up. He may have been madly fond of her—and madly jealous. But hes not the kind to show it."
1067,That is possible—yes. He is a very interesting character this Captain Marshall. I interest myself in him greatly. And in his alibi.
1068,"Her husband wouldnt allow that she had any enemies—real enemies, that is, but I dont believe for a minute that thats so! I should say that a lady like her would—well, would make some pretty bad enemies—eh, sir, what do you say?"
1069,"Mais oui, that is so. Arlena Marshall would make enemies. But in my opinion, the enemy theory is not tenable, for you see, Inspector, Arlena Marshalls enemies would, I think, as I said just now, always be women."
1070,"Its possible, all right. And if its true, it ought to be easy to prove. Did he come on foot or in a boat? The latter seems more likely. If so, he must have hired a boat somewhere. Youd better make inquiries."
1071,"It leaves, somehow, too much to chance. And besides—somewhere the picture is not true. I cannot, you see, imagine this man…the man who is mad with rage and jealousy."
1072,I agree. Lets eliminate everyone we can.
1073,"Superficially, that is easy. The Gardeners are a middle-aged married couple, pleasant, travelled. All the talking is done by the lady. The husband is acquiescent. He plays tennis and golf and has a form of dry humour that is attractive when one gets him to oneself."
1074,Did she know he was going to be down here?
1075,Who comes next? Miss Brewster. I find her just a little alarming.
1076,"Yes. Because, you see, when Mrs. Marshall went off this morning and asked me not to tell anyone I had seen her, I jumped at once in my own mind to a certain conclusion. I thought that her friendship with Patrick Redfern had made trouble between her and her husband. I thought that she was going to meet Patrick Redfern somewhere, and that she did not want her husband to know where she was."
1077,That fits in with my idea. A man from London or somewhere.
1078,"But, my friend, according to your theory, Arlena Marshall had broken with this mythical man. Why, then, should she take such trouble and pains to meet him?"
1079,"It is very evident that you never met the dead woman. Somebody once wrote a learned treatise on the difference that solitary confinement would mean to Beau Brummel or to a man like Newton. Arlena Marshall, my dear friend, would practically not exist in solitude. She only lived in the light of a mans admiration. No, Arlena Marshall went to meet someone this morning. Who was it?"
1080,No. Arlena always gets down rather late. She has breakfast in bed.
1081,"She said shed be waiting for me in the hall at half-past ten. I was afraid I was going to be late, but it was all right. We started off at about three minutes to the half hour."
1082,"Oh, I oiled myself and sunbathed and Mrs. Redfern sketched. Then, later, I went into the sea and Christine went back to the hotel to get changed for tennis."
1083,"Because her husband was in love with Arlena. But I dont think she would really want to kill her. I mean shed just feel that she wished she was dead—and that isnt the same thing at all, is it?"
1084,"And anyway, Mrs. Redfern could never do a thing like that—kill anybody. She isnt—she isnt violent, if you know what I mean."
1085,"I know exactly what you mean, my child, and I agree with you. Mrs. Redfern is not of those who, as your saying goes, sees red. She would not be"
1086,"Not a nice job, ours. I can tell you I felt a bit of a cad questioning that child about the relations between her father and her stepmother. More or less inviting a daughter to put a rope round her fathers neck. All the same, it had to be done. Murder is murder. And shes the person most likely to know the truth of things. Im rather thankful, though, that shed nothing to tell us in that line."
1087,All that hands sinking into flesh business! Not quite the sort of idea to put into a kids head.
1088,On the whole we got very little useful stuff out of her. Except a more or less complete alibi for the Redfern woman. If they were together from half past ten to a quarter to twelve that lets Christine Redfern out of it. Exit the jealous wife suspect.
1089,"There are better reasons than that for leaving Mrs. Redfern out of it. It would, I am convinced, be physically impossible and mentally impossible for her to strangle anyone. She is cold rather than warm blooded, capable of deep devotion and unswerving constancy, but not of hot-blooded passion or rage. Moreover, her hands are far too small and delicate."
1090,"But I do believe it. Yes, yes, I do believe it!"
1091,"Oh yes, I quite understand. Where do you want me to begin?"
1092,"As early as possible, Madame. What did you do when you first got up this morning?"
1093,Let me see. On my way down to breakfast I went into Linda Marshalls room and fixed up with her to go to Gull Cove this morning. We agreed to meet in the lounge at half past ten.
1094,"Oh no, Mrs. Marshall was the sort of person who never made an appearance before the middle of the morning."
1095,"Pardon, Madame, I interrupted you. You were saying that you went to Miss Linda Marshalls room. What time was that?"
1096,I packed up my sketching things and went back to the hotel.
1097,Were you far from the sea where you were sitting?
1098,"Well, we were well above high-water mark. Just under the cliff—so that I could be a little in the shade and Linda in the sun."
1099,Did Linda Marshall actually enter the sea before you left the beach?
1100,"Captain Marshall, Mr. Gardener and Miss Darnley. We played two sets. We were just going in again when the news came about—about Mrs. Marshall."
1101,"And what did you think, Madame, when you heard that news?"
1102,And think of the place chosen. The very spot for the purpose. The lady goes off in her float. Thats natural enough. Its what she does every day. She goes round to Pixy Cove where no one ever goes in the morning and which will be a nice quiet place for an interview.
1103,"But yes, I too was struck by that point. It is as you say, an ideal spot for a rendezvous. It is deserted, it is only accessible from the land side by descending a vertical steel ladder which is not everybodys money, bien entendu. Moreover most of the beach is invisible from above because of the overhanging cliff. And it has another advantage. Mr. Redfern told me of that one day. There is a cave on it, the entrance to which is not easy to find but where anyone could wait unseen."
1104,"We can narrow it down a bit, sir. We might almost rule out the American, I think. He was on the beach all the morning. Thats so, isnt it, M."
1105,He was absent for a short time when he fetched a skein of wool for his wife.
1106,"Well, what I mean to say—strangled, you know. Same idea. Feller suddenly sees red!"
1107,"Of course. De mortuis nil nisi bonum and all that, but you cant get away from facts. That woman was a bad lot through and through. Youve only got to hunt round a bit in her unsavoury past."
1108,"Im sure Im right. When a womans neither more nor less than a nasty mess, then she herself will provide the best possible clue. Dont you agree with me, M."
1109,"Oh, yes—I agree with that which you have just this minute said. Arlena Marshall herself is the best, the only clue, to her own death."
1110,"And you say she never left the beach this morning, M."
1111,"My dear Inspector, she came down to the beach before Mrs. Marshall could have reached Pixy Cove and she was within my sight until she set off with Mr. Redfern in the boat."
1112,"Might be worth while to find out if J.N. really did go to China. Otherwise—well, he might be the person were looking for. Crazy about the woman, idealizing her, suddenly finding out hed been played for a sucker. It sounds to me as though this is the boy Miss Brewster mentioned. Yes, I think this might be useful."
1113,"Yes, that letter is important. I find it very important."
1114,"Two of the public bathrooms look out that way—north—and the staff bathroom, and the cloakrooms on the ground floor. Also the billiard room."
1115,"And all the former have frosted glass windows, and one does not play billiards on a fine morning."
1116,"Yes. Blackmail, or no blackmail. I still feel it points to him. And his manner—well, his manner is unfortunate."
1117,Well see what Colgate can make out of the typewriting alibi. In the meantime Ive got the chambermaid of this floor waiting to be interviewed. A good deal may depend on her evidence.
1118,"Oh! I wouldnt like to think so. Hes such a nice gentleman, Captain Marshall. He couldnt do a thing like that—Im sure he couldnt."
1119,There is another thing I want to know. What people bathed before breakfast this morning?
1120,"Mrs. Marshall never, sir. Miss Darnley has once or twice, I think. Mrs. Redfern doesnt often bathe before breakfast—only when its very hot, but she didnt this morning."
1121,I wonder if you have noticed whether a bottle is missing from any of the rooms you look after in this wing?
1122,"My orderly mind, that is vexed by trifles! Miss Brewster, this morning, was bathing off the rocks before breakfast, and she says that a bottle was thrown from above and nearly hit her. Eh bien, I want to know who threw that bottle and why?"
1123,"Im sorry, sir, but I cant find anything missing. Im sure theres nothing gone from Captain Marshalls room, or Miss Linda Marshalls room, or Mr. and Mrs. Redferns room, and Im pretty sure theres nothing gone from Miss Darnleys either. But I couldnt say about Mrs. Marshalls. As I say, shes got such a lot."
1124,"I thank you, no. You are sure, are you not, that there is nothing—nothing at all, that you have forgotten to tell us?"
1125,"Well, not the sort of thing that you would mean, sir."
1126,"Never mind what I mean. You do not know what I mean. It is true, then, that you have said to yourself or to a colleague today, that is funny!?"
1127,"the bath is probably of no importance. Anyone may have had a bath. Mrs. Redfern before she went to play tennis, Captain Marshall, Miss Darnley. As I say, anyone. There is nothing in that."
1128,"Ive been checking up with Heald on this typewriting business. Not a doubt of it, it couldnt be done under an hour. Longer, if you had to stop and think here and there. That seems to me pretty well to settle it. And look at this letter."
1129,"The chambermaid heard him typing up till five minutes to eleven. Miss Darnley saw him at twenty minutes past, and the woman was dead at a quarter to twelve. He says he spent that hour typing in his room, and it seems quite clear that he was typing in his room. That washes Captain Marshall right out."
1130,I was wondering why Miss Darnley suddenly volunteered this extra evidence.
1131,"Look here, sir, lets look at it this way. Supposing Miss Darnley wasnt on Sunny Ledge this morning as she says. That storys a lie. Now suppose that after telling us her story, she finds that somebody saw her somewhere else or alternatively that someone went to the Ledge and didnt find her there. Then she thinks up this story quick and comes and tells it to us to account for her absence. Youll notice that she was careful to say Captain Marshall didnt see her when she looked into his room."
1132,"Are you suggesting that Miss Darnleys mixed up in this? Nonsense, seems absurd to me. Why should she be?"
1133,"We might take Redfern with us. He told us about it. What about you, M."
1134,"Me, I am like Miss Brewster and Mrs. Redfern, I do not like to descend perpendicular ladders."
1135,All along—ever since I arrived here—I have been conscious—very conscious—of the forces of evil close at hand.
1136,"You remember, M. Our conversation some days ago? About the reality of evil?"
1137,I heard nothing. All I can tell you is this: that I knew instinctively as soon as I saw her that Arlena Marshall was a focus of evil. She was Evil! Evil personified! Woman can be mans help and inspiration in life—she can also be mans downfall. She can drag a man down to the level of the beast. The dead woman was just such a woman. She appealed to everything base in a mans nature. She was a woman such as Jezebel and Aholibah. Now—she has been struck down in the middle of her wickedness!
1138,"Not struck down—strangled! Strangled, Mr. Lane, by a pair of human hands."
1139,"It is the simple truth. Have you any idea, Mr. Lane, whose hands those were?"
1140,"Accompany me there in a boat, Mr. Lane. We start immediately."
1141,"You also smoke a pipe, do you not, Mr. Lane?"
1142,Yes. Oh yes. My pipe is an old friend and companion.
1143,"Air quite fresh, not fishy or seaweedy, but of course this place is well above high water mark."
1144,"If theres anything up there it would have to be deliberately put there. Still, wed better have a look."
1145,"You are, I think, the tallest of us, Monsieur. Could we venture to ask you to make sure there is nothing resting on that ledge?"
1146,"If by any chance theres a dope gang mixed up in this, it opens up several possibilities. First of all, the dead woman may have been in with the gang herself. Think thats likely?"
1147,"I should doubt that. No, I do not think she took drugs."
1148,Not at all. Never said anything of the sort. Just letting you know that hes the sort of fellow who could go berserk on occasions.
1149,"Mr. Blatt, there is reason to believe that Mrs. Marshall went this morning to Pixy Cove to meet someone. Have you any idea who that someone might be?"
1150,What do you think of him? Youve seen more of him than I have.
1151,"There are many of your English idioms that describe him. The rough diamond! The self-made man! The social climber! He is, as you choose to look at it, pathetic, ludicrous, blatant! It is a matter of opinion. But I think, too, that he is something else."
1152,"As a matter of fact she is wrong. I did see her, though she may not be aware of the fact. I saw her in the mirror."
1153,Seemed to be sitting in the Chief Constables pocket all right the other day.
1154,"Thats clever of you. Its quite true, now I remember… I was, just faintly, surprised when Linda said she had been bathing."
1155,"Oh yes, I do. The string broke. It was loosely done up in the way they do in the village. It was candles—they were scattered on the floor. I helped her to pick them up."
1156,"On the contrary, Madame, there was a bedside electric lamp in perfect order."
1157,What was her manner—when the string broke and the candles fell out of the parcel?
1158,"What are you hinting at, M. What is the meaning of all this?"
1159,"It fits, Madame, here. It is part of the cat."
1160,"It is a little like your puzzle, Madame. One assembles the pieces. It is like a mosaic—many colours and patterns—and every strange-shaped little piece must be fitted into its own place."
1161,It is one little question that I would like to ask you.
1162,"My God, Im sick of answering questions. Ive answered the police questions. I dont feel called upon to answer yours."
1163,"Mine is a very simple one. Only this. On the morning of your wifes death, did you have a bath after you finished typing and before you went out to play tennis?"
1164,"A bath? No, of course I didnt! Id had a bathe only an hour earlier!"
1165,"Seemed kind of indeterminate to me. Your police, I gather, have got something up their sleeves."
1166,"I shall be glad to get Mrs. Gardener away. Shes a very, very sensitive woman, and this affair has got on her nerves. Shes very highly strung."
1167,"Will you permit me, Mr. Gardener, to ask you one question?"
1168,"Why, certainly, M. Delighted to assist in any way I can."
1169,"You are a man of the world—a man, I think, of considerable acumen. What, frankly, was your opinion of the late Mrs. Marshall?"
1170,But if you ask me Ill tell you my candid opinion and that is that that woman was pretty much of a darned fool!
1171,"You are very intelligent, Mademoiselle. I have thought so ever since I arrived here. It would be a pleasure to discuss this business with you."
1172,Yes. He probably hid in that cave until he got his chance.
1173,"Would she go there to meet such a man as you describe? No, she would laugh and not go."
1174,She maynt have known she was going to meet him. He may have sent her a message in some other persons name.
1175,"But you forget one thing, Mademoiselle. A man bent on murder could not risk coming in broad daylight across the causeway and past the hotel. Someone might have seen him."
1176,"Yes. The day of the murder was a glorious day, but the day before, remember, there was rain and thick mist. Anyone could come on to the island then without being seen. He had only to go down to the beach and spend the night in the cave. That mist, M."
1177,"You know, there is a good deal in what you have just said."
1178,"Thats my theory, for what it is worth. Now tell me yours."
1179,"Eh bien, Mademoiselle. I am a very simple person. I always incline to the belief that the most likely person committed the crime. At the very beginning it seemed to me that one person was very clearly indicated."
1180,"But you see, there is what you call a snag in the way! It seems that it was impossible for that person to have committed the crime."
1181,"Well, what do we do about it? That is my problem."
1182,"So did the late Mrs. Marshall. It is chic, eh? And very expensive?"
1183,"You sat here where we are now, Mademoiselle, on the morning of the crime. You were seen here, or at least your sunshade was seen by Miss Brewster and Mr. Redfern as they passed on the sea. During the morning, Mademoiselle, are you sure you did not happen to go down to Pixy Cove and enter the cave there—the famous Pixys Cave?"
1184,"On the day of the crime, Mademoiselle, somebody had been in that cave who used Gabrielle No 8."
1185,Except for the time when you went into the hotel to Captain Marshalls room.
1186,"And you were wrong, Mademoiselle, when you thought that Captain Marshall did not see you."
1187,"He saw you, Mademoiselle, in the mirror that hangs over the table."
1188,What are you looking at my hands for? Do you think—do you think—?
1189,The other day you told the Chief Constable that you were fond of your stepmother and that she was kind to you.
1190,She may not have been actively unkind—that I will grant. But you were not fond of her—Oh no—I think you disliked her very much. That was very plain to see.
1191,Perhaps I didnt like her very much. But one cant say that when a person is dead. It wouldnt be decent.
1192,"When a person has been murdered, it is more important to be truthful than to be decent."
1193,"I would say it and I do say it. It is my business, you see, to find out who killed Arlena Marshall."
1194,"No, I do not think it was quite like that."
1195,"Will you trust me, my child, to do the best I can for you in your bitter trouble?"
1196,I havent any trouble. There is nothing you can do for me. I dont know what you are talking about.
1197,One cant be too careful. Dont want to be overheard.
1198,"I dont mind telling you, M."
1199,I thought you might be. Alice Corrigan was found strangled in Caesars Grove on Blackridge Heath—not ten miles from Marley Copse where Nellie Parsons was found—and both those places are within twelve miles of Whiteridge where Mr. Lane was vicar.
1200,"The Surrey police didnt at first connect her death with that of Nellie Parsons. Thats because theyd pitched on the husband as the guilty party. Dont quite know why except that he was a bit of what the Press calls a mystery man—not much known about him—who he was or where he came from. Shed married him against her peoples wishes, shed a bit of money of her own—and shed insured her life in his favour—all that was enough to raise suspicion, as I think youll agree, sir?"
1201,—so difficult to know which pieces are part of the fur rug and which are the cats tail.
1202,I apologize. I was following a train of thought of my own.
1203,"Your mind works a funny way, doesnt it, sir? But I dare say it comes out all right in the end. If youll excuse me asking, what put you on to asking about strangulation cases in general?"
1204,"You have a word in your language—slick. This crime seemed to me a very slick crime! It made me wonder if, perhaps, it was not a first attempt."
1205,"I said to myself, let us examine past crimes of a similar kind and if there is a crime that closely resembles this one—eh bien, we shall have there a very valuable clue."
1206,"No, sir, I cant say that I do really. Unless its that in each case the husband has got a cast-iron alibi."
1207,Glad to see you. Come in. Just the man I want.
1208,"Ive decided, more or less, on a course of action. But Id like your opinion on it before I act decisively."
1209,"Ive decided to call in Scotland Yard and hand the case over to them. In my opinion, although there have been grounds for suspicion against one or two people, the whole case hinges on dope smuggling. It seems clear to me that that place, Pixys Cave, was a definite rendezvous for the stuff."
1210,Good man. And Im pretty certain who our dope smuggler is. Horace Blatt.
1211,"It seems the most probable solution. Of course its possible that Arlena might have got on to the truth earlier, said something to Blatt about it, and some other member of the gang fixed a fake appointment with her and did her in. As I say, I think the best course is to hand the case over to Scotland Yard. Theyve a far better chance than we have of proving Blatts connection with the gang."
1212,
1213,"If I have, I am not sure that I can prove it."
1214,What do you feel ought to be done about it?
1215,"It sounds to you, does it not, very outrageous? But indeed it seems to me a most admirable idea. We need something of the every day, the usual, to restore life to the normal. I am most anxious to see something of Dartmoor, the weather is good. It will—how shall I say, it will cheer everybody up! So aid me in this matter. Persuade everyone."
1216,Lindas not coming. She says shes got a frightful headache.
1217,"But it will do her good to come. Persuade her, Mademoiselle."
1218,"No, no, you must come, Madame. With a headache one is better alone. Come, let us start."
1219,"And theres Mr. Blatt giving round copies to everybody without so much as asking first. He gave one to you, M."
1220,Get a doctor—as quick as you possibly can. But Im afraid—very much afraid—it may be too late.
1221,I dont believe it. I dont believe Linda killed her. Surely its impossible—on the evidence!
1222,"But I was with her, M. I was with her up to a quarter to twelve. I told the police so."
1223,Your evidence gave her an alibi—yes. But what was your evidence based on? It was based on Linda Marshalls own wristwatch. You do not know of your own knowledge that it was a quarter to twelve when you left her—you only know that she told you so. You said yourself the time seemed to have gone very fast.
1224,"I am sorry to ask you this, but will you tell just what you were thinking about during that walk?"
1225,"I suppose—if it is necessary… I was considering the question of—of leaving here. Just going away without telling my husband. I—I was very unhappy just then, you see."
1226,"Exactly. You were concerned over taking a step of some importance. You were, I should say, deaf and blind to your surroundings. You probably walked very slowly and occasionally stopped for some minutes whilst you puzzled things out."
1227,"How clever you are. It was just like that. I woke up from a kind of dream just outside the hotel and hurried in thinking I should be very late, but when I saw the clock in the lounge I realized I had plenty of time."
1228,"And Ill tell you this, M. Ruth—my wife—was innocent. That I know with complete and absolute certainty. In the intimacy of our life I could not have been deceived. She was an innocent victim of circumstances."
1229,And I dont believe that Linda killed Arlena. Its ridiculous—absurd!
1230,"Do you believe that letter, then, to be a forgery?"
1231,"Then if she wrote it, there are only two explanations. Either she wrote it in all good faith, knowing herself to be the murderess or—or, I say—she wrote it deliberately to shield someone else, someone whom she feared was suspected."
1232,"No, I think that idea is absurd. Linda may have realized that I was regarded with suspicion at first. But she knew definitely by now that that was over and done with—that the police had accepted my alibi and turned their attention elsewhere."
1233,And supposing that it was not so much that she thought that you were suspected as that she knew you were guilty.
1234,"I wonder. There are, you know, several possibilities about Mrs. Marshalls death. There is the theory that she was being blackmailed, that she went that morning to meet the blackmailer and that the blackmailer killed her. There is the theory that Pixy Cove and Cave were being used for drug running, and that she was killed because she accidentally learned something about that. There is a third possibility—that she was killed by a religious maniac. And there is a fourth possibility—you stood to gain a lot of money by your wifes death, Captain Marshall?"
1235,I mean that this is not a crime that was committed single-handed. Two people were in it. It is quite true that you could not have typed that letter and at the same time gone to the cove—but there would have been time for you to have jotted down that letter in shorthand—and for someone else to have typed it in your room while you yourself were absent on your murderous errand.
1236,"You were very obviously upset and surprised by her nonappearance. Almost too obviously, perhaps. It is my theory, Mr. Redfern, that she went to Pixy Cove to meet you, and that she did meet you, and that you killed her there as you had planned to do."
1237,Is it daft you are? I was with you on the beach until I went round in the boat with Miss Brewster and found her dead.
1238,You killed her after Miss Brewster had gone off in the boat to fetch the police. Arlena Marshall was not dead when you got to the beach. She was waiting hidden in the cave until the coast could be clear.
1239,"You will be interested to hear that both you and your wife Christine were easily recognized and picked out by the Surrey police from a group of people photographed here. They identified you both at once as Edward Corrigan and Christine Deverill, the young woman who found the body."
1240,"Yes, you make one see it all. But thats the story from the other side. You havent told us how you came to get at the truth?"
1241,"Oh, poor child, poor child. And I thought—I imagined—something quite different—that she knew something which would—"
1242,"I know what it was you thought. Actually your manner frightened Linda still further. She believed that her action had really brought about Arlenas death and that you knew it. Christine Redfern worked on her too, introducing the idea of the sleeping tablets to her mind, showing her the way to a speedy and painless expiation of her crime. You see, once Captain Marshall was proved to have an alibi, it was vital for a new suspect to be found. Neither she nor her husband knew about the dope smuggling. They fixed on Linda to be the scapegoat."
1243,"Its just been too wonderful—hearing just exactly how you got your results. Its every bit as fascinating as a lecture on criminology—in fact it is a lecture on criminology. And to think my magenta wool and that sunbathing conversation actually had something to do with it? That really makes me too excited for words, and Im sure Mr. Gardener feels the same, dont you, Odell?"
1244,Mr. Gardener too was of assistance to me. I wanted the opinion of a sensible man about Mrs. Marshall. I asked Mr. Gardener what he thought of her.
1245,"Thats the kind of thing men always say to their wives,"
1246,"Of course Im glad I didnt die after all. But you know, M. I meant to."
1247,How did you know? Thats just how I did feel.
1248,Then do not repeat to yourself the imbecilities. Just make up your mind not to hate your next stepmother.
