number,quote
1,"perhaps you would not
     care for him as a constant companion."
2,"I see that you have read it since you have
     marked it. I dont deny that it is smartly written. It irritates me
     though. It is evidently the theory of some arm-chair lounger who
     evolves all these neat little paradoxes in the seclusion of his own
     study. It is not practical. I should like to see him clapped down in
     a third class carriage on the Underground, and asked to give the
     trades of all his fellow-travellers. I would lay a thousand to one
     against him."
3,"Audley Court was not an attractive locality. The narrow passage led
     us into a quadrangle paved with flags and lined by sordid dwellings.
     We picked our way among groups of dirty children, and through lines
     of discoloured linen, until we came to Number 46, the door of which
     was decorated with a small slip of brass on which the name Rance was
     engraved. On enquiry we found that the constable was in bed, and we
     were shown into a little front parlour to await his coming.

     He appeared presently, looking a little irritable at being disturbed
     in his slumbers."
4,"We started off for the cab together, leaving our informant
     incredulous, but obviously uncomfortable."
5,"said
     my companion, gravely; and as he spoke there rushed into the room
     half a dozen of the dirtiest and most ragged street Arabs that ever I
     clapped eyes on."
6,"There was a violent peal at the bell, and in a few seconds the
     fair-haired detective came up the stairs, three steps at a time, and
     burst into our sitting-room."
7,"Nothing. Stangerson had Drebbers purse in his pocket, but it seems
     that this was usual, as he did all the paying. There was eighty odd
     pounds in it, but nothing had been taken. Whatever the motives of
     these extraordinary crimes, robbery is certainly not one of them.
     There were no papers or memoranda in the murdered mans pocket,
     except a single telegram, dated from Cleveland about a month ago, and
     containing the words, J. H. is in Europe. There was no name
     appended to this message."
8,"Nothing of any importance. The mans novel, with which he had read
     himself to sleep was lying upon the bed, and his pipe was on a chair
     beside him. There was a glass of water on the table, and on the
     window-sill a small chip ointment box containing a couple of pills."
9,"I took
     them and the purse and the telegram, intending to have them put in a
     place of safety at the Police Station. It was the merest chance my
     taking these pills, for I am bound to say that I do not attach any
     importance to them."
10,"From their
     lightness and transparency, I should imagine that they are soluble in
     water,"
11,"Now would you mind going down and
     fetching that poor little devil of a terrier which has been bad so
     long, and which the landlady wanted you to put out of its pain
     yesterday."
12,"I will now cut one of these pills in two,"
13,"One half we return
     into the box for future purposes. The other half I will place in this
     wine glass, in which is a teaspoonful of water. You perceive that our
     friend, the Doctor, is right, and that it readily dissolves."
14,"if we can only
     find the man to put them on."
15,"The cabman may as well
     help me with my boxes. Just ask him to step up, Wiggins."
16,"It will serve to take him
     to Scotland Yard. And now, gentlemen,"
17,"I guess youre going
     to take me to the police-station,"
18,"My cabs at the door. If youll loose my legs Ill walk down to it.
     Im not so light to lift as I used to be."
19,The way you kept on my trail was a caution.
20,"Good! and Gregson can come inside with me. You too, Doctor, you have
     taken an interest in the case and may as well stick to us."
21,"Thats the result of all our Study in Scarlet: to get them a
     testimonial!"
22,"I see it, I deduce it. How do I know that you have been getting
     yourself very wet lately, and that you have a most clumsy and
     careless servant girl?"
23,"this is too much. You would certainly have
     been burned, had you lived a few centuries ago. It is true that I had
     a country walk on Thursday and came home in a dreadful mess, but as I
     have changed my clothes I cant imagine how you deduce it. As to Mary
     Jane, she is incorrigible, and my wife has given her notice, but
     there, again, I fail to see how you work it out."
24,"Such paper could
     not be bought under half a crown a packet. It is peculiarly strong
     and stiff."
25,"It is not an English
     paper at all. Hold it up to the light."
26,"The name of the maker, no doubt; or his monogram, rather."
27,"This is my friend and colleague,
     Dr. Watson, who is occasionally good enough to help me in my cases.
     Whom have I the honour to address?"
28,"by binding you both to absolute secrecy for two years; at the end of
     that time the matter will be of no importance. At present it is not
     too much to say that it is of such weight it may have an influence
     upon European history."
29,"The
     august person who employs me wishes his agent to be unknown to you,
     and I may confess at once that the title by which I have just called
     myself is not exactly my own."
30,"The circumstances are of great delicacy, and every precaution has to
     be taken to quench what might grow to be an immense scandal and
     seriously compromise one of the reigning families of Europe. To speak
     plainly, the matter implicates the great House of Ormstein,
     hereditary kings of Bohemia."
31,"you can
     understand that I am not accustomed to doing such business in my own
     person. Yet the matter was so delicate that I could not confide it to
     an agent without putting myself in his power. I have come incognito
     from Prague for the purpose of consulting you."
32,"The facts are briefly these: Some five years ago, during a lengthy
     visit to Warsaw, I made the acquaintance of the well-known
     adventuress, Irene Adler. The name is no doubt familiar to you."
33,"Hum! Born in New Jersey in the year 1858.
     Contralto--hum! La Scala, hum! Prima donna Imperial Opera of
     Warsaw--yes! Retired from operatic stage--ha! Living in London--quite
     so! Your Majesty, as I understand, became entangled with this young
     person, wrote her some compromising letters, and is now desirous of
     getting those letters back."
34,"Because she has said that she would send it on the day when the
     betrothal was publicly proclaimed. That will be next Monday."
35,"That is
     very fortunate, as I have one or two matters of importance to look
     into just at present. Your Majesty will, of course, stay in London
     for the present?"
36,"There are three hundred pounds in gold and seven hundred in notes,"
37,"There were several people on the pavement at the time, but the
     greeting appeared to come from a slim youth in an ulster who had
     hurried by."
38,"CHAPTER III



     I slept at Baker Street that night, and we were engaged upon our
     toast and coffee in the morning when the King of Bohemia rushed into
     the room."
39,"We descended and started off once
     more for Briony Lodge."
40,"He relapsed into a moody silence,
     which was not broken until we drew up in Serpentine Avenue.

     The door of Briony Lodge was open, and an elderly woman stood upon
     the steps. She watched us with a sardonic eye as we stepped from the
     brougham."
41,"answered my companion, looking at her with a
     questioning and rather startled gaze."
42,"From what I have seen of the lady she seems indeed to be on a very
     different level to your Majesty,"
43,"I am sorry
     that I have not been able to bring your Majestys business to a more
     successful conclusion."
44,"Your Majesty has something which I should value even more highly,"
45,"How did you know, for example, that I did manual
     labour. Its as true as gospel, for I began as a ships carpenter."
46,"I
     thought at first that you had done something clever, but I see that
     there was nothing in it, after all."
47,"that I make a mistake in
     explaining. Omne ignotum pro magnifico, you know, and my poor
     little reputation, such as it is, will suffer shipwreck if I am so
     candid. Can you not find the advertisement, Mr. Wilson?"
48,"I have a small pawnbrokers
     business at Coburg Square, near the City. Its not a very large
     affair, and of late years it has not done more than just give me a
     living. I used to be able to keep two assistants, but now I only keep
     one; and I would have a job to pay him but that he is willing to come
     for half wages so as to learn the business."
49,"His name is Vincent Spaulding, and hes not such a youth, either.
     Its hard to say his age. I should not wish a smarter assistant, Mr.
     Holmes; and I know very well that he could better himself and earn
     twice what I am able to give him. But, after all, if he is satisfied,
     why should I put ideas in his head?"
50,"Why, says he, heres another vacancy on the League of the
     Red-headed Men. Its worth quite a little fortune to any man who gets
     it, and I understand that there are more vacancies than there are
     men, so that the trustees are at their wits end what to do with the
     money. If my hair would only change colour, heres a nice little crib
     all ready for me to step into."
51,"I started off, Mr. Holmes, but when I got to that address it was a
     manufactory of artificial knee-caps, and no one in it had ever heard
     of either Mr. William Morris or Mr. Duncan Ross."
52,"I went home to Saxe-Coburg Square, and I took the advice of my
     assistant. But he could not help me in any way. He could only say
     that if I waited I should hear by post. But that was not quite good
     enough, Mr. Holmes. I did not wish to lose such a place without a
     struggle, so, as I had heard that you were good enough to give advice
     to poor folk who were in need of it, I came right away to you."
53,"Your case is an exceedingly
     remarkable one, and I shall be happy to look into it. From what you
     have told me I think that it is possible that graver issues hang from
     it than might at first sight appear."
54,"I do not
     see that you have any grievance against this extraordinary league. On
     the contrary, you are, as I understand, richer by some £30, to say
     nothing of the minute knowledge which you have gained on every
     subject which comes under the letter A. You have lost nothing by
     them."
55,"Yes, sir. He told me that a gipsy had done it for him when he was a
     lad."
56,"That will do, Mr. Wilson. I shall be happy to give you an opinion
     upon the subject in the course of a day or two. To-day is Saturday,
     and I hope that by Monday we may come to a conclusion."
57,"the more bizarre a thing is the less
     mysterious it proves to be. It is your commonplace, featureless
     crimes which are really puzzling, just as a commonplace face is the
     most difficult to identify. But I must be prompt over this matter."
58,"I only wished to ask you how you would go
     from here to the Strand."
59,"He is, in
     my judgment, the fourth smartest man in London, and for daring I am
     not sure that he has not a claim to be third. I have known something
     of him before."
60,"He has his own little methods, which are, if
     he wont mind my saying so, just a little too theoretical and
     fantastic, but he has the makings of a detective in him. It is not
     too much to say that once or twice, as in that business of the Sholto
     murder and the Agra treasure, he has been more nearly correct than
     the official force."
61,"Still, I confess that I miss my rubber. It is the
     first Saturday night for seven-and-twenty years that I have not had
     my rubber."
62,"that you will play
     for a higher stake to-night than you have ever done yet, and that the
     play will be more exciting. For you, Mr. Merryweather, the stake will
     be some £30,000; and for you, Jones, it will be the man upon whom you
     wish to lay your hands."
63,I must really ask you to be a little more quiet!
64,"You have already imperilled the whole success of our
     expedition. Might I beg that you would have the goodness to sit down
     upon one of those boxes, and not to interfere?"
65,"Yes. We had occasion some months ago to strengthen our resources and
     borrowed for that purpose 30,000 napoleons from the Bank of France.
     It has become known that we have never had occasion to unpack the
     money, and that it is still lying in our cellar. The crate upon which
     I sit contains 2,000 napoleons packed between layers of lead foil.
     Our reserve of bullion is much larger at present than is usually kept
     in a single branch office, and the directors have had misgivings upon
     the subject."
66,"And now it is
     time that we arranged our little plans. I expect that within an hour
     matters will come to a head. In the meantime Mr. Merryweather, we
     must put the screen over that dark lantern."
67,"I fancy
     that my pal is all right, though I see you have got his coat-tails."
68,"There are three men waiting for him at the door,"
69,"Oh, indeed! You seem to have done the thing very completely. I must
     compliment you."
70,"I do not know how the bank can thank you or repay you.
     There is no doubt that you have detected and defeated in the most
     complete manner one of the most determined attempts at bank robbery
     that have ever come within my experience."
71,"I have had one or two little scores of my own to settle with Mr.
     John Clay,"
72,"I have been at some small expense over this
     matter, which I shall expect the bank to refund, but beyond that I am
     amply repaid by having had an experience which is in many ways
     unique, and by hearing the very remarkable narrative of the
     Red-headed League."
73,"Then, suddenly realising the full purport of his
     words, she gave a violent start and looked up, with fear and
     astonishment upon her broad, good-humoured face."
74,"She pulled a little handkerchief out of her
     muff and began to sob heavily into it."
75,"The question was hardly out of my mouth, and Holmes had not yet
     opened his lips to reply, when we heard a heavy footfall in the
     passage and a tap at the door."
76,"The man who entered was a sturdy, middle-sized fellow, some thirty
     years of age, clean-shaven, and sallow-skinned, with a bland,
     insinuating manner, and a pair of wonderfully sharp and penetrating
     grey eyes. He shot a questioning glance at each of us, placed his
     shiny top-hat upon the sideboard, and with a slight bow sidled down
     into the nearest chair."
77,"shouted Mr. Windibank, turning white to his lips and
     glancing about him like a rat in a trap."
78,"Our visitor had recovered something of his assurance while Holmes had
     been talking, and he rose from his chair now with a cold sneer upon
     his pale face."
79,"He took two swift
     steps to the whip, but before he could grasp it there was a wild
     clatter of steps upon the stairs, the heavy hall door banged, and
     from the window we could see Mr. James Windibank running at the top
     of his speed down the road."
80,"I knew your energetic nature, and that you would not be happy
     until you had been on the scene of the crime."
81,"I am so glad that you have come. I have driven down to
     tell you so. I know that James didnt do it. I know it, and I want
     you to start upon your work knowing it, too. Never let yourself doubt
     upon that point. We have known each other since we were little
     children, and I know his faults as no one else does; but he is too
     tender-hearted to hurt a fly. Such a charge is absurd to anyone who
     really knows him."
82,"You
     may rely upon my doing all that I can."
83,"But you have read the evidence. You have formed some conclusion? Do
     you not see some loophole, some flaw? Do you not yourself think that
     he is innocent?"
84,"But he is right. Oh! I know that he is right. James never did it.
     And about his quarrel with his father, I am sure that the reason why
     he would not speak about it to the coroner was because I was
     concerned in it."
85,"It is no time for me to hide anything. James and his father had many
     disagreements about me. Mr. McCarthy was very anxious that there
     should be a marriage between us. James and I have always loved each
     other as brother and sister; but of course he is young and has seen
     very little of life yet, and--and--well, he naturally did not wish to
     do anything like that yet. So there were quarrels, and this, I am
     sure, was one of them."
86,"No, he was averse to it also. No one but Mr. McCarthy was in favour
     of it."
87,"Why should you raise up hopes which you are bound
     to disappoint? I am not over-tender of heart, but I call it cruel."
88,"I think that I see my way to clearing James McCarthy,"
89,"It is said
     that Mr. Turner, of the Hall, is so ill that his life is despaired
     of."
90,"About sixty; but his constitution has been shattered by his life
     abroad, and he has been in failing health for some time. This
     business has had a very bad effect upon him. He was an old friend of
     McCarthys, and, I may add, a great benefactor to him, for I have
     learned that he gave him Hatherley Farm rent free."
91,"Oh, yes! In a hundred other ways he has helped him. Everybody about
     here speaks of his kindness to him."
92,"I find it hard enough to tackle facts, Holmes,
     without flying away after theories and fancies."
93,"you do find it very hard to
     tackle the facts."
94,"That McCarthy senior met his death from McCarthy junior and that all
     theories to the contrary are the merest moonshine."
95,"But I am very much mistaken if this is not Hatherley Farm
     upon the left."
96,"Theories are all very well, but we have to deal with a hard-headed
     British jury."
97,"You work your own method,
     and I shall work mine. I shall be busy this afternoon, and shall
     probably return to London by the evening train."
98,"and I really cannot undertake to go about the country looking for a
     left-handed gentleman with a game leg. I should become the
     laughing-stock of Scotland Yard."
99,"I have given you the chance. Here
     are your lodgings. Good-bye. I shall drop you a line before I leave."
100,"I could see that the end had not been in his mouth. Therefore he
     used a holder. The tip had been cut off, not bitten off, but the cut
     was not a clean one, so I deduced a blunt pen-knife."
101,"you have drawn a net round this man from which he
     cannot escape, and you have saved an innocent human life as truly as
     if you had cut the cord which was hanging him. I see the direction in
     which all this points. The culprit is--"
102,"Yes, the lodge-keeper brought it up. You said that you wished to see
     me here to avoid scandal."
103,"But
     I would not have let the young man come to harm. I give you my word
     that I would have spoken out if it went against him at the Assizes."
104,"I would have spoken now had it not been for my dear girl. It would
     break her heart--it will break her heart when she hears that I am
     arrested."
105,"I am no official agent. I understand that it was your daughter who
     required my presence here, and I am acting in her interests. Young
     McCarthy must be got off, however."
106,"I pray that we may
     never be exposed to such a temptation."
107,"Why does fate play
     such tricks with poor, helpless worms? I never hear of such a case as
     this that I do not think of Baxters words, and say, There, but for
     the grace of God, goes Sherlock Holmes."
108,"I trust that I am not intruding. I fear that I have brought
     some traces of the storm and rain into your snug chamber."
109,"They may rest here on
     the hook and will be dry presently. You have come up from the
     south-west, I see."
110,"And yet I question, sir, whether, in all your experience, you have
     ever listened to a more mysterious and inexplicable chain of events
     than those which have happened in my own family."
111,"Pray give us the essential
     facts from the commencement, and I can afterwards question you as to
     those details which seem to me to be most important."
112,"and beneath were the following
     enigmatical notices:


     4th. Hudson came. Same old platform.
     7th. Set the pips on McCauley, Paramore, and John Swain, of St.
     Augustine.
     9th. McCauley cleared.
     10th. John Swain cleared.
     12th. Visited Paramore. All well."
113,"that the
     sudden breaking up of the society was coincident with the
     disappearance of Openshaw from America with their papers. It may well
     have been cause and effect. It is no wonder that he and his family
     have some of the more implacable spirits upon their track. You can
     understand that this register and diary may implicate some of the
     first men in the South, and that there may be many who will not sleep
     easy at night until it is recovered."
114,"He put his two forefingers between his teeth and whistled shrilly--a
     signal which was answered by a similar whistle from the distance,
     followed shortly by the rattle of wheels and the clink of horses
     hoofs."
115,"I confess that I have been as blind as a
     mole, but it is better to learn wisdom late than never to learn it at
     all."
116,"I had an idea that he
     might, and I took the liberty of bringing the tools with me."
117,"If I am Mr. Neville St. Clair, then it is obvious that no crime has
     been committed, and that, therefore, I am illegally detained."
118,"No crime, but a very great error has been committed,"
119,You would have done better to have trusted your wife.
120,"were scrawled upon one
     side. It was pierced in the brim for a hat-securer, but the elastic
     was missing. For the rest, it was cracked, exceedingly dusty, and
     spotted in several places, although there seemed to have been some
     attempt to hide the discoloured patches by smearing them with ink."
121,"With a comical pomposity of
     manner he bowed solemnly to both of us and strode off upon his way."
122,"We passed across Holborn, down Endell Street, and so through a zigzag
     of slums to Covent Garden Market. One of the largest stalls bore the
     name of Breckinridge upon it, and the proprietor a horsey-looking
     man, with a sharp face and trim side-whiskers was helping a boy to
     put up the shutters."
123,A flush sprang to the white cheeks of the stranger.
124,"The little man stood glancing from one to the other of us with
     half-frightened, half-hopeful eyes, as one who is not sure whether he
     is on the verge of a windfall or of a catastrophe. Then he stepped
     into the cab, and in half an hour we were back in the sitting-room at
     Baker Street. Nothing had been said during our drive, but the high,
     thin breathing of our new companion, and the claspings and
     unclaspings of his hands, spoke of the nervous tension within him."
125,"Our visitor staggered to his feet and clutched the mantelpiece with
     his right hand. Holmes unlocked his strong-box and held up the blue
     carbuncle, which shone out like a star, with a cold, brilliant,
     many-pointed radiance. Ryder stood glaring with a drawn face,
     uncertain whether to claim or to disown it."
126,"Oh, very well. Kill it and take it with you."
127,"My name is Sherlock
     Holmes. This is my intimate friend and associate, Dr. Watson, before
     whom you can speak as freely as before myself. Ha! I am glad to see
     that Mrs. Hudson has had the good sense to light the fire. Pray draw
     up to it, and I shall order you a cup of hot coffee, for I observe
     that you are shivering."
128,"My name is Helen Stoner, and I am living with my stepfather, who is
     the last survivor of one of the oldest Saxon families in England, the
     Roylotts of Stoke Moran, on the western border of Surrey."
129,"For answer Holmes pushed back the frill of black lace which fringed
     the hand that lay upon our visitors knee. Five little livid spots,
     the marks of four fingers and a thumb, were printed upon the white
     wrist."
130,"She dropped her thick black veil over her face and glided
     from the room."
131,"he snarled, and hurling
     the twisted poker into the fireplace he strode out of the room."
132,"said the driver, pointing to a cluster of
     roofs some distance to the left;"
133,"We got off, paid our fare, and the trap rattled back on its way to
     Leatherhead."
134,"About nine oclock the light among the trees was extinguished, and
     all was dark in the direction of the Manor House. Two hours passed
     slowly away, and then, suddenly, just at the stroke of eleven, a
     single bright light shone out right in front of us."
135,"whispered Holmes.

     I took a step forward. In an instant his strange headgear began to
     move, and there reared itself from among his hair the squat
     diamond-shaped head and puffed neck of a loathsome serpent."
136,"Well, I have
     drawn my circle, and I only wish I knew at what point upon it the
     folk that we are in search of are to be found."
137,"you have formed your opinion!
     Come, now, we shall see who agrees with you. I say it is south, for
     the country is more deserted there."
138,"Of course there can be no doubt as to the nature of
     this gang."
139,"They are coiners on a large scale, and
     have used the machine to form the amalgam which has taken the place
     of silver."
140,"There is the
     gravel-drive, and there are the rose-bushes where I lay. That second
     window is the one that I jumped from."
141,"you have had your revenge upon them.
     There can be no question that it was your oil-lamp which, when it was
     crushed in the press, set fire to the wooden walls, though no doubt
     they were too excited in the chase after you to observe it at the
     time. Now keep your eyes open in this crowd for your friends of last
     night, though I very much fear that they are a good hundred miles off
     by now."
142,"it has been a pretty business for me! I have
     lost my thumb and I have lost a fifty-guinea fee, and what have I
     gained?"
143,"Indirectly it may be of value,
     you know; you have only to put it into words to gain the reputation
     of being excellent company for the remainder of your existence."
144,"A marriage has been arranged [it says] and will, if rumour is
     correct, very shortly take place, between Lord Robert St. Simon,
     second son of the Duke of Balmoral, and Miss Hatty Doran, the only
     daughter of Aloysius Doran. Esq., of San Francisco, Cal., U.S.A.

     That is all."
145,"There was a paragraph amplifying this in one of the society papers
     of the same week. Ah, here it is:"
146,"The nobleman swung his glasses a little faster and stared down into
     the fire."
147,"The official detective was attired in a pea-jacket and cravat, which
     gave him a decidedly nautical appearance, and he carried a black
     canvas bag in his hand. With a short greeting he seated himself and
     lit the cigar which had been offered to him."
148,"said he, putting a new wedding-ring upon the top of the
     pile."
149,"He took up the paper in a listless way,
     but his attention instantly became riveted, and he gave a little cry
     of satisfaction."
150,"It was indeed our visitor of the afternoon who came bustling in,
     dangling his glasses more vigorously than ever, and with a very
     perturbed expression upon his aristocratic features."
151,"that you would have joined us in a
     friendly supper."
152,"Then I trust that you at least will honour me with your company,"
153,"It is always a joy to meet an American, Mr.
     Moulton, for I am one of those who believe that the folly of a
     monarch and the blundering of a minister in far-gone years will not
     prevent our children from being some day citizens of the same
     world-wide country under a flag which shall be a quartering of the
     Union Jack with the Stars and Stripes."
154,"because it serves to show very clearly how
     simple the explanation may be of an affair which at first sight seems
     to be almost inexplicable. Nothing could be more natural than the
     sequence of events as narrated by this lady, and nothing stranger
     than the result when viewed, for instance, by Mr. Lestrade of
     Scotland Yard."
155,"perhaps you would not be very
     gracious either, if, after all the trouble of wooing and wedding, you
     found yourself deprived in an instant of wife and of fortune. I think
     that we may judge Lord St. Simon very mercifully and thank our stars
     that we are never likely to find ourselves in the same position. Draw
     your chair up and hand me my violin, for the only problem we have
     still to solve is how to while away these bleak autumnal evenings."
156,"He is looking
     up at the numbers of the houses."
157,"Yes; I rather think he is coming to consult me professionally. I
     think that I recognise the symptoms. Ha! did I not tell you?"
158,"God knows I have!--a trouble which is enough to unseat my reason, so
     sudden and so terrible is it. Public disgrace I might have faced,
     although I am a man whose character has never yet borne a stain.
     Private affliction also is the lot of every man; but the two coming
     together, and in so frightful a form, have been enough to shake my
     very soul. Besides, it is not I alone. The very noblest in the land
     may suffer unless some way be found out of this horrible affair."
159,"and let me have a clear
     account of who you are and what it is that has befallen you."
160,"He opened the case, and taking out the diadem he laid it
     upon the table. It was a magnificent specimen of the jewellers art,
     and the thirty-six stones were the finest that I have ever seen. At
     one side of the coronet was a cracked edge, where a corner holding
     three gems had been torn away."
161,"said he, and turned back to
     his chemical studies.

     The summons was a brief and urgent one.

     Please be at the Black Swan Hotel at Winchester at midday to-morrow
     [it said]. Do come! I am at my wits end.
     Hunter."
162,"We were as good as our word, for it was just seven when we reached
     the Copper Beeches, having put up our trap at a wayside public-house.
     The group of trees, with their dark leaves shining like burnished
     metal in the light of the setting sun, were sufficient to mark the
     house even had Miss Hunter not been standing smiling on the
     door-step."
163,"It was an old rickety door and gave at once before our united
     strength. Together we rushed into the room. It was empty. There was
     no furniture save a little pallet bed, a small table, and a basketful
     of linen. The skylight above was open, and the prisoner gone."
164,"I think that what you have been good enough to
     tell us makes the matter fairly clear, and that I can deduce all that
     remains. Mr. Rucastle then, I presume, took to this system of
     imprisonment?"
165,"I am sure we owe you an apology, Mrs. Toller,"
166,"for you
     have certainly cleared up everything which puzzled us. And here comes
     the country surgeon and Mrs. Rucastle, so I think, Watson, that we
     had best escort Miss Hunter back to Winchester, as it seems to me
     that our locus standi now is rather a questionable one."
167,"Never in my life have I been placed in such a situation. It
     is most improper--most outrageous. I must insist upon some
     explanation."
168,"May I ask, in the first place, why you came to me at all?"
169,"Your telegram was dispatched
     about one. But no one can glance at your toilet and attire without
     seeing that your disturbance dates from the moment of your waking."
170,"You are right, Mr. Holmes. I never gave a thought to my toilet. I
     was only too glad to get out of such a house. But I have been running
     round making inquiries before I came to you. I went to the house
     agents, you know, and they said that Mr. Garcias rent was paid up
     all right and that everything was in order at Wisteria Lodge."
171,"You are like my friend,
     Dr. Watson, who has a bad habit of telling his stories wrong end
     foremost. Please arrange your thoughts and let me know, in their due
     sequence, exactly what those events are which have sent you out
     unbrushed and unkempt, with dress boots and waistcoat buttoned awry,
     in search of advice and assistance."
172,"Exactly, Mr. Holmes. We picked up the scent at Charing Cross
     Post-Office and came on here."
173,"All you desire is a
     plain statement, is it not?"
174,"he reported, after a short examination
     of the grass bed,"
175,"In silence Baynes led the way to the sink and held forward his
     candle. The limbs and body of some large, white bird, torn savagely
     to pieces with the feathers still on, were littered all over it.
     Holmes pointed to the wattles on the severed head."
176,"We hurried down the
     village street and found, as we had expected, that the inspector was
     just leaving his lodgings."
177,"Theyve gone, Mr. Holmes. They went by the last train. The lady
     broke away, and Ive got her in a cab downstairs."
178,"When the carriage came out I
     followed it to the station. She was like one walking in her sleep,
     but when they tried to get her into the train she came to life and
     struggled. They pushed her into the carriage. She fought her way out
     again. I took her part, got her into a cab, and here we are. I shant
     forget the face at the carriage window as I led her away. Id have a
     short life if he had his way--the black-eyed, scowling, yellow
     devil."
179,"Ive had a plain-clothes man waiting at the station all the week.
     Wherever the High Gable folk go he will keep them in sight. But he
     must have been hard put to it when Miss Burnet broke away. However,
     your man picked her up, and it all ends well. We cant arrest without
     her evidence, that is clear, so the sooner we get a statement the
     better."
180,"How
     can an English lady join in such a murderous affair?"
181,"I join in it because there is no other way in the world by which
     justice can be gained. What does the law of England care for the
     rivers of blood shed years ago in San Pedro, or for the shipload of
     treasure which this man has stolen? To you they are like crimes
     committed in some other planet. But we know. We have learned the
     truth in sorrow and in suffering. To us there is no fiend in hell
     like Juan Murillo, and no peace in life while his victims still cry
     for vengeance."
182,"he was as you say. I have heard that he was
     atrocious. But how are you affected?"
183,"Now for our friend Lestrade. I had a note from him this morning, in
     which he says:"
184,"What is the use of asking me questions when I tell you I know
     nothing whatever about it?"
185,"I have no doubt
     that you have been annoyed more than enough already over this
     business."
186,"but
     there are much stronger reasons against the other. We know that this
     woman has led a most quiet and respectable life at Penge and here for
     the last twenty years. She has hardly been away from her home for a
     day during that time. Why on earth, then, should any criminal send
     her the proofs of his guilt, especially as, unless she is a most
     consummate actress, she understands quite as little of the matter as
     we do?"
187,"for I have
     another small business on hand. I think that I have nothing further
     to learn from Miss Cushing. You will find me at the police-station."
188,"We shall look in on our way to the train,"
189,"that this matter is a mistake, and
     that the parcel was never meant for me at all. I have said this
     several times to the gentlemen from Scotland Yard, but he simply
     laughs at me. I have not an enemy in the world, as far as I know, so
     why should anyone play me such a trick?"
190,"I am coming to be of the same opinion, Miss Cushing,"
191,"Yes, and they were the best of friends at one time. Why, she went up
     there to live in order to be near them. And now she has no word hard
     enough for Jim Browner. The last six months that she was here she
     would speak of nothing but his drinking and his ways. He had caught
     her meddling, I suspect, and given her a bit of his mind, and that
     was the start of it."
192,"Your
     sister Sarah lives, I think you said, at New Street, Wallington?
     Good-bye, and I am very sorry that you should have been troubled over
     a case with which, as you say, you have nothing whatever to do."
193,"She has been
     suffering since yesterday from brain symptoms of great severity. As
     her medical adviser, I cannot possibly take the responsibility of
     allowing anyone to see her. I should recommend you to call again in
     ten days."
194,Perhaps she could not or would not have told you much.
195,Perhaps it would interest you to hear what he says.
196,"In accordance with the scheme which we had formed in order to test
     our theories"
197,"They were on his tray this morning. I brought them because I had
     heard that you can read great things out of small ones."
198,"The matches have, of course, been
     used to light cigarettes. That is obvious from the shortness of the
     burnt end. Half the match is consumed in lighting a pipe or cigar.
     But, dear me! this cigarette stub is certainly remarkable. The
     gentleman was bearded and moustached, you say?"
199,"Our client had suddenly burst into the room with an explosive energy
     which told of some new and momentous development."
200,"When we returned to Mrs. Warrens rooms, the gloom of a London winter
     evening had thickened into one gray curtain, a dead monotone of
     colour, broken only by the sharp yellow squares of the windows and
     the blurred haloes of the gas-lamps. As we peered from the darkened
     sitting-room of the lodging-house, one more dim light glimmered high
     up through the obscurity."
201,"I expect, as usual, he
     knows a good deal that we dont."
202,That we go up at once and see for ourselves.
203,"He is my husband, Gennaro
     Lucca. I am Emilia Lucca, and we are both from New York. Where is
     Gennaro? He called me this moment from this window, and I ran with
     all my speed."
204,"Your cipher was not difficult, madam. Your presence here was
     desirable. I knew that I had only to flash Vieni and you would
     surely come."
205,"I am not very clear yet who you are or what you are;
     but youve said enough to make it very clear that we shall want you
     at the Yard."
206,"I rather fancy that this lady
     may be as anxious to give us information as we can be to get it. You
     understand, madam, that your husband will be arrested and tried for
     the death of the man who lies before us? What you say may be used in
     evidence. But if you think that he has acted from motives which are
     not criminal, and which he would wish to have known, then you cannot
     serve him better than by telling us the whole story."
207,"He was a
     devil and a monster, and there can be no judge in the world who would
     punish my husband for having killed him."
208,"my suggestion is that we lock this
     door, leave things as we found them, go with this lady to her room,
     and form our opinion after we have heard what it is that she has to
     say to us."
209,"Look out
     this window, Watson. See how the figures loom up, are dimly seen, and
     then blend once more into the cloud-bank. The thief or the murderer
     could roam London on such a day as the tiger does the jungle, unseen
     until he pounces, and then evident only to his victim."
210,"This great and sombre stage is set for something more worthy than
     that,"
211,"The ticket would have shown which station was nearest the agents
     house. Therefore he took it from the murdered mans pocket."
212,"Your theory holds
     together. But if this is true, then the case is at an end. On the one
     hand, the traitor is dead. On the other, the plans of the
     Bruce-Partington submarine are presumably already on the Continent.
     What is there for us to do?"
213,"All my instincts are against this explanation. Use your powers! Go
     to the scene of the crime! See the people concerned! Leave no stone
     unturned! In all your career you have never had so great a chance of
     serving your country."
214,"Come, Watson!
     And you, Lestrade, could you favour us with your company for an hour
     or two? We will begin our investigation by a visit to Aldgate
     Station. Good-bye, Mycroft. I shall let you have a report before
     evening, but I warn you in advance that you have little to expect."
215,"I fear not, Mr. Holmes. The train has been broken up before now, and
     the carriages redistributed."
216,"that every carriage
     has been carefully examined. I saw to it myself."
217,"But suppose it were so, we are still as far as ever from unravelling
     the mystery of his death. Indeed, it becomes not simpler but
     stranger."
218,"Perhaps you would care to step in, sir, and see his brother, Colonel
     Valentine?"
219,"I have not shut an eye
     since the tragedy, thinking, thinking, thinking, night and day, what
     the true meaning of it can be. Arthur was the most single-minded,
     chivalrous, patriotic man upon earth. He would have cut his right
     hand off before he would sell a State secret confided to his keeping.
     It is absurd, impossible, preposterous to anyone who knew him."
220,"Go on, Miss Westbury. Even if it seems to tell against him, go on.
     We cannot say what it may lead to."
221,"He gave an exclamation; that was all. I waited but he never
     returned. Then I walked home. Next morning, after the office opened,
     they came to inquire. About twelve oclock we heard the terrible
     news. Oh, Mr. Holmes, if you could only, only save his honour! It was
     so much to him."
222,"our ways lie elsewhere. Our next station
     must be the office from which the papers were taken."
223,"that all the queens horses and
     all the queens men cannot avail in this matter."
224,"No
     wonder you get results that are beyond us. But some of these days
     youll go too far, and youll find yourself and your friend in
     trouble."
225,"How an English
     gentleman could behave in such a manner is beyond my comprehension.
     But your whole correspondence and relations with Oberstein are within
     our knowledge. So also are the circumstances connected with the death
     of young Cadogan West. Let me advise you to gain at least the small
     credit for repentance and confession, since there are still some
     details which we can only learn from your lips."
226,"He said that letters to the Hôtel du Louvre, Paris, would eventually
     reach him."
227,"I will do anything I can. I owe this fellow no particular good-will.
     He has been my ruin and my downfall."
228,"I have so deep a respect for the extraordinary qualities of Holmes
     that I have always deferred to his wishes, even when I least
     understood them. But now all my professional instincts were aroused.
     Let him be my master elsewhere, I at least was his in a sick room."
229,"I left him full of the image of this magnificent intellect babbling
     like a foolish child. He had handed me the key, and with a happy
     thought I took it with me lest he should lock himself in. Mrs. Hudson
     was waiting, trembling and weeping, in the passage. Behind me as I
     passed from the flat I heard Holmess high, thin voice in some
     delirious chant. Below, as I stood whistling for a cab, a man came on
     me through the fog."
230,"The mention of my friends name had an extraordinary effect upon the
     little man. The look of anger passed in an instant from his face. His
     features became tense and alert."
231,"The man motioned me to a chair, and turned to resume his own. As he
     did so I caught a glimpse of his face in the mirror over the
     mantelpiece. I could have sworn that it was set in a malicious and
     abominable smile. Yet I persuaded myself that it must have been some
     nervous contraction which I had surprised, for he turned to me an
     instant later with genuine concern upon his features."
232,"Then in an
     instant his sudden access of strength departed, and his masterful,
     purposeful talk droned away into the low, vague murmurings of a
     semi-delirious man.

     From the hiding-place into which I had been so swiftly hustled I
     heard the footfalls upon the stair, with the opening and the closing
     of the bedroom door. Then, to my surprise, there came a long silence,
     broken only by the heavy breathings and gaspings of the sick man. I
     could imagine that our visitor was standing by the bedside and
     looking down at the sufferer. At last that strange hush was broken."
233,"in the insistent tone of one who
     awakens a sleeper."
234,"I heard him say at last in a dry,
     rasping tone."
235,"There were footfalls outside, the door opened, and Inspector Morton
     appeared."
236,"the bath! Why the relaxing and expensive
     Turkish rather than the invigorating home-made article?"
237,"A card had come up on a salver, and it was followed by the same
     bearded ruffian who had attacked me in the street. He started when he
     saw me."
238,"Well, I want to see the man who lives here, whatever he may call
     himself,"
239,"When a mans conscience is easy you cant
     rattle him. What is your business in my house?"
240,"Ive a bill against her for a nearly a
     hundred pounds, and nothing to show for it but a couple of trumpery
     pendants that the dealer would hardly look at. She attached herself
     to Mrs. Peters and me at Baden--it is a fact that I was using another
     name at the time--and she stuck on to us until we came to London. I
     paid her bill and her ticket. Once in London, she gave us the slip,
     and, as I say, left these out-of-date jewels to pay her bills. You
     find her, Mr. Holmes, and Im your debtor."
241,"said he. There was a whisk of feminine
     skirts down the passage, and the hall door was opened and shut."
242,"the most
     extraordinary and tragic affair has occurred during the night. It is
     the most unheard-of business. We can only regard it as a special
     Providence that you should chance to be here at the time, for in all
     England you are the one man we need."
243,"Well, as you seem to have made the discovery, whatever it may be,
     and the vicar to have had it second-hand, perhaps you had better do
     the speaking,"
244,"It is a bad thing
     to speak of, but I will answer you the truth."
245,"The facts, as you state them, are certainly most remarkable,"
246,"I take it that you have no theory yourself which can in any
     way account for them?"
247,"It
     is not of this world. Something has come into that room which has
     dashed the light of reason from their minds. What human contrivance
     could do that?"
248,"that if the matter is beyond humanity it is
     certainly beyond me. Yet we must exhaust all natural explanations
     before we fall back upon such a theory as this. As to yourself, Mr.
     Tregennis, I take it you were divided in some way from your family,
     since they lived together and you had rooms apart?"
249,"I think, perhaps, we had better go down to Tredannick Wartha
     without further delay. I confess that I have seldom known a case
     which at first sight presented a more singular problem."
250,"I think, Watson,
     that I shall resume that course of tobacco-poisoning which you have
     so often and so justly condemned,"
251,"I owe you both my thanks and an apology. It was an unjustifiable
     experiment even for ones self, and doubly so for a friend. I am
     really very sorry."
252,"You sent for me, Mr. Holmes. I had your note about an hour ago, and
     I have come, though I really do not know why I should obey your
     summons."
253,"Perhaps we can clear the point up before we separate,"
254,"Meanwhile, I am much obliged to you for your courteous acquiescence.
     You will excuse this informal reception in the open air, but my
     friend Watson and I have nearly furnished an additional chapter to
     what the papers call the Cornish Horror, and we prefer a clear
     atmosphere for the present. Perhaps, since the matters which we have
     to discuss will affect you personally in a very intimate fashion, it
     is as well that we should talk where there can be no eavesdropping."
255,"what you can have to speak
     about which affects me personally in a very intimate fashion."
256,"If this is bluff upon your
     part, Mr. Holmes, you have chosen a bad man for your experiment. Let
     us have no more beating about the bush. What do you mean?"
257,"and the reason why I tell you is
     that I hope frankness may beget frankness. What my next step may be
     will depend entirely upon the nature of your own defence."
258,"Do all your successes depend upon this
     prodigious power of bluff?"
259,"is upon your side, Dr. Leon
     Sterndale, and not upon mine. As a proof I will tell you some of the
     facts upon which my conclusions are based. Of your return from
     Plymouth, allowing much of your property to go on to Africa, I will
     say nothing save that it first informed me that you were one of the
     factors which had to be taken into account in reconstructing this
     drama--"
260,"I had intended to bury myself in central Africa. My work there is
     but half finished."
261,"These are the sacrifices one makes for ones country, Watson,"
262,"To-morrow it will be but a
     dreadful memory. With my hair cut and a few other superficial changes
     I shall no doubt reappear at Claridges to-morrow as I was before
     this American stunt--I beg your pardon, Watson, my well of English
     seems to be permanently defiled--before this American job came my
     way."
263,"If it takes me all my life I shall get level with
     you!"
264,"How often have I heard it in days
     gone by. It was a favorite ditty of the late lamented Professor
     Moriarty.  Colonel Sebastian Moran has also been known to warble it.
     And yet I live and keep bees upon the South Downs."
265,"As my
     speech surely shows you, Mr. Altamont of Chicago had no existence in
     fact. I used him and he is gone."
266,"What is it worth? What have
     I done? It is my ruin forever!"
267,"It will
     require some checking and you have little time to check it. Your
     admiral may find the new guns rather larger than he expects, and the
     cruisers perhaps a trifle faster."
268,"I trust that you are as comfortable as circumstances permit,"
269,"Should I be guilty of
     a liberty if I lit a cigar and placed it between your lips?"
270,"that if your
     government bears you out in this treatment it becomes an act of war."
271,"You are a private individual. You have no warrant for my arrest. The
     whole proceeding is absolutely illegal and outrageous."
272,"I need not say that I have confirmed it, Watson,"
273,"I have had several opponents to whom that flattering term has been
     applied,"
274,"Dont you smoke? Then you will
     excuse me if I light my pipe. If your man is more dangerous than the
     late Professor Moriarty, or than the living Colonel Sebastian Moran,
     then he is indeed worth meeting. May I ask his name?"
275,"Mr. Holmes, I must beg you not to press that question. It is
     important that I should be able to assure him that his honoured name
     has been in no way dragged into the matter. His motives are, to the
     last degree, honourable and chivalrous, but he prefers to remain
     unknown. I need not say that your fees will be assured and that you
     will be given a perfectly free hand. Surely the actual name of your
     client is immaterial?"
276,"I am accustomed to have mystery at one
     end of my cases, but to have it at both ends is too confusing. I
     fear, Sir James, that I must decline to act."
277,"You place me in a most serious dilemma, for I am perfectly
     certain that you would be proud to take over the case if I could give
     you the facts, and yet a promise forbids me from revealing them all.
     May I, at least, lay all that I can before you?"
278,"He has expensive tastes. He is a horse fancier. For a short time he
     played polo at Hurlingham, but then this Prague affair got noised
     about and he had to leave. He collects books and pictures. He is a
     man with a considerable artistic side to his nature. He is, I
     believe, a recognized authority upon Chinese pottery and has written
     a book upon the subject."
279,"All great criminals have that. My old
     friend Charlie Peace was a violin virtuoso. Wainwright was no mean
     artist. I could quote many more. Well, Sir James, you will inform
     your client that I am turning my mind upon Baron Gruner. I can say no
     more. I have some sources of information of my own, and I dare say we
     may find some means of opening the matter up."
280,"The Baron has little waxed tips of hair under his nose, like the
     short antennae of an insect. These quivered with amusement as he
     listened, and he finally broke into a gentle chuckle."
281,"Well, Watson, there seemed to be no more to say, so I took my leave
     with as much cold dignity as I could summon, but, as I had my hand on
     the door-handle, he stopped me."
282,"How can I tell you where it is now? Its more than a year since I
     left him. I know where he kept it then. Hes a precise, tidy cat of a
     man in many of his ways, so maybe it is still in the pigeon-hole of
     the old bureau in the inner study. Do you know his house?"
283,"Have you, though? You havent been slow on the job if you only
     started this morning. Maybe dear Adelbert has met his match this
     time. The outer study is the one with the Chinese crockery in it--big
     glass cupboard between the windows. Then behind his desk is the door
     that leads to the inner study--a small room where he keeps papers and
     things."
284,"No fence wants stuff of that sort that you can neither melt
     nor sell."
285,"Well, now, Miss Winter, if you would call
     here to-morrow evening at five, I would consider in the meanwhile
     whether your suggestion of seeing this lady personally may not be
     arranged. I am exceedingly obliged to you for your cooperation. I
     need not say that my clients will consider liberally--"
286,"I am not out for
     money. Let me see this man in the mud, and Ive got all Ive worked
     for--in the mud with my foot on his cursed face. Thats my price. Im
     with you to-morrow or any other day so long as you are on his track.
     Porky here can tell you always where to find me."
287,"Tavernier, the French modeller, made it. He is as good at
     waxworks as your friend Straubenzee is at air-guns."
288,"Yes, sir, you! You are all here--every action of your vile and
     dangerous life."
289,"I put it all upon the
     table. But one card is missing. Its the king of diamonds. I dont
     know where the stone is."
290,"If I may put it in a nutshell, Mr. Merton, I should say it was all
     up."
291,"Is this cove trying to be funny, or what? Im not in the funny mood
     myself."
292,"I think I can promise you that you
     will feel even less humorous as the evening advances. Now, look here,
     Count Sylvius. Im a busy man and I cant waste time. Im going into
     that bedroom. Pray make yourselves quite at home in my absence. You
     can explain to your friend how the matter lies without the restraint
     of my presence. I shall try over the Hoffman Barcarole upon my
     violin. In five minutes I shall return for your final answer. You
     quite grasp the alternative, do you not? Shall we take you, or shall
     we have the stone?"
293,"We give you best, Holmes. I believe you are the devil himself."
294,"But, I say, what about that bloomin fiddle!
     I hear it yet."
295,"You are perfectly right. Let it play!
     These modern gramophones are a remarkable invention."
296,"Show him up, Billy. This is the eminent peer who represents the very
     highest interests,"
297,"He is an excellent and loyal
     person, but rather of the old regime. Shall we make him unbend? Dare
     we venture upon a slight liberty? He knows, we may conjecture,
     nothing of what has occurred."
298,"My old friend
     here will tell you that I have an impish habit of practical joking.
     Also that I can never resist a dramatic situation. I took the
     liberty--the very great liberty, I admit--of putting the stone into
     your pocket at the beginning of our interview."
299,"See here, Masser Holmes,
     you keep your hands out of other folks business. Leave folks to
     manage their own affairs. Got that, Masser Holmes?"
300,"It wont be so damn fine
     if I have to trim you up a bit. Ive handled your kind before now,
     and they didnt look fine when I was through with them. Look at that,
     Masser Holmes!"
301,"Ive a friend thats
     interested out Harrow way--you know what Im meaning--and he dont
     intend to have no buttin in by you. Got that? You aint the law, and
     I aint the law either, and if you come in Ill be on hand also.
     Dont you forget it."
302,"I wont ask
     you to sit down, for I dont like the smell of you, but arent you
     Steve Dixie, the bruiser?"
303,"Thats my name, Masser Holmes, and youll get put through it for
     sure if you give me any lip."
304,"But it was the killing of young Perkins
     outside the Holborn Bar-- What! youre not going?"
305,"What have I to do with this ere Perkins,
     Masser Holmes? I was trainin at the Bull Ring in Birmingham when
     this boy done gone get into trouble."
306,"And now, if you can spare the time,
     Watson, we will get upon our way."
307,"though it is
     some years since he used my services in some trifling matter."
308,"Our friend of yesterday, looking very pale and ill, had entered the
     room, leaning upon a little maidservant."
309,"It was one of the finest corner-houses of the West End. A
     machine-like footman took up our cards and returned with word that
     the lady was not at home."
310,"He scribbled three or four words upon a sheet of his notebook, folded
     it, and handed it to the man."
311,"I read as follows:

     46, Old Jewry,
     Nov. 19th.
                                   Re Vampires
     Sir:
     Our client, Mr. Robert Ferguson, of Ferguson and Muirhead, tea
     brokers, of Mincing Lane, has made some inquiry from us in a
     communication of even date concerning vampires. As our firm
     specializes entirely upon the assessment of machinery the matter
     hardly comes within our purview, and we have therefore recommended
     Mr. Ferguson to call upon you and lay the matter before you. We have
     not forgotten your successful action in the case of Matilda Briggs.
     We are, sir,
     Faithfully yours,
     Morrison, Morrison, and Dodd.
     per E. J. C."
312,"You dont look quite the man you did when I threw you over the ropes
     into the crowd at the Old Deer Park. I expect I have changed a bit
     also. But its this last day or two that has aged me. I see by your
     telegram, Mr. Holmes, that it is no use my pretending to be anyones
     deputy."
313,"Of course it is. But you can imagine how difficult it is when you
     are speaking of the one woman whom you are bound to protect and help.
     What can I do? How am I to go to the police with such a story? And
     yet the kiddies have got to be protected. Is it madness, Mr. Holmes?
     Is it something in the blood? Have you any similar case in your
     experience? For Gods sake, give me some advice, for I am at my wits
     end."
314,"Then your wifes character would really be better known by Dolores
     than by you?"
315,"that I may be of more use at Lamberley than
     here. It is eminently a case for personal investigation. If the lady
     remains in her room, our presence could not annoy or inconvenience
     her. Of course, we would stay at the inn."
316,"Not very prepossessing externally, as you can see, but a heart of
     gold, and devoted to the child."
317,"if you can see the
     truth in this matter, do not keep me in suspense. How do I stand? 
     What shall I do? I care nothing as to how you have found your facts
     so long as you have really got them."
318,"You at least have the entree, Watson. Will you have
     the goodness to give the lady this note?"
319,"Oh, very well,
     madame, if you would rather she stayed I can see no objection. Now,
     Mr. Ferguson, I am a busy man with many calls, and my methods have to
     be short and direct.  The swiftest surgery is the least painful. Let
     me first say what will ease your mind. Your wife is a very good, a
     very loving, and a very ill-used woman."
320,"I think a year at sea would be my prescription for Master Jacky,"
321,"Only one thing is still clouded,
     madame. We can quite understand your attacks upon Master Jacky. There
     is a limit to a mothers patience. But how did you dare to leave the
     child these last two days?"
322,"This, I fancy, is the time for our exit, Watson,"
323,"If you will take one elbow of the too faithful Dolores, I
     will take the other. There, now,"
324,"Ah, yes!
     Your pictures are not unlike you, sir, if I may say so. I believe you
     have had a letter from my namesake, Mr. Nathan Garrideb, have you
     not?"
325,"We shall, I fancy, have a
     good deal to discuss."
326,"When I went to see him this
     morning and he told me he had sent to a detective, I just asked for
     your address and came right away. I dont want police butting into a
     private matter. But if you are content just to help us find the man,
     there can be no harm in that."
327,"And now, sir, since
     you are here, we had best have a clear account from your own lips. My
     friend here knows nothing of the details."
328,Mr. Nathan Garrideb shrugged his shoulders with a disconsolate air.
329,"I am a bit of an archaeologist myself when it comes to houses,"
330,"I was wondering if this was Queen Anne or
     Georgian."
331,"But
     thats not our job. They take that at the next stage. What we wanted
     at present was just your sweet self. Please give the Yard a call,
     Watson. It wont be entirely unexpected."
332,"Pray sit down. I fear I
     can only give you a short time, for I have an appointment at eleven."
333,"Mr. Gibson
     seems to have a nice loyal household. But the warning is a useful
     one, and now we can only wait till the man himself appears."
334,"that money is nothing
     to me in this case. You can burn it if its any use in lighting you
     to the truth. This woman is innocent and this woman has to be
     cleared, and its up to you to do it. Name your figure!"
335,"I do not vary them, save when I remit them altogether."
336,"I suppose you are within your rights--and maybe doing your duty--in
     asking such a question, Mr. Holmes."
337,"Then I can assure you that our relations were entirely and always
     those of an employer towards a young lady whom he never conversed
     with, or ever saw, save when she was in the company of his children."
338,"Plain enough, but whats at the back of it? Raising the price on me,
     or afraid to tackle it, or what? Ive a right to a plain answer."
339,"Ill give you one. This case
     is quite sufficiently complicated to start with without the further
     difficulty of false information."
340,"Well, its your choice. I guess you know how to run your own
     business. I cant make you touch the case against your will. Youve
     done yourself no good this morning, Mr. Holmes, for I have broken
     stronger men than you. No man ever crossed me and was the better for
     it."
341,"So many have said so, and yet here I am,"
342,"Well, good-morning, Mr. Gibson. You have a good deal yet to learn."
343,"Our millionaire does not seem to shine in private life,"
344,"that seemed to me to be the most damning
     incident of all."
345,"Perhaps Mr. Neil Gibson has told you something of what occurred
     between us?"
346,"you need not pain yourself by entering into
     that part of the story. After seeing you, I am prepared to accept Mr.
     Gibsons statement both as to the influence which you had over him
     and as to the innocence of your relations with him. But why was the
     whole situation not brought out in court?"
347,"It seemed to me incredible that such a charge could be sustained. I
     thought that if we waited the whole thing must clear itself up
     without our being compelled to enter into painful details of the
     inner life of the family. But I understand that far from clearing it
     has become even more serious."
348,"I beg you to have no
     illusions upon the point. Mr. Cummings here would assure you that all
     the cards are at present against us, and that we must do everything
     that is possible if we are to win clear. It would be a cruel
     deception to pretend that you are not in very great danger. Give me
     all the help you can, then, to get at the truth."
349,"I beg you to tell us exactly what
     occurred that evening."
350,"Never mind, my dear lady. You will hear from me, Mr. Cummings. With
     the help of the god of justice I will give you a case which will make
     England ring. You will get news by to-morrow, Miss Dunbar, and
     meanwhile take my assurance that the clouds are lifting and that I
     have every hope that the light of truth is breaking through."
351,"Now, if you
     please, we will get off on what I hope is the last stage of our
     journey."
352,"There was a quick step on the stairs, a sharp tap at the door, and a
     moment later the new client presented himself. He was a tall,
     handsome youth about thirty, well dressed and elegant, but with
     something in his bearing which suggested the shyness of the student
     rather than the self-possession of the man of the world. He shook
     hands with Holmes, and then looked with some surprise at me."
353,"I may need
     some of these dates which you have noted."
354,"I was lying awake about two in the morning, when I was
     aware of a dull muffled sound coming from the passage. I opened my
     door and peeped out. I should explain that the professor sleeps at
     the end of the passage--"
355,"I have said, sir, that it was the night before last--that is,
     September 4th."
356,"And the wolfhound no doubt disapproved of the financial bargain. No,
     no, Watson, there is more in it than this. Now, I can only suggest--"
357,"We were gradually coming to that conclusion, were we not, Watson?"
358,"I take it, Miss Presbury, that there
     is some fresh development in the case, and that you thought we should
     know?"
359,"No, Mr. Holmes, that is the amazing part of it. There is no possible
     way of reaching the window--and yet he was there."
360,Is it possible that it has any bearing upon the case?
361,"I presume that you do not go so far as to assert that I summoned
     you?"
362,"However,
     that particular one can be answered very easily without your aid."
363,"I can only repeat that I am sorry that we have made a needless
     intrusion."
364,"I have never seen him in a more dangerous mood. But he grows more
     sinister. You can understand now why his daughter and I are alarmed.
     And yet his mind is perfectly clear."
365,"That was my miscalculation. It is evident
     that his memory is much more reliable than I had thought. By the way,
     can we, before we go, see the window of Miss Presburys room?"
366,"I expect the old gentleman has been putting two and two together,"
367,"He struck me as having a
     particularly clear and logical brain from the little I saw of him.
     Explosive, no doubt, but then from his point of view he has something
     to explode about if detectives are put on his track and he suspects
     his own household of doing it. I rather fancy that friend Bennett is
     in for an uncomfortable time."
368,"He is my general utility
     man who looks up routine business. It was important to know something
     of the man with whom our professor was so secretly corresponding. His
     nationality connects up with the Prague visit."
369,"I dont think you have anything to fear now for a week at least,"
370,"I am a busy man, and Dr. Watson has his patients to
     attend to. Let us agree that we meet here at this hour next Tuesday,
     and I shall be surprised if before we leave you again we are not able
     to explain, even if we cannot perhaps put an end to, your troubles.
     Meanwhile, keep us posted in what occurs."
371,"He heard from
     his London correspondent to-day. There was a letter and there was a
     small packet, each with the cross under the stamp which warned me not
     to touch them. There has been nothing else."
372,"Now, Mr. Bennett,
     we shall, I think, come to some conclusion to-night. If my deductions
     are correct we should have an opportunity of bringing matters to a
     head. In order to do so it is necessary to hold the professor under
     observation. I would suggest, therefore, that you remain awake and on
     the lookout. Should you hear him pass your door, do not interrupt
     him, but follow him as discreetly as you can. Dr. Watson and I will
     not be far off. By the way, where is the key of that little box of
     which you spoke?"
373,"If the cycle of nine days holds good then we shall have the
     professor at his worst to-night,"
374,"At present the scandal is
     confined to our own household. It is safe with us. If it gets beyond
     these walls it will never stop. Consider his position at the
     university, his European reputation, the feelings of his daughter."
375,"I think it may be quite possible to keep
     the matter to ourselves, and also to prevent its recurrence now that
     we have a free hand. The key from the watch-chain, Mr. Bennett.
     Macphail will guard the patient and let us know if there is any
     change. Let us see what we can find in the professors mysterious
     box."
376,"the great black-faced monkey of the Himalayan slopes,
     biggest and most human of climbing monkeys. Many details are added.
     Well, thanks to you, Mr. Holmes, it is very clear that we have traced
     the evil to its source."
377,"lies, of course, in that untimely
     love affair which gave our impetuous professor the idea that he could
     only gain his wish by turning himself into a younger man. When one
     tries to rise above Nature one is liable to fall below it. The
     highest type of man may revert to the animal if he leaves the
     straight road of destiny."
378,"Down on the beach. Exactly where poor McPherson met his end. If this
     mans heart had been weak as McPhersons was, he would not be here
     now. More than once I thought he was gone as I brought him up. It was
     too far to The Gables, so I made for you."
379,"You will understand, Mrs. Merrilow, that if I come to Mrs. Ronder I
     should prefer to have a witness. You will make her understand that
     before we arrive."
380,"she is that anxious
     to see you that you might bring the whole parish at your heels!"
381,"Very good, Mrs. Merrilow. I
     should like to have a little chat with Dr. Watson. That will carry us
     till lunch-time. About three oclock you may expect to see us at your
     house in Brixton."
382,"It was burned to a black cinder, but there could be no question as to
     its anatomical significance."
383,"station of Shoscombe. The rack above us was covered
     with a formidable litter of rods, reels, and baskets. On reaching our
     destination a short drive took us to an old-fashioned tavern, where a
     sporting host, Josiah Barnes, entered eagerly into our plans for the
     extirpation of the fish of the neighbourhood."
384,"He thought it was his mistress,
     and he found it was a stranger. Dogs dont make mistakes."
385,"I got your note, Mr. Holmes. Sir
     Robert has not returned yet, but I hear that he is expected
     to-night."
386,"I fancy the ashes of them
     might even now be found in that oven which had already consumed a
     part."
387,"But why in the world would anyone want to burn the bones of a man
     who has been dead a thousand years?"
388,"It may mean a
     long search, and we need not detain you. I fancy that we shall get
     our solution before morning."
389,"Possibly it is
     familiar to you. In any case, my business is that of every other good
     citizen--to uphold the law. It seems to me that you have much to
     answer for."
390,"Appearances are
     against me, Ill admit, but I could act no otherwise."
391,"I have, of course, studied it, and yet I should be interested to
     have your impression,"
392,"He seemed to me like a man who was literally bowed down by care. His
     back was curved as though he carried a heavy burden. Yet he was not
     the weakling that I had at first imagined, for his shoulders and
     chest have the framework of a giant, though his figure tapers away
     into a pair of spindled legs."
393,"Little
     Purlington is in Essex, I believe, not far from Frinton. Well, of
     course you will start at once. This is evidently from a responsible
     person, the vicar of the place. Where is my Crockford? Yes, here we
     have him: J. C. Elman, M. A., Living of Moosmoor cum Little
     Purlington. Look up the trains, Watson."
394,"What can this man
     possibly know of what has occurred? It is waste of time and money."
395,"On the face of it, it seems absurd to suppose that this person knows
     anything, but if you think--"
396,"If they are not worth more than the last ones they are not of much
     use,"
397,"He has been interesting
     himself also in your business, Mr. Josiah Amberley, though we have
     been working independently. But we both have the same question to ask
     you!"
398,"You
     had not met Barker, Watson. He is my hated rival upon the Surrey
     shore. When you said a tall dark man it was not difficult for me to
     complete the picture. He has several good cases to his credit, has he
     not, Inspector?"
399,"Well, in the name of the force I thank you. It seems a clear case,
     as you put it, and there cant be much difficulty over the bodies."
400,"and I am
     sure Amberley himself never observed it. Youll get results,
     Inspector, by always putting yourself in the other fellows place,
     and thinking what you would do yourself. It takes some imagination,
     but it pays. Now, we will suppose that you were shut up in this
     little room, had not two minutes to live, but wanted to get even with
     the fiend who was probably mocking at you from the other side of the
     door. What would you do?"
401,"Of course, he was bound to call us in, but why he should
     have gone to you I cant understand."
402,"He felt so clever and so sure of
     himself that he imagined no one could touch him. He could say to any
     suspicious neighbour, Look at the steps I have taken. I have
     consulted not only the police but even Sherlock Holmes."
403,"You can file it in our archives, Watson. Some day the true
     story may be told."
404,"I am afraid, Watson, that I shall have to go,"
405,"that the incised wound upon
     Straker may have been caused by his own knife in the convulsive
     struggles which follow any brain injury?"
406,"In that
     case one of the main points in favor of the accused disappears."
407,"The Inspector here has done all that could possibly be
     suggested, but I wish to leave no stone unturned in trying to avenge
     poor Straker and in recovering my horse."
408,"I am sorry to say that we have made very little progress,"
409,"I think that I should prefer to stay here a little and go into one
     or two questions of detail. Straker was brought back here, I
     presume?"
410,"I presume, as I see blood-stains upon it,
     that it is the one which was found in the dead mans grasp. Watson,
     this knife is surely in your line?"
411,"Three of them are receipted hay-dealers accounts. One of them is a
     letter of instructions from Colonel Ross. This other is a milliners
     account for thirty-seven pounds fifteen made out by Madame Lesurier,
     of Bond Street, to William Derbyshire. Mrs. Straker tells us that
     Derbyshire was a friend of her husbands and that occasionally his
     letters were addressed here."
412,"Twenty-two guineas is rather heavy for a
     single costume. However there appears to be nothing more to learn,
     and we may now go down to the scene of the crime."
413,"Surely I met you in Plymouth at a garden-party some little time ago,
     Mrs. Straker?"
414,"Dear me! Why, I could have sworn to it. You wore a costume of
     dove-colored silk with ostrich-feather trimming."
415,"In that case the overcoat was not blown against the furze-bush, but
     placed there."
416,"I
     have examined the ground very carefully for a hundred yards in each
     direction."
417,"I should not have the impertinence to
     do it again after what you say. But I should like to take a little
     walk over the moor before it grows dark, that I may know my ground
     to-morrow, and I think that I shall put this horseshoe into my pocket
     for luck."
418,"There are several points on which I should like your advice, and
     especially as to whether we do not owe it to the public to remove our
     horses name from the entries for the Cup."
419,"It is the one quality
     which Gregory lacks. We imagined what might have happened, acted upon
     the supposition, and find ourselves justified. Let us proceed."
420,"You have
     saved us a long walk, which would have brought us back on our own
     traces. Let us follow the return track."
421,"Should I be too early to see your
     master, Mr. Silas Brown, if I were to call at five oclock to-morrow
     morning?"
422,"No gossiping! Go about your
     business! And you, what the devil do you want here?"
423,"Ive no time to talk to every gadabout. We want no stranger here. Be
     off, or you may find a dog at your heels."
424,"Your instructions will be done. It shall all be done,"
425,"I shall write to you about it. No tricks, now, or--"
426,"A more perfect compound of the bully, coward, and sneak than Master
     Silas Brown I have seldom met with,"
427,"My friend and I return to town by the night-express,"
428,"We have had a charming little breath of your beautiful Dartmoor
     air."
429,"So you despair of arresting the murderer of poor Straker,"
430,I suppose that you would know him when you saw him?
431,"I have been on the turf for twenty
     years, and never was asked such a question as that before,"
432,"Well, that is the curious part of it. You could have got fifteen to
     one yesterday, but the price has become shorter and shorter, until
     you can hardly get three to one now."
433,"My dear sir, you have done wonders. The horse looks very fit and
     well. It never went better in its life. I owe you a thousand
     apologies for having doubted your ability. You have done me a great
     service by recovering my horse. You would do me a greater still if
     you could lay your hands on the murderer of John Straker."
434,"but I must regard what you
     have just said as either a very bad joke or an insult."
435,"I assure you that I have not associated you
     with the crime, Colonel,"
436,"He passed his hand over his forehead like a man who is half dazed,
     and then fell rather than sat down upon a chair."
437,"Our visitor again passed his hand over his forehead, as if he found
     it bitterly hard. From every gesture and expression I could see that
     he was a reserved, self-contained man, with a dash of pride in his
     nature, more likely to hide his wounds than to expose them. Then
     suddenly, with a fierce gesture of his closed hand, like one who
     throws reserve to the winds, he began."
438,"Now there is one thing that I want to impress upon you before I go
     any further, Mr. Holmes. Effie loves me. Dont let there be any
     mistake about that. She loves me with her whole heart and soul, and
     never more than now. I know it. I feel it. I dont want to argue
     about that. A man can tell easily enough when a woman loves him. But
     theres this secret between us, and we can never be the same until it
     is cleared."
439,"I saw lights in the cottage as I came down.
     We shall settle it now once and for all."
440,"I am going to force my way in and see for myself who is in the
     house. I wish you both to be there as witnesses."
441,I glanced down at the new patent leathers which I was wearing.
442,"Well, we may save the police some little trouble in that direction,"
443,"Human nature is a strange mixture, Watson. You see that even a
     villain and murderer can inspire such affection that his brother
     turns to suicide when he learns that his neck is forfeited. However,
     we have no choice as to our action. The doctor and I will remain on
     guard, Mr. Pycroft, if you will have the kindness to step out for the
     police."
444,Do you know who it was that we let into the house that day?
445,"Yes, it was the devil himself. We have not had a peaceful hour
     since--not one. The governor has never held up his head from that
     evening, and now the life has been crushed out of him and his heart
     broken, all through this accursed Hudson."
446,"Yes, weve had a scare in this part lately. Old Acton, who is one of
     our county magnates, had his house broken into last Monday. No great
     damage done, but the fellows are still at large."
447,"None as yet. But the affair is a pretty one, one of our little
     country crimes, which must seem too small for your attention, Mr.
     Holmes, after this great international affair."
448,"hes our leading man about here, is
     old Cunningham, and a very decent fellow too. Hell be cut up over
     this, for the man has been in his service for years and was a good
     servant. Its evidently the same villains who broke into Actons."
449,"If its a local villain there should not be much difficulty in
     running him down,"
450,"We were
     chatting about the matter when you came in, Inspector. Perhaps you
     can let us have a few details."
451,"it
     is of course a conceivable theory that this William Kirwan--though he
     had the reputation of being an honest man, may have been in league
     with the thief. He may have met him there, may even have helped him
     to break in the door, and then they may have fallen out between
     themselves."
452,"as to the possibility of
     there being an understanding between the burglar and the servant, and
     this being a note of appointment from one to the other, is an
     ingenious and not entirely impossible supposition. But this writing
     opens up--"
453,He wants us all four to go up to the house together.
454,"William received a
     letter by the afternoon post yesterday. The envelope was destroyed by
     him."
455,"Youve seen the postman. It is a pleasure to work with you. Well,
     here is the lodge, and if you will come up, Colonel, I will show you
     the scene of the crime."
456,"Now, it was on those
     stairs that young Mr. Cunningham stood and saw the two men struggling
     just where we are. Old Mr. Cunningham was at that window--the second
     on the left--and he saw the fellow get away just to the left of that
     bush. So did the son. They are both sure of it on account of the
     bush. Then Mr. Alec ran out and knelt beside the wounded man. The
     ground is very hard, you see, and there are no marks to guide us."
457,"I thought you Londoners were
     never at fault. You dont seem to be so very quick, after all."
458,"Why, I dont see that
     we have any clue at all."
459,"Is
     it not extraordinary that a burglary--and a burglar who had had some
     previous experience--should deliberately break into a house at a time
     when he could see from the lights that two of the family were still
     afoot?"
460,"But
     as to your ideas that the man had robbed the house before William
     tackled him, I think it a most absurd notion. Wouldnt we have found
     the place disarranged, and missed the things which he had taken?"
461,"You must remember
     that we are dealing with a burglar who is a very peculiar fellow, and
     who appears to work on lines of his own. Look, for example, at the
     queer lot of things which he took from Actons--what was it?--a ball
     of string, a letter-weight, and I dont know what other odds and
     ends."
462,"Anything which you or the Inspector may suggest will most certainly
     be done."
463,"I should like you to offer a
     reward--coming from yourself, for the officials may take a little
     time before they would agree upon the sum, and these things cannot be
     done too promptly. I have jotted down the form here, if you would not
     mind signing it. Fifty pound was quite enough, I thought."
464,"you will
     find it useful at the trial. But this is what we really wanted."
465,"I wished Mr. Acton to be present while I demonstrated this small
     matter to you,"
466,"for it is natural that he should take a
     keen interest in the details. I am afraid, my dear Colonel, that you
     must regret the hour that you took in such a stormy petrel as I am."
467,"I will lay an account of the case before you in its due
     order, showing you the various points which guided me in my decision.
     Pray interrupt me if there is any inference which is not perfectly
     clear to you."
468,"I could see that you were commiserating with me over my weakness,"
469,Ive come over this little matter of Colonel Barclays death.
470,"But when one gets old one has a longing for home.  For years Ive
     been dreaming of the bright green fields and the hedges of England. 
     At last I determined to see them before I died.  I saved enough to
     bring me across, and then I came here where the soldiers are, for I
     know their ways and how to amuse them and so earn enough to keep me."
471,"I have
     already heard of your meeting with Mrs. Barclay, and your mutual
     recognition.  You then, as I understand, followed her home and saw
     through the window an altercation between her husband and her, in
     which she doubtless cast his conduct to you in his teeth.  Your own
     feelings overcame you, and you ran across the lawn and broke in upon
     them."
472,We were in time to overtake the major before he reached the corner.
473,"I was weary of our little sitting-room and gladly acquiesced. For
     three hours we strolled about together, watching the ever-changing
     kaleidoscope of life as it ebbs and flows through Fleet Street and
     the Strand. His characteristic talk, with its keen observance of
     detail and subtle power of inference held me amused and enthralled.
     It was ten oclock before we reached Baker Street again. A brougham
     was waiting at our door."
474,"I am sure I am very much
     obliged to you for coming round. No one ever needed your advice more
     than I do. I suppose that Dr. Trevelyan has told you of this most
     unwarrantable intrusion into my rooms."
475,"Who are these two men Mr. Blessington, and
     why do they wish to molest you?"
476,"I cannot possibly advise you if you try to deceive me,"
477,"you wont think me an
     intruder, I am sure. Have you heard of the events which led up to
     this affair?"
478,"I should say that he has been dead about three hours, judging by the
     rigidity of the muscles,"
479,"Found a screw-driver and some screws on the wash-hand stand. Seems
     to have smoked heavily during the night, too. Here are four
     cigar-ends that I picked out of the fireplace."
480,"He was morbidly nervous of fire, and always kept this
     beside him, so that he might escape by the window in case the stairs
     were burning."
481,"Yes,
     the actual facts are very plain, and I shall be surprised if by the
     afternoon I cannot give you the reasons for them as well. I will take
     this photograph of Blessington, which I see upon the mantelpiece, as
     it may help me in my inquiries."
482,"Oh, there can be no doubt as to the sequence of events,"
483,"There were three of them in it: the young man, the old man,
     and a third, to whose identity I have no clue. The first two, I need
     hardly remark, are the same who masqueraded as the Russian count and
     his son, so we can give a very full description of them. They were
     admitted by a confederate inside the house. If I might offer you a
     word of advice, Inspector, it would be to arrest the page, who, as I
     understand, has only recently come into your service, Doctor."
484,"said the inspector.

     But Trevelyan and I looked at each other in bewilderment."
485,"Do you not
     think that we might drive to him now, Sherlock, and learn these
     particulars?"
486,"Send the boy for a four-wheeler,
     and we shall be off at once."
487,"I
     only know that he drove away with the gentleman in a carriage."
488,"Oh, no, sir.  He was a little gentleman, with glasses, thin in the
     face, but very pleasant in his ways, for he was laughing all the time
     that he was talking."
489,"A carriage heavily loaded with luggage has passed out during the
     last hour."
490,"Percy has been inquiring for you all morning. Ah, poor old
     chap, he clings to any straw! His father and his mother asked me to
     see you, for the mere mention of the subject is very painful to
     them."
491,"I perceive that you
     are not yourself a member of the family."
492,My uncles voice is always remarkably low. I hardly spoke at all.
493,"I did exactly what he indicated, and waited until the other clerks
     had departed. One of them in my room, Charles Gorot, had some arrears
     of work to make up, so I left him there and went out to dine. When I
     returned he was gone. I was anxious to hurry my work, for I knew that
     Joseph--the Mr. Harrison whom you saw just now--was in town, and that
     he would travel down to Woking by the eleven-oclock train, and I
     wanted if possible to catch it."
494,"It is of the utmost importance that you should notice this point. I
     went down the stairs and into the hall, where I found the
     commissionaire fast asleep in his box, with the kettle boiling
     furiously upon the spirit-lamp. I took off the kettle and blew out
     the lamp, for the water was spurting over the floor. Then I put out
     my hand and was about to shake the man, who was still sleeping
     soundly, when a bell over his head rang loudly, and he woke with a
     start."
495,"I think, Watson, we cannot do better. Do not allow yourself to
     indulge in false hopes, Mr. Phelps. The affair is a very tangled
     one."
496,"He was cold, but not harsh. I dare say my severe illness prevented
     him from being that. He repeated that the matter was of the utmost
     importance, and added that no steps would be taken about my
     future--by which he means, of course, my dismissal--until my health
     was restored and I had an opportunity of repairing my misfortune."
497,"Come,
     Watson, for we have a good days work before us in town."
498,"Oh, if you find your own cases more interesting than mine--"
499,"I was going to say that my practice could get along very well for a
     day or two, since it is the slackest time in the year."
500,"You are ready enough to use all the information that the police can
     lay at your disposal, and then you try to finish the case yourself
     and bring discredit on them."
501,"out of my last fifty-three cases my
     name has only appeared in four, and the police have had all the
     credit in forty-nine. I dont blame you for not knowing this, for you
     are young and inexperienced, but if you wish to get on in your new
     duties you will work with me and not against me."
502,"And, of course, I cannot pretend to be ignorant of the object of
     your visit. There has only been one occurrence in these offices which
     could call for your attention. In whose interest are you acting, may
     I ask?"
503,"Ah, my unfortunate nephew! You can understand that our kinship makes
     it the more impossible for me to screen him in any way. I fear that
     the incident must have a very prejudicial effect upon his career."
504,"There is another very important
     point which I wish to discuss with you,"
505,"If he waits a little longer he will get no price at all. The treaty
     will cease to be secret in a few months."
506,"Of course, it is a possible
     supposition that the thief has had a sudden illness--"
507,"And now, Lord
     Holdhurst, we have already taken up too much of your valuable time,
     and we shall wish you good-day."
508,"But he has a struggle to keep up his position. He is far from rich
     and has many calls. You noticed, of course, that his boots had been
     re-soled? Now, Watson, I wont detain you from your legitimate work
     any longer. I shall do nothing more to-day, unless I have an answer
     to my cab advertisement. But I should be extremely obliged to you if
     you would come down with me to Woking to-morrow, by the same train
     which we took yesterday."
509,"I have
     seen Forbes, and I have seen your uncle, and I have set one or two
     trains of inquiry upon foot which may lead to something."
510,"that I begin to believe that I am the
     unconscious centre of some monstrous conspiracy, and that my life is
     aimed at as well as my honor?"
511,"It sounds incredible, for I have not, as far as I know, an enemy in
     the world. Yet from last nights experience I can come to no other
     conclusion."
512,"said Phelps, smiling, though it was
     evident that his adventure had somewhat shaken him."
513,"Percy Phelps was walking very slowly, leaning upon the arm of his
     future brother-in-law. Holmes walked swiftly across the lawn, and we
     were at the open window of the bedroom long before the others came
     up."
514,"cried Phelps, as we began to move from the platform."
515,"The table was all laid, and just as I was about to ring Mrs. Hudson
     entered with the tea and coffee. A few minutes later she brought in
     three covers, and we all drew up to the table, Holmes ravenous, I
     curious, and Phelps in the gloomiest state of depression."
516,"Phelps raised the cover, and as he did so he uttered a scream, and
     sat there staring with a face as white as the plate upon which he
     looked. Across the centre of it was lying a little cylinder of
     blue-gray paper. He caught it up, devoured it with his eyes, and then
     danced madly about the room, passing it to his bosom and shrieking
     out in his delight. Then he fell back into an arm-chair so limp and
     exhausted with his own emotions that we had to pour brandy down his
     throat to keep him from fainting."
517,"You crossed my path on the 4th of January, said he.  On the 23d
     you incommoded me; by the middle of February I was seriously
     inconvenienced by you; at the end of March I was absolutely hampered
     in my plans; and now, at the close of April, I find myself placed in
     such a position through your continual persecution that I am in
     positive danger of losing my liberty.  The situation is becoming an
     impossible one."
518,"With all our precautions, you see that we have cut it rather fine,"
519,"There are limits, you see, to our friends
     intelligence.  It would have been a coup-de-maître had he deduced
     what I would deduce and acted accordingly."
520,"I owe you a
     thousand apologies. I had no idea that you would be so affected."
521,"Is it really you? Can it indeed be that you are
     alive? Is it possible that you succeeded in climbing out of that
     awful abyss?"
522,"Yes, Mr. Holmes. I took the job myself. Its good to see you back in
     London, sir."
523,"journeys
     end in lovers meetings, as the old play says. I dont think I have
     had the pleasure of seeing you since you favoured me with those
     attentions as I lay on the ledge above the Reichenbach Fall."
524,"This, gentlemen, is
     Colonel Sebastian Moran, once of Her Majestys Indian Army, and the
     best heavy game shot that our Eastern Empire has ever produced. I
     believe I am correct, Colonel, in saying that your bag of tigers
     still remains unrivalled?"
525,"I wonder that my very simple stratagem could deceive so old a
     shikari,"
526,"It must be very familiar to you. Have you not
     tethered a young kid under a tree, lain above it with your rifle, and
     waited for the bait to bring up your tiger? This empty house is my
     tree and you are my tiger. You have possibly had other guns in
     reserve in case there should be several tigers, or in the unlikely
     supposition of your own aim failing you. These,"
527,"I confess that you had one small surprise for me,"
528,"I
     did not anticipate that you would yourself make use of this empty
     house and this convenient front window. I had imagined you as
     operating from the street, where my friend Lestrade and his merry men
     were awaiting you. With that exception all has gone as I expected."
529,"noiseless and of
     tremendous power. I knew Von Herder, the blind German mechanic, who
     constructed it to the order of the late Professor Moriarty. For years
     I have been aware of its existence, though I have never before had
     the opportunity of handling it. I commend it very specially to your
     attention, Lestrade, and also the bullets which fit it."
530,"I went to it on my knees, sir, just as you told me."
531,"Excellent. You carried the thing out very well. Did you observe
     where the bullet went?"
532,"He wrung his hands in an agony of
     apprehension, and swayed backwards and forwards in his chair.

     I looked with interest upon this man, who was accused of being the
     perpetrator of a crime of violence. He was flaxen-haired and handsome
     in a washed-out negative fashion, with frightened blue eyes and a
     clean-shaven face, with a weak, sensitive mouth. His age may have
     been about twenty-seven; his dress and bearing that of a gentleman.
     From the pocket of his light summer overcoat protruded the bundle of
     endorsed papers which proclaimed his profession."
533,"Half an hour more or less can
     make no difference to you, and the gentleman was about to give us an
     account of this very interesting affair, which might aid us in
     clearing it up."
534,"And yet it may be premature to abandon the
     case. After all, important fresh evidence is a two-edged thing, and
     may possibly cut in a very different direction to that which Lestrade
     imagines. Take your breakfast, Watson, and we will go out together
     and see what we can do. I feel as if I shall need your company and
     your moral support to-day."
535,"You certainly have the air of something unusual having occurred,"
536,"You dont like being beaten any more than the rest of us do,"
537,I will do my best. How many constables have you?
538,"May I ask if they are all large,
     able-bodied men with powerful voices?"
539,"Perhaps I can help you to see that and one or two other things as
     well,"
540,"In the outhouse you will find a considerable quantity of straw,"
541,"I will ask you to carry in two bundles of it. I think
     it will be of the greatest assistance in producing the witness whom I
     require. Thank you very much. I believe you have some matches in your
     pocket, Watson. Now, Mr. Lestrade, I will ask you all to accompany me
     to the top landing."
542,"If you know anything, you can surely say it
     without all this tomfoolery."
543,"Watson, a bucket of water over the
     straw. That will do! Lestrade, allow me to present you with your
     principal missing witness, Mr. Jonas Oldacre."
544,"He was able to fix up his own little hiding-place without any
     confederate--save, of course, that precious housekeeper of his, whom
     I should lose no time in adding to your bag, Lestrade."
545,"And youll probably find that your creditors will impound the
     banking account of Mr. Cornelius,"
546,"They told
     me that you were fond of queer mysteries, and I dont think you can
     find a queerer one than that. I sent the paper on ahead so that you
     might have time to study it before I came."
547,"At first
     sight it would appear to be some childish prank. It consists of a
     number of absurd little figures dancing across the paper upon which
     they are drawn. Why should you attribute any importance to so
     grotesque an object?"
548,"We had not long to wait, for our Norfolk squire came straight from
     the station as fast as a hansom could bring him. He was looking
     worried and depressed, with tired eyes and a lined forehead."
549,"He unfolded a paper and laid it upon the
     table. Here is a copy of the hieroglyphics:--

     [ Picture: Picture of a few dancing men ]"
550,"Again he produced a paper. The new dance was in this form:--

     [ Picture: Picture of five dancing men figures ]"
551,"It was a ladys hand-bag which stood upon the study table--a trim
     little hand-bag of crocodile-skin and silver. Holmes opened it and
     turned the contents out. There were twenty fifty-pound notes of the
     Bank of England, held together by an india-rubber band--nothing else."
552,"He took from his pocket the various slips of the dancing men. With
     these in front of him he worked for some time at the study-table.
     Finally he handed a note to the boy, with directions to put it into
     the hands of the person to whom it was addressed, and especially to
     answer no questions of any sort which might be put to him. I saw the
     outside of the note, addressed in straggling, irregular characters,
     very unlike Holmess usual precise hand. It was consigned to Mr. Abe
     Slaney, Elriges Farm, East Ruston, Norfolk."
553,"A man was striding up the path which led to the door. He was a tall,
     handsome, swarthy fellow, clad in a suit of grey flannel, with a
     Panama hat, a bristling black beard, and a great, aggressive hooked
     nose, and flourishing a cane as he walked. He swaggered up the path
     as if the place belonged to him, and we heard his loud, confident
     peal at the bell."
554,"you will
     find that it simply means Come here at once. I was convinced that
     it was an invitation which he would not refuse, since he could never
     imagine that it could come from anyone but the lady. And so, my dear
     Watson, we have ended by turning the dancing men to good when they
     have so often been the agents of evil, and I think that I have
     fulfilled my promise of giving you something unusual for your
     note-book. Three-forty is our train, and I fancy we should be back in
     Baker Street for dinner."
555,"Mr. Woodley seemed to me to be a most odious person. He was for ever
     making eyes at me--a coarse, puffy-faced, red-moustached young man,
     with his hair plastered down on each side of his forehead. I thought
     that he was perfectly hateful--and I was sure that Cyril would not
     wish me to know such a person."
556,"said he.

     It was short and concise:

     The old man is dead."
557,"said I, with
     my finger on the thready pulse, where the stream of life trickled
     thin and small."
558,"The greatest and perhaps the wealthiest. I am aware, Mr. Holmes,
     that you take a very high line in professional matters, and that you
     are prepared to work for the works sake. I may tell you, however,
     that his Grace has already intimated that a cheque for five thousand
     pounds will be handed over to the person who can tell him where his
     son is, and another thousand to him who can name the man, or men, who
     have taken him."
559,"Watson, I think that we shall
     accompany Dr. Huxtable back to the North of England. And now, Dr.
     Huxtable, when you have consumed that milk you will kindly tell me
     what has happened, when it happened, how it happened, and, finally,
     what Dr. Thorneycroft Huxtable, of the Priory School, near Mackleton,
     has to do with the matter, and why he comes three days after an
     event--the state of your chin gives the date--to ask for my humble
     services."
560,"A good cyclist does not need
     a high road. The moor is intersected with paths and the moon was at
     the full. Halloa! what is this?"
561,"They shuffled and lied--said that they found it on the moor on
     Tuesday morning. They know where he is, the rascals! Thank goodness,
     they are all safe under lock and key. Either the fear of the law or
     the Dukes purse will certainly get out of them all that they know."
562,"There is another morass down yonder and a
     narrow neck between. Halloa! halloa! halloa! what have we here?"
563,"that the rider is now undoubtedly
     forcing the pace? There can be no doubt of it. Look at this
     impression, where you get both tyres clear. The one is as deep as the
     other. That can only mean that the rider is throwing his weight on to
     the handle-bar, as a man does when he is sprinting. By Jove! he has
     had a fall."
564,"Bad! Stand clear, Watson! Not an unnecessary
     footstep! What do I read here? He fell wounded, he stood up, he
     remounted, he proceeded. But there is no other track. Cattle on this
     side path. He was surely not gored by a bull? Impossible! But I see
     no traces of anyone else. We must push on, Watson. Surely with stains
     as well as the track to guide us he cannot escape us now."
565,"A most illuminating remark. It is impossible
     as I state it, and therefore I must in some respect have stated it
     wrong. Yet you saw for yourself. Can you suggest any fallacy?"
566,"Who are you, and how do you get my name so pat?"
567,"for
     I was his head coachman once, and cruel bad he treated me. It was him
     that sacked me without a character on the word of a lying
     corn-chandler. But Im glad to hear that the young lord was heard of
     in Liverpool, and Ill help you to take the news to the Hall."
568,"Well have some food first. Then you can
     bring round the bicycle."
569,"I tell you, man, that I havent got one. Ill let you have two
     horses as far as the Hall."
570,"well talk about it when weve had
     something to eat."
571,"one might think that
     you were afraid of our finding something out."
572,"But
     look here, mister, I dont care for folk poking about my place
     without my leave, so the sooner you pay your score and get out of
     this the better I shall be pleased."
573,"We have been
     having a look at your horses, but I think Ill walk after all. Its
     not far, I believe."
574,"It seems to be a curious class of custom that is done by the
     Fighting Cock,"
575,"Quite so. These are what one may call the private guests. Now, what
     in the world is Mr. James Wilder doing in that den at this hour of
     night, and who is the companion who comes to meet him there? Come,
     Watson, we must really take a risk and try to investigate this a
     little more closely."
576,"At least, we may take counsel how far we can
     minimize this hideous scandal."
577,"I think, your Grace, that this can only be
     done by absolute and complete frankness between us. I am disposed to
     help your Grace to the best of my ability; but in order to do so I
     must understand to the last detail how the matter stands. I realize
     that your words applied to Mr. James Wilder, and that he is not the
     murderer."
578,Without a word the Duke pressed the electric bell. A servant entered.
579,"That also I have arranged, Mr. Holmes. I wrote to the Duchess this
     morning."
580,"I think that my friend and I
     can congratulate ourselves upon several most happy results from our
     little visit to the North. There is one other small point upon which
     I desire some light. This fellow Hayes had shod his horses with shoes
     which counterfeited the tracks of cows. Was it from Mr. Wilder that
     he learned so extraordinary a device?"
581,"You dont mean to say that you
     have been walking about London with that thing?"
582,"and then came several sheets of numbers. Another
     heading was Argentine, another Costa Rica, and another San Paulo,
     each with pages of signs and figures after it."
583,"Sharp at the hour named Inspector Stanley Hopkins appeared, and we
     sat down together to the excellent breakfast which Mrs. Hudson had
     prepared. The young detective was in high spirits at his success."
584,"said he.

     There had been some talking in gruff voices outside, and now Mrs.
     Hudson opened the door to say that there were three men inquiring for
     Captain Basil."
585,"The second man was a long, dried-up creature, with lank hair and
     sallow cheeks. His name was Hugh Pattins. He also received his
     dismissal, his half-sovereign, and the order to wait.

     The third applicant was a man of remarkable appearance. A fierce
     bull-dog face was framed in a tangle of hair and beard, and two bold
     dark eyes gleamed behind the cover of thick, tufted, overhung
     eyebrows. He saluted and stood sailor-fashion, turning his cap round
     in his hands."
586,The seaman lurched across the room and took up the pen.
587,"Milverton had glided as quick as a rat to the side of the room, and
     stood with his back against the wall."
588,"I had a catching of the breath, and my skin went cold at the words,
     which were slowly uttered in a tone of concentrated resolution. As a
     flash of lightning in the night shows up in an instant every detail
     of a wide landscape, so at one glance I seemed to see every possible
     result of such an action--the detection, the capture, the honoured
     career ending in irreparable failure and disgrace, my friend himself
     lying at the mercy of the odious Milverton."
589,"Holmes and I put on our dress-clothes, so that we might appear to be
     two theatre-goers homeward bound. In Oxford Street we picked up a
     hansom and drove to an address in Hampstead. Here we paid off our
     cab, and with our great-coats buttoned up, for it was bitterly cold
     and the wind seemed to blow through us, we walked along the edge of
     the Heath."
590,"It was evidently taken by a snap-shot from a small camera. It
     represented an alert, sharp-featured simian man with thick eyebrows,
     and a very peculiar projection of the lower part of the face like the
     muzzle of a baboon."
591,"As we left the room we heard his pen travelling shrilly over the
     foolscap.

     The spot where the fragments of the bust had been found was only a
     few hundred yards away. For the first time our eyes rested upon this
     presentment of the great Emperor, which seemed to raise such frantic
     and destructive hatred in the mind of the unknown. It lay scattered
     in splintered shards upon the grass. Holmes picked up several of them
     and examined them carefully. I was convinced from his intent face and
     his purposeful manner that at last he was upon a clue."
592,"Holmes had taken several notes during Mr. Hardings evidence, and I
     could see that he was thoroughly satisfied by the turn which affairs
     were taking. He made no remark, however, save that, unless we
     hurried, we should be late for our appointment with Lestrade. Sure
     enough, when we reached Baker Street the detective was already there,
     and we found him pacing up and down in a fever of impatience. His
     look of importance showed that his days work had not been in vain."
593,"He opened his bag, and
     at last we saw placed upon our table a complete specimen of that bust
     which we had already seen more than once in fragments.

     Holmes took a paper from his pocket and laid a ten-pound note upon
     the table."
594,"Ive seen you handle a good many cases, Mr.
     Holmes, but I dont know that I ever knew a more workmanlike one than
     that. Were not jealous of you at Scotland Yard. No, sir, we are very
     proud of you, and if you come down to-morrow theres not a man, from
     the oldest inspector to the youngest constable, who wouldnt be glad
     to shake you by the hand."
595,"I shall be happy to look into it and to give you such advice as I
     can,"
596,"The case is
     not entirely devoid of interest. Had anyone visited you in your room
     after the papers came to you?"
597,"let us go round. Not one of your cases,
     Watson--mental, not physical. All right; come if you want to. Now,
     Mr. Soames--at your disposal!"
598,"He must have entered through the door. There is no opening except
     the one pane,"
599,"Lattice-paned, lead framework, three separate windows, one swinging
     on hinge and large enough to admit a man."
600,"Exactly. And it looks out on an angle of the courtyard so as to be
     partly invisible. The man might have effected his entrance there,
     left traces as he passed through the bedroom, and, finally, finding
     the door open have escaped that way."
601,"I understand you to say that there
     are three students who use this stair and are in the habit of passing
     your door?"
602,"Was it not very extraordinary that you should do this on the very
     day when there were these papers inside?"
603,"Oh, I would not venture to say, sir. I dont believe there is any
     gentleman in this University who is capable of profiting by such an
     action. No, sir, Ill not believe it."
604,"Oh, one more word. You have
     not mentioned to any of the three gentlemen whom you attend that
     anything is amiss?"
605,"I should like to have a peep at each of them,"
606,"This set of rooms is
     quite the oldest in the college, and it is not unusual for visitors
     to go over them. Come along, and I will personally conduct you."
607,"Really, Mr. Holmes, I cannot undertake to say. He is taller than the
     Indian, not so tall as Gilchrist. I suppose five foot six would be
     about it."
608,"Quite a little parlour game--sort of
     three-card trick, is it not? There are your three men. It must be one
     of them. You take your choice. Which is yours?"
609,"Now, Bannister, will
     you please tell us the truth about yesterdays incident?"
610,"I frankly admit
     that I am unable to prove it. But it seems probable enough, since the
     moment that Mr. Soamess back was turned you released the man who was
     hiding in that bedroom."
611,"Now, Mr. Gilchrist, we are all
     quite alone here, and no one need ever know one word of what passes
     between us. We can be perfectly frank with each other. We want to
     know, Mr. Gilchrist, how you, an honourable man, ever came to commit
     such an action as that of yesterday?"
612,"No, no, Mr. Gilchrist, sir; I never said a word--never one word!"
613,"Now, sir, you must see that
     after Bannisters words your position is hopeless, and that your only
     chance lies in a frank confession."
614,"it is human to err, and at least
     no one can accuse you of being a callous criminal. Perhaps it would
     be easier for you if I were to tell Mr. Soames what occurred, and you
     can check me where I am wrong. Shall I do so? Well, well, dont
     trouble to answer. Listen, and see that I do you no injustice."
615,"When the light of the hall lamp fell upon our midnight visitor I had
     no difficulty in recognising him. It was young Stanley Hopkins, a
     promising detective, in whose career Holmes had several times shown a
     very practical interest."
616,"Well, let us hear about it. What sort of job did you
     make of it?"
617,"I come now to the body of the young man. It was found near the
     bureau, and just to the left of it, as marked upon that chart. The
     stab was on the right side of the neck and from behind forwards, so
     that it is almost impossible that it could have been self-inflicted."
618,"Exactly. The idea crossed my mind. But we found the knife some feet
     away from the body, so that seems impossible. Then, of course, there
     are the mans own dying words. And, finally, there was this very
     important piece of evidence which was found clasped in the dead mans
     right hand."
619,"I can follow each of your arguments. I confess,
     however, that I am unable to understand how you arrive at the double
     visit to the optician."
620,"that the clips are lined with tiny
     bands of cork to soften the pressure upon the nose. One of these is
     discoloured and worn to some slight extent, but the other is new.
     Evidently one has fallen off and been replaced. I should judge that
     the older of them has not been there more than a few months. They
     exactly correspond, so I gather that the lady went back to the same
     establishment for the second."
621,"This side, sir. This narrow margin of grass between the path and the
     flower-bed. I cant see the traces now, but they were clear to me
     then."
622,"Our lady must have picked her steps carefully, must
     she not, since on the one side she would leave a track on the path,
     and on the other an even clearer one on the soft bed?"
623,"That is my
     magnum opus--the pile of papers on the side table yonder. It is my
     analysis of the documents found in the Coptic monasteries of Syria
     and Egypt, a work which will cut deep at the very foundations of
     revealed religion. With my enfeebled health I do not know whether I
     shall ever be able to complete it now that my assistant has been
     taken from me. Dear me, Mr. Holmes; why, you are even a quicker
     smoker than I am myself."
624,"Well, well, you may see for yourself. If not, theres no harm done.
     Of course, we always have the optician clue to fall back upon, but I
     take a short cut when I can get it. Ah, here is the good Mrs. Marker!
     Let us enjoy five minutes of instructive conversation with her."
625,"Yes, Mr. Holmes, it is as you say, sir. He does smoke something
     terrible. All day and sometimes all night, sir. Ive seen that room
     of a morning--well, sir, youd have thought it was a London fog. Poor
     young Mr. Smith, he was a smoker also, but not as bad as the
     Professor. His health--well, I dont know that its better nor worse
     for the smoking."
626,"The old man sat with his mouth open staring wildly at Holmes.
     Amazement and fear were stamped upon his expressive features. Now,
     with an effort, he shrugged his shoulders and burst into insincere
     laughter."
627,"Young Overtons face assumed the bothered look of the man who is more
     accustomed to using his muscles than his wits; but by degrees, with
     many repetitions and obscurities which I may omit from his narrative,
     he laid his strange story before us."
628,"Then they had hurried off in the manner described. It was
     just half-past ten by the hall clock."
629,"He tore off a strip of the blotting-paper and turned towards us the
     following hieroglyphic:

     [ Picture: Several unreadable scrawls on paper ]

     Cyril Overton was much excited."
630,"Even in his chastened frame of mind the noble miser could give us no
     information which could help us, for he knew little of the private
     life of his nephew. Our only clue lay in the truncated telegram, and
     with a copy of this in his hand Holmes set forth to find a second
     link for his chain. We had shaken off Lord Mount-James, and Overton
     had gone to consult with the other members of his team over the
     misfortune which had befallen them.

     There was a telegraph-office at a short distance from the hotel. We
     halted outside it."
631,"Personally I am in agreement with Dr. Armstrong, and
     football does not come within my horizon. Early to bed to-night,
     Watson, for I foresee that to-morrow may be an eventful day."
632,"A threadbare and venerable device, but useful upon occasion. I
     walked into the doctors yard this morning and shot my syringe full
     of aniseed over the hind wheel. A draghound will follow aniseed from
     here to John o Groats, and our friend Armstrong would have to drive
     through the Cam before he would shake Pompey off his trail. Oh, the
     cunning rascal! This is how he gave me the slip the other night."
633,"No wonder that my inquiries among those villages led to nothing. The
     doctor has certainly played the game for all it is worth, and one
     would like to know the reason for such elaborate deception. This
     should be the village of Trumpington to the right of us. And, by
     Jove! here is the brougham coming round the corner. Quick, Watson,
     quick, or we are done!"
634,"That settles it.
     We are bound to see what it means before he comes."
635,"I will not cause you
     any unnecessary trouble, Lady Brackenstall, and my whole desire is to
     make things easy for you, for I am convinced that you are a
     much-tried woman. If you will treat me as a friend and trust me you
     may find that I will justify your trust."
636,"Ah, thats the question, of course. But I commend the idea to your
     mind. You might possibly find that there was something in it. You
     wont stop for dinner? Well, good-bye, and let us know how you get
     on."
637,"I got your telegram, and I came at the hour you said. I heard that
     you had been down to the office. There was no getting away from you.
     Lets hear the worst. What are you going to do with me? Arrest me?
     Speak out, man! You cant sit there and play with me like a cat with
     a mouse."
638,"Bite on that, Captain Croker, and
     dont let your nerves run away with you. I should not sit here
     smoking with you if I thought that you were a common criminal, you
     may be sure of that. Be frank with me, and we may do some good. Play
     tricks with me, and Ill crush you."
639,"Mr. Holmes, the envelope is a long, thin one of pale blue colour.
     There is a seal of red wax stamped with a crouching lion. It is
     addressed in large, bold handwriting to--"
640,"that, interesting and indeed essential
     as these details are, my inquiries must go more to the root of
     things. What was the letter?"
641,"It was just growing dusk at the time. They were lighting the lamps
     as I came back with the brandy."
642,"Come, Watson, I think that we have more
     important work elsewhere."
643,"this is surely most unfair and ungenerous upon your
     part. I desired, as I have explained, to keep my visit to you a
     secret, lest my husband should think that I was intruding into his
     affairs. And yet you compromise me by coming here and so showing that
     there are business relations between us."
644,"He will be home, sir, at a quarter to one."
645,"we have still ten minutes.
     I am going far to screen you, Lady Hilda. In return you will spend
     the time in telling me frankly the real meaning of this extraordinary
     affair."
646,"Oh, Mr.
     Holmes, I would cut off my right hand before I gave him a moment of
     sorrow! There is no woman in all London who loves her husband as I
     do, and yet if he knew how I have acted--how I have been compelled to
     act--he would never forgive me. For his own honour stands so high
     that he could not forget or pardon a lapse in another. Help me, Mr.
     Holmes! My happiness, his happiness, our very lives are at stake!"
647,"I have inquired at
     every point where it might be, and I am sure that there is no danger
     to be apprehended."
648,"There is more in this than meets the eye. How
     came the letter back in the box?"
649,"I was about to say, as he is unknown to the public."
650,"Dear me, this is very disappointing! I fear, Watson, that all our
     expectations come to nothing. I trust that the man Porlock will come
     to no harm."
651,"I will go no further in this matter. It is too dangerous--he
     suspects me. I can see that he suspects me. He came to me quite
     unexpectedly after I had actually addressed this envelope with the
     intention of sending you the key to the cipher. I was able to cover
     it up. If he had seen it, it would have gone hard with me. But I read
     suspicion in his eyes. Please burn the cipher message, which can now
     be of no use to you."
652,"Official requisition for your services is in separate envelope. This
     is for your private eye. Wire me what train in the morning you can
     get for Birlstone, and I will meet it--or have it met if I am too
     occupied. This case is a snorter. Dont waste a moment in getting
     started. If you can bring Mr. Holmes, please do so; for he will find
     something after his own heart. We would think the whole thing had
     been fixed up for theatrical effect if there wasnt a dead man in the
     middle of it. My word! it is a snorter."
653,"No, sir, White Mason is a very live man, if I am any judge."
654,"most remarkable!
     I can hardly recall any case where the features have been more
     peculiar."
655,"Were well up with the times in Sussex. Ive told you now
     how matters were, up to the time when I took over from Sergeant
     Wilson between three and four this morning. My word! I made the old
     mare go! But I need not have been in such a hurry, as it turned out;
     for there was nothing immediate that I could do. Sergeant Wilson had
     all the facts. I checked them and considered them and maybe added a
     few of my own."
656,"Well, I first had the hammer examined. There was Dr. Wood there to
     help me. We found no signs of violence upon it. I was hoping that if
     Mr. Douglas defended himself with the hammer, he might have left his
     mark upon the murderer before he dropped it on the mat. But there was
     no stain."
657,"A big P with a flourish above it, E and N smaller?"
658,"Im asking you to conseedar what it involves if you
     suppose that this gun was ever brought into the house, and that all
     these strange things were done by a person from outside. Oh, man,
     its just inconceivable! Its clean against common sense! I put it to
     you, Mr. Holmes, judging it by what we have heard."
659,"I
     go into a case to help the ends of justice and the work of the
     police. If I have ever separated myself from the official force, it
     is because they have first separated themselves from me. I have no
     wish ever to score at their expense. At the same time, Mr. White
     Mason, I claim the right to work in my own way and give my results at
     my own time--complete rather than in stages."
660,"There is
     nothing there, no sign that anyone has landed--but why should he
     leave any sign?"
661,"Well, then, everyone is agreed that after the alarm was given only a
     minute at the most had passed before the whole household--not Mr.
     Cecil Barker alone, though he claims to have been the first, but Ames
     and all of them were on the spot. Do you tell me that in that time
     the guilty person managed to make footmarks in the corner, open the
     window, mark the sill with blood, take the wedding ring off the dead
     mans finger, and all the rest of it? Its impossible!"
662,"Exactly. The candle, which was a new one, is not burned more than
     half an inch. He must have placed it on the table before he was
     attacked; otherwise, of course, it would have fallen when he fell.
     This shows that he was not attacked the instant that he entered the
     room. When Mr. Barker arrived the candle was lit and the lamp was
     out."
663,Did you ever know him to cut himself in shaving before?
664,"It may, of course, be a mere coincidence,
     or it may point to some nervousness which would indicate that he had
     reason to apprehend danger. Had you noticed anything unusual in his
     conduct, yesterday, Ames?"
665,"I dont know, Mr. Holmes. There may have been only one. I have not
     noticed them for months."
666,"Then perhaps you would now like to hear the evidence of some of the
     people in the house. We could use the dining-room, Ames. Please come
     yourself first and tell us what you know."
667,"When you
     entered the room there was only a candle lighted on the table, was
     there not?"
668,"The candle
     threw a very bad light. My first thought was to get a better one. The
     lamp was on the table; so I lit it."
669,"He is his own
     master, and would act as his own judgment directed. At the same time,
     he would naturally feel loyalty towards the officials who were
     working on the same case, and he would not conceal from them anything
     which would help them in bringing a criminal to justice. Beyond this
     I can say nothing, and I would refer you to Mr. Holmes himself if you
     wanted fuller information."
670,"They come at me like bullets. If you
     put it that Mrs. Douglas and Barker know the truth about the murder,
     and are conspiring to conceal it, then I can give you a whole-souled
     answer. I am sure they do. But your more deadly proposition is not so
     clear. Let us for a moment consider the difficulties which stand in
     the way."
671,"he said, and not another word would he utter that
     night.





          CHAPTER VII
          The Solution


     Next morning, after breakfast, we found Inspector MacDonald and White
     Mason seated in close consultation in the small parlour of the local
     police sergeant. On the table in front of them were piled a number of
     letters and telegrams, which they were carefully sorting and
     docketing. Three had been placed on one side."
672,"Possess our souls in patience and make as little noise as possible,"
673,"What are we here for at all? I really think that you might treat us
     with more frankness."
674,"I have no more notion than you how long it is to last,"
675,"If criminals would always schedule
     their movements like railway trains, it would certainly be more
     convenient for all of us. As to what it is we--Well, thats what we
     are watching for!"
676,"he remarked,
     pointing to the toes. Then he laid upon the table a long, deadly,
     sheathed knife. Finally he unravelled a bundle of clothing,
     comprising a complete set of underclothes, socks, a gray tweed suit,
     and a short yellow overcoat."
677,"The man stood blinking at us with the dazed look of one who comes
     from the dark into the light. It was a remarkable face, bold gray
     eyes, a strong, short-clipped, grizzled moustache, a square,
     projecting chin, and a humorous mouth. He took a good look at us all,
     and then to my amazement he advanced to me and handed me a bundle of
     paper."
678,"Two months had gone by, and the case had to some extent passed from
     our minds. Then one morning there came an enigmatic note slipped into
     our letter box."
679,"he remarked, and sat long with a clouded brow.

     Late last night Mrs. Hudson, our landlady, brought up a message that
     a gentleman wished to see Holmes, and that the matter was of the
     utmost importance. Close at the heels of his messenger came Cecil
     Barker, our friend of the moated Manor House. His face was drawn and
     haggard."
680,"Jack has been lost overboard in gale off St. Helena. No one knows
     how accident occurred."
681,"that Dr. Mortimer is a successful, elderly medical man,
     well-esteemed since those who know him give him this mark of their
     appreciation."
682,"I think also that the probability is in favour of his being a
     country practitioner who does a great deal of his visiting on foot."
683,"Because this stick, though originally a very handsome one has been
     so knocked about that I can hardly imagine a town practitioner
     carrying it. The thick-iron ferrule is worn down, so it is evident
     that he has done a great amount of walking with it."
684,"And then again, there is the friends of the C.C.H. I should guess
     that to be the Something Hunt, the local hunt to whose members he has
     possibly given some surgical assistance, and which has made him a
     small presentation in return."
685,"I am bound to say that in all the
     accounts which you have been so good as to give of my own small
     achievements you have habitually underrated your own abilities. It
     may be that you are not yourself luminous, but you are a conductor of
     light. Some people without possessing genius have a remarkable power
     of stimulating it. I confess, my dear fellow, that I am very much in
     your debt."
686,"Mortimer, James, M.R.C.S., 1882, Grimpen, Dartmoor, Devon.
     House-surgeon, from 1882 to 1884, at Charing Cross Hospital. Winner
     of the Jackson prize for Comparative Pathology, with essay entitled
     Is Disease a Reversion? Corresponding member of the Swedish
     Pathological Society. Author of Some Freaks of Atavism (Lancet
     1882). Do We Progress? (Journal of Psychology, March, 1883).
     Medical Officer for the parishes of Grimpen, Thorsley, and High
     Barrow."
687,"but a country doctor, as you very astutely
     observed. I think that I am fairly justified in my inferences. As to
     the adjectives, I said, if I remember right, amiable, unambitious,
     and absent-minded. It is my experience that it is only an amiable man
     in this world who receives testimonials, only an unambitious one who
     abandons a London career for the country, and only an absent-minded
     one who leaves his stick and not his visiting-card after waiting an
     hour in your room."
688,"I was not sure whether I had left it here or in the
     Shipping Office. I would not lose that stick for the world."
689,From one or two friends there on the occasion of my marriage.
690,"Yes, sir. I married, and so left the hospital, and with it all hopes
     of a consulting practice. It was necessary to make a home of my own."
691,"Come, come, we are not so far wrong, after all,"
692,"Indeed, sir! May I inquire who has the honour to be the first?"
693,"To the man of precisely scientific mind the work of Monsieur
     Bertillon must always appeal strongly."
694,"I said, sir, to the precisely scientific mind. But as a practical
     man of affairs it is acknowledged that you stand alone. I trust, sir,
     that I have not inadvertently--"
695,"I think, Dr. Mortimer, you would do
     wisely if without more ado you would kindly tell me plainly what the
     exact nature of the problem is in which you demand my assistance."
696,Who knew that you were going to the Northumberland Hotel?
697,No one could have known. We only decided after I met Dr. Mortimer.
698,"You shall share our knowledge before you leave this room, Sir Henry.
     I promise you that,"
699,"We will confine ourselves
     for the present with your permission to this very interesting
     document, which must have been put together and posted yesterday
     evening. Have you yesterdays Times, Watson?"
700,"You can see that it was a very
     short-bladed scissors, since the cutter had to take two snips over
     keep away."
701,"That is so. Someone, then, cut out the message with a pair of
     short-bladed scissors, pasted it with paste--"
702,"With gum on to the paper. But I want to know why the word moor
     should have been written?"
703,"It is a blank half-sheet of
     paper, without even a water-mark upon it. I think we have drawn as
     much as we can from this curious letter; and now, Sir Henry, has
     anything else of interest happened to you since you have been in
     London?"
704,"Well, he asked me for anything outside the ordinary routine."
705,"however foolish the incident may seem. You
     have lost one of your boots, you say?"
706,"I did a good deal of shopping. Dr. Mortimer here went round with me.
     You see, if I am to be squire down there I must dress the part, and
     it may be that I have got a little careless in my ways out West.
     Among other things I bought these brown boots--gave six dollars for
     them--and had one stolen before ever I had them on my feet."
707,"I confess that I share Dr. Mortimers belief that it will not be
     long before the missing boot is found."
708,"it seems to
     me that I have spoken quite enough about the little that I know. It
     is time that you kept your promise and gave me a full account of what
     we are all driving at."
709,"Dr.
     Mortimer, I think you could not do better than to tell your story as
     you told it to us."
710,"It seems to show that someone knows more than we do about what goes
     on upon the moor,"
711,"that someone is not ill-disposed towards
     you, since they warn you of danger."
712,"The shadow
     has departed and will not return. We must see what further cards we
     have in our hands and play them with decision. Could you swear to
     that mans face within the cab?"
713,"Thank you! Now,
     Cartwright, there are the names of twenty-three hotels here, all in
     the immediate neighbourhood of Charing Cross. Do you see?"
714,He asked me to show you up at once when you came.
715,Have you any objection to my looking at your register?
716,"Surely that must be the same Johnson whom I used to know,"
717,"A lawyer, is he not, gray-headed, and walks
     with a limp?"
718,"I just dont attempt to explain it. It seems the very maddest,
     queerest thing that ever happened to me."
719,"Well, I dont profess to understand it yet. This case of yours is
     very complex, Sir Henry. When taken in conjunction with your uncles
     death I am not sure that of all the five hundred cases of capital
     importance which I have handled there is one which cuts so deep. But
     we hold several threads in our hands, and the odds are that one or
     other of them guides us to the truth. We may waste time in following
     the wrong one, but sooner or later we must come upon the right."
720,"I think that your decision is a wise
     one. I have ample evidence that you are being dogged in London, and
     amid the millions of this great city it is difficult to discover who
     these people are or what their object can be. If their intentions are
     evil they might do you a mischief, and we should be powerless to
     prevent it. You did not know, Dr. Mortimer, that you were followed
     this morning from my house?"
721,"I do not know how I could
     employ my time better."
722,"When a
     crisis comes, as it will do, I will direct how you shall act. I
     suppose that by Saturday all might be ready?"
723,"Ive driven my cab this seven
     years and never a word of complaint. I came here straight from the
     Yard to ask you to your face what you had against me."
724,"I have nothing in the world against you, my good man,"
725,"On the contrary, I have half a sovereign for you if you will give me
     a clear answer to my questions."
726,"Oh, he mentioned his
     name, did he? That was imprudent. What was the name that he
     mentioned?"
727,"He hailed me at half-past nine in Trafalgar Square. He said that he
     was a detective, and he offered me two guineas if I would do exactly
     what he wanted all day and ask no questions. I was glad enough to
     agree. First we drove down to the Northumberland Hotel and waited
     there until two gentlemen came out and took a cab from the rank. We
     followed their cab until it pulled up somewhere near here."
728,"Well, I couldnt be sure of that, but I dare say my fare knew all
     about it. We pulled up half-way down the street and waited an hour
     and a half. Then the two gentlemen passed us, walking, and we
     followed down Baker Street and along--"
729,"Until we got three-quarters down Regent Street. Then my gentleman
     threw up the trap, and he cried that I should drive right away to
     Waterloo Station as hard as I could go. I whipped up the mare and we
     were there under the ten minutes. Then he paid up his two guineas,
     like a good one, and away he went into the station. Only just as he
     was leaving he turned round and he said: It might interest you to
     know that you have been driving Mr. Sherlock Holmes. Thats how I
     come to know the name."
730,"I beg, Sir Henry, that you will not go about
     alone. Some great misfortune will befall you if you do. Did you get
     your other boot?"
731,Sir Henry put his hand upon my shoulder with a pleasant smile.
732,"CHAPTER XII
          Death on the Moor


     For a moment or two I sat breathless, hardly able to believe my ears.
     Then my senses and my voice came back to me, while a crushing weight
     of responsibility seemed in an instant to be lifted from my soul.
     That cold, incisive, ironical voice could belong to but one man in
     all the world."
733,"I stooped under the rude lintel, and there he sat upon a stone
     outside, his gray eyes dancing with amusement as they fell upon my
     astonished features. He was thin and worn, but clear and alert, his
     keen face bronzed by the sun and roughened by the wind. In his tweed
     suit and cloth cap he looked like any other tourist upon the moor,
     and he had contrived, with that cat-like love of personal cleanliness
     which was one of his characteristics, that his chin should be as
     smooth and his linen as perfect as if he were in Baker Street."
734,"The last red streaks had faded away in the west and night had settled
     upon the moor. A few faint stars were gleaming in a violet sky."
735,"Again the agonized cry swept through the silent night, louder and
     much nearer than ever. And a new sound mingled with it, a deep,
     muttered rumble, musical and yet menacing, rising and falling like
     the low, constant murmur of the sea."
736,"He had started running swiftly over the moor, and I had followed at
     his heels. But now from somewhere among the broken ground immediately
     in front of us there came one last despairing yell, and then a dull,
     heavy thud. We halted and listened. Not another sound broke the heavy
     silence of the windless night.

     I saw Holmes put his hand to his forehead like a man distracted. He
     stamped his feet upon the ground."
737,"And so it was arranged. Resisting Stapletons offer of hospitality,
     Holmes and I set off to Baskerville Hall, leaving the naturalist to
     return alone. Looking back we saw the figure moving slowly away over
     the broad moor, and behind him that one black smudge on the silvered
     slope which showed where the man was lying who had come so horribly
     to his end.





          CHAPTER XIII
          Fixing the Nets"
738,I gazed with interest and some surprise upon the portrait.
739,"The fierce
     flash of her eyes said more than any words."
740,"She glanced at them, and then looked up at us with the set, rigid
     face of a desperate woman."
741,"The London express came roaring into the station, and a small, wiry
     bulldog of a man had sprung from a first-class carriage. We all three
     shook hands, and I saw at once from the reverential way in which
     Lestrade gazed at my companion that he had learned a good deal since
     the days when they had first worked together. I could well remember
     the scorn which the theories of the reasoner used then to excite in
     the practical man."
742,"So as the fog-bank flowed onward we fell back before it until we were
     half a mile from the house, and still that dense white sea, with the
     moon silvering its upper edge, swept slowly and inexorably on."
743,"A sound of quick steps broke the silence of the moor. Crouching among
     the stones we stared intently at the silver-tipped bank in front of
     us. The steps grew louder, and through the fog, as through a curtain,
     there stepped the man whom we were awaiting. He looked round him in
     surprise as he emerged into the clear, starlit night. Then he came
     swiftly along the path, passed close to where we lay, and went on up
     the long slope behind us. As he walked he glanced continually over
     either shoulder, like a man who is ill at ease."
744,"In mere size and strength it was a terrible creature which was lying
     stretched before us. It was not a pure bloodhound and it was not a
     pure mastiff; but it appeared to be a combination of the two--gaunt,
     savage, and as large as a small lioness. Even now, in the stillness
     of death, the huge jaws seemed to be dripping with a bluish flame and
     the small, deep-set, cruel eyes were ringed with fire. I placed my
     hand upon the glowing muzzle, and as I held them up my own fingers
     smouldered and gleamed in the darkness."
745,"He tried to stagger to his feet; but he was still ghastly pale and
     trembling in every limb. We helped him to a rock, where he sat
     shivering with his face buried in his hands."
746,"Here, Lestrade, your brandy-bottle! Put
     her in the chair! She has fainted from ill-usage and exhaustion."
747,"Tell us then where
     we shall find him. If you have ever aided him in evil, help us now
     and so atone."
748,"No one could find his way into the Grimpen Mire
     to-night."
749,"He has considerable gifts himself. He possesses two out of
     the three qualities necessary for the ideal detective. He has the
     power of observation and that of deduction. He is only wanting in
     knowledge; and that may come in time. He is now translating my small
     works into French."
750,"I could not have believed
     that you would have descended to this. You have made inquires into
     the history of my unhappy brother, and you now pretend to deduce this
     knowledge in some fanciful way. You cannot expect me to believe that
     you have read all this from his old watch! It is unkind, and, to
     speak plainly, has a touch of charlatanism in it."
751,"because you once enabled
     my employer, Mrs. Cecil Forrester, to unravel a little domestic
     complication. She was much impressed by your kindness and skill."
752,"He disappeared upon the 3d of December, 1878,--nearly ten years
     ago."
753,"Only one that we know of,--Major Sholto, of his own regiment, the
     34th Bombay Infantry. The major had retired some little time before,
     and lived at Upper Norwood. We communicated with him, of course, but
     he did not even know that his brother officer was in England."
754,"Yes, and no later than to-day. That is why I have come to you.  This
     morning I received this letter, which you will perhaps read for
     yourself."
755,"The envelope too, please. Postmark,
     London, S.W. Date, July 7. Hum! Mans thumb-mark on corner,--probably
     postman. Best quality paper. Envelopes at sixpence a packet.
     Particular man in his stationery. No address. Be at the third pillar
     from the left outside the Lyceum Theatre to-night at seven oclock.
     If you are distrustful, bring two friends. You are a wronged woman,
     and shall have justice. Do not bring police. If you do, all will be
     in vain. Your unknown friend. Well, really, this is a very pretty
     little mystery.  What do you intend to do, Miss Morstan?"
756,"I have led a retired life,
     and have no friends whom I could appeal to. If I am here at six it
     will do, I suppose?"
757,"There is one other point,
     however. Is this handwriting the same as that upon the pearl-box
     addresses?"
758,"A man of business habits
     and some force of character."
759,"They
     hardly rise above the common herd. That d might be an a, and that l
     an e. Men of character always differentiate their long letters,
     however illegibly they may write. There is vacillation in his ks and
     self-esteem in his capitals. I am going out now. I have some few
     references to make. Let me recommend this book,--one of the most
     remarkable ever penned. It is Winwood Reades Martyrdom of Man. I
     shall be back in an hour."
760,"Well, that would be too much to say. I have discovered a suggestive
     fact, that is all. It is, however, very suggestive. The details are
     still to be added. I have just found, on consulting the back files of
     the Times, that Major Sholto, of Upper Norword, late of the 34th
     Bombay Infantry, died upon the 28th of April, 1882."
761,"But our expedition of to-night will
     solve them all. Ah, here is a four-wheeler, and Miss Morstan is
     inside. Are you all ready? Then we had better go down, for it is a
     little past the hour."
762,"Have you your stethoscope?
     Might I ask you--would you have the kindness? I have grave doubts as
     to my mitral valve, if you would be so very good. The aortic I may
     rely upon, but I should value your opinion upon the mitral."
763,"whatever you may choose to say will go
     no further."
764,"He was, indeed, half
     blubbering with fear, and his twitching feeble face peeping out from
     the great Astrakhan collar had the helpless appealing expression of a
     terrified child."
765,"He jerked his arms and stamped his feet in a kind of convulsive
     frenzy."
766,"The little man obeyed in a half-stupefied fashion, and we heard him
     stumbling down the stairs in the dark.





          CHAPTER VI
          Sherlock Holmes Gives a Demonstration"
767,"He held down the lamp to the floor, and as he did so I saw for the
     second time that night a startled, surprised look come over his face.
     For myself, as I followed his gaze my skin was cold under my clothes.
     The floor was covered thickly with the prints of a naked
     foot,--clear, well defined, perfectly formed, but scarce half the
     size of those of an ordinary man."
768,"Heavy steps and the clamor of loud voices were audible from below,
     and the hall door shut with a loud crash."
769,"With great
     activity, considering his bulk, he sprang up the steps and squeezed
     through into the garret, and immediately afterwards we heard his
     exulting voice proclaiming that he had found the trap-door."
770,"cried the poor little man, throwing
     out his hands, and looking from one to the other of us."
771,"asked Athelney Jones, in a sneering voice, but
     impressed none the less, as I could easily see, by the precision of
     the others manner."
772,"I confess that I had my doubts myself when I reflected upon the great
     traffic which had passed along the London road in the interval. My
     fears were soon appeased, however. Toby never hesitated or swerved,
     but waddled on in his peculiar rolling fashion. Clearly, the pungent
     smell of the creasote rose high above all other contending scents."
773,"It tended down towards the river-side, running through Belmont Place
     and Princes Street. At the end of Broad Street it ran right down to
     the waters edge, where there was a small wooden wharf. Toby led us
     to the very edge of this, and there stood whining, looking out on the
     dark current beyond."
774,"Several small punts and skiffs were lying about in the water and on
     the edge of the wharf. We took Toby round to each in turn, but,
     though he sniffed earnestly, he made no sign.

     Close to the rude landing-stage was a small brick house, with a
     wooden placard slung out through the second window."
775,"is never to let them think that their
     information can be of the slightest importance to you. If you do,
     they will instantly shut up like an oyster. If you listen to them
     under protest, as it were, you are very likely to get what you want."
776,"and brought em on sharp. Three
     bob and a tanner for tickets."
777,"If the launch is above water they will find her,"
778,"They can go everywhere, see
     everything, overhear every one. I expect to hear before evening that
     they have spotted her. In the mean while, we can do nothing but await
     results. We cannot pick up the broken trail until we find either the
     Aurora or Mr. Mordecai Smith."
779,"Then I shall run over to Camberwell and call upon Mrs. Cecil
     Forrester. She asked me to, yesterday."
780,"Well, of course Miss Morstan too. They were anxious to hear what
     happened."
781,"Women are never to be
     entirely trusted,--not the best of them."
782,"Yes, and I cannot be sure when he will be back. But perhaps you
     would care to wait. Take that chair and try one of these cigars."
783,"No; but I am acting for him. You can tell me any message you have
     for him."
784,"I think that you might offer me a cigar too,"
785,"It
     is certainly ten to one that they go down-stream, but we cannot be
     certain. From this point we can see the entrance of the yard, and
     they can hardly see us. It will be a clear night and plenty of light.
     We must stay where we are. See how the folk swarm over yonder in the
     gaslight."
786,"Some one calls him a soul concealed in an animal,"
787,"He remarks
     that, while the individual man is an insoluble puzzle, in the
     aggregate he becomes a mathematical certainty. You can, for example,
     never foretell what any one man will do, but you can say with
     precision what an average number will be up to. Individuals vary, but
     percentages remain constant. So says the statistician. But do I see a
     handkerchief? Surely there is a white flutter over yonder."
788,"Heap it on,
     stokers! Make her do all she can! If we burn the boat we must have
     them!"
789,"I dont believe that I can
     swing over the job. I give you my word on the book that I never
     raised hand against Mr. Sholto. It was that little hell-hound Tonga
     who shot one of his cursed darts into him. I had no part in it, sir.
     I was as grieved as if it had been my blood-relation. I welted the
     little devil with the slack end of the rope for it, but it was done,
     and I could not undo it again."
790,"and you had best take a pull out of my
     flask, for you are very wet. How could you expect so small and weak a
     man as this black fellow to overpower Mr. Sholto and hold him while
     you were climbing the rope?"
791,"I think I shall have a pull at that flask, Holmes.  Well, I think we
     may all congratulate each other. Pity we didnt take the other alive;
     but there was no choice. I say, Holmes, you must confess that you cut
     it rather fine. It was all we could do to overhaul her."
792,"But I certainly did not
     know that the Aurora was such a clipper."
793,"We have not heard your story, and we cannot tell how far justice may
     originally have been on your side."
794,"I should like to know how
     many fellows in my shoes would have refused a share of this loot when
     they knew that they would have their throats cut for their pains.
     Besides, it was my life or his when once he was in the fort. If he
     had got out, the whole business would come to light, and I should
     have been court-martialled and shot as likely as not; for people were
     not very lenient at a time like that."
795,"A fitting wind-up
     to an extremely interesting case. There is nothing at all new to me
     in the latter part of your narrative, except that you brought your
     own rope. That I did not know. By the way, I had hoped that Tonga had
     lost all his darts; yet he managed to shoot one at us in the boat."
796,"He had lost them all, sir, except the one which was in his blow-pipe
     at the time."
797,Is there any other point which you would like to ask about?
798,"You are a man to be humored,
     and we all know that you are a connoisseur of crime, but duty is
     duty, and I have gone rather far in doing what you and your friend
     asked me. I shall feel more at ease when we have our story-teller
     here safe under lock and key. The cab still waits, and there are two
     inspectors down-stairs. I am much obliged to you both for your
     assistance. Of course you will be wanted at the trial. Good-night to
     you."
799,"And he stretched his long white hand up for it.









     ----------
     This text is provided to you"
