number,quote
1,"I was thinking of actual bare prosaic facts, things that have happened and that no one has ever explained."
2,"I know just the sort of thing you mean, dear,"
3,For instance Mrs. Carruthers had a very strange experience yesterday morning. She bought two gills of picked shrimps at Elliots. She called at two other shops and when she got home she found she had not got the shrimps with her. She went back to the two shops she had visited but these shrimps had completely disappeared. Now that seems to me very remarkable.
4,"One sees, perhaps, motives that the ordinary person would pass by."
5,that your books are very clever. But do you think that people are really so unpleasant as you make them out to be?
6,keep your beliefs. Heaven forbid that I should in any way shatter them.
7,"I bet I could beat you all at this game. I am not only a woman—and say what you like, women have an intuition that is denied to men—I am an artist as well. I see things that you dont. And then, too, as an artist I have knocked about among all sorts and conditions of people. I know life as darling Miss Marple here cannot possibly know it."
8,"it seems to me we are a pretty representative gathering. How would it be if we formed a Club? What is today? Tuesday? We will call it The Tuesday Night Club. It is to meet every week, and each member in turn has to propound a problem. Some mystery of which they have personal knowledge, and to which, of course, they know the answer. Let me see, how many are we? One, two, three, four, five. We ought really to be six."
9,"especially with so many clever gentlemen present. I am afraid I am not clever myself, but living all these years in St. Mary Mead does give one an insight into human nature."
10,"As I say, the facts as such were very simple. Death was considered to be due to ptomaine poisoning, a certificate was given to that effect, and the victim was duly buried. But things did not rest at that."
11,What has dead and gone Hargraves got to do with the case?
12,"The facts are so very alike, arent they? I suppose the poor girl has confessed now and that is how you know, Sir Henry."
13,"The companion was banting, you remember. You never eat anything like trifle if you are banting; and I expect Jones just scraped the hundreds and thousands off his share and left them at the side of his plate. It was a clever idea, but a very wicked one."
14,"Well, Aunt Jane, this is one up to you. I cant think how on earth you managed to hit upon the truth. I should never have thought of the little maid in the kitchen being connected with the case."
15,"but you dont know as much of life as I do. A man of that Joness type—coarse and jovial. As soon as I heard there was a pretty young girl in the house I felt sure that he would not have left her alone. It is all very distressing and painful, and not a very nice thing to talk about. I cant tell you the shock it was to Mrs. Hargraves, and a nine days wonder in the village."
16,Since then I have never laughed at the people who use the word atmosphere. There is such a thing. There are certain places imbued and saturated with good or evil influences which can make their power felt.
17,"Old Mr. Smithers lost all his money and had to leave it, then the Carslakes took it and Johnny Carslake fell downstairs and broke his leg and Mrs. Carslake had to go away to the south of France for her health, and now the Burdens have got it and I hear that poor Mr. Burden has got to have an operation almost immediately."
18,"At the moment I am not concerned with theories. It seems to me, excluding the supernatural in which I do not for one moment believe, that that was the only way things could have happened. He stabbed himself, and as he fell his arms flew out, wrenching the dagger from the wound and flinging it far into the zone of the trees. That is, I think, although somewhat unlikely, a possible happening."
19,It all perplexes me very much indeed. But curious things do happen. At Lady Sharpleys garden party last year the man who was arranging the clock golf tripped over one of the numbers—quite unconscious he was—and didnt come round for about five minutes.
20,"That is what I am telling you. Of course there is only one way that poor Sir Richard could have been stabbed, but I do wish I knew what caused him to stumble in the first place. Of course, it might have been a tree root. He would be looking at the girl, of course, and when it is moonlight one does trip over things."
21,"It is very sad and I dont like to think of it. He was a right-handed man, was he not? I mean to stab himself in the left shoulder he must have been. I was always so sorry for poor Jack Baynes in the War. He shot himself in the foot, you remember, after very severe fighting at Arras. He told me about it when I went to see him in hospital, and very ashamed of it he was. I dont expect this poor man, Elliot Haydon, profited much by his wicked crime."
22,"I dont see how anyone else could have done it,"
23,"Well, go on, Aunt Jane; havent you got anything to say?"
24,"I am afraid I have counted wrong. Two purl, three plain, slip one, two purl—yes, thats right. What did you say, dear?"
25,"You wouldnt like my opinion, dear. Young people never do, I notice. It is better to say nothing."
26,"I do think you should be more careful how you choose your friends. You are so credulous, dear, so easily gulled. I suppose it is being a writer and having so much imagination. All that story about a Spanish galleon! If you were older and had more experience of life you would have been on your guard at once. A man you had known only a few weeks, too!"
27,"Oh, I saw that at once, dear, although I know nothing about motors,"
28,"Well, he cant have been a real gardener, can he?"
29,"Of course, it is different for me. I mean, we, being women, appreciate the point about clothes. I dont think it is a fair problem to put to a man. It must have meant a lot of rapid changing. What a wicked woman! And a still more wicked man."
30,"Miss Marple, I mean, I believe—I do really believe you know the truth."
31,"it is much easier for me sitting here quietly than it was for you—and being an artist you are so susceptible to atmosphere, arent you? Sitting here with ones knitting, one just sees the facts. Bloodstains dropped on the pavement from the bathing dress hanging above, and being a red bathing dress, of course, the criminals themselves did not realize it was bloodstained. Poor thing, poor young thing!"
32,"but you do know that I am entirely in the dark still. You and Miss Lemprière seem to know what you are talking about, but we men are still in utter darkness."
33,how do you do it? You have lived such a peaceful life and yet nothing seems to surprise you.
34,"I always find one thing very like another in this world,"
35,"There was Mrs. Green, you know, she buried five children—and every one of them insured. Well, naturally, one began to get suspicious."
36,"No, no, my dear young lady. You need have no fears on that score. The story I am about to tell is a perfectly simple and straightforward one and can be followed by any layman."
37,but surely that has nothing to do with the very interesting story that Mr. Petherick has been telling us.
38,"It is a catch! And so is Mr. Pethericks story a catch. So like a lawyer! Ah, my dear old friend!"
39,I feel sure that Mr. Petherick has some clever legal legerdemain up his sleeve.
40,I know it. Many is the time I have played with it as a child.
41,You think that because I have lived in this out-of-the-way spot all my life I am not likely to have had any very interesting experiences.
42,Not after the horrible revelations we have heard from you! The cosmopolitan world seems a mild and peaceful place compared with St. Mary Mead.
43,"human nature is much the same everywhere, and, of course, one has opportunities of observing it at close quarters in a village."
44,I hope you dont mind me calling you Aunt Jane?
45,"the window of the fishmongers shop. There was only one thing in it, a fresh haddock."
46,"and there is no need to be profane about it. The hand of God is everywhere. The first thing I saw were the black spots—the marks of St. Peters thumb. That is the legend, you know. St. Peters thumb. And that brought things home to me. I needed faith, the ever true faith of St. Peter. I connected the two things together, faith—and fish."
47,"Go on, Aunt Jane, and tell us what was so startlingly clear to you."
48,"It happened just before dinner, didnt it? When you took Joyce out to admire the sunset. It is a very favourite place, that. There by the jasmine hedge. That is where the milkman asked Annie if he could put up the banns."
49,dont spoil all the romance. Joyce and I arent like the milkman and Annie.
50,"Everybody is very much alike, really. But fortunately, perhaps, they dont realize it."
51,One always does. Is Miss Instow a pretty girl? I suppose she plays golf?
52,"Yes. Shes good at all games. And shes nice-looking, attractive-looking, very fair with a healthy skin, and nice steady blue eyes. Of course we always have felt that she and George Pritchard—I mean if things had been different—they are so well suited to one another."
53,"We—well, we expected something of the kind—but its eighteen months now. I dont believe they even see much of each other."
54,"Dont be so—so manly, Arthur. Men are always afraid to say anything. Anyway, this is all between ourselves. Its just a wild fantastic idea of mine that possibly—only possibly—Jean Instow disguised herself as a fortune-teller. Mind you, she may have done it for a joke. I dont for a minute think that she meant any harm; but if she did do it, and if Mrs. Pritchard was foolish enough to die of fright—well, thats what Miss Marple meant, wasnt it?"
55,"You see, if I were going to kill anyone—which, of course, I wouldnt dream of doing for a minute, because it would be very wicked, and besides I dont like killing—not even wasps, though I know it has to be, and Im sure the gardener does it as humanely as possible. Let me see, what was I saying?"
56,"Oh yes. Well, if I did, I shouldnt be at all satisfied to trust to fright. I know one reads of people dying of it, but it seems a very uncertain sort of thing, and the most nervous people are far more brave than one really thinks they are. I should like something definite and certain, and make a thoroughly good plan about it."
57,you frighten me. I hope you will never wish to remove me. Your plans would be too good.
58,"perhaps she wasnt so far wrong. And mind you, a nurse often knows. She cant say—shes got no proof—but she knows."
59,Youre lost in a daydream. Wont you tell us all about it?
60,I was just thinking about our District Nurse. A most difficult problem.
61,"I mean, Mrs. Bantry said they were yellow and pink. If it was a pink primrose that turned blue, of course, that fits in perfectly. But if it happened to be a yellow one—"
62,And the wasp season and everything. And of course the gas.
63,"because Mrs. Pritchard might have recognized her in spite of the disguise—though of course if she had, the nurse could have pretended it was a joke."
64,when you said that if you were a certain person you would not have trusted to fright?
65,"No, I think that the warnings and the blue flowers were, if I may use a military term,"
66,"for—well, for testing. Not a very pleasant subject. We wont dwell on it. I have done a little nursing myself."
67,"Blue turns red with acids, and red turns blue with alkalis. So easy to paste some red litmus over a red flower—near the bed, of course. And then, when the poor lady used her smelling salts, the strong ammonia fumes would turn it blue. Really most ingenious. Of course, the geranium wasnt blue when they first broke into the room—nobody noticed it till afterwards. When nurse changed the bottles, she held the Sal Ammoniac against the wallpaper for a minute, I expect."
68,"is poor Mr. Pritchard and that nice girl, Miss Instow. Probably both suspecting each other and keeping apart—and life so very short."
69,As a matter of fact I have something up my sleeve. A nurse has been arrested on a charge of murdering an elderly patient who had left her a legacy. It was done with cyanide of potassium substituted for smelling salts. Nurse Copling trying the same trick again. Miss Instow and Mr. Pritchard need have no doubts as to the truth.
70,"I dont mean about the new murder, of course. Thats very sad, and shows how much wickedness there is in the world, and that if once you give way—which reminds me I must finish my little conversation with Dr. Lloyd about the village nurse."
71,"We dont get much in the creepy line—and still less in the criminal line—in St. Mary Mead, you know, Miss Helier,"
72,"No. As it happens my friend and I were wrong. Nothing in the least exciting happened to the Spanish beauty. She married a clerk in a shipping office, and by the time I left the island she had had five children and was getting very fat."
73,"The one who went on the stage and had such good legs that they made her principal boy in the pantomime. Everyone said shed come to no good, but she married a commercial traveller and settled down splendidly."
74,"My dear young lady, what could I do? There was no evidence. The majority of the eyewitnesses told the same story as Miss Barton. I had built up my own suspicions out of a fleeting expression which I might possibly have imagined. The only thing I could and did do was to see that the widest inquiries were made for the relations of Amy Durrant. The next time I was in England I even went and saw the landlady of her room, with the results I have told you."
75,"Half the time I was ashamed of myself for thinking so. Who was I to go suspecting this nice, pleasant-mannered English lady of a foul and cold-blooded crime? I did my best to be as cordial as possible to her during the short time she stayed on the island. I helped her with the Spanish authorities. I did everything I could do as an Englishman to help a compatriot in a foreign country; and yet I am convinced that she knew I suspected and disliked her."
76,"I think it was about a fortnight. Miss Durrant was buried there, and it must have been about ten days later when she took a boat back to England. The shock had upset her so much that she felt she couldnt spend the winter there as she had planned. Thats what she said."
77,"Well, I dont know that it affected her appearance at all,"
78,"Do you know—its a curious thing your saying that. Now I come to think back, I believe youre right. She—yes, she did seem, if anything, to be putting on weight."
79,I think her end shows her to have been a very clever and resourceful woman.
80,Oh! Ive been so stupid. May I guess again? Of course it must have been that. Blackmail! The companion woman was blackmailing her. Only I dont see why Miss Marple says it was clever of her to kill herself. I cant see that at all.
81,"You see, Miss Marple knew a case just like it in St. Mary Mead."
82,"I must confess it does remind me, just a little, of old Mrs. Trout. She drew the old age pension, you know, for three old women who were dead, in different parishes."
83,But it doesnt seem to me to throw any light upon our present problem.
84,"It wouldnt—to you. But some of the families were very poor, and the old age pension was a great boon to the children. I know its difficult for anyone outside to understand. But what I really meant was that the whole thing hinged upon one old woman being so like any other old woman."
85,Its the only natural way of thinking of it. Dear Mrs. Bantry began that way just now. Why should the rich employer kill the humble companion? Its so much more likely to be the other way about. I mean—thats the way things happen.
86,"she would have to wear Miss Bartons clothes, and they would probably be a little tight on her, so that her general appearance would look as though she had got a little fatter. Thats why I asked that question. A gentleman would be sure to think it was the lady who had got fatter, and not the clothes that had got smaller—though that isnt quite the right way of putting it."
87,"And during that time I expect she travelled, keeping away from anyone who might know her. Thats what I meant by saying that one lady of a certain age looks so like another. I dont suppose the different photograph on her passport was ever noticed—you know what passports are. And then in March, she went down to this Cornish place and began to act queerly and draw attention to herself so that when people found her clothes on the beach and read her last letter they shouldnt think of the commonsense conclusion."
88,"Thats the thing that would stare you in the face, if there werent such a lot of red herrings to draw you off the trail—including the suggestion of foul play and remorse. No body. That was the real significant fact."
89,do you mean that there wasnt any remorse? That there wasnt—that she didnt drown herself?
90,"Its just Mrs. Trout over again. Mrs. Trout was very good at red herrings, but she met her match in me. And I can see through your remorse-driven Miss Barton. Drown herself? Went off to Australia, if Im any good at guessing."
91,"Undoubtedly you are. Now it again took me quite by surprise. Why, you could have knocked me down with a feather that day in Melbourne."
92,"Its very, very thrilling. I dont quite understand now who drowned which. And how does this Mrs. Trout come into it?"
93,She was only a person—not a very nice person—in the village.
94,"a lot of people are stupid. And stupid people get found out, whatever they do. But there are quite a number of people who arent stupid, and one shudders to think of what they might accomplish unless they had very strongly rooted principles."
95,"But you know, it isnt really guilt that is important—its innocence. Thats the thing that nobody will realize."
96,"but I took the precaution of verifying that there was a Mrs. Greene and a Church Social. One cant be too careful, you know."
97,"Youre lost in a daydream, Miss Marple. What are you thinking out?"
98,I was just wondering why the word Honesty in Dr. Rosens letter was spelt with a capital H.
99,"It seems—oh! I dont know—it seems queer. Why should he have letters from Germany? Although, of course, if hes above suspicion, as you say—"
100,"Then, Sir Henry, if I understand you rightly, it is this young Mr. Templeton only who is so much on your mind?"
101,"And their initial letters spell DEATH, explained Miss Marple.

But the letter came to Dr. Rosen himself,"
102,"That and the warning in it. What would he do, getting a letter from someone he didnt know, full of names he didnt know. Why, of course, toss it over to his secretary."
103,"Not the secretary. Why, thats what makes it so perfectly clear that it wasnt him. Hed never have let that letter be found if so. And equally hed never have destroyed a letter to himself with a German stamp on it. Really, his innocence is—if youll allow me to use the word—just shining."
104,"You know, I shall never quite understand you. Your outlook is always a different one from what I expect."
105,"My outlook, I am afraid, is a very petty one,"
106,"And yet you have solved what may be called an International mystery,"
107,"I see we shall have to have that epic of the shrimps,"
108,"Youre so fond of your joke, Sir Henry. The shrimps are only nonsense; but now I come to think of it, I do remember one incident—at least not exactly an incident, something very much more serious—a tragedy. And I was, in a way, mixed up in it; and for what I did, I have never had any regrets—no, no regrets at all. But it didnt happen in St. Mary Mead."
109,Youll be saying this has nothing to do with what went on at Keston Spa Hydro—but it has in a way. It explains why I felt no doubt in my mind the first moment I saw the Sanders together that he meant to do away with her.
110,"As I say, Sir Henry, I felt no doubt in my own mind. Mr. Sanders was a big, good-looking, florid-faced man, very hearty in his manner and popular with all. And nobody could have been pleasanter to his wife than he was. But I knew! He meant to make away with her."
111,"My dear, these things are very common—very common indeed. And gentlemen are especially tempted, being so much the stronger. So easy if a thing looks like an accident. As I say, I knew at once with the Sanders. It was on a tram. It was full inside and I had had to go on top. We all three got up to get off and Mr. Sanders lost his balance and fell right against his wife, sending her headfirst down the stairs. Fortunately the conductor was a very strong young man and caught her."
112,"Of course it was an accident—nothing could have looked more accidental! But Mr. Sanders had been in the Merchant Service, so he told me, and a man who can keep his balance on a nasty tilting boat doesnt lose it on top of a tram if an old woman like me doesnt. Dont tell me!"
113,"I was sure enough, and another incident in crossing the street not long afterwards made me surer still. Now I ask you, what could I do, Sir Henry? Here was a nice contented happy little married woman shortly going to be murdered."
114,"But the man was too clever for me. He didnt wait. He thought I might suspect, and so he struck before I could be sure. He knew I would suspect an accident. So he made it murder."
115,Thats just what I wondered myself. Though the explanation was quite simple. In it were a pair of embroidered slippers and some pocket handkerchiefs that the poor girl was embroidering for her husband for Christmas. Thats why she locked the cupboard. The key was found in her handbag.
116,Its just the one really interesting thing—the thing that made all the murderers plans go wrong.
117,"I puzzled and puzzled—and then suddenly there it was, all clear. I went to the Inspector and asked him to try something and he did."
118,You mean it was someone pretending to be her? But surely when you touched her—
119,you cant get hold of dead bodies right and left. What did they do with the—the first corpse afterwards?
120,The risks he took. The police might have arrived too soon.
121,"That was a piece of his work. He couldnt afford to have the police on the spot too soon. When they did come, they spent some time in the managers office before going up to the bedroom. That was the weakest point—the chance that someone might notice the difference between a body that had been dead two hours and one that had been dead just over half an hour; but he counted on the fact that the people who first discovered the crime would have no expert knowledge."
122,It was actually committed at seven or a few minutes after. When the police surgeon examined the body it would be about half past seven at the earliest. He couldnt possibly tell.
123,I felt the poor girls hand and it was icy cold. Yet a short time later the Inspector spoke as though the murder must have been committed just before we arrived—and I saw nothing!
124,The case was before my time. I dont even remember hearing of it. What happened?
125,And a good job too. I have never regretted my part in bringing that man to justice. Ive no patience with modern humanitarian scruples about capital punishment.
126,"We were staying, Arthur and I, with Sir Ambrose Bercy at Clodderham Court, and one day, by mistake (though very stupidly, Ive always thought) a lot of foxglove leaves were picked with the sage. The ducks for dinner that night were stuffed with it and everyone was very ill, and one poor girl—Sir Ambroses ward—died of it."
127,"Really, you know, Scheherazade, this is most refreshing. Our ingenuity is challenged. Im not so sure you havent done it on purpose—to stimulate our curiosity. A few brisk rounds of Twenty Questions is indicated, I think. Miss Marple, will you begin?"
128,"She must have been a very stupid woman, or else very inexperienced."
129,"She cried a great deal afterwards and said the leaves had been picked and brought in to her as sage, and how was she to know?"
130,"Probably an elderly woman and, I dare say, a very good cook?"
131,What in my day they used to call having the come hither in your eye.
132,"Mrs. MacArthur sent some special bulbs round to Mrs. Toomie the other day,"
133,"And Mrs. Toomies cook mistook them for onions, and all the Toomies were very ill indeed."
134,"Because, as it happened, she was walking with me on the terrace that morning. We went out there after breakfast. It was unusually nice and warm for early spring. Sylvia went alone down into the garden, but later I saw her walking arm-in-arm with Maud Wye."
135,"When you said that the young people were engaged. You said that that was what made it so sad. But, if you know what I mean, your voice didnt sound right when you said it—not convincing, you know."
136,"I want to know whether, after the tragedy, Jerry Lorimer married Maud Wye?"
137,"Except Mr. Lorimer, I suppose, my dear. He wasnt staying in the house, was he?"
138,"He had a very young housekeeper—young enough to be not only his daughter, but his granddaughter. Not a word to anyone, and his family, a lot of nephews and nieces, full of expectations. And when he died, would you believe it, hed been secretly married to her for two years? Of course Mr. Badger was a chemist, and a very rude, common old man as well, and Sir Ambrose Bercy was a very courtly gentleman, so Mrs. Bantry says, but for all that human nature is much the same everywhere."
139,"Sir Henry has put it all very clearly—very clearly indeed,"
140,"And Dr. Lloyd was so right in what he said. Between them they seem to have made things so very clear. Only I dont think Dr. Lloyd quite realized one aspect of what he said. You see, not being Sir Ambroses medical adviser, he couldnt know just what kind of heart trouble Sir Ambrose had, could he?"
141,Youre assuming—arent you?—that Sir Ambrose had the kind of heart that digitalin would affect adversely? But theres nothing to prove that thats so. It might be just the other way about.
142,"You mean Sir Ambrose poisoned his ward, the charming girl whom he loved?"
143,"Anyway, with the young man. So I said, Of course not. And they brought him and said, This is Miss Helier, and—Oh!"
144,"We were bound to guess, you know. And you havent given us the name of the place or anything that really matters."
145,"Supposing you tell us what it was all about, dear,"
146,"I mean what the young mans mistake was, and about the burglary."
147,"But you must admit that he could have invented the story quite easily. He could write the letter purporting to be from you himself. He could also dope himself after successfully committing the burglary. But I confess I dont see where the point of all that would be. Easier to enter the house, help himself, and disappear quietly—unless just possibly he was observed by someone in the neighbourhood and knew himself to have been observed. Then he might hastily concoct this plan for diverting suspicion from himself and accounting for his presence in the neighbourhood."
148,"I incline to suspicion of the city gentleman. Hed know the sort of telegram to get the lady out of the way, and he could manage the rest easily enough with the help of a new lady friend. Nobody seems to have thought of asking him for an alibi."
149,"Im rather in the position of agreeing with everyones solutions—and yet with none of them. I myself have a far-fetched and probably totally erroneous theory that the wife may have had something to do with it. Sir Hermans wife, I mean. Ive no grounds for thinking so—only you would be surprised if you knew the extraordinary—really very extraordinary things that a wronged wife will take it into her head to do."
150,How clever of you. And I never thought of poor Mrs. Pebmarsh.
151,"And that makes it all perfectly clear to you, Miss Marple?"
152,I suppose it was a break in the monotony. What play were you acting in?
153,"Youre reviving it to go on tour next autumn, arent you?"
154,I must go home. Such late hours! But weve had a very entertaining evening. Most unusually so. I think Miss Heliers story wins the prize. Dont you agree?
155,"The personal element. Oh, yes, the personal element. Jane, my good child, do you realize that theft is theft, and you might have been sent to prison?"
156,"Dolly, do you really think there are many like her?"
157,I was going to do it this autumn—in September. I dont know what to do now.
158,"I saw her talking to Footit, the butcher, as I passed. Henry Footit was run over yesterday—that was his dog. One of those smooth-haired fox terriers, rather stout and quarrelsome, that butchers always seem to have."
159,Because it was you I wanted to see. About this sad affair.
160,"But, my dear lady, I am not the person to come to. I am merely a private individual nowadays. If you have knowledge of the kind you claim, you must go to the police."
161,"Because, you see, I havent got any—what you call knowledge."
162,"You can call it that, if you like, but its not really that at all. I know. Im in a position to know; but if I gave my reasons for knowing to Inspector Drewitt—well, hed simply laugh. And really, I dont know that Id blame him. Its very difficult to understand what you might call specialized knowledge."
163,If I were to tell you that I know because of a man called Pease-good leaving turnips instead of carrots when he came round with a cart and sold vegetables to my niece several years ago—
164,You mean that you are simply judging from the facts in a parallel case.
165,"Its impossible not to know human nature living in a village all these years. The question is, do you believe me, or dont you?"
166,"I do believe you, Miss Marple. But I do not see what you want me to do in the matter, or why you have come to me."
167,"As I said, it would be useless going to the police without any facts. I have no facts. What I would ask you to do is to interest yourself in the matter—Inspector Drewitt would be most flattered, I am sure. And, of course, if the matter went farther, Colonel Melchett, the Chief Constable, I am sure, would be wax in your hands."
168,And what data are you going to give me to work upon?
169,"of writing a name—the name—on a piece of paper and giving it to you. Then if, on investigation, you decided that the—the person—is not involved in any way—well, I shall have been quite wrong."
170,"Rather an extraordinary business, this. Ive never done anything like it before. But Im going to back my judgment—of you, Miss Marple."
171,you must forgive an old friend for taking a liberty. What I have come here for is a consultation.
172,"I think I have. There are four possibilities. Either Mrs. Rhodes was killed by her husband, or by the chambermaid, or she committed suicide, or she was killed by an outsider whom nobody saw enter or leave."
173,"Nobody could come in or go out through my room without my seeing them, and even if anyone did manage to come in through my wifes room without the electrician seeing them, how the devil could they get out again leaving the door locked and bolted on the inside?"
174,"to ask a question. Mr. Rhodes, what did the chambermaid look like?"
175,"Its like this, you see. As Uncle Mathew grew older, he got more and more suspicious. He didnt trust anybody."
176,"Well, you may be right. Anyway, Uncle Mathew thought so. He had a friend who lost his money in a bank, and another friend who was ruined by an absconding solicitor, and he lost some money himself in a fraudulent company. He got so that he used to hold forth at great length that the only safe and sane thing to do was to convert your money into solid bullion and bury it."
177,"Yes. Friends argued with him, pointed out that hed get no interest that way, but he held that that didnt really matter. The bulk of your money, he said, should be kept in a box under the bed or buried in the garden. Those were his words."
178,"Thats the maddening part of it. He didnt. Hed been unconscious for somedays, but he rallied before he died. He looked at us both and chuckled—a faint, weak little chuckle. He said, Youll be all right, my pretty pair of doves. And then he tapped his eye—his right eye—and winked at us. And then—he died. Poor old Uncle Mathew."
179,Does that convey anything to you? It made me think of an Arsene Lupin story where there was something hidden in a mans glass eye. But Uncle Mathew didnt have a glass eye.
180,You come down to Ansteys and see if its simple!
181,"Well, really, my dear, thats very kind of you. Ive always wanted to have the chance of looking for buried treasure. And,"
182,"Please forgive me. So apt, I know, to fly off at a tangent. But one thing does remind one of another. And sometimes that is helpful. All I was trying to say was that perhaps if we tried to sharpen our wits and think of a likely place—"
183,"Oh, no, nothing like that, but I do believe I know what sort of man your Uncle Mathew was. Rather like my own Uncle Henry, I think. Fond of rather obvious jokes. A bachelor, evidently—I wonder why—perhaps an early disappointment? Methodical up to a point, but not very fond of being tied up—so few bachelors are!"
184,"You see, he really kept the money somewhere else—behind some volumes of sermons in the library, as a matter of fact. He said people never took a book of that kind out of the shelf!"
185,"Its been awfully good of you to come down as you have and try to help us. Sorry its been all a washout. Feel we trespassed a lot on your time. However—Ill get the car out, and youll be able to catch the three thirty—"
186,"but weve got to find the money, havent we? You mustnt give up, Mr. Rossiter. If at first you dont succeed, try, try, try again."
187,"I havent begun yet. First catch your hare— as Mrs. Beaton says in her cookery book—a wonderful book but terribly expensive; most of the recipes begin, Take a quart of cream and a dozen eggs. Let me see, where was I? Oh, yes. Well, we have, so to speak, caught our hare—the hare being, of course, your Uncle Mathew, and weve only got to decide now where he would have hidden the money. It ought to be quite simple."
188,your cabinetmaker was a young man. He didnt know everything. People were very artful when they made hiding places in those days. Theres such a thing as a secret inside a secret.
189,"Look here, Charmian, it might be, you know! No reason to put a cooking-recipe in a secret drawer otherwise."
190,I know what it might be—invisible ink! Lets heat it. Turn on the electric fire.
191,"I really think, you know, that youre making it rather too difficult. The recipe is only an indication, so to speak. It is, I think, the letters that are significant."
192,"Charmian! Come here! Shes right. See—the envelopes are old, right enough, but the letters themselves were written much later."
193,Theyre only fake old. I bet anything old Uncle Mat faked them himself—
194,The whole things a sell. There never was a female missionary. It must be a code.
195,"I mean, dear, that youre actually holding the money in your hand this minute."
196,"Nothing. Its only the awful thought that, but for Miss Marple, we might have burned these letters in a decent, gentlemanly way!"
197,"thats just what these old gentlemen who are fond of their jokes never realize. Uncle Henry, I remember, sent a favourite niece a five-pound note for a Christmas present. He put it in a Christmas card, gummed the card together, and wrote on it, Love and best wishes. Afraid this is all I can manage this year."
198,Im going to get a bottle of champagne. Well all drink the health of your Uncle Henry.
199,"Certainly, Edna, come in and shut the door. What is it?"
200,"Oh, yes, maam. Shes always one for a change, Gladdie is. She never seems to get really settled, if you know what I mean. But shes always been the one to give the notice, you see!"
201,"I suppose, maam, there isnt anything you could do about it? Gladdies in ever such a taking."
202,If she didnt take the brooch—which Im sure she didnt—then she has no cause to be upset.
203,I—er—am going up that way this afternoon. Ill have a word with the Misses Skinner.
204,"Now, who has been talking? I suppose the girl has. Quite frankly, Im almost certain she took it. And then got frightened and put it back—but, of course, one cant say anything unless one is sure."
205,"I really feel I owe a great deal to Mary, I am so thankful I had the resolution to get rid of that other girl. Mary is really invaluable. Cooks nicely and waits beautifully and keeps our little flat scrupulously clean—mattresses turned over every day. And she is really wonderful with Emily!"
206,"Oh, poor dear, she has been very much under the weather lately. She cant help it, of course, but it really makes things a little difficult sometimes. Wanting certain things cooked and then, when they come, saying she cant eat now—and then wanting them again half an hour later and everything spoiled and having to be done again. It makes, of course, a lot of work—but fortunately Mary does not seem to mind at all. Shes used to waiting on invalids, she says, and understands them. It is such a comfort."
207,"Yes, indeed. I really feel Mary has been sent to us as an answer to prayer."
208,"almost too good to be true. I should—well, I should be a little careful if I were you."
209,Oh! I assure you I do all I can to make her comfortable. I dont know what I should do if she left.
210,"I dont expect shell leave until shes ready to leave,"
211,"If one has no domestic worries, it takes such a load off ones mind, doesnt it? How is your little Edna shaping?"
212,"Good afternoon, Miss Marple, what can I do for you?"
213,"I hope I shall be able to put what I say properly. So difficult, you know, to explain oneself, dont you think? No, perhaps you dont. But you see, not having been educated in the modern style—just a governess, you know, who taught one the dates of the kings of England and general knowledge—Doctor Brewer—three kinds of diseases of wheat—blight, mildew—now what was the third—was it smut?"
214,May I ask you a question? Are fingerprints of no use to you?
215,The maids prints are on it. I think they should be satisfactory—she touched an extremely sticky substance a moment previously.
216,Just the thing for you. The kind of puzzle that is right up your street.
217,"Tried to make a regular story of it. He said, she said, the girl thought, etc. Facts of the story are true."
218,Because the interpretation is up to you. I want to see if youre as clever as you always make out.
219,"Oh, my dear lady, do I have to tell you that?"
220,"that its the curious conduct of the caretaker. Why did she behave in that very odd way? People do mind being turned out of their old homes. But it wasnt her home. In fact, she used to complain and grumble while she was there. Yes, it certainly looks very fishy. What became of her, by the way?"
221,Did a bunk to Liverpool. The accident scared her. Thought shed wait there for her boat.
222,"Yes, I think the Problem of the Caretakers Conduct can be solved easily enough. Bribery, was it not?"
223,"If you dont mind, maam, Ive a few questions to ask you."
224,"May I ask, madam, how you got to know of it?"
225,"Statement was made to me by Mr. Arthur Spenlow, husband of the deceased. Mr. Spenlow says that at two thirty, as far as he can say, he was rung up by Miss Marple, and asked if he would come over at a quarter past three as she was anxious to consult him about something. Now, maam, is that true?"
226,You did not ring up Mr. Spenlow at two thirty?
227,"Mr. Spenlows statement was that he came over here as requested, leaving his own house at ten minutes past three; that on arrival here he was informed by the maidservant that Miss Marple was not at ome."
228,"He did come here, but I was at a meeting at the Womens Institute."
229,"Its not for me to say at this stage, but it looks to me as though somebody, naming no names, has been trying to be artful."
230,"I have always intended, ever since I was a small boy, to live in the country someday and have a garden of my own. I have always been very much attached to flowers. My wife, you know, kept a flower shop. Thats where I saw her first."
231,"Dont think theres anything in that. She didnt even know Spenlow at the time. I remember the case. Opinion in police circles was that a son of the house was mixed up in it—Jim Abercrombie—awful young waster. Had a pile of debts, and just after the robbery they were all paid off—some rich woman, so they said, but I dont know—Old Abercrombie hedged a bit about the case—tried to call the police off."
232,It might give us another motive for the husband. Jealousy.
233,"I think, you know, that Constable Palk could help you. He was the first person on the—on the scene of the crime, as they say."
234,"I may, of course, be imagining what occurred. My hearing is not as good as it was. But I distinctly think I heard a small boy call after me, Yah, whos a Crippen? It—it conveyed the impression to me that he was of the opinion that I had—had killed my dear wife."
235,"That was the impression he meant to convey, no doubt."
236,"My dear lady, many years ago I read of a certain Chinese philosopher who, when his dearly loved wife was taken from him, continued calmly to beat a gong in the street—a customary Chinese pastime, I presume—exactly as usual. The people of the city were much impressed by his fortitude."
237,the people of St. Mary Mead react rather differently. Chinese philosophy does not appeal to them.
238,"I have a very nice catalogue here, with pictures. Perhaps you would like to look through it—I have to go up to the village."
239,Yes. From the post office at two thirty—just when the bus comes and the post office would be empty.
240,Will there be murder or wont there? What do you think?
241,"that you shouldnt joke about these things as much as you do, Raymond. Arsenic is, of course, quite a possibility. So easy to obtain. Probably present in the toolshed already in the form of weed killer."
242,what the old lady meant by that remark about a policeman?
243,and was very good at doing the acrostics in the Sunday papers. And he liked giving people false impressions just for fun. But sometimes it led to trouble.
244,Miss Greenshaw told Mrs. Cresswell she was going to leave her everything and so got out of paying her wages; and then she left her money to somebody else. No doubt she was vastly pleased with herself. No wonder she chortled when she put the will away in Lady Audleys Secret.
245,"I should imagine, though perhaps I am wrong, that there may have been—what we might call family reasons."
246,"that she thought Alfred Pollock might have a pride in the house, might even want to live in it, whereas her nephew would almost certainly have no use for it whatever and would sell it as soon as he could possibly do so. Hes an actor, isnt he? What play exactly is he acting in at present?"
247,"I believe, madam, they are doing a season of James Barries plays."
248,"but the wife went along and saw it last week. Quite well done, she said it was."
249,"though I must say that when I went with an old friend of mine, General Easterly, to see Barries Little Mary—"
250,"The inspectors baffled, the sergeants baffled, Im baffled, Joans baffled, Lou is baffled. But to you, Aunt Jane, it is crystal clear. Am I right?"
251,"not crystal clear, and murder, dear Raymond, isnt a game. I dont suppose poor Miss Greenshaw wanted to die, and it was a particularly brutal murder. Very well planned and quite cold-blooded. Its not a thing to make jokes about!"
252,"Im not really as callous as I sound. One treats a thing lightly to take away from the—well, the horror of it."
253,"All these wars, and having to joke about funerals. Yes, perhaps I was thoughtless when I said you were callous."
254,"You, dear Joan, did not know her at all. I did not know her at all. Raymond gathered an impression of her from one afternoons conversation. Lou knew her for two days."
255,"One so often looks at a thing the wrong way round,"
256,"If we cant alter the movements or the position of those three people, then couldnt we perhaps alter the time of the murder?"
257,You mean that both my watch and the clock were wrong?
258,I didnt mean that at all. I mean that the murder didnt occur when you thought it occurred.
259,"is that you didnt really know Miss Greenshaw. Theres no real reason, is there, why the Miss Greenshaw you saw when you went up to the house should be the same Miss Greenshaw that Raymond saw a few days earlier? Oh, yes, I know,"
260,"At twelve twenty-nine we received a telephone call from Mrs. Cresswell, housekeeper to Miss Greenshaw, stating that her mistress had been shot. Sergeant Cayley and myself went out there at once in a car and arrived at the house at twelve thirty-five. We found Miss Greenshaw dead and the two ladies locked in their rooms."
261,The police constable you saw wasnt a real police constable. You never thought of him again—one doesnt—one just accepts one more uniform as part of the law.
262,"Julians got the intellect, but on the other hand, Ive got the sense."
263,"You see, I dont really know what I ought to do. I cant ask Julian because—well, I mean, Julians so full of rectitude. . . ."
264,"I know what you mean, dear. We women—well, its different."
265,"Im quite sure she wasnt his sister. They were horrid—both of them. They came to the vicarage to get his things and to find out if hed said anything before he died. When I said he hadnt I saw it in their faces—relief. I think myself,"
266,because he would have said that I ought to have given it to the Eccleses. But I thought Id rather bring it to you instead.
267,"He had a return ticket to Paddington in his pocket,"
268,"But it would be advisable, I think, to be careful. Would you have noticed at all, Bunch dear, whether you were followed when you came to London today?"
269,"When anything is possible, I think we ought to take precautions."
270,"Ernie always says to me, Everything whats good you learned from that Miss Marple of yours that you were in service with, and Im sure Im always glad to oblige you, miss."
271,"By the way, is there still that nice young inspector at Melchester that I remember?"
272,I can always ring up the Chief Constable. I think he would remember me.
273,"He was shot. It was Eccless revolver, but I rather fancy it was Moss who did the shooting. Now, Mrs. Harmon, what we want to know is, where is the suitcase that Walter St. John actually deposited at Paddington Station?"
274,"Wel-l, as a matter of fact, its very fortunate. I had a toothache last night so I really ought to go to London to see the dentist, oughtnt I?"
275,"Like to make a guess at whats inside, Miss Marple?"
276,"that it would be Zobeidas theatrical costumes. Would you like a chisel, Inspector?"
277,"Now, whats so precious about it, do you think, that a man was murdered to get hold of it?"
278,"Had the stones taken out of their setting and fastened here and there on her theatrical costume, where everyone would take them for merely coloured rhinestones. Then she had a replica made of the real necklace, and that, of course, was what was stolen. No wonder it never came on the market. The thief soon discovered the stones were false."
279,Marriage Certificate between Walter Edmund St. John and Mary Moss. That was Zobeidas real name.
280,"I always get all the names wrong. And of course, it was Miss Knight I was thinking of. Not Miss Bishop. Why do I think of her as Miss Bishop?"
281,"its extraordinary, I never thought about it before. I believe, you know, I could be ruthless…."
282,I believe I could be ruthless if there was due cause.
283,"You did have it in for little Gary Hopkins I must say,"
284,"When you caught him torturing his cat that day. Never knew you had it in you to go for anyone like that! Scared him stiff, you did. Hes never forgotten it."
285,I dont think I have ever behaved quite like that.
286,"Oh I know. I understand just what you feel. I suppose youve got one of those—I have a lot of names for them, mostly very rude—elderly chaps who say they know all about gardening. Sometimes they do, sometimes they dont know a thing about it. They come and have a lot of cups of tea and do a little very mild weeding. Theyre quite nice, some of them, but all the same it does make ones temper rise."
287,"Well, Im boarding with a Mrs. Hastings. I think Ive heard her speak of you. Youre Miss Marple, arent you?"
288,"Of course I do a few odd jobs as well. Shopping, you know, and things like that. Anyway, if you want any time put in here, I could put in an hour or two for you. Id say I might be better than any chap youve got now."
289,I like flowers best. Dont care so much for vegetables.
290,"I do vegetables for Mrs. Hastings. Dull but necessary. Well, Ill be getting along."
291,"You look a bit rattled like, if you know what I mean."
292,I had rather an unusual letter from a firm of solicitors.
293,Nothing of that kind. They just asked me to call upon them next week in London.
294,"No lift. Ah well, we are a very long established firm and we dont go in for as many of the modern gadgets as perhaps our clients expect of us."
295,"Ill pull that curtain slightly, shall I? You may feel the sun a little too much in your eyes."
296,"Youve heard, no doubt, of Mr. Rafiels death, or perhaps you saw it in the paper."
297,"Ah. I remember. He went out there, I believe, for his health. It did him some good, perhaps, but he was already a very ill man, badly crippled, as you know."
298,"I would not say that. We were fellow visitors in a hotel. We had occasional conversations. I never saw him again after my return to England. I live very quietly in the country, you see, and I gather that he was completely absorbed in business."
299,"I realized quite soon that he was a—well, a very remarkable character altogether."
300,I dont know if you have any idea—whether youve been given any idea at some time by Mr. Rafiel—as to what this proposition is that I have been instructed to put up to you?
301,what possible kind of proposition Mr. Rafiel might have wanted to put up to me. It seems most unlikely.
302,"As you no doubt realize, he died a very rich man. The provisions of his Will are on the whole fairly simple. He had already made dispositions of his fortune some time before his death. Trusts and other beneficiary arrangements."
303,though I am not at all cognizant of financial matters myself.
304,"You suggested, I suppose, that it might be better if he did,"
305,"You are quite right. That is what I did. I said that you might find it difficult to—oh, to understand exactly what he was driving at."
306,"It is, as you have pointed out, quite a substantial sum of money."
307,"Elderly, we say, but old is a better word. Definitely old. It is both possible and indeed probable that I might not live as long as a year to earn this money, in the rather doubtful case that I was able to earn it."
308,"I could benefit certain charities in which I have an interest,"
309,"and there are always people. People whom one wishes one could do a little something for but ones own funds do not admit of it. And then I will not pretend that there are not pleasures and desires—things that one has not been able to indulge in or to afford—I think Mr. Rafiel knew quite well that to be able to do so, quite unexpectedly, would give an elderly person a great deal of pleasure."
310,"A cruise abroad, perhaps? One of these excellent tours as arranged nowadays. Theatres, concerts—the ability to replenish ones cellars."
311,"My tastes would be a little more moderate than that,"
312,"it is very difficult to get partridges nowadays, and theyre very expensive. I should enjoy a partridge—a whole partridge—to myself, very much. A box of marrons glacés is an expensive taste which I cannot often gratify. Possibly a visit to the opera. It means a car to take one to Covent Garden and back, and the expense of a night in a hotel. But I must not indulge in idle chat,"
313,"but he selected you, Miss Marple. Forgive me if this is idle curiosity but have you had—oh, how shall I put it?—any connection with crime or the investigation of crime?"
314,"Mr. Rafiel, by the force of his personality, and I, by putting together one or two obvious indications that came to my notice, were successful in preventing a second murder just as it was about to take place. I could not have done it alone, I was physically far too feeble. Mr. Rafiel could not have done it alone, he was a cripple. We acted as allies, however."
315,"Just one other question I should like to ask you, Miss Marple. Does the word Nemesis"
316,"If you should find or receive any further instructions in this matter, you will perhaps let me know, Mr. Broadribb. It seems to me extraordinary that there should not be something of that kind. This leaves me entirely in the dark really as to what Mr. Rafiel is asking me to do or try to do."
317,"hes gaga. I mean, he was gaga before he died."
318,"I dont know exactly where you are, Mr. Rafiel, but I have no doubt that you are somewhere—I will do my best to fulfil your wishes."
319,You know what the doctor said. You werent to take too much exercise.
320,"and I am not doing anything. Digging, I mean, or weeding. I just—well, I just put one foot in front of the other and wonder about things."
321,"Do you know a woman who lives in a new house somewhere here, shes called Mrs. Hastings?"
322,"And someone called Miss Bartlett, I think it is, who lives with her—"
323,What—do you mean the house thats been all done up and repainted at the end of the village? The people there havent been there very long. I dont know what their names are. Why do you want to know? Theyre not very interesting. At least I shouldnt say they were.
324,"Clear my little hand desk, will you, and give me my pen and the notepaper. Im going to write a letter."
325,"Thats the one you met abroad, in the West Indies, isnt it? You showed me his photo in your album."
326,"Not feeling bad, are you? Wanting to write to a clergyman and all that?"
327,and I am anxious to get busy on something. Its just possible Miss Prescott might help.
328,"Ive started doing something. Not that I hope much from this, but still it might help."
329,"but like you I heard from a friend that they had seen a notice of her remarriage. Her name now is, I believe, Mrs. Alderson or Anderson. Her address is Winslow Lodge, near Alton, Hants. My brother sends his best wishes to you. It is sad that we live so far apart. We in the north of England and you south of London. I hope that we may meet on some occasion in the future.

Yours sincerely,

Joan Prescott."
330,"Not so far away from here, really. No. Not so far away. I could—I dont know what would be the best method—possibly one of Inchs taxis. Slightly extravagant, but if anything results from it, it could be charged as expenses quite legitimately. Now do I write to her beforehand or do I leave it to chance? I think it would be better really, to leave it to chance. Poor Esther. She could hardly remember me with any affection or kindliness."
331,"a very nice woman. The kind that would so easily marry a bad lot. In fact, the sort of woman that would marry a murderer if she were ever given half a chance. I still consider,"
332,"No, no, nothing of that kind. I was talking to someone, not anyone I knew very well. Just talking. Then when I looked, I saw it wasnt that person at all I was talking to. It was somebody else. Very odd."
333,"or rather of someone I once knew. Order Inch for me, will you? To come here about half past eleven."
334,"Endeavouring to meet someone by accident and make it seem purely natural,"
335,"Not really very easy, but I hope that I can manage it."
336,"Ring up this number, will you, Cherry? Ask if Mrs. Anderson is at home. If Mrs. Anderson answers or if she is going to come to the telephone, say a Mr. Broadribb wants to speak to her. You,"
337,"are Mr. Broadribbs secretary. If shes out, find out what time she will be in."
338,The things you think of! Why all this? Why do you want me to do it?
339,Sometimes one remembers a voice even if one hasnt heard it for over a year.
340,"Well, Mrs. Whats-a-name wont have heard mine at any time, will she?"
341,Fancy her turning up. I thought shed died a long time ago.
342,Yes. I must try and remember that. And your husband?
343,"Oh, much better, my dear. In these days men age so much quicker than women. I know it used not to be said so, but actually its true. I mean, they get more things the matter with them. I think, perhaps, they worry and work too much. And then they get high blood pressure or low blood pressure or sometimes a little heart trouble. Theyre rather prone to gastric ulcers, too. I dont think we worry so much, you know. I think were a tougher sex."
344,"Well, of course, I am rather older now. And one has so many ailments. I mean, not desperate ones, nothing of that kind, but I mean one has always some kind of rheumatism or some kind of ache and pain somewhere. Ones feet are not what one would like feet to be. And theres usually ones back or a shoulder or painful hands. Oh, dear, one shouldnt talk about these things. What a very nice house you have."
345,"I expect you saw the notice of Mr. Rafiels death,"
346,"Yes. Yes, indeed I did. It was about a month ago now, wasnt it? I was so sorry. Very distressed really, although, well, I suppose one knew—he almost admitted it himself, didnt he? He hinted several times that it wouldnt be very long. I think he was quite a brave man about it all, dont you?"
347,"He told me, you know, when I first worked for him, that he was going to give me a very good salary but that I would have to save out of it because I neednt expect to have anything more from him. Well, I certainly didnt expect to have anything more from him. He was very much a man of his word, wasnt he? But apparently he changed his mind."
348,"Yes. I am very glad of that. I thought perhaps—not that he, of course, said anything—but I wondered."
349,"I think he wanted it to be a surprise to you. I think he was perhaps that kind of man,"
350,"Did he leave anything to—oh, what was his name?—the man attendant, the nurse-attendant?"
351,"No. No, I dont think Ive met him once since the time out in the islands. He didnt stay with Mr. Rafiel after they got back to England. I think he went to Lord somebody who lives in Jersey or Guernsey."
352,"No, there was really only one thing that everyone did know about him."
353,"Thats what you mean, isnt it? When you know that someone is very rich, somehow, well, you dont ask anymore. I mean you dont ask to know anymore. You say He is very rich or you say He is enormously rich, and your voice just goes down a little because its so impressive, isnt it, when you meet someone who is immensely rich."
354,"He lost his wife many years ago. Quite soon after they were married, I believe. I believe she was much younger than he was—I think she died of cancer. Very sad."
355,"He was the kind of man who would always decide to cut his losses. If his son turned out to be unsatisfactory, a burden instead of a blessing, I think he would just shrug the whole thing off. Do what was necessary perhaps in the way of sending him money for support, but never thinking of him again."
356,"If you remember, he was a man who never said anything much about personal feelings or his own life."
357,"I just wondered because things do worry people more when they are—I wont say getting old—because he really wasnt old, but I mean things worry you more when you are laid up and cant do as much as you did and have to take things easy. Then worries just come into your mind and make themselves felt."
358,"It made a bit of drama for him, I think."
359,"Do you think—I have often wondered—do you think that Mr. Rafiel had any particular interest in criminology, the study of it, I mean? He—well, I dont know…."
360,"A really clever swindle of a criminal kind might have interested him, nothing else—"
361,"I—I shouldnt have talked about distressing matters that are fortunately past. And I must be getting on my way,"
362,"I thought this might have been something to do with her or something she knew about,"
363,"I think Im wrong. No. I dont think shes concerned in this business, whatever it is, in any way. Oh dear, I feel Mr. Rafiel expected me to be much cleverer than I am being. I think he expected me to put things together—but what things? And what do I do next, I wonder?"
364,What qualities have I got that could be useful to anyone for anything?
365,One of these travel tours? You mean a package tour abroad?
366,"Do you think its all right to do that at your age? These things can be very tiring, you know. You have to walk miles sometimes."
367,and I have always heard that in these tours they are careful to provide restful intervals for such people who are not particularly strong.
368,"We dont want you falling down with a heart attack, even if you are looking at a particularly sumptuous fountain or something. Youre a bit old, you know, to do this sort of thing. Excuse me saying it, it sounds rude, but I dont like to think of you passing out because youve done too much or anything like that."
369,"Oh yes, I ought to have explained perhaps better in the letter we sent you. Mr. Rafiel has paid all expenses."
370,"Oh yes, but this was arranged before his death. He mentioned that he was in ill health but wanted to provide a treat for a very old friend of his who had not had the opportunity of travelling as much as she could have wished."
371,"she really radiates integrity. If she had committed a murder, it would be a very popular murder. Perhaps for some noble reason or for some reason that she thought noble?"
372,shes someone and she might—she just might be a person Mr. Rafiel wanted me to meet for some reason.
373,had a most nerve-racking experience only a few years ago. A dead body on their library floor one morning.
374,The most tiring thing in the world. Especially if you have to listen to an exhaustive lecture in each room.
375,"Of course, all that we were told is very interesting,"
376,somewhere about 1800 or 1798. He died young. A pity. He had great genius.
377,I suppose I cant help feeling that early death means missing things.
378,"having spent nearly all my life amongst the young, look at life as a period in time complete in itself. What did T. S. Eliot say: The moment of the rose and the moment of the yew tree are of equal duration."
379,I see what you mean … A life of whatever length is a complete experience. But dont you—
380,—ever feel that a life could be incomplete because it has been cut unduly short?
381,How beautiful peonies are. That long border of them—so proud and yet so beautifully fragile.
382,Did you come on this trip to see the houses or to see gardens?
383,"I shall enjoy the gardens most, though, but the houses—they will be a new experience for me. Their variety and their history, and the beautiful old furniture and the pictures."
384,No. This is not for me exactly a sightseeing tour.
385,"You wonder why I am here, what my motive is, my reason. Well, why dont you make a guess?"
386,"It would interest me. Yes, really interest me. Make a guess."
387,That describes it very well. Yes. I am on a pilgrimage.
388,"The friend who sent me on this tour and paid all my expenses, is now dead. He was a Mr. Rafiel, a very rich man. Did you by any chance know him?"
389,"Jason Rafiel? I know him by name, of course. I never knew him personally, or met him. He gave a large endowment once to an educational project in which I was interested. I was very grateful. As you say, he was a very wealthy man. I saw the notice of his death in the papers a few weeks ago. So he was an old friend of yours?"
390,"I had met him just over a year ago abroad. In the West Indies. I never knew much about him. His life or his family or any personal friends that he had. He was a great financier but otherwise, or so people always said, he was a man who was very reserved about himself. Did you know his family or anyone …?"
391,"I knew a girl once … A girl who had been a pupil of mine at Fallowfield, my school. She was no actual relation to Mr. Rafiel, but she was at one time engaged to marry Mr. Rafiels son."
392,One might hope to say—like to say—because she had too much sense. He was not the type of a young man one would want anyone one was fond of to marry. She was a very lovely girl and a very sweet girl. I dont know why she didnt marry him. Nobody has ever told me.
393,"One of the most frightening words there is in the world,"
394,"You know, I am quite sure we have met before. I have been wondering and wondering about it—Im not as good as I was at remembering faces, but Im sure I have met you somewhere."
395,"I have been to Hastings—I have been to Eastbourne, too."
396,is always worth noticing. You can throw it away later if it is only a coincidence.
397,"My name is Mrs. Glynne. Lavinia Glynne. I and my two sisters live near here and—well, we heard you were coming, you see—"
398,"Yes. A very old friend of ours wrote to us—oh, quite some time ago, it must have been three weeks ago, but he asked us to make a note of this date. The date of the Famous Houses and Gardens Tour. He said that a great friend of his—or a relation, Im not quite sure which—would be on that tour."
399,I do hope you will be quite comfortable here. Can I help you to unpack? We have a very nice woman who comes in but she is only here in the morning. But shell help you with anything.
400,"I thought Id show you the way downstairs again. Its rather a rambling house, you know. There are two staircases and it does make it a little difficult. Sometimes people lose their way."
401,I hope then you will come downstairs and we will have a glass of sherry before lunch.
402,I dont know whether you like sitting rather high? So many people do.
403,"and he was killed in the war. We are really the last of the family, except for some very distant cousins."
404,"Yes, I believe so. One could wish, you know, it was not quite so large and rambling."
405,"Mr. Rafiel, I suppose, was an old friend of yours?"
406,"I met him first when I was on a cruise to the West Indies. He was out there for his health, I imagine."
407,"Very sad indeed. I really admired his fortitude. He seemed to manage to do so much work. Every day, you know, he dictated to his secretary and was continually sending off cables. He did not seem to give in at all kindly to being an invalid."
408,"He was a busy man, of course. He always remembered us at Christmas very kindly."
409,"I live in the country. A very small place halfway between Loomouth and Market Basing. About twenty-five miles from London. It used to be a very pretty old-world village but of course like everything else, it is becoming what they call developed nowadays."
410,"He used to entertain there, I think, sometimes. Business friends, mostly you know, or people from abroad. I dont think any of us ever visited him there. He nearly always entertained us in London on the rare occasions when we happened to meet."
411,to suggest to you that you should invite me here during the course of this tour. Very thoughtful. One wouldnt really have expected a busy man such as he must have been to have had such kindly thoughts.
412,"So much walking and standing about. Ones feet get very tired. I suppose really I ought not to take these expeditions, but it is such a temptation to see beautiful buildings and fine rooms and furniture. All these things. And of course some splendid pictures."
413,specially the gardens. From the description in the prospectus I am really looking forward very much to seeing some of the really finely kept gardens of the historic houses we have still to visit.
414,"but of course one would never dream of doing anything of that kind nowadays, would one? Rather too noisome, I am afraid. We have a few floribunda roses near the house. I really think floribundas are such a great answer to difficulties."
415,"I dont know what one would do without the younger generation,"
416,I—I suppose so. I dont really know. I—we havent—any young relations.
417,"Its a nice day, it is. I see youve got your curtains drawn back already. Youve slept well then?"
418,"Well, its a lovely day, it is. Theyll have it nice for going to the Bonaventure Rocks. Its just as well youre not doing it. Its cruel hard on the legs, it is."
419,So kind of Miss Bradbury-Scott and Mrs. Glynne to issue this invitation.
420,They never did much to the house—couldnt afford it—and they let the garden go as well—
421,"And such nice ladies as they all are, too—Miss Anthea is the scatty one, but Miss Clotilde went to university and is very brainy—she talks three languages—and Mrs. Glynne, shes a very nice lady indeed. I thought when she came to join them as things might go better. But you never know, do you, what the future holds? I feel sometimes, as though there was a doom on this house."
422,"There seem to be a lot of Princes and Broads buried here,"
423,"Ah yes, thereve always been Princes here. Used to own quite a bit of land once. There have been Broads a good many years, too."
424,"Ah, thatll be little Melanie that was. Mellie, we called her. Yes, it was a sad death. Run over, she was. Ran out into the street, went to get sweets at the sweet shop. Happens a lot nowadays with cars going through at the pace they do."
425,"that there are so many deaths all the time. And one doesnt really notice it until one looks at the inscriptions in the churchyard. Sickness, old age, children run over, sometimes even more dreadful things. Young girls killed. Crimes, I mean."
426,"Mrs. Glynne and her two sisters have been very kind,"
427,Not so long as that. Twenty years maybe. Belonged to old Colonel Bradbury-Scott. The Old Manor House did. Close on seventy he was when he died.
428,"We wondered, you know. I thought you must have gone out for a walk somewhere and I did so hope you wouldnt overtire yourself. If I had known you had come downstairs and gone out, I would have come with you to show anything there is to show. Not that there is very much."
429,"The churchyard, you know, and the church. Im always very interested in churches. Sometimes there are very curious epitaphs. Things like that. I make quite a collection of them. I suppose the church here was restored in Victorian times?"
430,"I have felt of late that I should spend more time here, perhaps. Ive been a little worried about my sisters."
431,"One is rather worried nowadays, especially as there is not really anyone competent whom one can employ to look after people as they become rather feebler or have certain ailments. So much rheumatism and arthritis about. One is always so afraid of people falling down in the bath or an accident coming down stairs. Something of that kind."
432,I dont really think there is much to worry Anthea.
433,"No, no, not that so much but—oh, she worries so much about the garden. She remembers the garden as it used to be, and shes very anxious, you know, to—well, to spend money in putting things right again. Clotilde has had to tell her that really one cant afford that nowadays. But she keeps talking of the hothouses, the peaches that used to be there. The grapes—and all that."
434,"Fancy your remembering that. Yes. Yes, its one of the things one does remember. Such a charming smell, heliotrope. And such a nice name for it, Cherry Pie. One always remembers that. And the grapevine. The little, small, early sweet grapes. Ah well, one must not remember the past too much."
435,"Yes. Yes, Anthea would like to have a big well kept herbaceous border again. Really not feasible now. It is as much as one can do to get local people who will come and mow the lawns every fortnight. Every year one seems to employ a different firm. And Anthea would like pampas grass planted again. And the Mrs. Simpkin pinks. White, you know. All along the stone edge border. And a fig tree that grew just outside the greenhouse. She remembers all these and talks about them."
436,"Well, yes. Arguments, you see, hardly appeal in any way. Clotilde, of course, is very downright about things. She just refuses point-blank and says she doesnt want to hear another word about it."
437,"to know how to take things. Whether one should be firm. Rather authoritative. Perhaps, even, well, just a little—a little fierce, you know, or whether one should be sympathetic. Listen to things and perhaps hold out hopes which one knows are not justified. Yes, its difficult."
438,"I shall have to go rather early tomorrow morning. I think,"
439,"I was making enquiries at the Golden Boar where I understand the coach party assembles tomorrow morning. They are making quite an early start. Nine oclock, I understand."
440,"Well, you must rest this afternoon, so as to be fresh for tomorrow,"
441,"Victorian glass of a most hideous kind, I think myself. No expense spared. Im afraid my uncle was partly to blame. He was very pleased with those rather crude reds and blues."
442,I am sorry. I am most terribly sorry. Who was it who was hurt?
443,"Oh dear, I am sorry. I talked to her a good deal. I sat in the next seat to her on the coach. She is, I believe, a retired schoolmistress, a very well known one."
444,"I know her quite well. She was Headmistress of Fallowfield, quite a famous school. Id no idea she was on this tour. She retired as Headmistress, I think a year or two ago, and there is a new, rather young Headmistress there now with rather advanced progressive ideas. But Miss Temple is not very old, really, shes about sixty, I should think, and very active, fond of climbing and walking and all the rest of it. This really seems most unfortunate. I hope shes not badly hurt. I havent heard any details yet."
445,I will come down at once and see Mr. Price.
446,"I thought Id come along myself and—well, break it to you about the accident. I expect Miss Bradbury-Scott has told you. Its Miss Temple. You know. The school dame. I dont know quite what she was doing or what happened, but some stones, or rather boulders, rolled down from above. Its rather a precipitous slope and it knocked her out and they had to take her off to hospital with concussion last night. I gather shes rather bad. Anyway, the tour for today is cancelled and we are stopping on here tonight."
447,… although of course I expect it would be nicer for you to be with the others and to—
448,"I shall know then what the plans are and what to do about things, and perhaps I could be of help in some way. One never knows. So thank you again very much. It will not be difficult, I expect, to get a room at the Golden Boar."
449,"Thatll be all right. Several rooms have been vacated today, They wont be full at all. Mrs. Sandbourne, I think, has booked for all the party to stay there tonight, and tomorrow we shall see—well, we shall see how this all goes on."
450,that it would be pleasant to sit outside the hotel. There is a small terrace giving on the street. If I might persuade you?
451,"For myself, I would prefer to wait somewhere peacefully for the return of Mrs. Sandbourne. It is important, I think, that we should know exactly what we are in for."
452,"I did a certain amount of walking round the town yesterday and I dont feel any necessity to do so again today. Id rather wait here in case there is anything I can do to help. Not that I suppose there is, but one never knows."
453,"that you would be travelling on this tour, that he had in fact arranged for you to be travelling on this tour."
454,Very kind indeed. I was most surprised when I found hed booked me. Such a treat. Which I could not have afforded for myself.
455,"It is sad that it has been interrupted in this fashion,"
456,Very sad indeed. When I am sure we were all enjoying ourselves so much.
457,"spoke to me about you at some length, Miss Marple. He suggested that I should be on this tour with you. I should in due course almost certainly make your acquaintance, since members in a tour inevitably do make each others acquaintance, though it usually takes a day or two for them to split up, as it were, into possible groupings led by similar tastes or interests. And he further suggested to me that I should, shall we say, keep an eye on you."
458,I think reasons of protection. He wanted to be quite sure that nothing should happen to you.
459,"at least I think so. Content at present to be a beast of burden to an autocratic aunt, but I have no doubt will reach the age of rebellion fairly soon."
460,What did you mean by what you said just now?
461,"That is a question which, perhaps, owing to what has happened, we shall have to discuss."
462,No. You were absent from the scene. You were—shall I put it this way—were you just possibly on duty elsewhere?
463,You are being careful. You are quite right to be careful.
464,"I should not put it exactly like that, but I have made a point of being always ready to disbelieve as well as believe anything that is told to me."
465,"Well, it was my part, or at any rate to begin with, to observe you, to watch what you were doing, to be near at hand in case there was any possibility of—well, we might call it roughly—dirty work of any kind. But things are slightly altered now. You must make up your mind if I am your enemy or your ally."
466,"You put it very clearly but you have not given me any information about yourself yet on which to judge. You were a friend, I presume, of the late Mr. Rafiel?"
467,"I was not a friend of Mr. Rafiel. I had met him once or twice. Once on a committee of a hospital, once at some other public event. I knew about him. He, I gather, also knew about me. If I say to you, Miss Marple, that I am a man of some eminence in my own profession, you may think me a man of bounding conceit."
468,"I should say, if you say that about yourself, that you are probably speaking the truth. You are, perhaps, a medical man."
469,"I am hoping perhaps, from what you are saying now, that you will be able to explain to me certain things which Mr. Rafiel did not see fit to explain to me. He asked me to embark upon a certain project but he gave me no useful information on which to work. He left me to accept it and proceed, as it were, completely in the dark. It seemed to me extremely foolish of him to treat the matter in that way."
470,"You may not believe it, but my answer to that is, Not really."
471,I know that that was where Mr. Rafiel met you and where—shall I say—you two collaborated.
472,"Mr. Rafiel was a very shrewd and astute man, a good judge of people. He thought that you, too, were a good judge of people."
473,"I would not set myself up as a good judge of people,"
474,"I would only say that certain people remind me of certain other people that I have known, and that therefore I can presuppose a certain likeness between the way they would act. If you think I know all about what I am supposed to be doing here, you are wrong."
475,"we seem to have settled here in a particularly suitable spot for discussion of certain matters. We do not appear to be overlooked, we cannot easily be overheard, we are not near a window or a door and there is no balcony or window overhead. In fact, we can talk."
476,I am stressing the fact that I am myself completely in the dark as to what I am doing or supposed to be doing. I dont know why Mr. Rafiel wanted it that way.
477,So you are not going to tell me anything either?
478,I agree with you. We must do away with some of these limits. I am going to tell you certain facts that will make certain things fairly clear to you. You in turn may be able to tell me certain facts.
479,"One or two rather peculiar indications perhaps, but indications are not facts."
480,"Well, what I think I see is that you are talking of Mr. Rafiels son."
481,You are quite right. I am talking of Mr. Rafiels son. What do you know about him?
482,"I only heard—and that was yesterday—that Mr. Rafiel had a delinquent, or unsatisfactory, if we like to put it mildly, son. A son with a criminal record. I know very little about him. Was he Mr. Rafiels only son?"
483,"He lured a girl away from her home. It was some time before her body was found. She had been strangled. And afterwards her face and head had been disfigured by some heavy stones or rocks, presumably to prevent her identity being made known."
484,"I dont like that sort of thing. I never have. If you expect me to feel sympathy, regret, urge an unhappy childhood, blame bad environment; if you expect me in fact to weep over him, this young murderer of yours, I do not feel inclined so to do. I do not like evil beings who do evil things."
485,"Its common knowledge nowadays, though naturally I have no exact chemical or technical knowledge."
486,"Yes, I call that very interesting. After all, your friend—I mean your Governor—was a man of experience, a man who loved justice. He was a man whom youd be willing to listen to. Presumably then, you did listen to him."
487,"Ah, you want to know that. So did I. He was, I think, extremely honest with me even if—"
488,There was nothing of that kind to find. I asked him to tell me a little about you. He did not however consent to do so. He told me you were elderly. He told me that you were a person who knew about people. He told me one other thing.
489,"I have some natural curiosity, you know. I really cant think of any other advantage I conceivably could have. I am slightly deaf. My eyesight is not quite as good as it used to be. I cannot really think that I have any advantages beyond the fact that I may, I suppose, seem rather foolish and simple, and am in fact, what used to be called in rather earlier days an old pussy. I am an old pussy. Is that the sort of thing he said?"
490,What he said was he thought you had a very fine sense of evil.
491,"Perhaps it is. Yes, perhaps. I have at several different times in my life been apprehensive, have recognized that there was evil in the neighbourhood, the surroundings, that the environment of someone who was evil was near me, connected with what was happening."
492,"like being born with a very keen sense of smell. You can smell a leak of gas when other people cant do so. You can distinguish one perfume from another very easily. I had an aunt once,"
493,"Id better tell you briefly how I came into things now,"
494,And you took that also as an indication of what you were to do?
495,"There can be no other reason for it. He was not a man to shower benefits for nothing, out of compassion for an old lady who wasnt good at walking up hills. No. He wanted me to go there."
496,"but I dont think they were. They didnt seem to be anyway. I dont know yet. I suppose they may have been—they may be, I mean. They seem ordinary enough. They didnt belong to this house. It had belonged to an uncle of theirs and theyd come here to live some years ago. They are in rather poor circumstances, they are amiable, not particularly interesting. All slightly different in type. They do not appear to have been well acquainted with Mr. Rafiel. Any conversation I have had with them appears to yield nothing."
497,"Plenty of exaggeration, but it was a nasty story, and she seemed to believe that the police view was that this hadnt been his only murder—"
498,"I think so. Shes the same person who visited me—I wont say visited me exactly, but she was outside my garden fence in St. Mary Mead, the village where I live. She expressed pleasure at my garden and talked about gardening with me. Told me she was living in the village and working in somebodys garden, whod moved into a new house there. I rather think,"
499,"yes, I rather think that the whole thing was lies. There again, she knew nothing about gardening. She pretended to but it wasnt true."
500,"You may want to rest this afternoon. If not, I will call for you here in an hours time. There is an interesting church you might care to see—?"
501,Theres no reason really why one should not enjoy the local sights when one can.
502,"My dear lady, Miss Temple is not an old friend of yours or anything like that. Sad as this accident has been."
503,"We are not going to a church, I am afraid."
504,Her recovery is very problematical but there is nothing that can be done. She may not recover consciousness again. On the other hand she may have a few lucid intervals.
505,"Yes, I realize that. Im taking you there because in one of the lucid intervals she has had, she asked for you."
506,"I wonder why she should ask for me, why she should have thought that I—that I could be useful in any way to her, or do anything. She is a woman of perception. In her way, you know, a great woman. As Headmistress of Fallowfield she occupied a prominent position in the educational world."
507,"Yes. She was a great personality. She was herself a woman of considerable scholarship. Mathematics were her speciality, but she was an all round—what I should call an educator. Was interested in education, what girls were fitted for, how to encourage them. Oh, many other things. It is sad and very cruel if she dies,"
508,It will seem such a waste of a life. Although she had retired from her Headmistresship she still exercised a lot of power. This accident—
509,"Unfortunately, Joanna Crawford could not say. Whoever it was, was wearing jeans or trousers, and had on a lurid polo-neck pullover in red and black checks. The figure turned and moved out of sight almost immediately. She is inclined to think it was a man but cannot be certain."
510,"No idea whatever. No more have they. It might be one of our fellow travellers, someone who went for a stroll that afternoon. It might be someone completely unknown who knew that the coach was making a halt here and chose this place to make an attack on one of the passengers. Some youthful lover of violence for violences sake. Or it might have been an enemy."
511,"It seems very melodramatic if one says a secret enemy,"
512,"Yes, it does. Who would want to kill a retired and respected Headmistress? That is a question we want answered. It is possible, faintly possible that Miss Temple herself might be able to tell us. She might have recognized the figure above her or she might more likely have known of someone who bore her ill will for some special reason."
513,"No. No, not really. Im only thinking—well, shall we say letting possibilities pass through my mind. I cannot believe that Elizabeth Temple had a personal enemy. An enemy ruthless enough to wish to take an opportunity of killing her. What I do think—"
514,"Of a possibility? Well, I think I know or guess what you are suggesting. You are suggesting that Miss Temple knew something, knew some fact or had some knowledge that would be inconvenient or even dangerous to somebody if it was known."
515,"it seems indicated that there is someone on our coach tour who recognized Miss Temple or knew who she was, but who perhaps after the passage of some years was not remembered or might even not have been recognized by Miss Temple. It seems to throw it back on our passengers, does it not?"
516,That is what your words led me to infer. It was very mentionable. So much so that the girl Joanna mentioned it specifically.
517,"Fallowfield is situated not very far from here. Sixteen miles, I think. So this is Elizabeth Temples part of the world, a part she knows well with people in it that she also might know well."
518,"So that I could learn certain facts that I had to know,"
519,A series of murders that took place a good many years ago?
520,"We have a police official there also, ready to take down anything. The Doctor thinks it advisable that he also should not be noticed by Miss Temple. One person alone, and that possibly a person she expects to see, will not alarm her or make her lose knowledge of what she wants to say to you. I hope this will not be too difficult a thing to ask you?"
521,Henry often spoke of you. He said things about you.
522,"You can, cant you? Say you can. Ive not much time. I know that. I know it quite well. One of them, but which? Find out. Henry would have said you can. It may be dangerous for you—but youll find out, wont you?"
523,She wont regain consciousness again for some time. Perhaps not at all. I hope you learnt something?
524,"Oh yes, I know. Oh the—er—yes, thats the one we sent Miss Whats-a-name on. The one old Rafiel booked."
525,"Well, you know—about these boulders that fall down cliff sides and drop on top of someone. Its not always in the course of nature. Boulders usually stay where they are, in my experience."
526,"but I did mean a Christian name. Yes. It is rather unusual, I think. Verity."
527,"It was just that it is—it is a name we know, a name with which we have—associations."
528,"I thought perhaps you might have known about her because you knew Mr. Rafiel, didnt you? Well, I mean, he wrote to us about you so you must have known him. And I thought perhaps—well, hed mentioned the whole thing to you."
529,Im afraid I dont quite understand what youre talking about.
530,I suppose that was how Miss Temple came to remember her.
531,"Where Miss Temple was Headmistress, is that it? I have heard of Fallowfield often, of course. Its a very fine school, isnt it?"
532,I—do you mind if we dont talk about it any more just now?
533,Im so sorry to have impinged on some tragedy. I didnt know. I—I havent heard … I thought—well I mean …
534,"I think Id better tell you the whole truth if you dont know, and you dont seem to. He was actually Mr. Rafiels son, Michael—"
535,"not—not—I cant remember his name but I do remember hearing that there was a son—and, that he hadnt been very satisfactory."
536,"Im really very, very sorry. Please tell your sister that I didnt know. I had no idea."
537,"how tragic. The sort of thing thats not easily forgotten, is it."
538,"In a terrible way it seems quite a natural thing to happen, doesnt it, though of course there are accidents sometimes by pushing things about, you know. Just pushing, making stones rock. That sort of thing."
539,"You mean the body they thought was Nora Broads but it wasnt? Yes. Ive forgotten her name now. Hope, it was, I think. Hope or Charity. One of those sort of names, if you know what I mean. Used to be used a lot in Victorian times but you dont hear them so much nowadays. Lived at the Manor House, she did. Shed been there for some time after her parents were killed."
540,"Oh no, shes clever, she is. Knows Latin and Greek, I believe. Would have liked to go to university but she had to look after her mother who was an invalid for a long time. But she was very fond of Miss—now, what was her name?—Faith perhaps. She was very fond of her and treated her like a daughter. And then along comes this young whats-his-name, Michael I think it was—and then one day the girl just goes off without saying a word to anyone. I dont know if Miss Clotilde knew as she was in the family way."
541,"Funnily enough, you know, I thought she had a kind of pleased look as though she was—yes, just pleased. Not nice, eh? Farmer Plummers daughter used to look like that. Always used to go and see pigs killed. Enjoyed it. Funny things goes on in families."
542,"Oh yes, I know. Saw in yesterdays paper, I did, some woman left her baby outside a supermarket and then someone else comes along and wheels it away. And all for no reason as far as one can see. The police found her all right. They all seem to say the same things, whether they steal from a supermarket or take away a baby. Dont know what came over them, they say."
543,"If you are not too busy, I wonder if you could answer a question of mine,"
544,"I have done something extremely stupid. Of late years I make so many mistakes. This was a parcel addressed to a charity. I send them clothes—pullovers and childrens woollies, and I did it up and addressed it and it was sent off—and only this morning it came to me suddenly that Id made a mistake and written the wrong address. I dont suppose any list is kept of the address of parcels—but I thought someone might have just happened to remember it. The address I meant to put was The Dockyard and Thames Side Welfare Association."
545,"It will be presumably a case of the police making further enquiries, arising out of the evidence given by those two young people."
546,"What you mean is that you are asking what I thought about them themselves, their feelings about it."
547,"Very interesting. The red and black check pullover. Rather important, I think, dont you? Rather striking?"
548,I think the description of that might give us a valuable clue.
549,No. I think—I think that what has happened inclines me to remain here a little longer.
550,That rather depends as to whether I receive any further invitation to go back to The Old Manor House. I would not like to suggest it myself because my original invitation was for the two nights that the tour was to have stayed here originally. I think possibly it would be better for me to remain at the Golden Boar.
551,"There are one or two things I could do here, I think. One thing I have done already."
552,"I should like to return to London. I have work there waiting to be done. Unless, that is, I can be helpful to you here?"
553,I do not think so at present. I expect you have various enquiries of your own that you wish to put in hand.
554,to know exactly what something wrong in the atmosphere really means.
555,"And especially since Miss Temples death which, of course, was not an accident, no matter what Mrs. Sandbourne hopes."
556,it was not an accident. What I dont think I have told you is that Miss Temple said to me once that she was on a pilgrimage.
557,"Yes, interesting. She didnt tell you what the pilgrimage was, to where or to whom?"
558,"if shed lived just a little longer and not been so weak, she might have told me. But unfortunately, death came a little too soon."
559,"No. Only a feeling of assurance that her pilgrimage was put an end to by malign design. Someone wanted to stop her going wherever she was going, or stop her going to whomever she was going to. One can only hope that chance or Providence may throw light on that."
560,I want to find out something more about a girl called Nora Broad.
561,"The other girl who disappeared about the same time as Verity Hunt did. You remember you mentioned her to me. A girl who had boyfriends and was, I understand, very ready to have boyfriends. A foolish girl, but attractive apparently to the male sex. I think,"
562,that to learn a little more about her might help me in my enquiries.
563,"I think well stay at the Golden Boar for a little. Thats what youre going to do, isnt it, Miss Marple?"
564,I dont feel quite equal to going on travelling and all that. I think a day or twos rest would be helpful to me after whats happened.
565,"Dear me, now, dear me. Oh, Im sorry for that. Come right in, maam, come right in. Thats right. You sit down here. Now Ill get you a glass of water—or maybe youd like a pot of tea?"
566,"You know, Ive got a nephew like that. He oughtnt to be at his age, hes not much over fifty but now and then hell come over giddy all of a sudden and unless he sits down at once—why you dont know, sometimes hell pass out right on the floor. Terrible, it is. Terrible. And doctors, they dont seem able to do anything about it. Heres your glass of water."
567,"Been to the service, have you, for the poor lady as got done in, as some say, or accident as others. Id say its accident every time. But these inquests and coroners, they always want to make things look criminal, they do."
568,"Ive been so sorry to hear of a lot of things like that in the past. I was hearing a great deal about a girl called Nora. Nora Broad, I think."
569,"Well, she accepted a lift from someone—a stranger. Thats the last time she was seen. I forget the make of the car now. Some funny name it had. An Audit or something like that. Anyway, shed been seen once or twice in that car. And off she went in it. And it was said it was that same car that the poor girl what got herself murdered used to go riding in. But I dont think as that happened to Nora. If Norad been murdered, the body would have come to light by now. Dont you think so?"
570,Was she a girl who did well at school and all that?
571,"Nora Broad? Oh, she hasnt been in the village for years. Went off with someone, she did. She was a great one for boys. I always wondered where shed end up. Did you want to see her for any particular reason?"
572,"A very nice family and they were thinking of engaging a Miss Nora Broad. Shed been in some trouble, I think. Married someone who was rather a bad lot and had left her and gone off with another woman, and she wanted to get a job looking after children. My friend knew nothing about her, but I gathered she came from this village. So I wondered if there was anyone here who could—well, tell me something about her. You went to school with her, I understand?"
573,"that if its the same person, that shed be very suitable for my friend."
574,"Shed have to change a bit if she was to be suitable,"
575,"I am Archdeacon Brabazon. I came here this morning to attend the service for a very old friend of mine, Miss Elizabeth Temple."
576,"Thank you, I will, I am not quite as strong as I was."
577,"Well, I must explain how that comes about. Im quite aware that I am a complete stranger to you. As a matter of fact I made a short visit to the hospital at Carristown, talking to the matron before going on to the church here. It was she who told me that before she died Elizabeth had asked to see a fellow member of the tour. Miss Jane Marple. And that Miss Jane Marple had visited her and sat with her just a very, very short time before Elizabeth died."
578,that is so. It surprised me to be sent for.
579,"I only met her on this tour. Thats why I was surprised. We had expressed ideas to each other, occasionally sat next to each other in the coach, and had struck up quite an acquaintanceship. But I was surprised that she should have expressed a wish to see me when she was so ill."
580,"Yes. Yes, I can quite imagine that. She was, as I have said, a very old friend of mine. In fact, she was coming to see me, to visit me. I live in Fillminster, which is where your coach tour will be stopping the day after tomorrow. And by arrangement she was coming to visit me there, she wanted to talk to me about various matters about which she thought I could help her."
581,May I ask you a question? I hope it is not too intimate a question.
582,She died quite a number of years ago. Did you know that?
583,"I knew it. Miss Temple and I were talking about her. Miss Temple told me something that I did not know. She said she had been engaged to be married to the son of a Mr. Rafiel. Mr. Rafiel is, or again I must say was, a friend of mine. Mr. Rafiel has paid the expenses of this tour out of his kindness. I think, though, that possibly he wanted—indeed, intended—me to meet Miss Temple on this tour. I think he thought she could give me certain information."
584,That is why she was coming to me. She wanted to know certain facts.
585,why Verity broke off her engagement to marry Mr. Rafiels son.
586,No. I think she was puzzled and unhappy about what happened and was coming to me to ask me why the marriage did not take place.
587,Please do not think that I am unduly curious. Its not idle curiosity that is driving me. I too am on—not a pilgrimage—but what I should call a mission. I too want to know why Michael Rafiel and Verity Hunt did not marry.
588,by the dying wishes of Michael Rafiels father. He asked me to do this for him.
589,"is where my story ends. I cannot go on because I do not know what happened. I only know that I agreed to do as they asked, that I made the necessary arrangements; we settled a day, an hour, a time, a place. I think perhaps that I was to blame for agreeing to the secrecy."
590,"That, I am sure, was the reason she was coming to you."
591,"Yes. Yes, that is probably true. It seemed to me, you see, that Verity would have said nothing to the people who could have stopped her. Clotilde and Anthea Bradbury-Scott, but because she had always been very devoted to Elizabeth Temple—and Elizabeth Temple had had great influence over her—it seems to me that she would have written and given her information of some kind."
592,was this. That she was going to marry Michael Rafiel. Miss Temple knew that. It was one of the things she said to me. She said: I knew a girl called Verity who was going to marry Michael Rafiel and the only person who could have told her that was Verity herself. Verity must have written to her or sent some word to her. And then when I said Why didnt she marry him? she said: She died.
593,"Elizabeth and I know no more than those two facts. Elizabeth, that Verity was going to marry Michael. And I that those two were going to marry, that they had arranged it and that they were coming on a settled day and time. And I waited for them, but there was no marriage. No bride, no bridegroom, no word."
594,"I do not for one minute believe that Verity or Michael definitely parted, broke off."
595,"That is not a satisfying answer because still she would have let me know. She would not have left me waiting to join them together in holy matrimony. To put the most ridiculous side of it, she was a girl with beautiful manners, well brought up. She would have sent word. No. Im afraid that only one thing could have happened."
596,Its what Miss Temple said to me. I said What killed her? and she said Love and that love was the most frightening word in the world. The most frightening word.
597,"It did happen. The body was not found, I know, for some time afterwards. Verity just disappeared. She went away from home and was not seen again…."
598,"And yet, even now sometimes, I hope and feel that it was some other young man who killed her. Someone who was definitely mentally deranged, though no one had any idea of it. Some stranger, perhaps, whom she had met in the neighborhood. Someone who she had met by chance, who had given her a lift in a car, and then—"
599,"but you do still know and believe one thing, dont you?"
600,What do you mean exactly by believe? Are you talking from the religious point of view?
601,"I didnt mean that. I mean, there seems to be in you, or so I feel it, a very strong belief that those two loved each other, that they meant to marry, but that something happened that prevented it. Something that ended in her death, but you still really believe that they were coming to you to get married that day?"
602,"You are quite right, my dear. Yes, I cannot help still believing in two lovers who wished to get married, who were ready to take each other on for better, for worse, for richer or poorer, in sickness and in health. She loved him and she would have taken him for better or for worse. As far as she had gone, she took him for worse. It brought about her death."
603,"Im not sure, but I think Elizabeth Temple did know or was beginning to know what happened. A frightening word, she said. Love. I thought when she spoke that what she meant was that because of a love affair Verity committed suicide. Because she found out something about Michael, or because something about Michael suddenly upset her and revolted her. But it couldnt have been suicide."
604,that couldnt be so. The injuries were described very fully at the trial. You dont commit suicide by beating in your own head.
605,"Horrible! And you couldnt do that to anyone you loved even if you had to kill for love, could you? If hed killed her, he couldnt have done it that way. Strangling—perhaps, but you wouldnt beat in the face and the head that you loved."
606,"Well, she says not. I cant see anything much the matter with her. She says shes got a sore throat, she feels she might have a temperature coming on. All nonsense, I think."
607,"Oh, so youve noticed it too. Yes, theyre really getting to a stage of spooning about together. I dont much care for him anyway. One of these long-haired students, you know. Always going on demos or something like that. Why cant they say demonstration properly? I hate abbreviations. And how am I going to get along? Nobody to look after me, collect my luggage, take it in, take it out. Really. Im paying for this complete trip and everything."
608,"Well, not the last day or two. Girls dont understand that people have to have a little assistance when they get to middle age. They seem to have some absurd idea—she and the Price boy—of going to visit some mountain or some landmark. About a seven or eight mile walk there and back."
609,"Oh dear, weve got to get on board now. Oh, good-bye, Miss Marple, its nice to have met you. Im sorry youre not coming with us."
610,"but really you know, Im not so young and vigorous as you are, Mrs. Riseley-Porter, and I really feel after all the—well, shock and everything else the last few days, I really must have a complete twenty-four hours rest."
611,Im sorry to hear that Joanna is under the weather this morning.
612,"Joannas had enough of that aunt of hers, bossing her around all the time."
613,"No. Im staying on here for a couple of days. Im going to get around a bit and do a few excursions. Dont look so disapproving, Miss Marple. Youre not really as disapproving as all that, are you?"
614,"I have known such things happen in my own youth. The excuses may have been different, and I think we had less chance of getting away with things than you do now."
615,"I believe the day after tomorrow were going to have a real treat, if nothing else happens. Really its too sad, this very unfortunate accident. I must say I think myself it is an accident. I really think the Coroner was going beyond everything in his feelings about this."
616,"that nobody has come forward, if they were up on top there, pushing about rocks and boulders and things, that they havent come forward to say so."
617,Why are you staying here? Nervous exhaustion or something else?
618,"Im not particularly exhausted, though it makes a perfectly natural excuse for somebody of my age."
619,I feel really I ought to stay here and keep an eye on you.
620,theres no need to do that. There are other things you ought to be doing.
621,"One of the better ones, I believe. They do a lot of good. You send them clothes,"
622,"childrens clothes and womens clothes. Coats. Pullovers, all those sort of things."
623,"I want you to make enquiries there about a parcel which was sent from here two days ago, posted from this post office."
624,one has to say something. Im not going to do that at all. You are going to deal with the matter. Weve got to know whats inside that parcel! I have no doubt you can get means.
625,"It might possibly, most unlikely but possible, have a slip saying From Miss Anthea Bradbury-Scott—"
626,"I hadnt asked anyone to post anything. The first I saw of the parcel was when Anthea passed the garden of the Golden Boar where you and I were sitting talking, carrying it."
627,But you went to the post office and represented that the parcel was yours.
628,"which was quite untrue. But post offices are careful. And, you see, I wanted to find out where it had been sent."
629,"You wanted to find out if such a parcel had been sent, and if it had been sent by one of the Bradbury-Scotts—or especially Miss Anthea?"
630,they are only probabilities that I am exploring. One does not like to make definite assertions unless one has a little more definite knowledge.
631,Do you mean a second body connected with the particular crime that we have been considering? A crime that took place ten years ago?
632,"Im quite sure of it, as a matter of fact."
633,"Im quite sure I know where it is, but I have to have a little more time before I can tell you that."
634,A girl called Nora Broad. She disappeared from here and shes never been heard anymore of. I think her body might be in a particular place.
635,"No, no, I didnt mean that. But either you know too much—which might be dangerous … I think I am going to stay here to keep an eye on you."
636,Youve got to go to London and set certain things moving.
637,"You spoke as though you knew a good deal now, Miss Marple."
638,"Yes, but if you make sure, that may be the last thing you do make sure of! We dont want a third body. Yours."
639,"There might be danger, you know, if any of your ideas are right. Have you suspicions of any one particular person?"
640,"The people who left in the coach. Presumably youre not interested in them, since youve let them go off and youre staying here."
641,Because you said Mr. Rafiel had sent you in the coach for a particular reason and sent you on this tour for a particular reason and sent you to The Old Manor House for a particular reason. Very well then. The death of Elizabeth Temple ties up with someone in the coach. Your remaining here ties up with The Old Manor House.
642,There are connections between the two. I want someone to tell me things.
643,Yes. We were fortunate enough to be able to get a very nice double room. Really a better one than the one we have had for the last two days.
644,Perhaps you may like to come with us when we go to visit St. Martins in the Grove.
645,but I dont think today I feel quite strong enough for expeditions. Perhaps tomorrow if there is anything interesting to see.
646,"Really very kind, but Im sure—I mean, you know it was just a two-day visit. I meant originally to go off with the coach. I mean, after the two days. If it hadnt been for this very, very tragic accident but—well, I really felt I couldnt go on any longer. I thought I must have at least, well at least one nights rest."
647,But I mean it would be so much better if you came to us. Wed try and make you comfortable.
648,"I was extremely comfortable staying with you. Oh yes, I did enjoy it very much. Such a beautiful house. And all your things are so nice. You know, your china and glass and furniture. Its such a pleasure to be in a home and not a hotel."
649,he was in church yesterday at the service. Do you know him?
650,"but he did come to the Golden Boar and he came and spoke to me there. I gather he had been to the hospital and was enquiring about poor Miss Temples death. He wondered if Miss Temple had sent any message to him. I gather she was thinking of paying him a visit. But of course I told him that although I did go there in case I could do anything there was nothing that could be done except sit by poor Miss Temples bed. She was unconscious, you know. I could have done nothing to help her."
651,Or do you think there is something in that story that Mrs. Riseley-Porters niece told? About seeing someone pushing a boulder.
652,"Well, I suppose if those two said so, they must have seen it."
653,though not quite in the same terms. But perhaps thats quite natural.
654,Something about this atmosphere. We never got over it here. Never. Never since—since Verity died. Its years but it doesnt go away. A shadows here.
655,Dont you think so too? Dont you feel a shadow here?
656,"Its different for you and your sisters whove lived here and who knew the dead girl. She was, I gather, as Archdeacon Brabazon was saying—a very charming and beautiful girl."
657,"Well yes, shes always been rather unbalanced. Shes the youngest and she was rather delicate as a girl. But lately, I think, shes got definitely worse. She hasnt got any idea, I think, of the gravity of things. She has these silly fits of hysteria. Hysterical laughter at things one ought to be serious about. We dont want to—well, to send her anywhere or—you know. She ought to have treatment, I think, but I dont think she would like to go away from home. This is her home, after all. Though sometimes its—its very difficult."
658,"She talks of going to live abroad again. At Taormina, I think. She was there with her husband a lot and they were very happy. Shes been at home with us now for many years, but she seems to have this longing to get away and to travel. Sometimes I think—sometimes I think she doesnt like being in the same house as Anthea."
659,"Yes, I have heard of cases like that where these difficulties do arise."
660,"Oh no. Theres never been anything. She gets nervous fits of temper sometimes and she takes rather sudden dislikes to people. Shes very jealous, you know, over things. Very jealous of a lot of—well, fuss being made over different people. I dont know. Sometimes I think wed better sell this house and leave it altogether."
661,I think I can understand that it must be very sad for you living here with the memory of the past.
662,"Well, I dont think it ever got as far as that. I dont think he ever wanted to marry her or thought of such a thing."
663,"No. Its bad enough to know—to know that Verity died. Died in that horrible way. At any rate, other girls are safe from that boy. Life sentence he got. Hes still in prison. They wont let him out to do anything to anyone else. Though why they couldnt bring it in as some mental trouble—diminished responsibility—one of these things they use nowadays. He ought to have gone to Broadmoor. Im sure he wasnt responsible for anything that he did."
664,"but surely you cant think that—who on earth would want to roll a boulder down, do that sort of thing? I suppose there are always hooligans about. You know, some young foreigners or students. I really wonder, you know, whether—well—"
665,you wondered if that someone was one of our fellow travellers.
666,"we cant help—well, thinking about that sort of thing. I mean, there must be some explanation. If the police seem sure it wasnt an accident, well then it must have been done by somebody and—well, I mean, Miss Temple was a stranger to this place here. It doesnt seem as if anyone could have done it—anyone local I mean. So it really comes back to—well, I mean, to all of us who were in the coach, doesnt it?"
667,"Oh, I dont know. She might have gone peculiar or something."
668,"It seems to me that—well, the only people that could be … Oh dear, this is so difficult to say. But I mean there are two people who just spring into ones mind as possibilities logically. I mean, I dont think that its really so at all because Im sure theyre both very nice people, but I mean theres nobody else really logically who could be suspected, should I say."
669,"Well, I suppose—one does hear of young people doing very extraordinary things nowadays,"
670,"You know, putting things in horses eyes, smashing Legation windows and attacking people. Throwing stones, at people, and its usually being done by somebody young, isnt it? And they were the only young people, werent they?"
671,You mean Emlyn Price and Joanna might have rolled over that boulder?
672,"Well, theyre the only sort of obvious people, arent they?"
673,"Oh, I should never have thought of that. But I see—yes, I just see that there could be something in what you say. Of course, I dont know what those two were like. I havent been travelling with them."
674,"After all, if youre going to do what may result in murder, youd have to be rather capable so as to manage not to be seen or anything."
675,"we must be going back to the Golden Boar now. Are you coming with us, Miss Marple?"
676,I suppose you dont know. Ive forgotten to tell you. Miss Bradbury-Scott very kindly asked me to come back and stay another night—or two nights—here.
677,"I think it is really quite natural. They have a rather exact plan, I imagine."
678,All I wonder is who wanted to murder her? I should think probably some pupil of hers at the school who always hated her and had it in for her.
679,Do you think hate can last as long as that?
680,"Oh, I should think so. I should think you could hate anyone for years."
681,"I think hate would die out. You could try and keep it up artificially, but I think you would fail. Its not as strong a force as love,"
682,"Anyway, they were walking along the bottom path, werent they? You saw them there, didnt you?"
683,"I enjoyed it very much. Tomorrow morning I would like to go out and look again at that mass of white flowers coming into bloom at the end of the garden near that raised up mound. It was just beginning to come out the other day. It must be a mass of bloom now. I shall always remember that as part of my visit here, you know."
684,"Oh, do forgive me, Miss Marple, but really, do you know, I shouldnt drink that if I were you. Coffee, I mean, at this time of night. You wont sleep properly."
685,"Yes, but this is very strong, good coffee. I should advise you not to drink it."
686,"Perhaps you are right. You know something, I gather, about diet."
687,"it was my sleeve. Its rather a floating sleeve. Perhaps you would like some hot milk, if you are afraid to take coffee?"
688,"A glass of hot milk when I go to bed would be very soothing indeed, and always gives one a good night."
689,"I agree with Clotilde that those two dont seem real, if you know what I mean,"
690,"I do rather agree with you. They dont seem very real. I have wondered about them a good deal. Wondered, I mean, why they came on this tour and if they were really enjoying it. And what was their reason for coming."
691,And have you discovered the answers to all those things?
692,I dont think I should have enjoyed much more of it.
693,"I have everything I want. I have my little night bag here, you see, so I need not do anymore unpacking. Thank you,"
694,"Well, we couldnt do much less, having had Mr. Rafiels letter. He was a very thoughtful man."
695,"the kind of man who—well, thinks of everything. A good brain, I should think."
696,"Financially and otherwise, he thought of a lot of things,"
697,"Oh well, I shall be glad to get to bed. Good night, Miss Bradbury-Scott."
698,"I did not think it would be very good for me,"
699,I think youve known all the evening. Perhaps before that.
700,"Even if you brought it me, I should not drink it."
701,"I really cannot understand the point of what youre saying. Really,"
702,"You are a very well educated woman. Nemesis is long delayed sometimes, but it comes in the end."
703,Of course I loved her. I was devoted to her. And she loved me.
704,What you say is quite true. I shant deny it. It doesnt matter if I do or do not deny it.
705,Do you know at all—can you imagine—how I have suffered?
706,I can imagine it. Ive always been able to imagine things.
707,"Did you imagine the agony, the agony of thinking, of knowing you are going to lose the thing you love best in the world. And I was losing it to a miserable, depraved delinquent. A man unworthy of my beautiful, splendid girl. I had to stop it. I had to—I had to."
708,"Sooner than let the girl go, you killed her. Because you loved her, you killed her."
709,"Do you think I could ever do a thing like that? Do you think I could strangle the girl I loved? Do you think I could bash her face in, crush her head to a pulp? Nothing but a vicious, depraved man would do a thing like that."
710,you wouldnt do that. You loved her and you would not be able to do that.
711,You fool! You crazy old fool! Do you think you are ever going to get away to tell this story?
712,"Im not quite sure of it. You are a strong woman, a great deal stronger than I am."
713,"You know one doesnt stop at one murder. I have noticed that in the course of my life and in what I have observed of crime. You killed two girls, didnt you? You killed the girl you loved and you killed a different girl."
714,"I killed a silly little tramp, an adolescent tart. Nora Broad. How did you know about her?"
715,"What do you mean, you miserable, shrivelled up old woman?"
716,Im an elderly pussy and I have very little strength in my arms or my legs. Very little strength anywhere. But I am in my own way an emissary of justice.
717,And wholl stop me from putting an end to you?
718,Mr. Rafiel has done me very proud! as one used to say.
719,that those two women were private agents accompanying you for your protection?
720,"That would have been quite the wrong thing to do,"
721,"I wanted Clotilde Bradbury-Scott to come in. I wanted to see what she would say or do. I thought it was almost certain that she would come in when sufficient time had elapsed, to make sure that I had drunk the milk, and was in an unconscious sleep from which presumably I would not have woken up again."
722,"No. It was a complete surprise when she came out of that suddenly. I suppose,"
723,I suppose she slipped in there just when I had gone down the passage to the—er—to the bathroom.
724,"I thought they would be at hand somewhere after theyd given me the whistle. I do not think it was a difficult house to which to gain access, there were no shuttered windows or burglar alarms or anything of that kind. One of them came back on the pretext of having left a handbag and a scarf. Between them they probably managed to leave a window unfastened, and I should imagine they came back into the house almost as soon as they left it, while the inhabitants inside were going up to bed."
725,One cannot go through life without attracting certain risks if they are necessary.
726,"Your tip about the parcel dispatched to that charity, by the way, was entirely successful. It contained a brand new brightly coloured mans polo-necked jumper in scarlet and black checks. Most noticeable. What made you think of that?"
727,When did you first begin to discover what had happened ten years ago?
728,"Ah, you have remembered that. No, I did not think there was any definite atmosphere of evil. I was not told who my contact was there, but she made herself known to me."
729,"Yes. I had no idea then of his existence. But from then on I felt that the chief characters—the chief actors—in the drama, whichever way you like to put it, were not on the tour. They were not members of the coach party. I hesitated just for a short time, hesitated over some particular persons. I hesitated, considering Joanna Crawford and Emlyn Price."
730,"Because youth is so often associated with suicide, with violence, with intense jealousy and tragic love. A man kills his girl—it happens. Yes, my mind went to them but it did not seem to me there was any association there. No shadow of evil, of despair, of misery. I used the idea of them later as a kind of false pointer when we were drinking sherry at The Old Manor House that last evening. I pointed out how they could be the most easy suspects in the death of Elizabeth Temple. When I see them again,"
731,I shall apologize to them for having used them as useful characters to distract attention from my real ideas.
732,And the next thing was the death of Elizabeth Temple?
733,"Actually the next thing was my arrival at The Old Manor House. The kindness of my reception and taking up my stay there under their hospitable roof. That again had been arranged by Mr. Rafiel. So I knew that I must go there, but not for what reason I was to go there. It might be merely a place where more information would come to me to lead me onwards in my quest. I am sorry,"
734,I am talking at much too great a length. I really must not inflict on you all that I thought and….
735,You may not know it but what you are telling me is particularly interesting to me. It ties up with so much I have known and seen in the work I do. Go on giving me what you felt.
736,"It wasnt really, you know, logical deduction. It was based on a kind of emotional reaction or susceptibility to—well, I can only call it atmosphere."
737,Malignant evil is like cancer—a malignant tumour. It brings suffering.
738,"I suppose you have been told what happened that night,"
739,You sound sorrier for her than you were for the girl who died.
740,"It will take a little getting used to, I expect,"
741,"Its been very kind of you, Im sure, to take so much trouble."
742,"Well, Im glad to have met you. Good-bye. I hope youve got a very good time coming to you. Our country is in rather a bad way just now, but youll probably find some job or other that you might quite enjoy doing."
743,"No, you are right, I do not want it. All that life is gone—shes gone—I cant keep her with me. Anything I do now has got to be new—going forward. You—"
744,I understand—I think you are right. I wish you good luck in the life you are now going to begin.
745,not an enthusiastic young man. He could have thanked you a bit more enthusiastically for what you did for him.
746,"I didnt expect him to do so. It would have embarrassed him even more. It is, you know,"
747,"I dont know that hed be able to help himself unless—of course,"
748,"Oh I know. Yes, weve heard already. Weve heard from Professor Wanstead and from the legal department and from the police authorities. Yes, its been a splendid job, Miss Marple. We congratulate you."
749,"that I would not be able to do what was required of me. It seemed so very difficult, almost impossible at first."
750,"Yes indeed. It seems quite impossible to me. I dont know how you did it, Miss Marple."
751,Now about the sum of money we are holding. Its at your disposal at any time now. I dont know whether you would like us to pay it into your bank or whether you would like to consult us possibly as to the investment of it? Its quite a large sum.
752,"Yes, it is a very large sum by my way of thinking. Quite extraordinary,"
753,I mean the point of this money—Im sure Mr. Rafiel meant it that way—is to enjoy a few things that one thought one never would have the money to enjoy.
754,Then your instructions would be that we pay this sum of money into your bank?
755,"You have a deposit account, I expect. We will place it to your deposit account?"
756,"The only thing I shall want for a rainy day will be my umbrella,"
757,"Thank you so much, Mr. Broadribb. And you too, Mr. Schuster. Youve been so kind to me, giving me all the information I needed."
758,You really want that money put into your current account?
759,"Im going to spend it, you know. Im going to have some fun with it."
760,"Thats what Rafiel called her. Nemesis. Never seen anybody less like Nemesis, have you?"
761,"I have lived in Hell. I hope, at least, that I may expiate my crime by dying honourably."
762,"You see the point? The pen was filled with what is commonly known as Evanescent Ink—a solution of starch in water to which a few drops of iodine has been added. This makes a deep blue-black fluid, but the writing disappears entirely in four or five days."
763,"I think he said pile. But there, I really cant be sure—its so hard to remember the actual words, isnt it, Miss, especially when they dont seem to make sense. But now I come to think of it, I am pretty sure that it was a pile, and the fish began with C; but it wasnt a cod or a crayfish."
764,"I understand, Madam, that you were present when the body of the deceased was found?"
765,"Mrs. Price Ridley, Miss Wetherby, Miss Hartnell, and that terrible Miss Marple."
766,I think married ones are the worst. Remember poor Mollie Carter.
767,that Miss Cram may just like having an interesting job? And that she considers Dr. Stone just as an employer?
768,you are very young. The young have such innocent minds.
769,Do you really think she wants to marry that baldheaded dull man?
770,"Rather a violent temper, Im afraid. He had quite a serious quarrel with Colonel Protheroe the other day."
771,"Very like Colonel Protheroe, but I dont know about it being absurd,"
772,"You remember the woman who came down here and said she represented Welfare, and after taking subscriptions she was never heard of again and proved to having nothing whatever to do with Welfare. One is so inclined to be trusting and take people at their own valuation."
773,"Theres been some fuss about that young artist, Mr. Redding, hasnt there?"
774,Colonel Protheroe turned him out of the house. It appears he was painting Lettice in her bathing dress.
775,Yes. I saw her pass through the garden and go round to the study window.
776,"Her husband was a missionary. Terrible story. He was eaten, you know. Actually eaten. And she was forced to become the chiefs head wife. Dr. Haydock was with an expedition and rescued her."
777,"I wonder if there is anything between young Lawrence Redding and Lettice Protheroe,"
778,"It certainly looks like it. What do you think, Miss Marple?"
779,"He has always struck me as rather a stupid man,"
780,The kind of man who gets the wrong idea into his head and is obstinate about it. Do you remember Joe Bucknell who used to keep the Blue Boar? Such a to-do about his daughter carrying on with young Bailey. And all the time it was that minx of a wife of his.
781,"that were all inclined to let our tongues run away with us too much. Charity thinketh no evil, you know. Inestimable harm may be done by foolish wagging of tongues in ill-natured gossip."
782,"You are so unworldly. Im afraid that observing human nature for as long as I have done, one gets not to expect very much from it. I dare say the idle tittle-tattle is very wrong and unkind, but it is so often true, isnt it?"
783,"How very peculiar. One would think she would be certain to mention something casually. It almost looks, doesnt it, as though she had a reason for not speaking?"
784,"fancies himself as an amateur detective. He is very excited about a footprint he found in one of the flower beds, and I fancy has gone off to tell the police about it."
785,"Such a to-do, is it not? And Mr. Dennis thinks he knows who committed the crime. Well, I suppose we all think we know."
786,"I cant believe it even now. No, not though he has actually confessed."
787,"You say he has confessed? Oh! dear, I see I have been sadly at sea—yes, sadly at sea."
788,"Oh, but surely, dear, dear Vicar, you dont think that he is guilty?"
789,"I may be dense, but I cant see that it does. If you have not committed a murder, I cannot see the object of pretending you have."
790,"Naturally. Theres always a reason, isnt there? And young men are so hot-headed and often prone to believe the worst."
791,Its difficult to know what to think. I cant see any reason for Lawrence behaving like a perfect idiot.
792,Very curious indeed. But the note seems to me even more curious still. I mean—
793,"To creep up, shoot him, alter the clock hands back to 6:20, and leave again would have taken him all his time. I shall never forget his face when I met him outside the gate, or the way he said, You want to see Protheroe—oh, youll see him all right! That in itself ought to have made me suspicious of what had just taken place a few minutes before."
794,I dont want to give a member of your flock hysterics. So lend the weight of your soothing presence.
795,I quite understand. Wont you sit down? And might I offer you a little glass of cherry brandy? My own making. A recipe of my grandmothers.
796,"Yes, I think there was a shot somewhere in the woods. But quite five or ten minutes afterwards—and, as I say, out in the woods. At least, I think so. It couldnt have been—surely it couldnt have been—"
797,"Yes, she went inside and waited. Presently Mr. Redding came along the lane from the village. He came to the Vicarage gate, looked all round—"
798,"Because, you see, just at that minute I was bending right over—trying to get up one of those nasty dandelions, you know. So difficult. And then he went through the gate and down to the studio."
799,"You must have very good eyesight, Miss Marple, if you can observe as far as that."
800,"A golden crested wren, I think he was. A sweet little fellow. I had my glasses out, and thats how I happened to see Miss Cram (if it was Miss Cram, and I think so), join them."
801,"Now, since you seem very good at observing, did you happen to notice, Miss Marple, what sort of expression Mrs. Protheroe and Mr. Redding had as they passed along the lane?"
802,"They seemed very happy to be together, if you know what I mean."
803,Has Mrs. Protheroe been saying that she committed the crime now?
804,"I think dear Lettice thought so, too. Shes really a very sharp girl. Not always very scrupulous, Im afraid. So Anne Protheroe says she killed her husband. Well, well. I dont think its true. No, Im almost sure it isnt true. Not with a woman like Anne Protheroe. Although one never can be quite sure about anyone, can one? At least thats what Ive found. When does she say she shot him?"
805,I can swear to that. Shed no such thing with her.
806,"If a third person comes along and claims to have done this murder, I shall go into a lunatic asylum."
807,"If you were to tell Mr. Redding what Mrs. Protheroe has done and then explain that you dont really believe it is her. And then if you were to go to Mrs. Protheroe and tell her that Mr. Redding is all right—why then, they might each of them tell you the truth. And the truth is helpful, though I dare say they dont know very much themselves, poor things."
808,"Its all very well, but they are the only two people who had a motive for making away with Protheroe."
809,"That wouldnt be right. But Im afraid theres a lot of wickedness in the world. A nice honourable upright soldier like you doesnt know about these things, Colonel Melchett."
810,I really believe that wizened-up old maid thinks she knows everything there is to know. And hardly been out of this village all her life. Preposterous. What can she know of life?
811,"I suppose theres no doubt about what she says, eh?"
812,"If Miss Marple says she had no pistol with her, you can take it for granted that it is so,"
813,"I wish youd solve the case, Miss Marple, like you did the time Miss Wetherbys gill of picked shrimps disappeared. And all because it reminded you of something quite different about a sack of coals."
814,"but after all, that is a very sound way of arriving at the truth. Its really what people call intuition and make such a fuss about. Intuition is like reading a word without having to spell it out. A child cant do that because it has had so little experience. But a grown-up person knows the word because theyve seen it often before. You catch my meaning, Vicar?"
815,"Indeed I cant. There is Lettice Protheroe, I suppose, since she probably comes into money on her fathers death. But it is absurd to think of her in such a connection, and outside her I can think of nobody."
816,"Dont look at me as though I were an interesting specimen you didnt understand, Len. Dont lets get heated and wander from the point. I dont believe that it was Lawrence or Anne, and Lettice is out of the question. There must be some clue or other that would help us."
817,You will remember my saying this morning that that struck me as exceedingly peculiar.
818,"I remember comparing it with my watch. Still, as you say, that has no bearing on the present matter."
819,"My dear, I confess I wasnt thinking about it from that point of view at all. What strikes me as so curious, and has done from the first, is the subject matter of that letter."
820,Colonel Protheroe merely wrote that he couldnt wait any longer—
821,"Your maid, Mary, had already told him that you wouldnt be in till half past six at the earliest, and he appeared to be quite willing to wait until then. And yet at twenty past six he sits down and says he cant wait any longer."
822,"Yes, thats true. He wouldnt hear it. Whichever way the murderer came, he stole up behind the Colonel and shot him. Then he saw the note and the clock and the idea came to him. He put 6:20 at the top of the letter and he altered the clock to 6:22. It was a clever idea. It gave him, or so he would think, a perfect alibi."
823,"Then that shot I heard—yes, I suppose it is quite possible. And I thought nothing about it—nothing at all. Most vexing. And yet, now I try to recollect, it does seem to me that it was different from the usual sort of shot one hears. Yes, there was a difference."
824,"I believe the old ladys right. Look here, sir, dont you see?—these figures are written in different ink. That date was written with a fountain pen or Ill eat my boots!"
825,We must see if she can fix the time at all precisely. Of course it may be a stray shot that had nothing to do with the case.
826,"If you ask me, I say blackmail. Seems funny, when you think of what Colonel Protheroe was always supposed to be. But there, you never can tell. He wouldnt be the first churchwarden whod led a double life."
827,"Oh, yes, quite a number of people. Dr. Stone and Miss Cram went that way—its the nearest way to the barrow for them. That was a little after two oclock. And Dr. Stone returned that way—as you know, Mr. Redding, since he joined you and Mrs. Protheroe."
828,I believe I did hear some shots. Werent there one or two shots?
829,"Curse it all, I wish I could remember. If only Id known. You see, I was so completely taken up with—with—"
830,Not that there has ever been the slightest reason why he should be suspected of shooting poor old Protheroe.
831,"But I always find it prudent to suspect everybody just a little. What I say is, you really never know, do you?"
832,"I really cant say. You see, it was such an ordinary sound. I should be inclined to think it had been fired when we were in the studio. The sound would have been deadened and—one would have noticed it less there."
833,"She may remember. By the way, there seems to me to be one curious fact that needs explanation. Mrs. Lestrange, the Mystery Lady of St. Mary Mead, paid a visit to old Protheroe after dinner on Wednesday night. And nobody seems to have any idea what it was all about. Old Protheroe said nothing to either his wife or Lettice."
834,Hes done his best to bully the butler—but apparently the butler wasnt curious enough to listen at the door. So there it is—no one knows.
835,"I mean, somebody always does. I think that is where Mr. Redding may find out something."
836,"I meant the women servants. They do so hate telling anything to the police. But a nice looking young man—youll excuse me, Mr. Redding—and one who has been unjustly suspected—oh! Im sure theyd tell him at once."
837,Thats the point of the telephone call. Kind of alibi. Knew wed connect it with the first one. Im going to look into this. She may have bribed some village lad to do the phoning for her. Hed never think of connecting it with the murder.
838,She sent over a very incoherent note—all spidery and underlined. I couldnt read most of it. Apparently she cant leave home herself. Hurry up and go across and see her and find out what it is. Ive got my old women coming in two minutes or Id come myself. I do hate old women—they tell you about their bad legs and sometimes insist on showing them to you. What luck that the inquest is this afternoon! You wont have to go and watch the Boys Club Cricket Match.
839,"There was—er—something you wanted to see me about, I think,"
840,"I thought you would like to hear about it, though at the moment it doesnt seem to make sense. I felt very wakeful last night—wondering about all this sad business. And I got up and looked out of my window. And what do you think I saw?"
841,"As I live, going into the wood with a suitcase."
842,"Isnt it extraordinary? What should she want with a suitcase in the wood at twelve oclock at night?

You see,"
843,I dare say it has nothing to do with the murder. But it is a Peculiar Thing. And just at present we all feel we must take notice of Peculiar Things.
844,Was she going to—er—sleep in the barrow by any chance?
845,"Because quite a short time afterwards she came back, and she hadnt got the suitcase with her."
846,"That is really not a very good simile, dear Raymond,"
847,"Nothing, I believe, is so full of life under the microscope as a drop of water from a stagnant pool."
848,"You compare yourself to a denizen of a stagnant pond, Aunt Jane?"
849,"Getting born, you know, and growing up—and coming into contact with other people—getting jostled—and then marriage and more babies—"
850,"I take a great interest in all the local news,"
851,"Yet I hear you were wishing him out of the world not so long ago,"
852,My theory falls to the ground. This is probably a very ordinary murder—a revengeful poacher or something of that sort.
853,I met her in the village and I asked her if she would like to see my garden.
854,"But it makes a very useful excuse for talk, dont you think?"
855,"She volunteered a lot of information—really a lot of information,"
856,"About herself, you know, and her people. They all seem to be dead or in India. Very sad. By the way, she has gone to Old Hall for the weekend."
857,"It reminds me of the time the man went round pretending to be the Gas Inspector,"
858,"The question is, has it anything to do with the murder?"
859,What Slack says is quite true; there are no grounds for suspecting him of the murder. Everythings accounted for quite satisfactorily.
860,"Thats very definite. Colonel Protheroe had made arrangements for a man to come down from London on Monday—tomorrow—to make a full valuation. Owing to the Colonels death, the matter has been put off."
861,"A motive, yes. But thats all. You forget. When the shot was fired, Dr. Stone had just joined the others, or was climbing over the stile in order to do so."
862,"Absolute denial. And, of course, the old lady may have been mistaken. No jury would believe you could recognize anyone from that distance on a moonlit night. And, of course, as I say, the old lady may have made a mistake."
863,"It should be—logically, I admit. But I dont know whether it really is."
864,"The—what one used to call the factors at school—are the same. Theres money, and the mutual attraction people of an—er—opposite sex—and theres queerness of course—so many people are a little queer, arent they?—in fact, most people are when you know them well. And normal people do such astonishing things sometimes, and abnormal people are sometimes so very sane and ordinary. In fact, the only way is to compare people with other people you have known or come across. Youd be surprised if you knew how very few distinct types there are in all."
865,"I have been reading a lot of American detective stories from the library lately,"
866,Who do you suspect? You once said that there were seven people.
867,"I expect every one of us suspects someone different. In fact, one can see they do."
868,that is explained now. It was written at six thirty five and another hand—the murderers—put the misleading 6:20 at the top. I think that is clearly established.
869,"I must be getting back. I am very glad to have had this little chat—though we havent got very far, have we?"
870,"And Griselda steadily refuses to attempt to sack her. Her idea is that only a thoroughly undesirable maid will remain with us. However, Mary herself gave us notice the other day."
871,"But, as a matter of fact, it was Lettice Protheroe who upset her. Mary came back from the inquest in rather a temperamental state and found Lettice here and—well, they had words."
872,I thought it one of those silly remarks women will make. If there seemed one thing sure on earth it was that Protheroe had written that note.
873,"But no need to trouble. How did you know, by the way?"
874,"Actually to hospital? Oh, thats a great relief! I am so very glad to hear it. Hell be quite safe there. When you say nothing to be done, you dont mean that he wont recover?"
875,"Very interesting. Very providential—if I may use the term. Yes, it brought you here in the nick of time."
876,"Thats what he wants you to think. Oh, hes very clever! Keeping the letter and using it this way was very clever indeed."
877,He did his best to get himself accused of the murder.
878,"He took us all in that way—myself as much as anyone else. You will remember, dear Mr. Clement, that I was quite taken aback when I heard Mr. Redding had confessed to the crime. It upset all my ideas and made me think him innocent—when up to then I had felt convinced that he was guilty."
879,One should never go by what people say. The 6:50 was half an hour late that night. But at a quarter past seven I saw her with my own eyes starting for Old Hall. So it followed that she must have come by the earlier train. Indeed she was seen; but perhaps you know that?
880,And can you explain the other telephone call—the one from Mr. Reddings cottage to Mrs. Price Ridley?
881,"That is what I call the coincidence. Dear Griselda sent that call—she and Mr. Dennis between them, I fancy. They had heard the rumours Mrs. Price Ridley was circulating about the Vicar, and they thought of this (perhaps rather childish) way of silencing her. The coincidence lies in the fact that the call should have been put through at exactly the same time as the fake shot from the wood. It led one to believe that the two must be connected."
882,But you will allow me to point out that there is not a shadow of proof.
883,"It would have to be something specific. I quite realize that,"
884,"I would suggest—this is just a mere suggestion—that the warning should come from somebody who is known to have rather unusual views on these matters. Dr. Haydocks conversation would lead anyone to suppose that he might view such a thing as murder from an unusual angle. If he were to hint that somebody—Mrs. Sadler—or one of her children—had actually happened to see the transposing of the cachets—well, of course, if Mr. Redding is an innocent man, that statement will mean nothing to him, but if he isnt—"
885,"Dear me, past twelve oclock. I hope Raymond has gone to bed and not waited up."
886,"If your theory turns out to be the truth—which I for one do not doubt for a minute,"
887,"Bother! Heres Miss Marple coming. Dont let her suspect, will you? I dont want everyone offering me cushions and urging me to put my feet up. Tell her Ive gone down to the golf links. That will put her off the scent—and its quite true because I left my yellow pullover there and I want it."
888,if you were to commit a murder whether you would ever be found out.
889,I hope I could never do such a wicked thing.
