number,quote
1,"You’ve hardly aged at all. In fact, if it were possible, I should say that you had fewer grey hairs than when I saw you last."
2,You have dyed your hair!
3,"Ah, the comprehension comes to you!"
4,An enterprising murderer!
5,"Not so much enterprising as careless,"
6,"Precisely that—careless. But let us not talk of it. You know, Hastings, in many ways I regard you as my mascot."
7,Indeed?
8,"As soon as I heard you were coming over I said to myself: something will arise. As in former days we will hunt together, we two. But if so it must be no common affair. It must be something"
9,Anyone would think you were ordering a dinner at the Ritz.
10,Whereas one cannot command a crime to order? Very true.
11,"Postmarked WC1,"
12,"Well, what is your opinion?"
13,But you think there is?
14,"What can one do? I showed it to Japp. He was of the same opinion as you—a stupid hoax—that was the expression he used. They get these things every day at Scotland Yard. I, too, have had my share…."
15,But you take this one seriously?
16,"There is something about that letter, Hastings, that I do not like…."
17,"You are in error, my friend. You do not understand my meaning. A robbery would be a relief since it would dispossess my mind of the fear of something else."
18,Of what?
19,"Murder,"
20,"Quite a good advertisement for a hair tonic, he’d be. Face fungus sprouting finer than ever. Coming out into the limelight, too, in his old age. Mixed up in all the celebrated cases of the day. Train mysteries, air mysteries, high society deaths—oh, he’s here, there and everywhere. Never been so celebrated as since he retired."
21,"I have already told Hastings that I am like the prima donna who makes always one more appearance,"
22,"I shouldn’t wonder if you ended by detecting your own death,"
23,"That’s an idea, that is. Ought to be put in a book."
24,"It will be Hastings who will have to do that,"
25,"Ha ha! That would be a joke, that would,"
26,"I am relieved, I must confess,"
27,"Bless you, we get dozens of letters like that coming in every day! People with nothing better to do and a bit weak in the top storey sit down and write ’em. They don’t mean any harm! Just a kind of excitement."
28,"I have indeed been foolish to take the matter so seriously,"
29,It is the nest of the horse that I put my nose into there.
30,"You’re mixing up mares and wasps,"
31,"He does not change much, the good Japp, eh?"
32,"He looks much older,"
33,"Getting as grey as a badger,"
34,"You know, Hastings, there is a little device—my hairdresser is a man of great ingenuity—one attaches it to the scalp and brushes one’s own hair over it—it is not a wig, you comprehend—but—"
35,"Who shall the victim be—man or woman? Man, I think. Some bigwig. American millionaire. Prime Minister. Newspaper proprietor. Scene of the crime—well, what’s wrong with the good old library? Nothing like it for atmosphere. As for the weapon—well, it might be a curiously twisted dagger—or some blunt instrument—a carved stone idol—"
36,there’s poison—but that’s always so technical. Or a revolver shot echoing in the night. Then there must be a beautiful girl or two—
37,You have made there a very pretty résumé of nearly all the detective stories that have ever been written.
38,"Well,"
39,"that four people sit down to play bridge and one, the odd man out, sits in a chair by the fire. At the end of the evening the man by the fire is found dead. One of the four, while he is dummy, has gone over and killed him, and intent on the play of the hand, the other three have not noticed. Ah, there would be a crime for you! Which of the four was it?"
40,"Well,"
41,"that a second murder in a book often cheers things up. If the murder happens in the first chapter, and you have to follow up everybody’s alibi until the last page but one—well, it does get a bit tedious."
42,"’Allo,"
43,"’Allo. Yes, it is Hercule Poirot speaking."
44,He had just got back to the Yard. There was a message from Andover….
45,Andover?
46,An old woman of the name of Ascher who keeps a little tobacco and newspaper shop has been found murdered.
47,"This is the beginning,"
48,"We’ve found a man who went in and bought some tobacco at 5:30. And a second man went in and found the shop empty, as he thought, at five minutes past six. That puts the time at between 5:30 and 6:5. So far I haven’t been able to find anyone who saw this man Ascher in the neighbourhood, but, of course, it’s early as yet. He was in the Three Crowns at nine o’clock pretty far gone in drink. When we get hold of him he’ll be detained on suspicion."
49,"Not a very desirable character, inspector?"
50,Unpleasant bit of goods.
51,He didn’t live with his wife?
52,"No, they separated some years ago. Ascher’s a German. He was a waiter at one time, but he took to drink and gradually became unemployable. His wife went into service for a bit. Her last place was as cook-housekeeper to an old lady, Miss Rose. She allowed her husband so much out of her wages to keep himself, but he was always getting drunk and coming round and making scenes at the places where she was employed. That’s why she took the post with Miss Rose at The Grange. It’s three miles out of Andover, dead in the country. He couldn’t get at her there so well. When Miss Rose died, she left Mrs. Ascher a small legacy, and the woman started this tobacco and newsagent business—quite a tiny place—just cheap cigarettes and a few newspapers—that sort of thing. She just about managed to keep going. Ascher used to come round and abuse her now and again and she used to give him a bit to get rid of him. She allowed him fifteen shillings a week regular."
53,Had they any children?
54,"No. There’s a niece. She’s in service near Overton. Very superior, steady young woman."
55,What age of woman was she?
56,Close on sixty—respectable and hard-working.
57,"It is your opinion, inspector, that this man Ascher committed the crime?"
58,"That’s what Dr. Kerr says. I’m glad it was that way, poor old soul. A decent woman she was."
59,"She must have been beautiful once,"
60,Really?
61,"But yes, look at the line of the jaw, the bones, the moulding of the head."
62,"You perceive, Hastings, that we have already one further point in favour of Ascher’s innocence. If he had been abusing his wife and threatening her, she would have been facing him over the counter. Instead she had her back to her assailant—obviously she is reaching down tobacco or cigarettes for a customer."
63,"Ah! I think it is you who are Miss Mary Drower, the parlour-maid here?"
64,"They said I must come to the inquest—that’s on Monday, sir. But I’ve nowhere to go there—I couldn’t fancy being over the shop—now—and what with the housemaid being away, I didn’t want to put the mistress out more than may be."
65,"You were fond of your aunt, Mary?"
66,"Indeed I was, sir. Very good she’s been to me always, auntie has. I went to her in London when I was eleven years old, after mother died. I started in service when I was sixteen, but I usually went along to auntie’s on my day out. A lot of trouble she went through with that German fellow. ‘My old devil,’ she used to call him. He’d never let her be in peace anywhere. Sponging, cadging old beast."
67,"She’d a little in the Savings Bank, sir—enough to bury her proper, that’s what she always said. Otherwise she didn’t more than just make ends meet—what with her old devil and all."
68,At present one is in the dark—there is no direction—if things get clearer—
69,"The whole place was examined straight away, sir. There weren’t none."
70,Not on the counter itself?
71,"A long sight too many, sir! All confused and jumbled up."
72,Any of Ascher’s among them?
73,"Too soon to say, sir."
74,"Yes, sir, you go through that door at the back, sir. You’ll excuse me not coming with you, but I’ve got to stay—"
75,"Probably a wedding picture,"
76,"Regard, Hastings, did I not tell you that she had been a beautiful woman?"
77,"It would be as well if some of that gaping crowd cleared off. What is there to look at, I’d like to know?"
78,"It must have been very different last night,"
79,"Possibly you even observed the murderer enter the shop—a tall, fair man with a beard, was he not? A Russian, so I have heard."
80,"Well, I don’t get much chance of noticing, and that’s a fact. The evening’s our busy time and there’s always a fair few passing along and getting home after their work. A tall, fair man with a beard—no, I can’t say I saw anyone of that description anywhere about."
81,"Excuse me, sir,"
82,I think you have been misinformed. A short dark man I was told.
83,"To Let’ sign appeared in the windows. On the other side was a house with somewhat grimy muslin curtains.

To this house Poirot betook himself and, there being no bell, executed a series of sharp flourishes with the knocker.

The door was opened after some delay by a very dirty child with a nose that needed attention.

“Good evening,"
84,Is your mother within?
85,Ay?
86,"Your mother,"
87,"I am sure I’m sorry I spoke so sharp just now, but you’d hardly believe the worry one has to put up with—fellows coming along selling this, that and the other—vacuum cleaners, stockings, lavender bags and such-like foolery—and all so plausible and civil spoken. Got your name, too, pat they have. It’s Mrs. Fowler this, that and the other."
88,"Well, Mrs. Fowler, I hope you’re going to do what I ask."
89,"I don’t know, I’m sure."
90,"Nobody saw this man Ascher go into the shop, I believe?"
91,"Naturally he wasn’t going to show himself,"
92,"No, they don’t. And that’s another point in his favour. I’ve just told the Chief Constable that I think this is a job for Scotland Yard. I don’t believe it’s a local crime."
93,I agree with you.
94,"You know, Monsieur Poirot, it’s a nasty business—a nasty business…I don’t like it…."
95,"From Inspector Glen? What can I do for you, Mr. Poirot?"
96,Many people may have made purchases from Mrs. Ascher after I did so.
97,Certainly I did. As soon as I heard of the shocking occurrence I perceived that my statement might be helpful and came forward accordingly.
98,"A very proper spirit,"
99,Perhaps you will be so kind as to repeat your story to me.
100,"As far as I noticed, she seemed exactly as usual,"
101,"Thank you, Mr. Partridge, for answering these questions. Have you, by any chance, an A B C in the house? I want to look up my return train to London."
102,"What’s it to do with me, anyway? Told it to the blarsted police, I ’ave, and now I’ve got to spit it all out again to a couple of blarsted foreigners."
103,"In truth I sympathize with you, but what will you? It is a question of murder, is it not? One has to be very, very careful."
104,Why the hell should I? It were no business of mine.
105,"A matter of opinion,"
106,There has been a murder—the police want to know who has been in the shop—I myself think it would have—what shall I say?—looked more natural if you had come forward.
107,"Bert, Bert—don’t say such things. Bert—they’ll think—"
108,"Calm yourself, monsieur,"
109,I demand only your account of your visit. That you refuse it seems to me—what shall we say—a little odd?
110,"The crime,"
111,was committed by a man of medium height with red hair and a cast in the left eye. He limps slightly on the right foot and has a mole just below the shoulder blade.
112,"Mon ami, what will you? You fix upon me a look of dog-like devotion and demand of me a pronouncement à la Sherlock Holmes! Now for the truth—I do not know what the murderer looks like, nor where he lives, nor how to set hands upon him."
113,Not in the sense you mean.
114,In any sense?
115,"The answer to that is yes. We are confronted here by an unknown personage. He is in the dark and seeks to remain in the dark. But in the very nature of things he cannot help throwing light upon himself. In one sense we know nothing about him—in another sense we know already a good deal. I see his figure dimly taking shape—a man who prints clearly and well—who buys good-quality paper—who is at great needs to express his personality. I see him as a child possibly ignored and passed over—I see him growing up with an inward sense of inferiority—warring with a sense of injustice…I see that inner urge—to assert himself—to focus attention on himself ever becoming stronger, and events, circumstances—crushing it down—heaping, perhaps, more humiliations on him. And inwardly the match is set to the powder train…."
116,What do we do next?
117,"My energetic Hastings,"
118,"No, but what do we do?"
119,Nothing.
120,Nothing?
121,"Read,"
122,Does this mean that this fiend is going to attempt another crime?
123,Surely this crime can be prevented?
124,"As a matter of fact—my last case—I don’t know whether you read about it—the Mabel Homer case, the Muswell Hill schoolgirl, you know—that man Capper was extraordinary. Amazingly difficult to pin the crime on to him—it was his third, too! Looked as sane as you or I. But there are various tests—verbal traps, you know—quite modern, of course, there was nothing of that kind in your day. Once you can induce a man to give himself away, you’ve got him! He knows that you know and his nerve goes. He starts giving himself away right and left."
125,"Even in my day that happened sometimes,"
126,"Oh, yes?"
127,"Strangled with her own belt—a thick, knitted affair, I gather."
128,"At last we have a piece of information that is very definite. That tells one something, does it not?"
129,"Terrible shock to them, of course. I left them to recover a bit before questioning them, so you can start from the beginning there."
130,There are other members of the family—yes?
131,"There’s a sister—a typist in London. She’s been communicated with. And there’s a young man—in fact, the girl was supposed to be out with him last night, I gather."
132,There’s the café and there’s the girl’s home. I’d better go to both of them. Kelsey can come with me.
133,And Mr. Poirot?
134,"I will accompany you,"
135,What about this belt she was strangled with?
136,Mr. Poirot is inclined to think it’s a valuable clue. I expect he’d like to see it.
137,"Du tout,"
138,You misunderstood me.
139,"You’ll get nothing from that,"
140,"And this is Mr. Hercule Poirot, also from London, and er—"
141,"Captain Hastings,"
142,"Pleased to meet you, gentlemen,"
143,"Come into the snuggery. I don’t know that my poor wife’s up to seeing you. All broken up, she is."
144,"Look over it and welcome,"
145,Mademoiselle Barnard?
146,"I’ve heard of you,"
147,"You’re the fashionable private sleuth, aren’t you?"
148,"Not a pretty description—but it suffices,"
149,"Somehow, I don’t see what M. Hercule Poirot is doing in our humble little crime."
150,"Mademoiselle,"
151,What you do not see and what I do not see would probably fill a volume. But all that is of no practical importance. What is of practical importance is something that will not be easy to find.
152,"You are intelligent, mademoiselle."
153,"Will you, mademoiselle, be precise."
154,"I will help you. I heard what you said to Hastings. That your sister was a bright, happy girl with no men friends. It was—un peu—the opposite that was true, was it not?"
155,"Well,"
156,"Wait, mademoiselle. I have something to tell you. Come back."
157,"Then let us continue our conversation. I have formed the idea that this Donald Fraser has, perhaps, a violent and jealous temper, is that right?"
158,"I’m trusting you now, M. Poirot. I’m going to give you the absolute truth. Don is, as I say, a very quiet person—a bottled-up person, if you know what I mean. He can’t always express what he feels in words. But underneath it all he minds things terribly. And he’s got a jealous nature. He was always jealous of Betty. He was devoted to her—and of course she was very fond of him, but it wasn’t in Betty to be fond of one person and not notice anybody else. She wasn’t made that way. She’d got a—well, an eye for any nice-looking man who’d pass the time of day with her. And of course, working in the Ginger Cat, she was always running up against men—especially in the summer holidays. She was always very pat with her tongue and if they chaffed her she’d chaff back again. And then perhaps she’d meet them and go to the pictures or something like that. Nothing serious—never anything of that kind—but she just liked her fun. She used to say that as she’d got to settle down with Don one day she might as well have her fun now while she could."
159,I understand. Continue.
160,It was just that attitude of mind of hers that Don couldn’t understand. If she was really keen on him he couldn’t see why she wanted to go out with other people. And once or twice they had flaming big rows about it.
161,He’d commit murder—
162,"Just so. And I may say, mademoiselle, that but for the egoistical vanity of a killer, that is just what would have happened. If Donald Fraser escapes suspicion, it will be thanks to A B C’s maniacal boasting."
163,It’s Don….
164,"Bring him in here,"
165,I would like a word with him before our good inspector takes him in hand.
166,Betty Barnard was killed by a homicidal murderer. Only by speaking the exact truth can you help us to get on his track.
167,Who are you? You don’t belong to the police?
168,"I am better than the police,"
169,"I believed her when she said it. Never thought of doing anything else. Afterwards—perhaps it was something in her manner. I—I, well, I began to wonder."
170,Yes?
171,"Miss Megan Barnard and Mr. Donald Fraser,"
172,"This is Inspector Crome from London,"
173,"While you pursued your investigations upstairs I have been conversing with Miss Barnard and Mr. Fraser, endeavouring if I could to find something that will throw light upon the matter."
174,"Oh, yes?"
175,Get anything?
176,A cleft stick—eh? How many crimes do you think this—lunatic has in mind?
177,"Of course,"
178,he won’t get there. Not nearly. You’ll have him by the heels long before that. Interesting to know how he’d have dealt with the letter X.
179,"Which letter of the alphabet do you place it at, inspector?"
180,"Paranoia,"
181,"Well, you seem to be doing all that can be done, Crome,"
182,"What do you say, M. Poirot? Does any line of inquiry suggest itself to you?"
183,It seems to me that there is one very important clue—the discovery of the motive.
184,"Isn’t that pretty obvious? An alphabetical complex. Isn’t that what you called it, doctor?"
185,"Ça, oui,"
186,There is an alphabetical complex. But why an alphabetical complex? A madman in particular has always a very strong reason for the crimes he commits.
187,Look at Stoneman in 1929. He ended by trying to do away with anyone who annoyed him in the slightest degree.
188,"I see what you’re driving at, but I’m not quite clear yet."
189,"I ask myself,"
190,"what passes exactly in the mind of the murderer? He kills, it would seem from his letters, pour le sport—to amuse himself. Can that really be true? And even if it is true, on what principle does he select his victims apart from the merely alphabetical one? If he kills merely to amuse himself he would not advertise the fact, since, otherwise, he could kill with impunity. But no, he seeks, as we all agree, to make the splash in the public eye—to assert his personality. In what way has his personality been suppressed that one can connect with the two victims he has so far selected? A final suggestion: Is his motive direct personal hatred of me, of Hercule Poirot? Does he challenge me in public because I have (unknown to myself) vanquished him somewhere in the course of my career? Or is his animosity impersonal—directed against a foreigner? And if so, what again has led to that? What injury has he suffered at a foreigner’s hand?"
191,"Oh, yes? A little unanswerable at present, perhaps."
192,"Nevertheless, my friend,"
193,"it is there, in those questions, that the solution lies. If we knew the exact reason—fantastic, perhaps, to us—but logical to him—of why our madman commits these crimes, we should know, perhaps, who the next victim is likely to be."
194,He selects them haphazard—that’s my opinion.
195,"The magnanimous murderer,"
196,What’s that you say?
197,"I said—the magnanimous murderer! Franz Ascher would have been arrested for the murder of his wife—Donald Fraser might have been arrested for the murder of Betty Barnard—if it had not been for the warning letters of A B C. Is he, then, so soft-hearted that he cannot bear others to suffer for something they did not do?"
198,"It has come? Open it, Hastings. Quickly. Every moment may be needed. We must make our plans."
199,"Read it,"
200,"Vous éprouvez trop d’émotion, Hastings. It affects your hands and your wits. Is that a way to fold a coat? And regard what you have done to my pyjamas. If the hairwash breaks what will befall them?"
201,this is a matter of life and death. What does it matter what happens to our clothes?
202,No news as yet. All men available are on the lookout. All persons whose name begins with C are being warned by phone when possible. There’s just a chance. Where’s the letter?
203,No. He’s got his rules—crazy rules—and abides by them. Fair warning. He makes a point of that. That’s where his boastfulness comes in. I wonder now—I’d almost bet the chap drinks White Horse whisky.
204,"Ah, c’est ingénieux, ça!"
205,He prints the letter and the bottle is in front of him.
206,You have news—yes?
207,It’s about as bad as it can be. Sir Carmichael Clarke has been found with his head bashed in.
208,"Eh bien,"
209,It is possible that publicity may do what private efforts have failed to do. The whole country now will be looking for A B C.
210,"No, no, I do not agree with you. It’s infinitely more frightening."
211,"It should be easier to discover because it is mad. A crime committed by someone shrewd and sane would be far more complicated. Here, if one could but hit on the idea…This alphabetical business, it has discrepancies. If I could once see the idea—then everything would be clear and simple…."
212,"Quite frankly, I should have jumped to the conclusion that it was suicide,"
213,Encore!
214,What is that?
215,A fact that repeats itself. It is of no matter.
216,"Not exactly hanging about. Of course, there are a lot of people what you might call wandering about at this time of year. One often meets people strolling with an aimless look across the golf links or down the lanes to the sea. In the same way, practically everyone one sees this time of year is a stranger."
217,Looks as though he knows everything—and what does he know? Nothing at all as far as I can make out.
218,"But do not worry yourself. All this is of no importance. These imbecilities, even, may help."
219,How?
220,"Eh bien,"
221,"If our madman reads what I am supposed to have said to the Daily Blague today, he will lose all respect for me as an opponent!"
222,Alas! I have shocked you. First my inertia—and then my views.
223,"All the same,"
224,"I have one project that will please you—since it is active and not passive. Also, it will entail a lot of conversation and practically no thought."
225,"Dear Sir,—I hope you will forgive the liberty I take in writing to you. I have been thinking a lot since these awful two murders like poor auntie’s. It seems as though we’re all in the same boat, as it were. I saw the young lady’s picture in the paper, the young lady, I mean, that is the sister of the young lady that was killed at Bexhill. I made so bold as to write to her and tell her I was coming to London to get a place and asked if I could come to her or her mother as I said two heads might be better than one and I would not want much wages, but only to find out who this awful fiend is and perhaps we might get at it better if we could say what we knew something might come of it.

“The young lady wrote very nicely and said as how she worked in an office and lived in a hostel, but she suggested I might write to you and she said she’d been thinking something of the same kind as I had. And she said we were in the same trouble and we ought to stand together. So I am writing, sir, to say I am coming to London and this is my address.

“Hoping I am not troubling you, Yours respectfully,

“Mary Drower."
226,"Mary Drower,"
227,is a very intelligent girl.
228,Read this.
229,"Do not despair, mon ami,"
230,Action is about to begin.
231,I’m not satisfied.
232,"No, Mr. Clarke?"
233,"I’ve no doubt that Crome is a very efficient officer, but, frankly, he puts my back up. That air of his of knowing best! I hinted something of what I had in mind to your friend here when he was down at Churston, but I’ve had all my brother’s affairs to settle up and I haven’t been free until now. My idea is, M. Poirot, that we oughtn’t to let the grass grow under our feet—"
234,"It is necessary to go into everything, monsieur,"
235,"You are here, not to save your feelings by refusing to think of details, but if necessary to harrow them by going into the matter au fond. As I say, it was not chance that provided A B C with a victim in Betty Barnard. There must have been deliberate selection on his part—and therefore premeditation. That is to say, he must have reconnoitred the ground beforehand. There were facts of which he had informed himself—the best hour for the committing of the crime at Andover—the mise en scène at Bexhill—the habits of Sir Carmichael Clarke at Churston. Me, for one, I refuse to believe that there is no indication—no slightest hint—that might help to establish his identity.

“I make the assumption that one—or possibly all of you—knows something that they do not know they know.

“Sooner or later, by reason of your association with one another, something will come to light, will take on a significance as yet undreamed of. It is like the jig-saw puzzle—each of you may have a piece apparently without meaning, but which when reunited may show a definite portion of the picture as a whole."
236,Words!
237,What you’ve been saying. It’s just words. It doesn’t mean anything.
238,I think the principle of talking things over is always sound.
239,"The gardener watering…Going to the post? Nearly ran down a bicyclist—silly woman wobbling and shouting to a friend. That’s all, I’m afraid."
240,"I did correspondence with Sir Carmichael in the morning—saw the housekeeper. I wrote letters and did needlework in the afternoon, I fancy. It is difficult to remember. It was quite an ordinary day. I went to bed early."
241,Miss Barnard—can you bring back your remembrances of the last time you saw your sister?
242,"She didn’t mention any man—forgive me, Mr. Fraser—she might be meeting?"
243,"She wouldn’t to me,"
244,"I think that when the moment comes—that is, when the fourth letter arrives—we ought to join forces. Until then, perhaps we might each try our luck on our own. I don’t know whether there are any points M. Poirot thinks might repay investigation?"
245,"I could make some suggestions,"
246,Good. I’ll take them down.
247,"Go ahead, M. Poirot. A—?"
248,Shall I try my hand?
249,"Tout de même, I do not think there is much you can do down there for the present,"
250,"Mademoiselle Grey now, she is far more fitted—"
251,"Miss Grey very kindly stayed on to help me clear up things,"
252,Good. I’ll let nurse know and she’ll arrange the dope accordingly.
253,"For you, my child,"
254,I think you might perhaps do good work in Andover. Try the children.
255,What about Miss Grey and myself?
256,"That is, if I’m not to go to Bexhill."
257,what was the postmark on the third letter?
258,"Putney, mademoiselle."
259,"On the face of it, yes."
260,"One ought to be able to draw him,"
261,"I think it’s very dangerous and silly,"
262,It can do no harm to try. I think myself that A B C will be too cunning to reply.
263,"The human drama, Hastings! Reflect a little minute. Here are three sets of human beings brought together by a common tragedy. Immediately a second drama commences—tout à fait à part. Do you remember my first case in England? Oh, so many years ago now. I brought together two people who loved one another—by the simple method of having one of them arrested for murder! Nothing less would have done it! In the midst of death we are in life, Hastings…Murder, I have often noticed, is a great matchmaker."
264,I’m sure none of those people was thinking of anything but—
265,"Some of the time I love a brunette,

Some of the time I love a blonde

(Who comes from Eden by way of Sweden).



“What could be more revealing? Mais je crois que la blonde l’emporte sur la brunette!"
266,"C’est tout naturel. Did you observe how Franklin Clarke was suddenly at one and in sympathy with Mademoiselle Megan? How he leaned forward and looked at her? And did you also notice how very much annoyed Mademoiselle Thora Grey was about it? And Mr. Donald Fraser, he—"
267,Your mind is incurably sentimental.
268,"That is the last thing my mind is. You are the sentimental one, Hastings."
269,"You have been very honest, mademoiselle,"
270,"It is rather a blow to me,"
271,"I had no idea Lady Clarke disliked me so much. In fact, I always thought she was rather fond of me."
272,"She is an angel, is she not? From Eden, by way of Sweden…."
273,Go to the devil!
274,I am Nurse Capstick. I got Mr. Clarke’s letter saying you were coming.
275,"This is M. Poirot whom you wanted to see,"
276,"My friend Captain Hastings, Lady Clarke."
277,"Yes—it was good of you to come. I told Franklin. He said he wouldn’t forget to tell you. I hope Franklin isn’t going to be foolish…he’s so easily taken in, in spite of having knocked about the world so much. Men are like that…They remain boys…Franklin, in particular."
278,"He has an impulsive nature,"
279,Yes—yes…And very chivalrous. Men are so foolish that way. Even Car—
280,No stranger came to the house that day.
281,Miss Grey.
282,Why did you say that Miss Grey was a liar?
283,"Because she is. She told you no strangers came to the house, didn’t she?"
284,"That’s an extraordinary story,"
285,About Miss Grey and a strange man.
286,"Perhaps it is that I like to mount you on your romantic high horse, Hastings. You are always the true knight—ready to come to the rescue of damsels in distress—good-looking damsels, bien entendu."
287,"Ah, well, one cannot be tragic all the time. More and more I interest myself in the human developments that arise out of this tragedy. It is three dramas of family life that we have there. First there is Andover—the whole tragic life of Mrs. Ascher, her struggles, her support of her German husband, the devotion of her niece. That alone would make a novel. Then you have Bexhill—the happy, easy-going father and mother, the two daughters so widely differing from each other—the pretty fluffy fool, and the intense, strong-willed Megan with her clear intelligence and her ruthless passion for truth. And the other figure—the self-controlled young Scotsman with his passionate jealousy and his worship of the dead girl. Finally you have the Churston household—the dying wife, and the husband absorbed in his collections, but with a growing tenderness and sympathy for the beautiful girl who helps him so sympathetically, and then the younger brother, vigorous, attractive, interesting, with a romantic glamour about him from his long travels.

“Realize, Hastings, that in the ordinary course of events those three separate dramas would never have touched each other. They would have pursued their course uninfluenced by each other. The permutations and combinations of life, Hastings—I never cease to be fascinated by them."
288,"I don’t know why I’ve come to you,"
289,"I know,"
290,You can’t. How can you?
291,You have come to me because there is something that you must tell to someone. You were quite right. I am the proper person. Speak!
292,You have been dreaming—?
293,"What’s the meaning of it, M. Poirot? Why does it come to me? Every night…?"
294,"Drink up your wine,"
295,"What does it mean? I—I didn’t kill her, did I?"
296,It’s come. The fourth letter.
297,He stooped…I don’t know. I hardly looked at him. He wasn’t the sort of man you’d notice….
298,"You are quite right, mademoiselle. The whole secret of the murders lies there in your description of the murderer—for without a doubt he was the murderer! ‘He wasn’t the sort of man you’d notice.’ Yes—there is no doubt about it…You have described the murderer!"
299,"Oh, a great many reasons—for one, because the red succeeds the black."
300,I speak the language of the tables. At roulette there may be a long run on the black—but in the end red must turn up. It is the mathematical laws of chance.
301,The man would just be mad!
302,"Unfortunately,"
303,"Look here, M. Poirot. You went down to Churston, I know, and saw my sister-in-law. Did she say—or hint—I mean—did she suggest at all—?"
304,"It’s about Thora—Miss Grey,"
305,"And women, even the best of them, are a bit catty about other women. Of course, Thora was invaluable to my brother—he always said she was the best secretary he ever had—and he was very fond of her, too. But it was all perfectly straight and aboveboard. I mean, Thora isn’t the sort of girl—"
306,No?
307,"But my sister-in-law got it into her head to be—well—jealous, I suppose. Not that she ever showed anything. But after Car’s death, when there was a question of Miss Grey staying on—well, Charlotte cut up rough. Of course, it’s partly the illness and the morphia and all that—Nurse Capstick says so—she says we mustn’t blame Charlotte for getting these ideas into her head—"
308,"I know. That’s what I keep saying to myself. One mustn’t judge her. All the same, I thought I’d show you this. I don’t want you to get a false impression of Thora from anything Lady Clarke may have said."
309,"I can assure you,"
310,that I never permit myself to get false impressions from anything anyone tells me. I form my own judgments.
311,"A B C down on the floor between the dead man’s feet,"
312,Has the dead man been identified?
313,Yes. A B C’s slipped up for once—if that’s any satisfaction to us. Deceased’s a man called Earlsfield—George Earlsfield. Barber by profession.
314,"Curious,"
315,"May have skipped a letter,"
316,"Yes, sir. Your Inspector Rice has made arrangements. The house will be watched."
317,"You think,"
318,that when A B C finds out his mistake he might try again?
319,We’re as much in the dark as ever.
320,"It may come,"
321,"Think so? Well, it’s possible. Damn it all, hasn’t anyone got eyes in their head?"
322,"Have patience,"
323,"You seem very confident, M. Poirot. Got any reason for this optimism?"
324,"Stockings, sir. Silk stockings."
325,Your hunch was right.
326,"I went to the address given me by Hartigan, but found that Cust had left the house about half an hour previously. He received a telephone message, I’m told. First time such a thing had happened to him, so his landlady told me."
327,An accomplice?
328,"Hardly,"
329,It is odd that—unless—
330,"It would be the act of an imbecile to bring that back with him,"
331,"After all, he’s not a reasonable human being,"
332,"But, my dear fellow, the man’s crazy,"
333,"He’s quite right. There’s got to be some definite obsession. I think we’ll find the root of the matter in an intensified inferiority complex. There may be a persecution mania, too, and if so he may possibly associate M. Poirot with it. He may have the delusion that M. Poirot is a detective employed on purpose to hunt him down."
334,"That’s the jargon that’s talked nowadays. In my day if a man was mad he was mad and we didn’t look about for scientific terms to soften it down. I suppose a thoroughly up-to-date doctor would suggest putting a man like A B C in a nursing home, telling him what a fine fellow he was for forty-five days on end and then letting him out as a responsible member of society."
335,Hercule Poirot. I wonder if he knows….
336,"However, I’m against the theory that Cust committed these crimes without knowing he’d done them. You might put that theory forward if it weren’t for the letters. The letters knock the theory on the head. They show premeditation and a careful planning of the crime."
337,"And of the letters we have still no explanation,"
338,That interests you?
339,"Naturally—since they were written to me. And on the subject of the letters Cust is persistently dumb. Until I get at the reason for those letters being written to me, I shall not feel that the case is solved."
340,Does this alibi worry you?
341,"It does a little,"
342,"Mind you, I don’t believe in it, because I know it isn’t true. But it is going to be the deuce to break it. This man Strange is a tough character."
343,"The type of man who would not like to admit he was mistaken,"
344,"He sticks to his story and he’s not one to be heckled. He swears by all that’s blue that he picked up Cust in the Whitecross Hotel at Eastbourne on the evening of July 24th. He was lonely and wanted someone to talk to. As far as I can see, Cust made an ideal listener. He didn’t interrupt! After dinner he and Cust played dominoes. It appears Strange was a whale on dominoes and to his surprise Cust was pretty hot stuff too. Queer game, dominoes. People go mad about it. They’ll play for hours. That’s what Strange and Cust did apparently. Cust wanted to go to bed but Strange wouldn’t hear of it—swore they’d keep it up until midnight at least. And that’s what they did do. They separated at ten minutes past midnight. And if Cust was in the Whitecross Hotel at Eastbourne at ten minutes past midnight on the morning of the 25th he couldn’t very well be strangling Betty Barnard on the beach at Bexhill between midnight and one o’clock."
345,"The problem certainly seems insuperable,"
346,"Decidedly, it gives one to think."
347,"It’s given Crome something to think about,"
348,"Yes. He’s an obstinate devil. And it’s difficult to see just where the flaw is. Supposing Strange is making a mistake and the man wasn’t Cust—why on earth should he say his name is Cust? And the writing in the hotel register is his all right. You can’t say he’s an accomplice—homicidal lunatics don’t have accomplices! Did the girl die later? The doctor was quite firm in his evidence, and anyway it would take some time for Cust to get out of the hotel at Eastbourne without being seen and get over to Bexhill—about fourteen miles away—"
349,"It is a problem—yes,"
350,"Of course, strictly speaking, it oughtn’t to matter. We’ve got Cust on the Doncaster murder—the bloodstained coat, the knife—not a loophole there. You couldn’t bounce any jury into acquitting him. But it spoils a pretty case. He did the Doncaster murder. He did the Churston murder. He did the Andover murder. Then, by hell, he must have done the Bexhill murder. But I don’t see how!"
351,Crome’s in a fog. Exert those cellular arrangements of yours I used to hear so much about. Show us the way he did it.
352,"What about it, Poirot?"
353,Are the little grey cells equal to the task?
354,"Tell me, Hastings, do you consider the case ended?"
355,My good genius.
356,"Not at the moment. I require first a little more information. That I can get from our Special Legion. And then—then, when I have got the answer to a certain question, I will go and see A B C. We will be face to face at last—A B C and Hercule Poirot—the adversaries."
357,And then?
358,"And then,"
359,"We will talk! Je vous assure, Hastings—there is nothing so dangerous for anyone who has something to hide as conversation! Speech, so a wise old Frenchman said to me once, is an invention of man’s to prevent him from thinking. It is also an infallible means of discovering that which he wishes to hide. A human being, Hastings, cannot resist the opportunity to reveal himself and express his personality which conversation gives him. Every time he will give himself away."
360,What do you expect Cust to tell you?
361,"And by it, I shall know the truth!"
362,"Voilà,"
363,"I have finished in Bexhill. Presently I go to Eastbourne. One little inquiry there—that is all. Unnecessary for you all to accompany me. In the meantime come back to the hotel and let us have a cocktail. That Carlton tea, it was abominable!"
364,"Bon,"
365,Let us begin—
366,"I’m ready,"
367,"Ah, but ladies first—this time it would not be the politeness. We will start elsewhere."
368,you may not want the truth but—ma foi—you can speak it!
369,I am Hercule Poirot….
370,I never wrote to you. Those letters weren’t written by me. I’ve said so again and again.
371,"I know,"
372,"But if you did not write them, who did?"
373,An enemy. I must have an enemy. They are all against me. The police—everyone—all against me. It’s a gigantic conspiracy.
374,Everyone’s hand has been against me—always.
375,"I know what you mean,"
376,Go on.
377,It was just the feeling that everybody else thought me stupid. Very paralyzing. It was the same thing later in the office.
378,And later still in the war?
379,"I enjoyed the war. What I had of it, that was. I felt, for the first time, a man like anybody else. We were all in the same box. I was as good as anyone else."
380,"And then I got that wound on the head. Very slight. But they found out I had fits…I’d always known, of course, that there were times when I hadn’t been quite sure what I was doing. Lapses, you know. And of course, once or twice I’d fallen down. But I don’t really think they ought to have discharged me for that. No, I don’t think it was right."
381,And afterwards?
382,"I got a place as a clerk. Of course there was good money to be got just then. And I didn’t do so badly after the war. Of course, a smaller salary…And—I didn’t seem to get on. I was always being passed over for promotion. I wasn’t go-ahead enough. It grew very difficult—really very difficult…. Especially when the slump came. To tell you the truth, I’d got hardly enough to keep body and soul together (and you’ve got to look presentable as a clerk) when I got the offer of this stocking job. A salary and commission!"
383,"But you are aware, are you not, that the firm whom you say employed you deny the fact?"
384,"I’m perfectly innocent! It’s all a mistake. Why, look at that second crime—that Bexhill one. I was playing dominoes at Eastbourne. You’ve got to admit that!"
385,"Yes,"
386,"But it’s so easy, isn’t it, to make a mistake of one day? And if you’re an obstinate, positive man, like Mr. Strange, you’ll never consider the possibility of having been mistaken. What you’ve said you’ll stick to…He’s that kind of man. And the hotel register—it’s very easy to put down the wrong date when you’re signing it—probably no one will notice it at the time."
387,"I remember one man—I’ve never forgotten him because of something he told me—we just got talking over a cup of coffee, and we started dominoes. Well, I felt after twenty minutes that I’d known that man all my life."
388,What was it that he told you?
389,"It gave me a turn—a nasty turn. Talking of your fate being written in your hand, he was. And he showed me his hand and the lines that showed he’d have two near escapes of being drowned—and he had had two near escapes. And then he looked at mine and he told me some amazing things. Said I was going to be one of the most celebrated men in England before I died. Said the whole country would be talking about me. But he said—he said…."
390,"No,"
391,"I have been worried over the why of this case. Hastings said to me the other day that the case was ended. I replied to him that the case was the man! The mystery was not the mystery of the murders, but the mystery of A B C. Why did he find it necessary to commit these murders? Why did he select me as his adversary?

“It is no answer to say that the man was mentally unhinged. To say a man does mad things because he is mad is merely unintelligent and stupid. A madman is as logical and reasoned in his actions as a sane man—given his peculiar biased point of view. For example, if a man insists on going out and squatting about in nothing but a loin cloth his conduct seems eccentric in the extreme. But once you know that the man himself is firmly convinced that he is Mahatma Gandhi, then his conduct becomes perfectly reasonable and logical.

“What was necessary in this case was to imagine a mind so constituted that it was logical and reasonable to commit four or more murders and to announce them beforehand by letters written to Hercule Poirot.

“My friend Hastings will tell you that from the moment I received the first letter I was upset and disturbed. It seemed to me at once that there was something very wrong about the letter."
392,Isn’t there such a thing as—as a blood lust?
393,"You are quite right, mademoiselle. There is such a thing. The lust to kill. But that did not quite fit the facts of the case. A homicidal maniac who desires to kill usually desires to kill as many victims as possible. It is a recurring craving. The great idea of such a killer is to hide his tracks—not to advertise them. When we consider the four victims selected—or at any rate three of them (for I know very little of Mr. Downes or Mr. Earlsfield), we realize that if he had chosen, the murderer could have done away with them without incurring any suspicion. Franz Ascher, Donald Fraser or Megan Barnard, possibly Mr. Clarke—those are the people the police would have suspected even if they had been unable to get direct proof. An unknown homicidal murderer would not have been thought of! Why, then, did the murderer feel it necessary to call attention to himself? Was it the necessity of leaving on each body a copy of an A B C railway guide? Was that the compulsion? Was there some complex connected with the railway guide?

“I found it quite inconceivable at this point to enter into the mind of the murderer. Surely it could not be magnanimity? A horror of responsibility for the crime being fastened on an innocent person?

“Although I could not answer the main question, certain things I did feel I was learning about the murderer."
394,"Be quiet, mademoiselle. I am for the truth, I am! I have done with lies. Supposing, I say, that A B C did not commit the second crime. It took place, remember, in the early hours of the 25th—the day he had arrived for the crime. Supposing someone had forestalled him? What in those circumstances would he do? Commit a second murder, or lie low and accept the first as a kind of macabre present?"
395,That’s a fantastic thought! All the crimes must have been committed by the same person!
396,You are quite wrong. He admits the fact.
397,What?
398,"Oh, yes,"
399,I had no sooner spoken to him than I was aware that Cust believed himself to be guilty.
400,"No. Because as soon as I saw him I also knew that he could not be guilty! He has neither the nerve nor the daring—nor, I may add, the brains to plan! All along I have been aware of the dual personality of the murderer. Now I see wherein it consisted. Two people were involved—the real murderer, cunning, resourceful and daring—and the pseudo murderer, stupid, vacillating and suggestible.

“Suggestible—it is in that word that the mystery of Mr. Cust consists! It was not enough for you, Mr. Clarke, to devise this plan of a series to distract attention from a single crime. You had also to have a stalking horse.

“I think the idea first originated in your mind as the result of a chance encounter in a city coffee den with this odd personality with his bombastic Christian names. You were at that time turning over in your mind various plans for the murder of your brother."
401,"Because you were seriously alarmed for the future. I do not know whether you realize it, Mr. Clarke, but you played into my hands when you showed me a certain letter written to you by your brother. In it he displayed very clearly his affection and absorption in Miss Thora Grey. His regard may have been a paternal one—or he may have preferred to think it so. Nevertheless, there was a very real danger that on the death of your sister-in-law he might, in his loneliness, turn to this beautiful girl for sympathy and comfort and it might end—as so often happens with elderly men—in his marrying her. Your fear was increased by your knowledge of Miss Grey. You are, I fancy, an excellent, if somewhat cynical judge of character. You judged, whether correctly or not, that Miss Grey was a type of young woman ‘on the make.’ You had no doubt that she would jump at the chance of becoming Lady Clarke. Your brother was an extremely healthy and vigorous man. There might be children and your chance of inheriting your brother’s wealth would vanish.

“You have been, I fancy, in essence a disappointed man all your life. You have been the rolling stone—and you have gathered very little moss. You were bitterly jealous of your brother’s wealth.

“I repeat then that, turning over various schemes in your mind, your meeting with Mr. Cust gave you an idea. His bombastic Christian names, his account of his epileptic seizures and of his headaches, his whole shrinking and insignificant personality, struck you as fitting him for the tool you wanted. The whole alphabetical plan sprang into your mind—Cust’s initials—the fact that your brother’s name began with a C and that he lived at Churston were the nucleus of the scheme. You even went so far as to hint to Cust at his possible end—though you could hardly hope that that suggestion would bear the rich fruit that it did!

“Your arrangements were excellent. In Cust’s name you wrote for a large consignment of hosiery to be sent to him. You yourself sent a number of A B C’s looking like a similar parcel. You wrote to him—a typed letter purporting to be from the same firm offering him a good salary and commission. Your plans were so well laid beforehand that you typed all the letters that were sent subsequently, and then presented him with the machine on which they had been typed.

“You had now to look about for two victims whose names began with A and B respectively and who lived at places also beginning with those same letters.

“You hit on Andover as quite a likely spot and your preliminary reconnaissance there led you to select Mrs. Ascher’s shop as the scene of the first crime. Her name was written clearly over the door, and you found by experiment that she was usually alone in the shop. Her murder needed nerve, daring and reasonable luck.

“For the letter B you had to vary your tactics. Lonely women in shops might conceivably have been warned. I should imagine that you frequented a few cafés and teashops, laughing and joking with the girls there and finding out whose name began with the right letter and who would be suitable for your purpose.

“In Betty Barnard you found just the type of girl you were looking for. You took her out once or twice, explaining to her that you were a married man, and that outings must therefore take place in a somewhat hole-and-corner manner.

“Then, your preliminary plans completed, you set to work! You sent the Andover list to Cust, directing him to go there on a certain date, and you sent off the first A B C letter to me.

“On the appointed day you went to Andover—and killed Mrs. Ascher—without anything occurring to damage your plans.

“Murder No. 1 was successfully accomplished.

“For the second murder, you took the precaution of committing it, in reality, the day before. I am fairly certain that Betty Barnard was killed well before midnight on the 24th July.

“We now come to murder No. 3—the important—in fact, the real murder from your point of view.

“And here a full meed of praise is due to Hastings, who made a simple and obvious remark to which no attention was paid.

“He suggested that the third letter went astray intentionally!

“And he was right!…

“In that one simple fact lies the answer to the question that has puzzled me so all along. Why were the letters addressed in the first place to Hercule Poirot, a private detective, and not to the police?

“Erroneously I imagined some personal reason.

“Not at all! The letters were sent to me because the essence of your plan was that one of them should be wrongly addressed and go astray—but you cannot arrange for a letter addressed to the Criminal Investigation Department of Scotland Yard to go astray! It is necessary to have a private address. You chose me as a fairly well-known person, and a person who was sure to take the letters to the police—and also, in your rather insular mind, you enjoyed scoring off a foreigner.

“You addressed your envelope very cleverly—Whitehaven—Whitehorse—quite a natural slip. Only Hastings was sufficiently perspicacious to disregard subtleties and go straight for the obvious!

“Of course the letter was meant to go astray! The police were to be set on the trail only when the murder was safely over. Your brother’s nightly walk provided you with the opportunity. And so successfully had the A B C terror taken hold on the public mind that the possibility of your guilt never occurred to anyone.

“After the death of your brother, of course, your object was accomplished. You had no wish to commit any more murders. On the other hand, if the murders stopped without reason, a suspicion of the truth might come to someone.

“Your stalking horse, Mr. Cust, had so successfully lived up to his role of the invisible—because insignificant—man, that so far no one had noticed that the same person had been seen in the vicinity of the three murders! To your annoyance, even his visit to Combeside had not been mentioned. The matter had passed completely out of Miss Grey’s head.

“Always daring, you decided that one more murder must take place but this time the trail must be well blazed.

“You selected Doncaster for the scene of operations.

“Your plan was very simple. You yourself would be on the scene in the nature of things. Mr. Cust would be ordered to Doncaster by his firm. Your plan was to follow him round and trust to opportunity. Everything fell out well. Mr. Cust went to a cinema. That was simplicity itself. You sat a few seats away from him. When he got up to go, you did the same. You pretended to stumble, leaned over and stabbed a dozing man in the row in front, slid the A B C on to his knees and managed to collide heavily with Mr. Cust in the darkened doorway, wiping the knife on his sleeve and slipping it into his pocket.

“You were not in the least at pains to choose a victim whose name began with D. Anyone would do! You assumed—and quite rightly—that it would be considered to be a mistake. There was sure to be someone whose name began with D not far off in the audience. It would be assumed that he had been intended to be the victim.

“And now, my friends, let us consider the matter from the point of view of the false A B C—from the point of view of Mr. Cust.

“The Andover crime means nothing to him. He is shocked and surprised by the Bexhill crime—why, he himself was there about the time! Then comes the Churston crime and the headlines in the newspapers. An A B C crime at Andover when he was there, an A B C crime at Bexhill, and now another close by…Three crimes and he has been at the scene of each of them. Persons suffering from epilepsy often have blanks when they cannot remember what they have done…Remember that Cust was a nervous, highly neurotic subject and extremely suggestible.

“Then he receives the order to go to Doncaster.

“Doncaster! And the next A B C crime is to be in Doncaster. He must have felt as though it was fate. He loses his nerve, fancies his landlady is looking at him suspiciously, and tells her he is going to Cheltenham.

“He goes to Doncaster because it is his duty. In the afternoon he goes to a cinema. Possibly he dozes off for a minute or two.

“Imagine his feelings when on his return to his inn he discovers that there is blood on his coat sleeve and a blood-stained knife in his pocket. All his vague forebodings leap into certainty.

“He—he himself—is the killer! He remembers his headaches—his lapses of memory. He is quite sure of the truth—he, Alexander Bonaparte Cust, is a homicidal lunatic.

“His conduct after that is the conduct of a hunted animal. He gets back to his lodgings in London. He is safe there—known. They think he has been in Cheltenham. He has the knife with him still—a thoroughly stupid thing to do, of course. He hides it behind the hall stand.

“Then, one day, he is warned that the police are coming. It is the end! They know!

“The hunted animal does his last run….

“I don’t know why he went to Andover—a morbid desire, I think, to go and look at the place where the crime was committed—the crime he committed though he can remember nothing about it….

“He has no money left—he is worn out…his feet lead him of his own accord to the police station.

“But even a cornered beast will fight. Mr. Cust fully believes that he did the murders but he sticks strongly to his plea of innocence. And he holds with desperation to that alibi for the second murder. At least that cannot be laid to his door.

“As I say, when I saw him, I knew at once that he was not the murderer and that my name meant nothing to him. I knew, too, that he thought himself the murderer!

“After he had confessed his guilt to me, I knew more strongly than ever that my own theory was right."
402,"Your theory,"
403,"No, Mr. Clarke. You were safe enough so long as no one suspected you. Once you were suspected proofs were easy to obtain."
404,"No, Mr. Clarke,"
405,"You may have noticed I had a new manservant today—a friend of mine—an expert sneak thief. He removed your pistol from your pocket, unloaded it, and returned it, all without you being aware of the fact."
406,I warn you that anything you say may be used as evidence.
407,"He has said quite enough,"
408,"You are very full of an insular superiority, but for myself I consider your crime not an English crime at all—not aboveboard—not sporting—"
409,"Your dream has a very natural explanation. It is that you find that already the image of one sister fades in your memory and that its place is taken by the other sister. Mademoiselle Megan replaces her sister in your heart, but since you cannot bear to think of yourself being unfaithful so soon to the dead, you strive to stifle the thought, to kill it! That is the explanation of the dream."
410,"Do not be afraid to forget,"
411,She was not so well worth remembering. In Mademoiselle Megan you have one in a hundred—un coeur magnifique!
412,Some of them were simplement une blague. But I learnt one thing that I wanted to know—that Franklin Clarke was in London when the first letter was posted—and also I wanted to see his face when I asked my question of Mademoiselle Thora. He was off his guard. I saw all the malice and anger in his eyes.
413,"I do not fancy you returned me a truthful answer, mademoiselle,"
414,And now your second expectation is disappointed. Franklin Clarke will not inherit his brother’s money.
415,Is there any need for me to stay here and be insulted?
416,"None whatever,"
417,"That fingerprint clinched things, Poirot,"
418,He went all to pieces when you mentioned that.
419,"Yes, they are useful—fingerprints."
420,"I put that in to please you, my friend."
421,"But, Poirot,"
422,wasn’t it true?
423,"Not in the least, mon ami,"
424,"Do you know, a newspaper has actually offered me a hundred pounds—a hundred pounds—for a brief account of my life and history—I—I really don’t know what to do about it."
425,"I should not accept a hundred,"
426,Be firm. Say five hundred is your price. And do not confine yourself to one newspaper.
427,Do you really think—that I might—
428,"You must realize,"
429,that you are a very famous man. Practically the most famous man in England today.
430,"Go ahead,"
431,"My fellows are good scouts at scouring the countryside and investigating Arab blood feuds, but frankly, Leidner, this business of your wife’s seems to me rather out of my class. The whole thing looks confoundedly fishy. I’m more than willing to have the fellow take a look at the case."
432,And suppose he refuses?
433,"He won’t refuse,"
434,"So it seems,"
435,"He? Who is he, madame?"
436,"Why, the murderer, of course."
437,"Ah! the murderer,"
438,I agree. It is an outrage—an insult—
439,"No, no,"
440,"I do not insult you. I merely ask you all to face facts. In a house where murder has been committed, every inmate comes in for a certain share of suspicion. I ask you what evidence is there that the murderer came from outside at all?"
441,Anything else would be incredible!
442,"You are doubtless correct, madame,"
443,I explain to you only how the matter must be approached. First I assure myself of the fact that everyone in this room is innocent. After that I seek the murderer elsewhere.
444,"No, I’m afraid I can’t. I was engrossed in my work, you see."
445,"Can you say or suggest anything at all that might throw light on this business? Did you, for instance, notice anything in the days preceding the murder?"
446,"I don’t. Where could anyone hide? The bedrooms are all in use and, in any case, are sparsely furnished. The darkroom, the drawing office and the laboratory were all in use the next day—so were all these rooms. There are no cupboards or corners. Perhaps, if the servants were in collusion—"
447,"That is possible, but unlikely,"
448,There is another point. The other day Nurse Leatheran here noticed you talking to a man outside. She had previously noticed that same man trying to peer in at one of the windows on the outside. It rather looks as though the man were hanging round the place deliberately.
449,"This stranger hanging about, he may be important—he may not. At any rate he must be found. Let us continue our inquiry."
450,That settles the only time he left his work?
451,"Well, I sent him up once or twice to the roof with pottery."
452,"It is hardly necessary to ask you, Mr. Emmott, whether you saw anyone enter or leave Mrs. Leidner’s room during that time?"
453,"That agrees with your estimate of the time of death, doctor?"
454,"It does,"
455,"I think we can take it,"
456,"I’m afraid I can tell you very little,"
457,"Still, I might have caught the murderer,"
458,"What time was this, mademoiselle?"
459,In the neighbourhood of half past one?
460,It must have been about that time—yes.
461,"That would fit in,"
462,"You heard nothing else—the opening or shutting of a door, for instance?"
463,"You know, M. Poirot, I think I have unintentionally misled you. On thinking it over, I do not believe that I could possibly have heard any cry uttered in Mrs. Leidner’s room from where I was. The antika room lay between me and her—and I understand her windows were found closed."
464,"In any case, do not distress yourself, mademoiselle,"
465,It is not really of much importance.
466,"No, of course not. I understand that. But you see, it is of importance to me, because I feel I might have done something."
467,"Perhaps,"
468,Nurse Leatheran will be so kind as to remain. I think her assistance will be valuable to us.
469,Bien!
470,"We are now private and undisturbed. We can speak freely. We have heard what the members of the expedition have to tell us and—But yes, ma soeur, what is it that you think?"
471,Very good. Very good. You have the mind neat and orderly. You will be of great service to me here.
472,"Yes, during her lifetime. Her father left her a considerable sum of money in trust. She could not touch the principal. At her death it was to pass to any children she might have—and failing children to the Pittstown Museum."
473,"eliminate one motive from the case. It is, you comprehend, what I look for first. Who benefits by the deceased’s death? In this case it is a museum. Had it been otherwise, had Mrs. Leidner died intestate but possessed of a considerable fortune, I should imagine that it would prove an interesting question as to who inherited the money—you—or a former husband. But there would have been this difficulty, the former husband would have had to resurrect himself in order to claim it, and I should imagine that he would then be in danger of arrest, though I hardly fancy that the death penalty would be exacted so long after the war. However, these speculations need not arise. As I say, I settle first the question of money. For the next step I proceed always to suspect the husband or wife of the deceased! In this case, in the first place, you are proved never to have gone near your wife’s room yesterday afternoon, in the second place you lose instead of gain by your wife’s death, and in the third place—"
474,Yes?
475,"In the third place,"
476,"I can, I think, appreciate devotion when I see it. I believe, Dr. Leidner, that your love for your wife was the ruling passion of your life. It is so, is it not?"
477,Yes.
478,"Therefore,"
479,we can proceed.
480,"Hear, hear, let’s get down to it,"
481,"My friend, do not be impatient. In a case like this everything must be approached with order and method. In fact, that is my rule in every case. Having disposed of certain possibilities, we now approach a very important point. It is vital that, as you say—all the cards should be on the table—there must be nothing kept back."
482,"Quite so,"
483,"Yes, indeed. I cannot think of any detail that has escaped me."
484,"You have not told me, for instance, why you installed Nurse Leatheran in the house."
485,"The human brain is capable of almost anything,"
486,Impossible! Absolutely impossible! The idea is absurd!
487,You mean to suggest that my wife’s former husband is one of the expedition and that she didn’t recognize him?
488,My staff! The members of my own expedition.
489,"And consequently considered above suspicion,"
490,A very useful point of view. Commençons! Who could emphatically not be Frederick or William?
491,"That is valuable testimony coming from an outsider,"
492,"Well, let us proceed. Under the heading of means and opportunity we have seven names. Nurse Leatheran, Miss Johnson, Mrs. Mercado, Mr. Mercado, Mr. Reiter, Mr. Emmott and Father Lavigny."
493,He is one of the Pères Blancs in Carthage.
494,"And his beard’s quite real,"
495,"Ma soeur,"
496,a murderer of the first class never wears a false beard!
497,How do you know the murderer is of the first class?
498,it must have taken quite a time to grow.
499,"That is a practical observation,"
500,But it’s ridiculous—quite ridiculous. Both he and Mercado are well-known men. They’ve been known for years.
501,"Do you mind—if I don’t—Perhaps, nurse—"
502,"Of course. Of course,"
503,"I quite understand. Never do I wish to cause you unnecessary pain. If you will be good enough to accompany me, ma soeur."
504,But I questioned him closely and it’s obvious that he didn’t actually change her position.
505,"It seems quite straightforward,"
506,"She was lying on the bed, asleep or resting—someone opens the door, she looks up, rises to her feet—"
507,"Not much blood, then?"
508,"No, the blood escaped internally into the brain."
509,"Eh bien,"
510,"that seems straightforward enough—except for one thing. If the man who entered was a stranger, why did not Mrs. Leidner cry out at once for help? If she had screamed she would have been heard. Nurse Leatheran here would have heard her, and Emmott and the boy."
511,"That’s easily answered,"
512,Because it wasn’t a stranger.
513,"Yes,"
514,"She may have been surprised to see the person—but she was not afraid. Then, as he struck, she may have uttered a half cry—too late."
515,"Yes. And after all, in view of the circumstances, it’s not fantastic. Her fear might have led her to kneel in supplication rather than to scream when her instinct would tell her it was too late—that nobody could get there in time."
516,"Yes,"
517,It is an idea. . . .
518,"It’s blood all right,"
519,"Nothing—just gooseflesh,"
520,A goose walking over my grave.
521,"Presently when we have finished here and I go back with the doctor to Hassanieh we will take you with us. You will give Nurse Leatheran tea, will you not, doctor?"
522,It is a danger—yes—a great danger—and what can one do? How can one guard against it?
523,"I was only joking! Who’d want to murder me, I should like to know?"
524,I thought you didn’t think much of that theory.
525,"Not at all. But I have some natural delicacy,"
526,"Can I discuss in the presence of Dr. Leidner the motives likely to lead to the murder of his wife by a member of the expedition? That would not have been delicate at all. I had to sustain the fiction that his wife was adorable and that everyone adored her!

“But naturally it was not like that at all. Now we can be brutal and impersonal and say what we think. We have no longer to consider people’s feelings. And that is where Nurse Leatheran is going to help us. She is, I am sure, a very good observer."
527,"To fortify yourself,"
528,"Come now,"
529,"You shall tell me, ma soeur, exactly what each member of the expedition felt towards Mrs. Leidner."
530,"Quite long enough for one of your intelligence. A nurse sums up quickly. She makes her judgments and abides by them. Come, let us make a beginning. Father Lavigny, for instance?"
531,dangerous woman.
532,"Now that is very interesting,"
533,And she—what do you think she thought of him?
534,"That’s rather difficult to say, too. It wasn’t easy to know what Mrs. Leidner thought of people. Sometimes, I fancy, he puzzled her. I remember her saying to Dr. Leidner that he was unlike any priest she had ever known."
535,"A length of hemp to be ordered for Father Lavigny,"
536,"My dear friend,"
537,"Have you not, perhaps, some patients to attend? I would not for the world detain you from your professional duties."
538,"That is better,"
539,We will have now an interesting conversation tête-à-tête. But you must not forget to eat your tea.
540,"So she mentioned Mrs. Leidner’s first marriage,"
541,Can you remember—in mentioning it—did she look at you as though she wondered whether you had heard a different version?
542,"She thought you were there for some ulterior reason apart from the declared one. What reason? And why should she be so concerned in the matter. Odd, too, the way you tell me she stared at you all through tea the day you arrived."
543,"That, ma soeur, is an excuse but not an explanation."
544,"I don’t think Miss Johnson liked Mrs. Leidner either very much. But she was quite open and aboveboard about it. She as good as admitted she was prejudiced. You see, she’s very devoted to Dr. Leidner and had worked with him for years. And of course, marriage does change things—there’s no denying it."
545,"Yes,"
546,And from Miss Johnson’s point of view it would be an unsuitable marriage. It would really have been much more suitable if Dr. Leidner had married her.
547,"But there, that’s a man all over. Not one in a hundred considers suitability. And one can’t really blame Dr. Leidner. Miss Johnson, poor soul, isn’t so much to look at. Now Mrs. Leidner was really beautiful—not young, of course—but oh! I wish you’d known her. There was something about her . . . I remember Mr. Coleman saying she was like a thingummyjig that came to lure people into marshes. That wasn’t a very good way of putting it, but—oh, well—you’ll laugh at me, but there was something about her that was—well—unearthly."
548,"She could cast a spell—yes, I understand,"
549,"Then I don’t think she and Mr. Carey got on very well either,"
550,"I quite understand. And the three young men? Coleman, you say, was inclined to be poetic about her."
551,He’s such a matter-of-fact young man.
552,And the other two?
553,I don’t really know about Mr. Emmott. He’s always so quiet and never says much. She was very nice to him always. You know—friendly—called him David and used to tease him about Miss Reilly and things like that.
554,How are you getting on with our local mystery?
555,"Not very fast, mademoiselle."
556,"Nurse Leatheran has been giving me valuable information about the various members of the expedition. Incidentally I have learnt a good deal—about the victim. And the victim, mademoiselle, is very often the clue to the mystery."
557,"It wasn’t enough for her to have her husband adore her. She had to make a fool of that long-legged shambling idiot of a Mercado. Then she got hold of Bill. Bill’s a sensible cove, but she was getting him all mazed and bewildered. Carl Reiter she just amused herself by tormenting. It was easy. He’s a sensitive boy. And she had a jolly good go at David.

“David was better sport to her because he put up a fight. He felt her charm—but he wasn’t having any. I think because he’d got sense enough to know that she didn’t really care a damn. And that’s why I hate her so. She’s not sensual. She doesn’t want affairs. It’s just cold-blooded experiment on her part and the fun of stirring people up and setting them against each other. She dabbled in that too. She’s the sort of woman who’s never had a row with anyone in her life—but rows always happen where she is! She makes them happen. She’s a kind of female Iago. She must have drama. But she doesn’t want to be involved herself. She’s always outside pulling strings—looking on—enjoying it. Oh, do you see at all what I mean?"
558,"I see, perhaps, more than you know, mademoiselle,"
559,"But I’m right about her. She was a clever woman and she was bored and she experimented—with people—like other people experiment with chemicals. She enjoyed working on poor old Johnson’s feelings and seeing her bite on the bullet and control herself like the old sport she is. She liked goading little Mercado into a white-hot frenzy. She liked flicking me on the raw—and she could do it too, every time! She liked finding out things about people and holding it over them. Oh, I don’t mean crude blackmail—I mean just letting them know that she knew—and leaving them uncertain what she meant to do about it. My God, though, that woman was an artist! There was nothing crude about her methods!"
560,And her husband?
561,"She never wanted to hurt him,"
562,I’ve never known her anything but sweet to him. I suppose she was fond of him. He’s a dear—wrapped up in his own world—his digging and his theories. And he worshipped her and thought her perfection. That might have annoyed some women. It didn’t annoy her. In a sense he lived in a fool’s paradise—and yet it wasn’t a fool’s paradise because to him she was what he thought her. Though it’s hard to reconcile that with—
563,"Go on, mademoiselle,"
564,What have you said about Richard Carey?
565,About Mr. Carey?
566,but I thought you’d like to have the local colour correct.
567,I don’t believe one word of it all!
568,That’s why you often find that the author of anonymous letters is the last person in the place to be suspected. Some quiet inoffensive little soul who apparently can’t say Bo to a goose—all sweetness and Christian meekness on the outside—and seething with all the fury of hell underneath!
569,Should you say Mrs. Leidner had any tendency to an inferiority complex?
570,"Yes, I do. But if she did, the reason arose out of her instinct to dramatize herself. Mrs. Leidner was a bit of a film star in private life! She had to be the centre of things—in the limelight. By the law of opposites she married Leidner, who’s about the most retiring and modest man I know. He adored her—but adoration by the fireside wasn’t enough for her. She had to be the persecuted heroine as well."
571,"In fact,"
572,you don’t subscribe to his theory that she wrote them and retained no memory of her act?
573,"Frankly—it’s hard to say! I didn’t know her well enough. She’d got charm—any amount of it. Brains, sympathy . . . What else? She hadn’t any of the ordinary unpleasant vices. She wasn’t sensual or lazy or even particularly vain. She was, I’ve always thought (but I’ve no proofs of it), a most accomplished liar. What I don’t know (and what I’d like to know) is whether she lied to herself or only to other people. I’m rather partial to liars myself. A woman who doesn’t lie is a woman without imagination and without sympathy. I don’t think she was really a manhunter—she just liked the sport of bringing them down ‘with my bow and arrow.’ If you get my daughter on the subject—"
574,"We have had that pleasure,"
575,"H’m,"
576,"She hasn’t wasted much time! Shoved her knife into her pretty thoroughly, I should imagine! The younger generation has no sentiment towards the dead. It’s a pity all young people are prigs! They condemn the ‘old morality’ and then proceed to set up a much more hard-and-fast code of their own. If Mrs. Leidner had had half a dozen affairs Sheila would probably have approved of her as ‘living her life fully’—or ‘obeying her blood instincts.’ What she doesn’t see is that Mrs. Leidner was acting true to type—her type. The cat is obeying its blood instinct when it plays with the mouse! It’s made that way. Men aren’t little boys to be shielded and protected. They’ve got to meet cat women—and faithful spaniel, yours-till-death adoring women, and hen-pecking nagging bird women—and all the rest of it! Life’s a battlefield—not a picnic! I’d like to see Sheila honest enough to come off her high horse and admit that she hated Mrs. Leidner for good old thorough-going personal reasons. Sheila’s about the only young girl in this place and she naturally assumes that she ought to have it all her own way with the young things in trousers. Naturally it annoys her when a woman, who in her view is middle-aged and who has already two husbands to her credit, comes along and licks her on her own ground. Sheila’s a nice child, healthy and reasonably good-looking and attractive to the other sex as she should be. But Mrs. Leidner was something out of the ordinary in that line. She’d got just that sort of calamitous magic that plays the deuce with things—a kind of Belle Dame sans Merci."
577,"That’s my opinion. She was a very handsome woman, you know, and might easily have had enemies. I think, those letters were written by some spiteful woman. Mrs. Leidner being of a nervous temperament took them seriously."
578,"She certainly did that,"
579,But remember—the last of them arrived by hand.
580,"Well, I suppose that could have been managed if anyone had given their minds to it. Women will take a lot of trouble to gratify their spite, M. Poirot."
581,"But neither David Emmott nor Coleman were on duty that afternoon. Richard Carey was in charge. Yes, perhaps she is attracted to one of the boys—but she’s such a modern unsentimental young woman that one doesn’t know quite how seriously to take her. I’m sure I don’t know which of them it is. Bill’s a nice boy, and not nearly such a fool as he pretends to be. David Emmott is a dear—and there’s a lot to him. He is the deep, quiet kind."
582,"But has this any bearing on the crime, M. Poirot?"
583,"She’s young and she’s crude, but she’s the right sort."
584,"I take your word for it, mademoiselle,"
585,Are there any other members of the staff in the house?
586,"Oh, certainly, Miss Johnson,"
587,"Enchanted, mademoiselle."
588,"Encore moi,"
589,I come today with a special object.
590,"that after an event of this kind, everyone always pretends a lot of things that never were? You know—tension, atmosphere, a ‘feeling that something was going to happen?’ I think people just make up these things afterwards."
591,"There is a lot in what you say, madame,"
592,And it really wasn’t true! We were a thoroughly happy family here.
593,"That woman is one of the most utter liars I’ve ever known,"
594,"Hardly that—hardly that. If a person tells you lies with her lips she is sometimes telling you truth with her eyes. What is she afraid of, little Madame Mercado? I saw fear in her eyes. Yes—decidedly she is afraid of something. It is very interesting."
595,The cool way she answered you this morning about these same letters!
596,"Yes,"
597,"It was interesting, that. For she let out the fact she knew all about those letters. So far they have not been spoken of in the presence of the staff. Of course, it is quite possible that Dr. Leidner told her about them yesterday. They are old friends, he and she. But if he did not—well—then it is curious and interesting, is it not?"
598,Are you going to tackle her about them?
599,"No, no, indeed. Always it is unwise to parade one’s knowledge. Until the last minute I keep everything here,"
600,You can at least tell me whether you liked or disliked her?
601,She was a charming person—most charming. And intellectual. She had a very fine brain—yes.
602,"We all do these things when we are young,"
603,"The poise, the savoir faire, it comes later."
604,"They work in two separate places, I see,"
605,Is Mr. Mercado right-handed or left-handed?
606,"Right-handed,"
607,"Curious,"
608,"I can see nothing. It was an ant, perhaps?"
609,"It was neat that, did you not think so?"
610,Neat?
611,did you do that?
612,"I was the stinging insect—yes. And very neatly I did it, too, do you not think so? You did not see me."
613,"Did you notice anything, sister?"
614,"Hypodermic marks,"
615,"So now we know something about Mr. Mercado,"
616,I suspected—but I did not know. It is always necessary to know.
617,And you don’t care how you set about it!
618,"To be perfectly honest, Mrs. Leidner and I didn’t hit it off particularly well. I don’t mean that we were in any sense of the word enemies, but we were not exactly friends. Mrs. Leidner was, perhaps, a shade jealous of my old friendship with her husband. I, for my part, although I admired her very much and thought she was an extremely attractive woman, was just a shade resentful of her influence over Leidner. As a result we were quite polite to each other, but not intimate."
619,"Admirably explained,"
620,What stories?
621,Perhaps you can guess. The usual sort of story—about you and Mrs. Leidner.
622,And you believe these stories?
623,"I am willing to be convinced—of the truth,"
624,"I doubt if you’d know the truth if you heard it,"
625,"Try me and see,"
626,I will then! You shall have the truth! I hated Louise Leidner—there’s the truth for you! I hated her like hell!
627,"Do you think he did hate her, M. Poirot?"
628,Yes—I think he did.
629,Who is she?
630,First millennium. A lady of some consequence perhaps. Skull looks rather odd—I must get Mercado to look at it. It suggests death by foul play.
631,A Mrs. Leidner of two thousand odd years ago?
632,"Perhaps,"
633,Shall we walk back to the house?
634,"That will suit me excellently,"
635,"I expect you are all glad to get back to work again,"
636,"Yes, it’s much the best thing. It’s not been any too easy loafing about the house and making conversation."
637,"Are you getting anywhere, M. Poirot?"
638,Will you help me to get somewhere?
639,"Why, naturally."
640,The hub of the case is Mrs. Leidner. I want to know about Mrs. Leidner.
641,"What did nurse think of her? Women are said to sum up other women quickly enough, and a nurse has a wide experience of types."
642,"I don’t even know if I’ve summed her up correctly. She wasn’t easy to read. She’d do a devilish thing one day, and a really fine one the next. But I think you’re about right when you say that she’s the hub of the case. That’s what she always wanted to be—at the centre of things. And she liked to get at other people—I mean, she wasn’t just satisfied with being passed the toast and the peanut butter, she wanted you to turn your mind and soul inside out for her to look at it."
643,And if one did not give her that satisfaction?
644,Then she could turn ugly!
645,"We thought someone was hurt,"
646,"A thousand pardons, mademoiselle,"
647,"The fault is mine. Father Lavigny, he explains to me some tablets, and I take one to the window to see better—and, ma foi, not looking where I was going, I steb the toe, and the pain is sharp for the moment and I cry out."
648,"No wax on it today,"
649,Wax?
650,"Yes,"
651,"But it’s ‘stubbed your toe,’ not stepped or stebbed."
652,"Ah! Thank you, ma soeur."
653,Have you ever come to any conclusion about those anonymous letters?
654,"We have not seen M. Poirot today,"
655,She said she wanted to think it over—eh? That is what signed her death warrant. If she had only spoken out—then—at once.
656,Like this?
657,Now what do I see? I see half the courtyard—and the archway—and the doors of the drawing office and the photographic room and the laboratory. Was there anyone in the courtyard?
658,What a beautiful sunrise!
659,Here’s another complication. The monk fellow is missing.
660,Father Lavigny?
661,"She didn’t,"
662,Not in the least. I puzzled and puzzled over it but I couldn’t even get a glimmering.
663,"What do you think, M. Poirot?"
664,I think you have there a possible motive.
665,For murder?
666,For murder.
667,Man with a squint? Man with a squint? There’s more in this tale of that fellow with a squint than meets the eye. I don’t know why the devil my fellows can’t lay hold of him!
668,"Probably because he hasn’t got a squint,"
669,Do you mean he faked it? Didn’t know you could fake an actual squint.
670,A squint can be a very useful thing.
671,"The devil it can! I’d give a lot to know where that fellow is now, squint or no squint!"
672,"At a guess,"
673,he has already passed the Syrian frontier.
674,"We’ve warned Tell Kotchek and Abu Kemal—all the frontier posts, in fact."
675,"It strikes me, M. Poirot, that you’ve been keeping quite a lot of things up your sleeve."
676,Not really. The truth came to me only this morning when I was watching the sunrise. A very beautiful sunrise.
677,and there was a telegram there for you—so I brought it along.
678,I’ll be quiet. But I must leave this place. Joseph and I can go in and sleep at the Rest House.
679,"Patience, madame,"
680,I will explain everything.
681,if Captain Maitland doesn’t mind my staying?
682,"Stay by all means, mademoiselle,"
683,"It is, indeed, necessary that you should."
684,"No, there seemed to be no one there but the Arab foreman."
685,You did not see Mr. Carey?
686,No.
687,"Curious,"
688,No more did M. Verrier when he went there that same afternoon.
689,"I’ve got a perfectly good explanation for what—I admit—looks a bit fishy. As a matter of fact, the day before I had slipped a jolly fine cylinder seal into my coat pocket instead of putting it in the antika room—forgot all about it. And then I discovered I’d been and lost it out of my pocket—dropped it somewhere. I didn’t want to get into a row about it so I decided I’d have a jolly good search on the quiet. I was pretty sure I’d dropped it on the way to or from the dig. I rushed over my business in Hassanieh. Sent a walad to do some of the shopping and got back early. I stuck the bus where it wouldn’t show and had a jolly good hunt for over an hour. And didn’t find the damned thing at that! Then I got into the bus and drove on to the house. Naturally, everyone thought I’d just got back."
690,And you did not undeceive them?
691,"Well, that was pretty natural under the circumstances, don’t you think?"
692,"I hardly agree,"
693,"Oh, come now—don’t go looking for trouble—that’s my motto! But you can’t fasten anything on me. I never went into the courtyard, and you can’t find anyone who’ll say I did."
694,"That, of course, has been the difficulty,"
695,"The evidence of the servants that no one entered the courtyard from outside. But it occurred to me, upon reflection, that that was really not what they had said. They had sworn that no stranger had entered the premises. They had not been asked if a member of the expedition had done so."
696,"Ah! but that raises rather an interesting question. They would notice a stranger undoubtedly—but would they have even noticed a member of the expedition? The members of the staff are passing in and out all day. The servants would hardly notice their going and coming. It is possible, I think, that either Mr. Carey or Mr. Coleman might have entered and the servants’ minds would have no remembrance of such an event."
697,Bunkum!
698,"Of the two, I think Mr. Carey was the least likely to be noticed going or coming. Mr. Coleman had started to Hassanieh in the car that morning and he would be expected to return in it. His arrival on foot would therefore be noticeable."
699,"As yet I am only taking you all on a journey—my journey towards the truth. I had now established one fact—that all the members of the expedition staff, and also Nurse Leatheran, could in actual fact have committed the murder. That there was very little likelihood of some of them having committed it was a secondary matter.

“I had examined means and opportunity. I next passed to motive. I discovered that one and all of you could be credited with a motive!"
700,"Not me! Why, I was a stranger. I’d only just come."
701,"Eh bien, ma soeur, and was not that just what Mrs. Leidner had been fearing? A stranger from outside?"
702,"My attention was immediately attracted towards Mr. and Mrs. Mercado, who were both of them clearly in a state of great agitation and unrest. I considered first Mrs. Mercado. Was she capable of murder, and if so for what reasons?

“Mrs. Mercado’s physique was frail. At first sight it did not seem possible that she could have had the physical strength to strike down a woman like Mrs. Leidner with a heavy stone implement. If, however, Mrs. Leidner had been on her knees at the time, the thing would at least be physically possible. There are ways in which one woman can induce another to go down on her knees. Oh! not emotional ways! For instance, a woman might be turning up the hem of a skirt and ask another woman to put in the pins for her. The second woman would kneel on the ground quite unsuspectingly.

“But the motive? Nurse Leatheran had told me of the angry glances she had seen Mrs. Mercado direct at Mrs. Leidner. Mr. Mercado had evidently succumbed easily to Mrs. Leidner’s spell. But I did not think the solution was to be found in mere jealousy. I was sure Mrs. Leidner was not in the least interested really in Mr. Mercado—and doubtless Mrs. Mercado was aware of the fact. She might be furious with her for the moment, but for murder there would have to be greater provocation. But Mrs. Mercado was essentially a fiercely maternal type. From the way she looked at her husband I realized, not only that she loved him, but that she would fight for him tooth and nail—and more than that—that she envisaged the possibility of having to do so. She was constantly on her guard and uneasy. The uneasiness was for him—not for herself. And when I studied Mr. Mercado I could make a fairly easy guess at what the trouble was. I took means to assure myself of the truth of my guess. Mr. Mercado was a drug addict—in an advanced stage of the craving.

“Now I need probably not tell you all that the taking of drugs over a long period has the result of considerably blunting the moral sense.

“Under the influence of drugs a man commits actions that he would not have dreamed of committing a few years earlier before he began the practice. In some cases a man has committed murder—and it has been difficult to say whether he was wholly responsible for his actions or not. The law of different countries varies slightly on that point. The chief characteristic of the drug-fiend criminal is overweening confidence in his own cleverness.

“I thought it possible that there was some discreditable incident, perhaps a criminal incident, in Mr. Mercado’s past which his wife had somehow or other succeeded in hushing up. Nevertheless his career hung on a thread. If anything of this past incident were bruited about, Mr. Mercado would be ruined. His wife was always on the watch. But there was Mrs. Leidner to be reckoned with. She had a sharp intelligence and a love of power. She might even induce the wretched man to confide in her. It would just have suited her peculiar temperament to feel she knew a secret which she could reveal at any minute with disastrous effects.

“Here, then, was a possible motive for murder on the part of the Mercados. To protect her mate, Mrs. Mercado, I felt sure, would stick at nothing! Both she and her husband had had the opportunity—during that ten minutes when the courtyard was empty."
703,"I next considered Miss Johnson. Was she capable of murder?

“I thought she was. She was a person of strong will and iron self-control. Such people are constantly repressing themselves—and one day the dam bursts! But if Miss Johnson had committed the crime it could only be for some reason connected with Dr. Leidner. If in any way she felt convinced that Mrs. Leidner was spoiling her husband’s life, then the deep unacknowledged jealousy far down in her would leap at the chance of a plausible motive and give itself full rein.

“Yes, Miss Johnson was distinctly a possibility.

“Then there were the three young men.

“First Carl Reiter. If, by any chance, one of the expedition staff was William Bosner, then Reiter was by far the most likely person. But if he was William Bosner, then he was certainly a most accomplished actor! If he were merely himself, had he any reason for murder?

“Regarded from Mrs. Leidner’s point of view, Carl Reiter was far too easy a victim for good sport. He was prepared to fall on his face and worship immediately. Mrs. Leidner despised undiscriminating adoration—and the doormat attitude nearly always brings out the worst side of a woman. In her treatment of Carl Reiter Mrs. Leidner displayed really deliberate cruelty. She inserted a gibe here—a prick there. She made the poor young man’s life a hell to him."
704,"Only if it’s to be all truth, Mr. Coleman did say once himself that he would have made a good forger."
705,"A good point,"
706,"Therefore if he had come across some of the old threatening letters, he could have copied them without difficulty."
707,"Oh, I believe you. Dr. Leidner did not leave the roof. That is an undisputed fact. But what I saw—and what Miss Johnson had seen—was that Dr. Leidner could murder his wife from the roof without leaving it."
708,"The window,"
709,"Her window! That is what I realized—just as Miss Johnson realized it. Her window was directly underneath, on the side away from the courtyard. And Dr. Leidner was alone up there with no one to witness his actions. And those heavy stone querns and grinders were up there all ready to his hand. So simple, so very simple, granted one thing—that the murderer had the opportunity to move the body before anyone else saw it . . . Oh, it is beautiful—of an unbelievable simplicity!

“Listen—it went like this:

“Dr. Leidner is on the roof working with the pottery. He calls you up, Mr. Emmott, and while he holds you in talk he notices that, as usually happens, the small boy takes advantage of your absence to leave his work and go outside the courtyard. He keeps you with him ten minutes, then he lets you go and as soon as you are down below shouting to the boy he sets his plan in operation.

“He takes from his pocket the plasticine-smeared mask with which he has already scared his wife on a former occasion and dangles it over the edge of the parapet till it taps on his wife’s window.

“That, remember, is the window giving on the countryside facing the opposite direction to the courtyard.

“Mrs. Leidner is lying on her bed half asleep. She is peaceful and happy. Suddenly the mask begins tapping on the window and attracts her attention. But it is not dusk now—it is broad daylight—there is nothing terrifying about it. She recognizes it for what it is—a crude form of trickery! She is not frightened but indignant. She does what any other woman would do in her place. Jumps off the bed, opens the window, passes her head through the bars and turns her face upward to see who is playing the trick on her.

“Dr. Leidner is waiting. He has in his hands, poised and ready, a heavy quern. At the psychological moment he drops it. . . .

“With a faint cry (heard by Miss Johnson) Mrs. Leidner collapses on the rug underneath the window.

“Now there is a hole in this quern, and through that Dr. Leidner had previously passed a cord. He has now only to haul in the cord and bring up the quern. He replaces the latter neatly, bloodstained side down, amongst the other objects of that kind on the roof.

“Then he continues his work for an hour or more till he judges the moment has come for the second act. He descends the stairs, speaks to Mr. Emmott and Nurse Leatheran, crosses the courtyard and enters his wife’s room. This is the explanation he himself gives of his movements there:

“ ‘I saw my wife’s body in a heap by the bed. For a moment or two I felt paralysed as though I couldn’t move. Then at last I went and knelt down by her and lifted up her head. I saw she was dead . . . At last I got up. I felt dazed and as though I were drunk. I managed to get to the door and call out.’

“A perfectly possible account of the actions of a grief-dazed man. Now listen to what I believe to be the truth. Dr. Leidner enters the room, hurries to the window, and, having pulled on a pair of gloves, closes and fastens it, then picks up his wife’s body and transports it to a position between the bed and the door. Then he notices a slight stain on the window-side rug. He cannot change it with the other rug, they are a different size, but he does the next best thing. He puts the stained rug in front of the washstand and the rug from the washstand under the window. If the stain is noticed, it will be connected with the washstand—not with the window—a very important point. There must be no suggestion that the window played any part in the business. Then he comes to the door and acts the part of the overcome husband, and that, I imagine, is not difficult. For he did love his wife."
710,"if he loved her, why did he kill her? Where’s the motive? Can’t you speak, Leidner? Tell him he’s mad."
711,"Did I not tell you all along that this was a crime passionnel? Why did her first husband, Frederick Bosner, threaten to kill her? Because he loved her . . . And in the end, you see, he made his boast good. . . .

“Mais oui—mais oui—once I realize that it is Dr. Leidner who did the killing, everything falls into place. . . .

“For the second time, I recommence my journey from the beginning—Mrs. Leidner’s first marriage—the threatening letters—her second marriage. The letters prevented her marrying any other man—but they did not prevent her marrying Dr. Leidner. How simple that is—if Dr. Leidner is actually Frederick Bosner.

“Once more let us start our journey—from the point of view this time of young Frederick Bosner.

“To begin with, he loves his wife Louise with an overpowering passion such as only a woman of her kind can evoke. She betrays him. He is sentenced to death. He escapes. He is involved in a railway accident but he manages to emerge with a second personality—that of a young Swedish archaeologist, Eric Leidner, whose body is badly disfigured and who will be conveniently buried as Frederick Bosner.

“What is the new Eric Leidner’s attitude to the woman who was willing to send him to his death? First and most important, he still loves her. He sets to work to build up his new life. He is a man of great ability, his profession is congenial to him and he makes a success of it. But he never forgets the ruling passion of his life. He keeps himself informed of his wife’s movements. Of one thing he is cold-bloodedly determined (remember Mrs. Leidner’s own description of him to Nurse Leatheran—gentle and kind but ruthless), she shall belong to no other man. Whenever he judges it necessary he despatches a letter. He imitates some of the peculiarities of her handwriting in case she should think of taking his letters to the police. Women who write sensational anonymous letters to themselves are such a common phenomenon that the police will be sure to jump to that solution given the likeness of the handwriting. At the same time he leaves her in doubt as to whether he is really alive or not.

“At last, after many years, he judges that the time has arrived; he reenters her life. All goes well. His wife never dreams of his real identity. He is a well-known man. The upstanding, good-looking young fellow is now a middle-aged man with a beard and stooping shoulders. And so we see history repeating itself. As before, Frederick is able to dominate Louise. For the second time she consents to marry him. And no letter comes to forbid the banns.

“But afterwards a letter does come. Why?

“I think that Dr. Leidner was taking no chances. The intimacy of marriage might awaken a memory. He wishes to impress on his wife, once and for all, that Eric Leidner and Frederick Bosner are two different people. So much so that a threatening letter comes from the former on account of the latter. The rather puerile gas poisoning business follows—arranged by Dr. Leidner, of course. Still with the same object in view.

“After that he is satisfied. No more letters need come. They can settle down to happy married life together.

“And then, after nearly two years, the letters recommence.

“Why? Eh bien, I think I know. Because the threat underlying the letters was always a genuine threat. (That is why Mrs. Leidner has always been frightened. She knew her Frederick’s gentle but ruthless nature.) If she belongs to any other man but him he would kill her. And she has given herself to Richard Carey.

“And so, having discovered this, cold-bloodedly, calmly, Dr. Leidner prepares the scene for murder.

“You see now the important part played by Nurse Leatheran? Dr. Leidner’s rather curious conduct (it puzzled me at the very first) in securing her services for his wife is explained. It was vital that a reliable professional witness should be able to state incontrovertibly that Mrs. Leidner had been dead over an hour when her body was found—that is, that she had been killed at a time when everybody could swear her husband was on the roof. A suspicion might have arisen that he had killed her when he entered the room and found the body—but that was out of the question when a trained hospital nurse would assert positively that she had already been dead an hour.

“Another thing that is explained is the curious state of tension and strain that had come over the expedition this year. I never from the first thought that that could be attributed solely to Mrs. Leidner’s influence. For several years this particular expedition had had a reputation for happy good fellowship. In my opinion, the state of mind of a community is always directly due to the influence of the man at the top. Dr. Leidner, quiet though he was, was a man of great personality. It was due to his tact, to his judgment, to his sympathetic manipulation of human beings that the atmosphere had always been such a happy one.

“If there was a change, therefore, the change must be due to the man at the top—in other words, to Dr. Leidner. It was Dr. Leidner, not Mrs. Leidner, who was responsible for the tension and uneasiness. No wonder the staff felt the change without understanding it. The kindly, genial Dr. Leidner, outwardly the same, was only playing the part of himself. The real man was an obsessed fanatic plotting to kill.

“And now we will pass on to the second murder—that of Miss Johnson. In tidying up Dr. Leidner’s papers in the office (a job she took on herself unasked, craving for something to do) she must have come on some unfinished draft of one of the anonymous letters.

“It must have been both incomprehensible and extremely upsetting to her! Dr. Leidner has been deliberately terrorizing his wife! She cannot understand it—but it upsets her badly. It is in this mood that Nurse Leatheran discovers her crying.

“I do not think at the moment that she suspected Dr. Leidner of being the murderer, but my experiments with sounds in Mrs. Leidner’s and Father Lavigny’s rooms are not lost upon her. She realizes that if it was Mrs. Leidner’s cry she heard, the window in her room must have been open, not shut. At the moment that conveys nothing vital to her, but she remembers it.

“Her mind goes on working—ferreting its way towards the truth. Perhaps she makes some reference to the letters which Dr. Leidner understands and his manner changes. She may see that he is, suddenly, afraid.

“But Dr. Leidner cannot have killed his wife! He was on the roof all the time.

“And then, one evening, as she herself is on the roof puzzling about it, the truth comes to her in a flash. Mrs. Leidner has been killed from up here, through the open window.

“It was at that minute that Nurse Leatheran found her.

“And immediately, her old affection reasserting itself, she puts up a quick camouflage. Nurse Leatheran must not guess the horrifying discovery she has just made.

“She looks deliberately in the opposite direction (towards the courtyard) and makes a remark suggested to her by Father Lavigny’s appearance as he crosses the courtyard.

“She refuses to say more. She has got to ‘think things out.’

“And Dr. Leidner, who has been watching her anxiously, realizes that she knows the truth. She is not the kind of woman to conceal her horror and distress from him.

“It is true that as yet she has not given him away—but how long can he depend upon her?

“Murder is a habit. That night he substitutes a glass of acid for her glass of water. There is just a chance she may be believed to have deliberately poisoned herself. There is even a chance she may be considered to have done the first murder and has now been overcome with remorse. To strengthen the latter idea he takes the quern from the roof and puts it under her bed.

“No wonder that poor Miss Johnson, in her death agony, could only try desperately to impart her hard-won information. Through ‘the window,’ that is how Mrs. Leidner was killed, not through the door—through the window. . . .

“And so thus, everything is explained, everything falls into place . . . Psychologically perfect.

“But there is no proof . . . No proof at all . . ."
712,there is no proof. But that does not matter. You knew that I would not deny truth . . . I have never denied truth . . . I think—really—I am rather glad . . . I’m so tired. . . .
713,"You are too amiable, Monsieur Blondin,"
714,"Yes, I am alone."
715,"Oh, well, Jules here will compose for you a little meal that will be a poem—positively a poem! Women, however charming, have this disadvantage: They distract the mind from food! You will enjoy your dinner, Monsieur Poirot; I promise you that. Now as to wine—"
716,You have grave affairs on hand?
717,I have made the economies in my time and I have now the means to enjoy the life of idleness.
718,"Ah, the sea, it does not agree with you?"
719,"Unpleasant young devil, I think. But she’s pretty enough."
720,My best friend says that I am very conceited.
721,I suppose you have something to be conceited about. Unfortunately crime doesn’t interest me in the least.
722,I am delighted to learn that you have no guilty secret to hide.
723,"So it is not fair, Mademoiselle?"
724,I don’t know what you mean.
725,"I am repeating what you said just now under your breath. Oh, yes, you did."
726,"It really seems a little too much for one person. Money, good looks, marvellous figure and—"
727,And love? Eh? And love? But you do not know—she may have been married for her money!
728,"Oh, yes, Mademoiselle. I saw all there was to see—indeed I saw something that you did not."
729,What was that?
730,"I saw, Mademoiselle, dark lines below a woman’s eyes. I saw a hand that clutched a sunshade so tight that the knuckles were white…."
731,"I mean that all is not the gold that glitters. I mean that, though this lady is rich and beautiful and beloved, there is all the same something that is not right. And I know something else."
732,Yes?
733,"I know,"
734,"that somewhere, at some time, I have heard that voice before—the voice of Monsieur Doyle—and I wish I could remember where."
735,"Bien,"
736,"I must find Mother,"
737,"Hullo, Jacqueline; we didn’t expect to see you here."
738,Quite a surprise?
739,"Let me congratulate you, Madame, on a very lovely daughter,"
740,"Rosalie? Yes, yes—she is good-looking. But she’s very hard, Monsieur Poirot. And no sympathy with illness. She always thinks she knows best. She imagines she knows more about my health than I do myself—"
741,"And you, Mademoiselle, what will you take?"
742,"At your service, Madame."
743,"You know who I am, perhaps?"
744,"And how do you propose that that should be accomplished, Madame?"
745,Well—naturally—my husband and I cannot continue being subjected to this annoyance. There must be some kind of legal redress against such a thing.
746,Has she threatened you in actual words in public? Used insulting language? Attempted any bodily harm?
747,You mean there is nothing that I can do about it?
748,"Nothing at all, as far as I can see. Mademoiselle de Bellefort is within her rights."
749,But—but it is maddening! It is intolerable that I should have to put up with this!
750,"I must sympathize with you, Madame—especially as I imagine that you have not often had to put up with things."
751,Why? But it’s maddening! Irritating to the last degree! I’ve told you why!
752,Not altogether.
753,What do you mean?
754,"Ecoutez, Madame. I will recount to you a little history. It is that one day, a month or two ago, I am dining in a restaurant in London. At the table next to me are two people, a man and a girl. They are very happy, so it seems, very much in love. They talk with confidence of the future. It is not that I listen to what is not meant for me; they are quite oblivious of who hears them and who does not. The man’s back is to me, but I can watch the girl’s face. It is very intense. She is in love—heart, soul, and body—and she is not of those who love lightly and often. With her it is clearly the life and the death. They are engaged to be married, these two; that is what I gather; and they talk of where they shall pass the days of their honeymoon. They plan to go to Egypt."
755,"That is a month or two ago, but the girl’s face—I do not forget it. I know that I shall remember if I see it again. And I remember too the man’s voice. And I think you can guess, Madame, when it is I see the one and hear the other again. It is here in Egypt. The man is on his honeymoon, yes—but he is on his honeymoon with another woman."
756,What of it? I had already mentioned the facts.
757,The facts—yes.
758,Well then?
759,"The girl in the restaurant mentioned a friend—a friend who, she was very positive, would not let her down. That friend, I think, was you, Madame."
760,You refuse to be honest with yourself.
761,Not at all.
762,"I should say, Madame, that you have had a happy life, that you have been generous and kindly in your attitude towards others."
763,What is his attitude in this?
764,He’s furious—simply furious.
765,You will—talk to her?
766,"Yes, I will do that. But it is my opinion that I shall not be able to accomplish anything."
767,But you will not act for me?
768,"No, Madame,"
769,Mademoiselle de Bellefort?
770,You permit that I speak to you for a little moment?
771,"Certainly,"
772,Then why have you come?
773,"Have you ever seen me before, Mademoiselle?"
774,I remember that evening….
775,"Since then,"
776,many things have occurred.
777,"As you say, many things have occurred."
778,You don’t understand—or you won’t. Simon is my world.
779,"Love is not everything, Mademoiselle,"
780,It is only when we are young that we think it is.
781,That is what you think—yes.
782,I know it. He loved me—he will always love me.
783,Even now?
784,I—don’t know—
785,You can’t stop me.
786,"No,"
787,I cannot stop you.
788,"Even if I were to—kill her, you couldn’t stop me."
789,"Oh, I’m not afraid of death! What have I got to live for, after all? I suppose you believe it’s very wrong to kill a person who has injured you—even if they’ve taken away everything you had in the world?"
790,"Yes, Mademoiselle. I believe it is the unforgivable offence—to kill."
791,Linnet’s been brought up to believe that every annoyance can automatically be referred to the police.
792,"It would be pleasant if such were the case,"
793,"It’s—it’s infamous that she should be victimized like this! She’s done nothing! If anyone likes to say I behaved like a cad, they’re welcome to say so! I suppose I did. But I won’t have the whole thing visited on Linnet. She had nothing whatever to do with it."
794,Did you—er—have you—talked to Jackie—Miss de Bellefort?
795,And it is like that that you felt with Mademoiselle Jacqueline?
796,Eh?
797,"Er—yes—well, yes, as a matter of fact I did. She doesn’t realize that, of course. And it’s not the sort of thing I could ever tell her. But I was feeling restless—and then I met Linnet, and she just swept me off my feet! I’d never seen anything so lovely. It was all so amazing. Everyone kowtowing to her—and then her singling out a poor chump like me."
798,"I see,"
799,Yes—I see.
800,Why can’t Jackie take it like a man?
801,I don’t believe she’ll use that—now. She might have done so earlier. But I believe it’s got past that. She’s just spiteful now—trying to take it out on us both.
802,"It’s Linnet I’m worrying about,"
803,"I quite realize that,"
804,"I’m not really afraid of Jackie doing any melodramatic shooting stuff, but this spying and following business has absolutely got Linnet on the raw. I’ll tell you the plan I’ve made, and perhaps you can suggest improvements on it. To begin with, I’ve announced fairly openly that we’re going to stay here ten days. But tomorrow the steamer Karnak starts from Shellal to Wadi Halfa. I propose to book passages on that under an assumed name. Tomorrow we’ll go on an excursion to Philae. Linnet’s maid can take the luggage. We’ll join the Karnak at Shellal. When Jackie finds we don’t come back, it will be too late—we shall be well on our way. She’ll assume we have given her the slip and gone back to Cairo. In fact I might even bribe the porter to say so. Inquiry at the tourist offices won’t help her, because our names won’t appear. How does that strike you?"
805,"No, it is not a pretty thought…."
806,"Some day, I feel, we’ve got to make a stand and fight it out. Her attitude isn’t reasonable."
807,"Reasonable, mon Dieu!"
808,"There’s no reason why women shouldn’t behave like rational beings,"
809,Quite frequently they do. That is even more upsetting!
810,"No, of course not. As a matter of fact I’d rather have gone anywhere else, but Linnet was absolutely set upon it. And so—and so—"
811,"Naturally,"
812,"But you can never be alone anywhere. Someone is always pestering you for money, or offering you donkeys, or beads, or expeditions to native villages, or duck shooting."
813,"It is the great disadvantage, that is true,"
814,"You see I’m old-fashioned. I don’t like her much. Tim and she are the greatest of friends, though."
815,"I see,"
816,"How very few young people there are out here! That pretty girl with the chestnut hair and the appalling mother in the turban is almost the only young creature in the place. You have talked to her a good deal, I notice. She interests me, that child."
817,A very simple crime—a direct shortcut to his objective. No subtlety about it.
818,Of course. The divine right of monarchy! Just a little bit of the Naboth’s vineyard touch. And the dangerous girl—Jacqueline de Bellefort—could she do a murder?
819,"Yes, I think she could."
820,Indeed? And why is that?
821,"Take the Pyramids. Great blocks of useless masonry, put up to minister to the egoism of a despotic bloated king. Think of the sweated masses who toiled to build them and died doing it. It makes me sick to think of the suffering and torture they represent."
822,I think human beings matter more than stones.
823,"But they do not endure as well,"
824,I’d rather see a well fed worker than any so-called work of art. What matters is the future—not the past.
825,"Look at—at some people’s mothers—and look at mine. There is no God but Sex, and Salome Otterbourne is its Prophet."
826,"Why not say it—to me? I am one of those who hear many things. If, as you say, you boil inside—like the jam—eh bien, let the scum come to the surface, and then one can take it off with a spoon, so."
827,How did she know we were coming on this boat?
828,How could she have known?
829,"She has brains, you know."
830,I feel as though I shall never escape from her.
831,"There is one plan you might have adopted. In fact I am surprised that it did not occur to you. After all, with you, Madame, money is no object. Why did you not engage in your own private dahabiyeh?"
832,"By the way,"
833,"Mother, you didn’t!"
834,"Good night, Mademoiselle."
835,You were surprised to find me here?
836,I was not so much surprised as sorry—very sorry….
837,"Well, you see, Cousin Marie—that’s Miss Van Schuyler—never gets up very early. She has to be very, very careful of her health. And of course she wanted Miss Bowers, that’s her hospital nurse, to do things for her. And she said, too, that this isn’t one of the best temples—but she was frightfully kind and said it would be quite all right for me to come."
838,"That was very gracious of her,"
839,"Oh, she’s very kind. It’s simply wonderful of her to bring me on this trip. I do feel I’m a lucky girl. I just could hardly believe it when she suggested to Mother that I should come too."
840,"Oh, it’s been wonderful! I’ve seen Italy—Venice and Padua and Pisa—and then Cairo—only cousin Marie wasn’t very well in Cairo, so I couldn’t get round much, and now this wonderful trip up the Wadi Halfa and back."
841,"You have the happy nature, Mademoiselle."
842,"Gosh, I’d like to scrag that dame."
843,"She is a type you dislike, eh?"
844,Dislike? I should say so. What good has that woman ever been to anyone or anything? She’s never worked or lifted a finger. She’s just battened on other people. She’s a parasite—and a damned unpleasant parasite. There are a lot of people on this boat I’d say the world could do without.
845,"Me, I work with my brains and am not ashamed of it,"
846,Ought to be shot—the lot of them!
847,"My dear young man,"
848,what a passion you have for violence!
849,Can you tell me of any good that can be done without it? You’ve got to break down and destroy before you can build up.
850,What are you?
851,"I am a detective,"
852,I am a king.
853,Good God!
854,Do you mean that girl actually totes about a dumb dick? Is she as careful of her precious skin as that?
855,"I have no connection whatever with Monsieur and Madame Doyle,"
856,I am on holiday.
857,Enjoying a vacation—eh?
858,And you? Is it not that you are on holiday also?
859,"Lunch,"
860,"Grand, isn’t it?"
861,"You know, I’m not much of a fellow for temples and sightseeing and all that, but a place like this sort of gets you, if you know what I mean. Those old Pharaohs must have been wonderful fellows."
862,"I’m no end glad we came on this trip. It’s—well, it’s cleared things up. Amazing why it should—but there it is. Linnet’s got her nerve back. She say’s it’s because shes actually faced the business at last."
863,"I think that is very probable,"
864,"She says that when she actually saw Jackie on the boat she felt terrible—and then, suddenly, it didn’t matter anymore. We’re both agreed that we won’t try to dodge her anymore. We’ll just meet her on her own ground and show her that this ridiculous stunt of hers doesn’t worry us a bit. It’s just damned bad form—that’s all. She thought she’d got us badly rattled, but now, well, we just aren’t rattled anymore. That ought to show her."
865,"Yes,"
866,"So that’s splendid, isn’t it?"
867,"Oh, yes, yes."
868,"Come back to the boat, Madame,"
869,You must have a restorative.
870,"So you make the return journey with us,"
871,"You would go faster, would you not, on the Government steamer, which travels by night as well as day?"
872,"It is, then, the passengers?"
873,One of the passengers.
874,"Now which one, I wonder?"
875,"Unfortunately I don’t know myself,"
876,There’s no need to be mysterious to you. We’ve had a good deal of trouble out here—one way and another. It isn’t the people who ostensibly lead the rioters that we’re after. It’s the men who very cleverly put the match to the gunpowder. There were three of them. One’s dead. One’s in prison. I want the third man—a man with five or six cold-blooded murders to his credit. He’s one of the cleverest paid agitators that ever existed…He’s on this boat. I know that from a passage in a letter that passed through our hands. Decoded it said: ‘X will be on the Karnak trip seventh to thirteenth.’ It didn’t say under what name X would be passing.
877,"No. American, Irish, and French descent. Bit of a mongrel. That doesn’t help us much. Have you got any ideas?"
878,"An idea—it is all very well,"
879,There passes itself something on this boat that causes me much inquietude.
880,"Figure to yourself,"
881,a person A who has grievously wronged a person B. The person B desires the revenge. The person B makes the threats.
882,Aren’t you taking rather a gloomy view?
883,"I am afraid,"
884,"Yes, I, Hercule Poirot, I’m afraid…."
885,"Pardon, Mademoiselle."
886,Mais oui—I am consumed with sleep. I can hardly keep my eyes open. It has been a day very close and oppressive.
887,"Good night, Mademoiselle."
888,Your instinct was quite correct. It’s happened.
889,What has happened?
890,Linnet Doyle’s dead—shot through the head last night.
891,"I agree. One can pretty well rule that out. Well, man, it’s up to you. This is your show."
892,I am at your disposal.
893,She was asleep; there was no struggle; the murderer crept up in the dark and shot her as she lay there.
894,Ah! non!
895,Ach! That.
896,"Well, I’m damned. What do you make of that, Poirot?"
897,So it strikes you that?
898,"Yes, yes. It is, as I say, of an astonishing simplicity! It is so familiar, is it not? It has been done so often, in the pages of the romance of crime! It is now, indeed, a little vieux jeu! It leads one to suspect that our murderer is—old-fashioned!"
899,"That—naturally,"
900,What does J stand for?
901,"J stands for Jacqueline de Bellefort, a young lady who declared to me less than a week ago that she would like nothing better than to—"
902,"If that’s so, it’s going to simplify matters very much."
903,Who discovered the crime?
904,"Mrs. Doyle’s maid, Louise Bourget. She went to call her mistress as usual, found her dead, and came out and flopped into the steward’s arms in a dead faint. He went to the manager, who came to me. I got hold of Bessner and then came for you."
905,Doyle’s got to know. You say he’s asleep still?
906,"Yes, he’s still asleep in my cabin. I gave him a strong opiate last night."
907,"I don’t think we need detain the doctor any longer, eh? Thank you, Doctor."
908,You’re the man in charge. I’ll take my orders from you. You say what’s to be done.
909,"we must hold the court of inquiry. First of all, I think we must verify the story of the affair last night. That is to say, we must question Fanthorp and Miss Robson, who were the actual witnesses of what occurred. The disappearance of the pistol is very significant."
910,"You think that this girl, Jacqueline de Bellefort, is incapable of a premeditated cold-blooded murder?"
911,"I am not sure, you see. She would have the brains—yes. But I doubt if, physically, she could bring herself to do the act…."
912,It must have been about twenty minutes past twelve. I know that it was actually half-past twelve when I finally got to my cabin.
913,"Now let me be quite sure on one or two points,"
914,"After Madame Doyle left the saloon, did any of you four leave it?"
915,Aha!
916,"Now we begin to arrive. Let us, I pray you, be very precise. Describe to me exactly what happened."
917,"I don’t see how you make that out,"
918,"Because,"
919,you have just told us that the pistol was out of sight under the settee. Therefore it is hardly credible that it was discovered by accident. It was taken by someone who knew it was there. Therefore that someone must have assisted at the scene.
920,"As far as I know, no one seems to have heard the other shot—the shot that killed Mrs. Doyle."
921,"That we will inquire into presently,"
922,"For the moment we still concern ourselves with Mademoiselle de Bellefort. We must speak to Mademoiselle Bowers. But first, before you go"
923,Er—pleasure.
924,Aha!
925,"You take the holiday; that is it, yes?"
926,Er—yes.
927,"Very well, Monsieur Fanthorp. Will you give me a brief account of your own movements last night after the events we have just been narrating?"
928,"She’s not very young, and she’s nervous about herself, and she likes to have a nurse around handy. There’s nothing serious the matter with her. She just likes plenty of attention, and she’s willing to pay for it."
929,I understand that Mademoiselle Robson fetched you last night?
930,Someone pinched the pistol. It wasn’t Jacqueline de Bellefort. Someone knew enough to feel that his crime would be attributed to her. But that someone did not know that a hospital nurse was going to give her morphia and sit up with her all night. And one thing more. Someone had already attempted to kill Linnet Doyle by rolling a boulder over the cliff; that someone was not Jacqueline de Bellefort. Who was it?
931,"It will be simpler to say who it could not have been. Neither Monsieur Doyle, Madame Allerton, Monsieur Allerton, Mademoiselle Van Schuyler, nor Mademoiselle Bowers could have had anything to do with it. They were all within my sight."
932,But who did?
933,"That,"
934,"is just the question we are asking ourselves. You cannot help us there, my child?"
935,Death’s horrible—horrible! I—hate the thought of it.
936,"Yes. It is not pleasant to think, is it, that now, at this very moment, someone is rejoicing at the successful carrying out of his or her plan."
937,Don’t—don’t!
938,"It sounds horrible, the way you put it."
939,"I—I wanted her dead—and she is dead…And, what is worse…she died—just like I said."
940,That man that night—who can he have been?
941,"You know—Jackie didn’t do it. I’m certain Jackie didn’t do it! It looks black against her, I dare say, but she didn’t do it. She—she was a bit tight last night, and all worked up, and that’s why she went for me. But she wouldn’t—she wouldn’t do murder… not cold-blooded murder…."
942,"Do not distress yourself, Monsieur Doyle. Whoever shot your wife, it was not Mademoiselle de Bellefort."
943,"Well, you see, she didn’t actually tell me. As a matter of fact I wasn’t even listening very carefully. I was going over the Jacqueline business in my mind. As far as I remember, Linnet said something about doing people down in business, and that it made her uncomfortable to meet anyone who had a grudge against her family. You see, although I don’t really know the family history very well, I gather that Linnet’s mother was a millionaire’s daughter. Her father was only just ordinary plain wealthy, but after his marriage he naturally began playing the markets or whatever you call it. And as a result of that, of course, several people got it in the neck. You know, affluence one day, the gutter the next. Well, I gather there was someone on board whose father had got up against Linnet’s father and taken a pretty hard knock. I remember Linnet saying: ‘It’s pretty awful when people hate you without even knowing you.’"
944,"Yes,"
945,"That would explain what she said to me. For the first time she was feeling the burden of her inheritance and not its advantages. You are quite sure, Monsieur Doyle, that she did not mention this man’s name?"
946,"Ach, but I can have a guess. There is certainly a young man with a grievance on board."
947,You mean Ferguson?
948,Yes. He spoke against Mrs. Doyle once or twice. I myself have heard him.
949,What can we do to find out?
950,"Colonel Race and I must interview all the passengers. Until we have got their stories it would be unwise to form theories. Then there is the maid. We ought to interview her first of all. It would, perhaps, be as well if we did that here. Monsieur Doyle’s presence might be helpful."
951,"My God, do you think those damned pearls—?"
952,"Robbery is a possible motive,"
953,"All the same it seems hardly credible…Well, we shall see. Let us have the maid here."
954,"Oh, yes. That I do know. To that question I can answer Yes most emphatically."
955,You mean Mademoiselle de Bellefort?
956,"She, certainly. But it is not of her I speak. There was someone else on this boat who disliked Madame, who was very angry because of the way Madame had injured him."
957,"Yes, yes, yes, it is as I say! It concerns the former maid of Madame—my predecessor. There was a man, one of the engineers on this boat, who wanted her to marry him. And my predecessor, Marie her name was, she would have done so. But Madame Doyle, she made inquiries and she discovered that this Fleetwood already had a wife—a wife of colour you understand, a wife of this country. She had gone back to her own people, but he was still married to her, you understand. And so Madame she told all this to Marie, and Marie was very unhappy and she would not see Fleetwood anymore. And this Fleetwood, he was infuriated, and when he found out that this Madame Doyle had formerly been Mademoiselle Linnet Ridgeway he tells me that he would like to kill her! Her interference ruined his life, he said."
958,"This is interesting,"
959,Had you any idea of this?
960,"None whatever,"
961,Did you say anything to Mrs. Doyle about this?
962,"No, Monsieur, of course not."
963,Do you know anything about your mistress’s pearls?
964,Her pearls? Louise’s eyes opened very wide. “She was wearing them last night.
965,"Yes. It suddenly came to me, when Fanthorp mentioned thinking he had heard a splash. It’s perfectly possible that after the murder, the murderer threw the pistol overboard."
966,"You really think that is possible, my friend?"
967,"It’s a suggestion. After all, the pistol wasn’t anywhere in the cabin. First thing I looked for."
968,"All the same,"
969,it is incredible that it should have been thrown overboard.
970,Where is it then?
971,"If it is not in Madame Doyle’s cabin, there is, logically, only one other place where it could be."
972,"we’ve got two definite leads. There’s the disappearance of the pearls. And there’s the man Fleetwood. As regards the pearls, robbery seems indicated, but—I don’t know whether you’ll agree with me—"
973,But it was an odd moment to choose?
974,Exactly. To steal the pearls at such a moment invites a close search of everybody on board. How then could the thief hope to get away with his booty?
975,"Ah, you too had that impression?"
976,"Definitely not a nice girl,"
977,"Yes, I would not trust her."
978,You think she had something to do with the murder?
979,"In fact, he’s just the person we are looking for?"
980,Yes—only—
981,"See you, I recognize my own weaknesses. It has been said of me that I like to make a case difficult. This solution that you put to me—it is too simple, too easy. I cannot feel that it really happened. And yet, that may be the sheer prejudice on my part."
982,"We know that. On the other hand, I can’t see any way in which he could have come up against Linnet Doyle. Their orbits don’t touch."
983,"Unless, accidentally, she had become possessed of evidence showing his identity."
984,"It’s too horrible,"
985,"I can hardly believe it. That lovely creature, with everything to live for—dead. I almost feel I can’t believe it."
986,"I know how you feel, Madame,"
987,"I’m glad you are on board,"
988,"And unluckily I didn’t hear anything at all. I can’t think why not. After all, Linnet’s cabin is only one away from mine. I should think I’d have been bound to hear the shot. Go along, Tim; they’re waiting for you."
989,"I went to bed early, half-past ten or so. I read for a bit. Put out my light just after eleven."
990,I’m glad you both realize my feelings. I am not accustomed to anything of this kind.
991,"Precisely, Mademoiselle. That is why we wish to free you from unpleasantness as quickly as possible. Now you went to bed last night—at what time?"
992,my idea was right. It was thrown overboard.
993,"What do you say, Monsieur Poirot? Is this the pistol you saw at the Cataract Hotel that night?"
994,"Yes—that is it. There is the ornamental work on it—and the initials J.B. It is an article de luxe, a very feminine production, but it is none the less a lethal weapon."
995,What time was this?
996,"It was ten minutes past one, Mademoiselle."
997,Did she see anything else?
998,but she heard something.
999,"But Jacqueline de Bellefort did not shoot Madame Doyle. That we know for certain. It is proved,"
1000,The blood lust and the sex instinct—a sexual crime. There are many well-known instances.
1001,"Put it on to a poor devil like Fleetwood, who can’t defend himself, who’s got no money to hire lawyers. But I tell you this—if you try and saddle Fleetwood with this business you’ll have me to deal with."
1002,And who exactly are you?
1003,"I can stick by my friends anyway,"
1004,"Rather a likeable young cub, really."
1005,You don’t think he is the man you are after?
1006,"I hardly think so. I suppose he is on board. The information was very precise. Oh, well, one job at a time. Let’s have a go at Pennington."
1007,You mean that in your belief Jacqueline de Bellefort shot Madame Doyle?
1008,That’s what it looks like to me. Of course I don’t know anything….
1009,"It seems so. I deplore my inadequacy, gentlemen."
1010,I’m sorry too. We’d had hopes.
1011,"Mr. Pennington,"
1012,was not at all comfortable.
1013,"And,"
1014,Mr. Pennington was sufficiently perturbed to tell a rather stupid lie. He was not in the temple of Abu Simbel when that boulder fell. I—moi qui vous parle—can swear to that. I had just come from there.
1015,"A very stupid lie,"
1016,and a very revealing one.
1017,"But for the moment,"
1018,"we handle him with the gloves of kid, is it not so?"
1019,I’d like to make a brief précis of the facts as I go along. It keeps one’s mind free of confusion.
1020,"You do well. Method and order, they are everything,"
1021,"All the same,"
1022,it is odd….
1023,What’s that?
1024,Cette pauvre Madame Doyle. Lying there so peacefully…with the little hole in her head. You remember how she looked?
1025,"Come in,"
1026,"Excuse me, sir,"
1027,but Mr. Doyle is asking for you.
1028,I will come.
1029,"Will you come with me, Mademoiselle? Monsieur Doyle wants to see you."
1030,Take no notice.
1031,Well?
1032,And then—she began to dislike me for it. She—she’s turned right against me. I think she almost hates me sometimes.
1033,"Pauvre petite,"
1034,Don’t be sorry for me. Don’t be kind. It’s easier if you’re not.
1035,"I’m so tired…I’m so deadly, deadly tired."
1036,"I know,"
1037,People think I’m awful. Stuck-up and cross and bad-tempered. I can’t help it. I’ve forgotten how to be—to be nice.
1038,"No,"
1039,"You drink wine always; Tim drinks whisky and soda, and I try all the different brands of mineral water in turn."
1040,Tiens!
1041,"It is an idea, that…."
1042,"Only yesterday he looked such a happy boy, with everything in the world he wanted. And now his beautiful wife killed and he himself laid up and helpless. I do hope, though—"
1043,"What do you hope, Madame?"
1044,I hope he’s not too angry with that poor child.
1045,"A profoundly untrue statement that women always make,"
1046,"Tell me, Madame Doyle’s cousin, Miss Joanna Southwood, did she resemble Madame Doyle?"
1047,"Ah, pardon—I was confused. She is a young lady much in the news, that. I have been interested in her for some time."
1048,Why?
1049,"Who told you so, Madame?"
1050,It is quite true.
1051,"I suppose,"
1052,"Ah! You have had previous experience, perhaps? You have been in a house where there was a robbery?"
1053,"We have to thank you, Mademoiselle, for coming to us so promptly,"
1054,I’m sure I hope I acted for the best.
1055,Be assured that you have.
1056,Does Miss Van Schuyler suffer at all from deafness?
1057,"that reaction came pretty quickly. That’s a very coolheaded and astute young woman—perfectly capable of holding out on us and still further if she thinks it suits her book. What about Miss Marie Van Schuyler now? I don’t think we can eliminate her from the possible suspects. You know, she might have committed murder to get hold of those jewels. We can’t take the nurse’s word for it. She’s all out to do the best for the family."
1058,"No letters,"
1059,"He is careful, our Mr. Fanthorp, to destroy his correspondence."
1060,"We will look carefully here, my friend,"
1061,for it is possible that the thief hid the pearls here.
1062,You think it is likely?
1063,"if there’s anything to be found here, for God’s sake go ahead and find it. You can if anyone can—I know that."
1064,Get anything?
1065,On ne prend pas les mouches avec le vinaigre.
1066,"Hardly like to hide ’em in either of these,"
1067,"It might be. Once, on the Orient Express, I investigated a murder. There was a little matter of a scarlet kimono. It had disappeared, and yet it must be on the train. I found it—where do you think? In my own locked suitcase! Ah! It was an impertinence, that!"
1068,What are you getting at? That Jackie stole the pearls? She didn’t. I’ll swear she didn’t. Jackie’s as straight as a die. The mere idea of her being a thief is ridiculous—absolutely ridiculous.
1069,She knew something—and she was blackmailing the murderer with her knowledge. We thought she wasn’t being quite straight this morning.
1070,"We have been idiots—fools! We should have known—then. What did she say? ‘What could I have seen or heard? I was on the deck below. Naturally, if I had been unable to sleep, if I had mounted the stairs, then perhaps I might have seen this assassin, this monster, enter or leave Madame’s cabin, but as it is—’ Of course, that is what did happen! She did come up. She did see someone gliding into Linnet Doyle’s cabin—or coming out of it. And, because of her greed, her insensate greed, she lies here—"
1071,"The murderer comes to her cabin, gives her the money, and then—"
1072,"And then,"
1073,"she counts it. Oh, yes, I know that class. She would count the money, and while she counted it she was completely off her guard. The murderer struck. Having done so successfully, he gathered up the money and fled—not noticing that the corner of one of the notes was torn."
1074,"We may get him that way,"
1075,"I doubt it,"
1076,"He will examine those notes, and will probably notice the tear. Of course if he were of a parsimonious disposition he would not be able to bring himself to destroy a mille note—but I very much fear that his temperament is just the opposite."
1077,Whew!
1078,It is regrettable.
1079,"No, indeed,"
1080,"It is as you guess, Mademoiselle; something has happened."
1081,What?
1082,"Another death,"
1083,"You see, this maid she saw something she was not intended to see. And so—she was silenced, in case she should not hold her tongue."
1084,What was it she saw?
1085,"There is, I think, very little doubt what it was she saw,"
1086,She saw someone enter and leave Linnet Doyle’s cabin on that fatal night.
1087,Did she say who it was she saw?
1088,"No, I do not think so."
1089,Because I want you to tell me the truth.
1090,What is the truth? You seem to know it better than I do.
1091,"You want me to tell what it was you saw? If I am right, will you admit that I am right? I will tell you my little idea. I think that when you came round the stern of the boat you stopped involuntarily because you saw a man come out of a cabin about halfway down the deck—Linnet Doyle’s cabin, as you realized next day. You saw him come out, close the door behind him, and walk away from you down the deck and—perhaps—enter one of the two end cabins. Now, then, am I right, Mademoiselle?"
1092,"Perhaps you think it is wiser not to speak. Perhaps you are afraid that, if you do, you too will be killed."
1093,"You don’t understand. He’s just sorry for me—awfully sorry for me, because he knows how terrible it is for me to know I’ve hurt him so badly."
1094,"Ah, well,"
1095,"The pure pity, it is a very lofty sentiment."
1096,What the devil was that?
1097,Did you meet anyone on your way here?
1098,Meet anyone? No.
1099,Got any gloves in your pocket?
1100,"Find Pennington,"
1101,Any fingerprints on that revolver?
1102,"None,"
1103,"All this is terrible,"
1104,"Monsieur Pennington, I would like to discuss certain aspects of the case with you. Will you come to my cabin in half an hour’s time?"
1105,"Cunning old devil,"
1106,"Yes, he is not happy, our Monsieur Pennington."
1107,"Oh, well, poor woman, one must not judge her, I suppose; but that girl must have had a terrible life."
1108,"I don’t understand, Monsieur Poirot. How did the person who shot her get away without our seeing him?"
1109,"Yes, how?"
1110,"Ah,"
1111,"it was not quite such a disappearing trick as you think, Mademoiselle. There were three distinct ways the murderer might have gone."
1112,"Of course. He could move in two directions on one plane, but he could go at right angles to that plane too. That is, he couldn’t go up very well, but he could go down."
1113,"I know I’m just a plain mutt, but I still don’t see."
1114,Would you mind all clearing off? We want to bring out the body.
1115,I’ll never forget this trip as long as I live. Three deaths…It’s just like living in a nightmare.
1116,Damn the girl! I believe she really means it. She wants a man to be reliable. Reliable—ye gods!
1117,"Meditation on Death. Death, the Recurring Decimal, by Hercule Poirot. One of his well-known monographs."
1118,"Monsieur Ferguson,"
1119,you are a very impertinent young man.
1120,You must excuse me. I like attacking established institutions.
1121,"Thank you, Monsieur Poirot. If you would send Miss Bowers to me—I feel quite upset—that insolent young man."
1122,"Rather eccentric, I’m afraid,"
1123,"Most of that family are. Spoilt, of course. Always inclined to tilt at windmills."
1124,"Not so much that, but I think I put the wind up Pennington. I felt convinced he wouldn’t try anymore funny business for some time, and by then I hoped to have got intimate enough with Mr. and Mrs. Doyle to convey some kind of a warning. As a matter of fact I hoped to do so through Doyle. Mrs. Doyle was so attached to Mr. Pennington that it would have been a bit awkward to suggest things to her about him. It would have been easier for me to approach the husband."
1125,"Will you give me a candid opinion on one point, Monsieur Fanthorp? If you were engaged in putting a swindle over, would you choose Madame Doyle or Monsieur Doyle as a victim?"
1126,"Mr. Doyle, every time. Linnet Doyle was very shrewd in business matters. Her husband, I should fancy, is one of those trustful fellows who know nothing of business and are always ready to ‘sign on the dotted line’ as he himself put it."
1127,"I agree,"
1128,And there’s your motive.
1129,But this is all pure conjecture. It isn’t evidence.
1130,"Ah, bah! we will get evidence!"
1131,How?
1132,Possibly from Mr. Pennington himself.
1133,because it is fairly obvious that you have a very special and immediate interest in the case.
1134,Is that so?
1135,"Surely. You have known Linnet Ridgeway, I understand, since she was quite a child."
1136,"And it is a matter, I am credibly assured, of millions."
1137,Millions it is.
1138,"Your responsibility, Mr. Pennington, and that of your partner, has been a very grave one."
1139,What the devil do you mean?
1140,"I was wondering, Mr. Pennington, whether Linnet Ridgeway’s sudden marriage caused any—consternation, in your office?"
1141,And the letter reached New York after the Carmanic sailed?
1142,How many times have I got to repeat it?
1143,"It is strange,"
1144,What’s strange?
1145,"That on your luggage there are no labels of the Carmanic. The only recent labels of transatlantic sailing are the Normandie. The Normandie, I remember, sailed two days after the Carmanic."
1146,"We got more than I thought we should. Admission of fraud. Admission of attempted murder. Further than that it’s impossible to go. A man will confess, more or less, to attempted murder, but you won’t get him to confess to the real thing."
1147,"Sometimes it can be done,"
1148,Got a plan?
1149,"The garden at Assuan. Mr. Allerton’s statement. The two bottles of nail polish. My bottle of wine. The velvet stole. The stained handkerchief. The pistol that was left on the scene of the crime. The death of Louise. The death of Madame Otterbourne. Yes, it’s all there. Pennington didn’t do it, Race!"
1150,Anything I can do?
1151,"In a sense, perhaps. What I really require is for you to listen."
1152,"Look here—you aren’t thinking…it wasn’t I who killed her! I’ll swear that! I’ve been in the most awful stew. To have chosen that night of all others…God, it’s been awful!"
1153,"Yes, you must have had uneasy moments. But, now that the truth has come out, you may be able to help us. Was Madame Doyle alive or dead when you stole the pearls?"
1154,"I don’t know,"
1155,I don’t think so. I don’t remember it.
1156,Who was it saw me?
1157,Rosalie Otterbourne. She came round from the other side of the boat and saw you leave Linnet Doyle’s cabin and go to your own.
1158,So it was she who told you.
1159,Excuse me; she did not tell me.
1160,"But then, how do you know?"
1161,"Because I am Hercule Poirot I do not need to be told. When I taxed her with it, do you know what she said? She said: ‘I saw nobody.’ And she lied."
1162,But why?
1163,"Perhaps because she thought the man she saw was the murderer. It looked like that, you know."
1164,That seems to me all the more reason for telling you.
1165,"Well, sir, where do we go from here? I admit taking the pearls from Linnet’s cabin and you’ll find them just where you say they are. I’m guilty all right. But as far as Miss Southwood is concerned, I’m not admitting anything. You’ve no evidence whatever against her. How I got hold of the fake necklace is my own business."
1166,Always the gentleman!
1167,"We’re very sorry to bother you, Miss Otterbourne,"
1168,"It doesn’t matter,"
1169,"It is necessary to clear up one or two points. When I asked you whether you saw anyone on the starboard deck at one-ten this morning, your answer was that you saw nobody. Fortunately I have been able to arrive at the truth without your help. Monsieur Allerton has admitted that he was in Linnet Doyle’s cabin last night."
1170,"No, I didn’t kill her. I’m a thief, not a murderer. It’s all going to come out, so you might as well know. I was after her pearls."
1171,Mr. Allerton’s story is that he went to her cabin last night and exchanged a string of fake pearls for the real ones.
1172,"Yes,"
1173,"That, as I say, is Monsieur Allerton’s story, partially confirmed by your evidence. That is to say, there is evidence that he did visit Linnet Doyle’s cabin last night, but there is no evidence to show why he did so."
1174,There!
1175,"And what do you think, Mademoiselle?"
1176,"I think he must be just plain crazy,"
1177,How is your patient?
1178,"Ach, he is going on splendidly. I have just reassured the Fräulein de Bellefort. Would you believe it, I found her in despair. Just because the fellow had a bit of a temperature this afternoon! But what could be more natural? It is amazing that he is not in a high fever now. But no, he is like some of our peasants; he has a magnificent constitution, the constitution of an ox. I have seen them with deep wounds that they hardly notice. It is the same with Mr. Doyle. His pulse is steady, his temperature only slightly above normal. I was able to pooh-pooh the little lady’s fears. All the same, it is ridiculous, nicht wahr? One minute you shoot a man; the next you are in hysterics in case he may not be doing well."
1179,"A new code—it was used in the South African rebellion. Potatoes mean machine guns, artichokes are high explosives—and so on. Richetti is no more an archæologist than I am! He’s a very dangerous agitator, a man who’s killed more than once, and I’ll swear that he’s killed once again. Mrs. Doyle opened that telegram by mistake, you see. If she were ever to repeat what was in it before me, he knew his goose would be cooked!"
1180,Am I right?
1181,Is Richetti the man?
1182,"He is your man,"
1183,"I always thought there was something wrong about him. He was almost too word-perfect in his rôle; he was all archæologist, not enough human being."
1184,I think not. Not under the circumstances.
1185,"Well,"
1186,just how clever is Hercule Poirot?
1187,To begin with I was stupid—incredibly stupid. To me the stumbling block was the pistol—Jacqueline de Bellefort’s pistol. Why had that pistol not been left on the scene of the crime? The idea of the murderer was quite plainly to incriminate her. Why then did the murderer take it away? I was so stupid that I thought of all sorts of fantastic reasons. The real one was very simple. The murderer took it away because he had to take it away—because he had no choice in the matter.
1188,Ach! what is that you say? You accuse me? Again? But it is ridiculous—beneath contempt.
1189,Be quiet. I am telling you what I thought at the time. Let us remain impersonal.
1190,"He doesn’t mean he thinks it’s you now,"
1191,"So it lay there—between Simon Doyle and Dr. Bessner. But what reason has Bessner to kill Linnet Doyle? None, so far as I know. Simon Doyle, then? But that was impossible! There were plenty of witnesses who could swear that Doyle never left the saloon that evening until the quarrel broke out. After that he was wounded and it would then have been physically impossible for him to have done so. Had I good evidence on both those points? Yes, I had the evidence of Mademoiselle Robson, of Jim Fanthorp, and of Jacqueline de Bellefort as to the first, and I had the skilled testimony of Dr. Bessner and of Mademoiselle Bowers as to the other. No doubt was possible.

“So Dr. Bessner must be the guilty one. In favour of this theory there was the fact that the maid had been stabbed with a surgical knife. On the other hand Bessner had deliberately called attention to this fact.

“And then, my friends, a second perfectly indisputable fact became apparent to me. Louise Bourget’s hint could not have been intended for Dr. Bessner, because she could perfectly well have spoken to him in private at any time she liked. There was one person, and one person only, who corresponded to her necessity—Simon Doyle! Simon Doyle was wounded, was constantly attended by a doctor, was in that doctor’s cabin. It was to him therefore that she risked saying those ambiguous words, in case she might not get another chance. And I remember how she had gone on, turning to him: ‘Monsieur, I implore you—you see how it is? What can I say?’ And this answer: ‘My good girl, don’t be a fool. Nobody thinks you saw or heard anything. You’ll be quite all right. I’ll look after you. Nobody’s accusing you of anything.’ That was the assurance she wanted, and she got it!"
1192,"Ach! it is foolish, that! Do you think a man with a fractured bone and a splint on his leg could go walking about the boat and stabbing people? I tell you, it was impossible for Simon Doyle to leave his cabin."
1193,"I know. That is quite true. The thing was impossible. It was impossible, but it was also true! There could be only one logical meaning behind Louise Bourget’s words.

“So I returned to the beginning and reviewed the crime in the light of this new knowledge. Was it possible that in the period preceding the quarrel Simon Doyle had left the saloon and the others had forgotten or not noticed it? I could not see that it was possible. Could the skilled testimony of Dr. Bessner and Mademoiselle Bowers be disregarded? Again I felt sure it could not. But, I remembered, there was a gap between the two. Simon Doyle had been alone in the saloon for a period of five minutes, and the skilled testimony of Dr. Bessner only applied to the time after that period. For that period we had only the evidence of visual appearance, and, though apparently that was perfectly sound, it was no longer certain. What had actually been seen—leaving assumption out of the question?

“Mademoiselle Robson had seen Mademoiselle de Bellefort fire her pistol, had seen Simon Doyle collapse on to a chair, had seen him clasp a handkerchief to his leg and seen that handkerchief gradually soak through red. What had Monsieur Fanthorp heard and seen? He heard a shot, he found Doyle with a red-stained handkerchief clasped to his leg. What had happened then? Doyle had been very insistent that Mademoiselle de Bellefort should be got away, that she should not be left alone. After that, he suggested that Fanthorp should get hold of the doctor.

“Accordingly Mademoiselle Robson and Monsieur Fanthorp got out with Mademoiselle de Bellefort and for the next five minutes they are busy, on the port side of the deck. Mademoiselle Bowers’, Dr. Bessner’s and Mademoiselle de Bellefort’s cabins are all on the port side. Two minutes are all that Simon Doyle needs. He picks up the pistol from under the sofa, slips out of his shoes, runs like a hare silently along the starboard deck, enters his wife’s cabin, creeps up to her as she lies asleep, shoots her through the head, puts the bottle that has contained the red ink on her washstand (it mustn’t be found on him), runs back, gets hold of Mademoiselle Van Schuyler’s velvet stole, which he has quietly stuffed down the side of a chair in readiness, muffles it round the pistol and fires a bullet into his leg. His chair into which he falls (in genuine agony this time) is by a window. He lifts the window and throws the pistol (wrapped up with the telltale handkerchief in the velvet stole) into the Nile."
1194,"They thought of everything,"
1195,"And now, Doctor, we will go and have a word with your patient."
1196,Come in
1197,"Well,"
1198,"Yes, Mademoiselle."
1199,But it wouldn’t have occurred to you to let me off?
1200,No.
1201,"No, it’s no use being sentimental. I might do it again…I’m not a safe person any longer. I can feel that myself…"
1202,"And for you love would have been enough, but not for him."
1203,"What I’m going to say now is quite true, Monsieur Poirot. Even though Linnet is dead, it doesn’t alter the truth. That’s why I’m not really sorry about her, even now. She went all out to get Simon away from me. That’s the absolute truth! I don’t think she even hesitated for more than about a minute. I was her friend, but she didn’t care. She just went bald-headed for Simon….

“And Simon didn’t care a damn about her! I talked a lot to you about glamour, but of course that wasn’t true. He didn’t want Linnet. He thought her good-looking but terribly bossy, and he hated bossy women! The whole thing embarrassed him frightfully. But he did like the thought of her money.

“Of course I saw that…and at last I suggested to him that it might be a good thing if he—got rid of me and married Linnet. But he scouted the idea. He said, money or no money, it would be hell to be married to her. He said his idea of having money was to have it himself—not to have a rich wife holding the purse strings. ‘I’d be a kind of damned Prince Consort,’ he said to me. He said, too, that he didn’t want anyone but me….

“I think I know when the idea came into his head. He said one day: ‘If I’d any luck, I’d marry her and she’d die in about a year and leave me all the boodle.’ And then a queer startled look came into his eyes. That was when he first thought of it….

“He talked about it a good deal, one way and another—about how convenient it would be if Linnet died. I said it was an awful idea, and then he shut up about it. Then, one day, I found him reading up all about arsenic. I taxed him with it then, and he laughed and said: ‘Nothing venture, nothing have! It’s about the only time in my life I shall be near to touching a far lot of money.’

“After a bit I saw that he’d made up his mind. And I was terrified—simply terrified. Because, you see, I realized that he’d never pull it off. He’s so childishly simple. He’d have no kind of subtlety about it—and he’s got no imagination. He would probably have just bunged arsenic into her and assumed the doctor would say she’d died of gastritis. He always thought things would go right.

“So I had to come into it, too, to look after him…."
1204,Do you remember when you came into my cabin afterwards? You said you were not sure why you had come. I was so miserable—so terrified. I thought Simon was going to die….
1205,"And I—was hoping it,"
1206,"Yes, it would have been better for him that way."
1207,I suppose the stewardess is in attendance to see I don’t hang myself or swallow a miraculous capsule of prussic acid as people always do in books. You needn’t be afraid! I shan’t do that. It will be easier for Simon if I’m standing by.
1208,"Do you remember when I said I must follow my star? You said it might be a false star. And I said: ‘That very bad star, that star fell down.’"
1209,"we’ve done our job. I’ve arranged for Richetti to be taken ashore first. Glad we’ve got him. He’s been a slippery customer, I can tell you. Given us the slip dozens of times."
1210,We must get hold of a stretcher for Doyle. Remarkable how he went to pieces.
1211,"Not really,"
1212,That boyish type of criminal is usually intensely vain. Once prick the bubble of their self-esteem and it is finished! They go to pieces like children.
1213,"What one looks like doesn’t matter. He says I really could help him in his work, and he’s going to teach me all about neurosis."
1214,Do you think she really means that?
1215,Certainly.
1216,She prefers that pompous old bore to me?
1217,It is probably the first time you have met one.
1218,Where the devil did she get that pistol?
1219,You—knew?
1220,I see that.
1221,You went to this inn—this Three Boars—last night on your way home?
1222,"Now exactly why was
that?"
1223,"But no matter.
What we have to look at is this—Captain Paton is missing, under
circumstances which call for an explanation. I will not hide from you
that the matter looks grave. Still, it may admit of a perfectly simple
explanation."
1224,"That’s just what I keep saying,"
1225,"The police can’t advertise themselves, worse luck,"
1226,"It is true that I have retired from the world,"
1227,"I’ve heard of some very remarkable successes of yours,"
1228,"I have had much experience,"
1229,"But most of my
successes have been obtained by the aid of the police. I admire
enormously your English police. If Inspector Raglan permits me to
assist him, I shall be both honored and flattered."
1230,"we must
put you wise to the latest developments, M. Poirot."
1231,"I thank you,"
1232,"My friend, Dr. Sheppard, said something of
the butler being suspected?"
1233,"And yours
and Mr. Raymond’s don’t fit either, doctor."
1234,What about those of Captain Ralph Paton?
1235,"Went out just on nine o’clock last night. Was seen in neighborhood of
Fernly Park somewhere about nine-thirty. Not been seen since. Believed
to be in serious money difficulties. I’ve got a pair of his shoes
here—shoes with rubber studs in them. He had two pairs, almost exactly
alike. I’m going up now to compare them with those footmarks. The
constable is up there seeing that no one tampers with them."
1236,"We’ll go at once,"
1237,"Would you like to go with the inspector, M. Poirot?"
1238,or would you prefer to examine the study?
1239,"This gentleman wants to ask
you something."
1240,"when you broke down the door with Dr.
Sheppard last night, and found your master dead, what was the state of
the fire?"
1241,"It had burned very low, sir. It was almost out."
1242,Ah!
1243,"Look round you, my good Parker. Is this room exactly as it was then?"
1244,"Just show me,"
1245,"No, sir,"
1246,"It was back in position when I arrived with the police, sir,"
1247,I’m sure of that.
1248,"Curious,"
1249,"Raymond or Blunt must have pushed it back,"
1250,"Surely it
isn’t important?"
1251,"It is completely unimportant,"
1252,"That is why it is so
interesting,"
1253,"Excuse me a minute,"
1254,Every one concerned in them has something to hide.
1255,Have I?
1256,"I think you have,"
1257,But——
1258,"It
will be a great privilege to watch you at work——Hallo, what’s this?"
1259,"He is anxious to know if
he can be of any service, and he would be glad to have a word with you."
1260,"I’ll come at once,"
1261,"It is a busy time for this young M. Raymond,"
1262,"If those walls could speak,"
1263,"They would have to have also eyes
and ears. But do not be too sure that these dead things"
1264,"Well, this isn’t going to be
much of a case. I’m sorry, too. A nice enough young fellow gone wrong."
1265,"you’ve been bitten with all this
psychoanalysis stuff? Now, I’m a plain man——"
1266,"Mrs. Raglan would not agree, I am sure, to that,"
1267,"The cook has been here seven years, the parlormaid eighteen months,
and Parker just over a year. The others are new. Except for something
fishy about Parker, they all seem quite all right."
1268,"A very complete list,"
1269,"I am
quite sure that Parker did not do the murder,"
1270,"Quite sure. She knows him well by sight. He went past very quickly
and turned off by the path to the right, which is a short cut to the
terrace."
1271,And what time was that?
1272,"Exactly twenty-five minutes past nine,"
1273,"It’s all clear enough. It fits in without a flaw. At twenty-five
minutes past nine, Captain Paton is seen passing the lodge; at
nine-thirty or thereabouts, Mr. Geoffrey Raymond hears some one in here
asking for money and Mr. Ackroyd refusing. What happens next? Captain
Paton leaves the same way—through the window. He walks along the
terrace, angry and baffled. He comes to the open drawing-room window.
Say it’s now a quarter to ten. Miss Flora Ackroyd is saying good-night
to her uncle. Major Blunt, Mr. Raymond, and Mrs. Ackroyd are in the
billiard room. The drawing-room is empty. He steals in, takes the
dagger from the silver table, and returns to the study window. He slips
off his shoes, climbs in, and—well, I don’t need to go into details.
Then he slips out again and goes off. Hadn’t the nerve to go back to
the inn. He makes for the station, rings up from there——"
1274,Why?
1275,Surely a great many people wear shoes with rubber studs in them?
1276,"That’s so, of course,"
1277,"I shouldn’t put so much
stress on the footmarks if it wasn’t for everything else."
1278,"A very foolish young man, Captain Ralph Paton,"
1279,To leave so much evidence of his presence.
1280,"Ah! well,"
1281,"Naturally. But several different women have walked this way—and men
as well. It’s a regular short cut to the house, you see. It would be
impossible to sort out all the footsteps. After all, it’s the ones on
the window-sill that are really important."
1282,"You had not thought
of it before—eh?"
1283,"England is very beautiful,"
1284,"And so are English girls,"
1285,"This is M. Hercule Poirot,"
1286,I expect you’ve heard of him.
1287,"I know Major Blunt by reputation,"
1288,"I am glad to
have encountered you, monsieur. I am in need of some information that
you can give me."
1289,"Went as far as the corner,"
1290,Ah! indeed?
1291,"We’d better be getting back to the
house."
1292,"I should like you to
meet my mother. She is—very fond of Ralph."
1293,"What hair,"
1294,"The real gold! They will make a pretty couple. She and the dark,
handsome Captain Paton. Will they not?"
1295,"I wonder what it
was in the pond?"
1296,Would you like to see?
1297,"My good friend,"
1298,"I told you about him this
morning."
1299,"Oh! yes,"
1300,"Perhaps I’m intruding,"
1301,"Not at all,"
1302,"You and I, M. le docteur, we
investigate this affair side by side. Without you I should be lost. I
desire a little information from the good Mr. Hammond."
1303,"You are acting on behalf of Captain Ralph Paton, I understand,"
1304,"Not so. I am acting in the interests of justice. Miss Ackroyd has
asked me to investigate the death of her uncle."
1305,"Regard the irises,"
1306,I’m sure of it.
1307,"But why not? Why shouldn’t
he? I’ll swear the man is perfectly square and aboveboard."
1308,"Without doubt, without doubt,"
1309,"Do not upset
yourself."
1310,"But—I can’t understand it,"
1311,"You saw Mr. Ackroyd put this money away last night when he was
dressing for dinner? You are sure he had not paid away any of it
already?"
1312,"I’m sure he hadn’t. He even said, ‘I don’t want to take a hundred
pounds down to dinner with me. Too bulgy.’"
1313,"Then the affair is very simple,"
1314,"Either he paid out
that forty pounds sometime last evening, or else it has been stolen."
1315,"You can search my things if you like,"
1316,"It was yesterday afternoon that Mr. Ackroyd dismissed you—or you
dismissed yourself, was it not?"
1317,"what the papers the girl
disarranged could have been for Ackroyd to have got into such a state
about them? I wonder if there is any clew there to the mystery."
1318,"The secretary said there were no papers of particular importance on
the desk,"
1319,"Yes, but——"
1320,"It strikes you as odd that Ackroyd should have flown into a rage about
so trivial a matter?"
1321,"Yes, the parlormaid. Ursula Bourne."
1322,"She seemed a nice girl,"
1323,"Poor Ralph,"
1324,Now what do you think of that?
1325,"He was not at liberty to speak,"
1326,"And I was able to tell
him the way people were already talking about it."
1327,"Caroline,"
1328,"why doesn’t he come forward
and say so?"
1329,"Might get the girl into trouble,"
1330,"I’m trying to judge the thing
fair and square. I’m a local man, and I’ve seen Captain Paton many
times in Cranchester. I’m not wanting him to be the guilty one—but it’s
bad whichever way you look at it. If he’s innocent, why doesn’t he come
forward? We’ve got evidence against him, but it’s just possible that
that evidence could be explained away. Then why doesn’t he give an
explanation?"
1331,"Do you really think
that’s the explanation of the telephone call?"
1332,"My friend,"
1333,"I do not know. But I will tell you
this: I believe that when we find the explanation of that telephone
call we shall find the explanation of the murder."
1334,"You said something like that before, I remember,"
1335,"I always come back to it,"
1336,"It seems to me utterly irrelevant,"
1337,"Come now,"
1338,"you’ve got to admit that those prints were made by some one who was in
the house that night?"
1339,"_Bien entendu_,"
1340,"Well, I’ve taken the prints of every member of the household, every
one, mind you, from the old lady down to the kitchenmaid."
1341,"I am suggesting,"
1342,"that the fingerprints on the
dagger handle are those of Mr. Ackroyd himself. It is an easy matter to
verify. His body is still available."
1343,"See now, mademoiselle,"
1344,"it is Papa Poirot who
asks you this. The old Papa Poirot who has much knowledge and much
experience. I would not seek to entrap you, mademoiselle. Will you not
trust me—and tell me where Ralph Paton is hiding?"
1345,"I swear to you—swear
solemnly—that I have no idea where Ralph is, and that I have neither
seen him nor heard from him either on the day of—of the murder, or
since."
1346,speak out.
1347,"Thank you, Major Blunt,"
1348,"Mademoiselle,"
1349,"will you let an old man congratulate you
on your courage and your loyalty? And will you not misunderstand me if
I ask you—ask you most solemnly—to postpone the announcement you speak
of for at least two days more?"
1350,"And now, messieurs et mesdames,"
1351,"I will continue
with what I was about to say. Understand this, I mean to arrive at
the truth. The truth, however ugly in itself, is always curious and
beautiful to the seeker after it. I am much aged, my powers may not
be what they were."
1352,"I am answered,"
1353,I appeal to you all. Tell me the truth—the whole truth.
1354,"My friend the inspector took it for granted that any one using that
path did so as a short cut to the house, but as soon as I saw the
summer-house, I realized that the same path would be taken by any one
using the summer-house as a rendezvous. Now it seems fairly certain
that the stranger came neither to the front nor to the back door. Then
did some one from the house go out and meet him? If so, what could be a
more convenient place than that little summer-house? I searched it with
the hope that I might find some clew inside. I found two, the scrap of
cambric and the quill."
1355,And the scrap of cambric?
1356,"You do not use your little gray cells,"
1357,"this man went to the summer-house to meet somebody. Who was that
somebody?"
1358,"Exactly the question,"
1359,"You will remember that Mrs.
Ackroyd and her daughter came over from Canada to live here?"
1360,"I shall have to speak
as a medical man. Ralph’s nerves must have gone phut! If he suddenly
found out that his uncle had been murdered within a few minutes of his
leaving him—after, perhaps, a rather stormy interview—well, he might
get the wind up and clear right out. Men have been known to do that—act
guiltily when they’re perfectly innocent."
1361,"Yes, that is true,"
1362,"But we must not lose sight of one
thing."
1363,"I know what you’re going to say,"
1364,"The case does seem black
against him."
1365,Does it?
1366,"That is where we disagree, you and I. Three
motives—it is almost too much. I am inclined to believe that, after
all, Ralph Paton is innocent."
1367,"Oh, certainly. Absolutely."
1368,"I might do that on my own account,"
1369,"He wants to know whether Ralph Paton’s boots were black or brown,"
1370,"They were brown shoes,"
1371,About those boots of Ralph Paton’s.
1372,"Well,"
1373,"It was M. Poirot he wanted to see,"
1374,"He’d just come from The
Larches. M. Poirot was out. Mr. Raymond thought that he might be here,
or that you might know where he was."
1375,you might tell him about the boots.
1376,You think she went to meet some one?
1377,I do.
1378,"By the way,"
1379,She is absolutely positive they are not brown?
1380,Absolutely.
1381,Ah!
1382,That is a pity.
1383,"When the professional part of the conversation
was over, we talked for a few minutes about poisons, and the ease or
difficulty of detecting them, and about drug-taking and drug-takers."
1384,With special reference to cocaine?
1385,How did you know?
1386,"I’ve got a confession to
make."
1387,_En verité_?
1388,"Oh, it’s of no consequence, really. But, as a matter of fact, my
conscience has been pricking me ever since yesterday afternoon. You
accused us all of keeping back something, M. Poirot. I plead guilty.
I’ve had something up my sleeve."
1389,"You are a very wise young man,"
1390,"See you, when I know that any one is hiding things from me,
I suspect that the thing hidden may be something very bad indeed. You
have done well."
1391,"A mere bagatelle—but if he had not been in the
billiard room—who knows? After all, many crimes have been committed for
the sake of less than five hundred pounds. It all depends on what sum
is sufficient to break a man. A question of the relativity, is it not
so? Have you reflected, my friend, that many people in that house stood
to benefit by Mr. Ackroyd’s death? Mrs. Ackroyd, Miss Flora, young Mr.
Raymond, the housekeeper, Miss Russell. Only one, in fact, does not,
Major Blunt."
1392,You think Major Blunt has something to conceal also?
1393,"As for that,"
1394,"there is a saying, is
there not, that Englishmen conceal only one thing—their love? And Major
Blunt, I should say, is not good at concealments."
1395,"I think it was before—no,
afterwards. Yes, I’m almost sure it was afterwards."
1396,"That widens the field to three,"
1397,"But Parker
is the most likely. It is in my mind to try a little experiment with
Parker. How say you, my friend, will you accompany me to Fernly?"
1398,"Mademoiselle Flora,"
1399,"I have to confide in you a little
secret. I am not yet satisfied of the innocence of Parker. I propose to
make a little experiment with your assistance. I want to reconstruct
some of his actions on that night. But we must think of something to
tell him—ah! I have it. I wish to satisfy myself as to whether voices
in the little lobby could have been heard outside on the terrace. Now,
ring for Parker, if you will be so good."
1400,"One moment,"
1401,"We must have everything in order. Just as it occurred. It is
a little method of mine."
1402,"Ah! he knows something, the good Parker,"
1403,"He has read
of these things. Now, I beg you, let us have everything of the most
exact. You came from the outer hall—so. Mademoiselle was—where?"
1404,"Your hand was still on the handle as it is
now."
1405,"Then _allez_,"
1406,Play me the little comedy.
1407,Has your experiment been successful?
1408,"I think there were. Is—is that
the object of your experiment?"
1409,"I am always interested to see if people
will speak the truth."
1410,And did Parker speak the truth?
1411,"I rather think he did,"
1412,What was the point of that question about the glasses?
1413,"One must say something,"
1414,"That particular question did as
well as any other."
1415,"Pung,"
1416,"James is so modest,"
1417,"is he really such a great
detective?"
1418,"The greatest the world has ever known,"
1419,"Well, not exactly. I’ll tell you about it. You know that big map of
the county we have in the hall?"
1420,"It’s a curious coincidence, but I was out for a walk
this afternoon on the Cranchester road, and he passed me in a car
coming from that direction."
1421,"I assure you,"
1422,"Wise man,"
1423,"He doesn’t give himself
away. But they’re wonderful fellows, these foreign detectives. Up to
all sorts of dodges, I believe."
1424,What witness are you talking of?
1425,Parker!
1426,"I asked him to be at my house this morning at
twelve o’clock. He should await us there at this very minute."
1427,"Good morning, Parker,"
1428,"One instant, I pray of
you."
1429,"Take a seat, will you not? What
I have to say may take some time."
1430,"I understood, sir, that you wished to ask me a few questions about my
late master—private like."
1431,"_Précisément_,"
1432,"Have you made many experiments
in blackmail?"
1433,Sir!
1434,"Do not excite yourself,"
1435,"Do not play the farce
of the honest, injured man. You know all there is to know about the
blackmail, is it not so?"
1436,"You see, me, I have made inquiries,"
1437,"It is
as I say. You got a good sum then as blackmail, and Major Ellerby went
on paying you until he died. Now I want to hear about your latest
experiment."
1438,"I am inclined to believe you, my friend,"
1439,"You have not
the nerve—the courage. But I must have the truth."
1440,"I’ll tell you anything, sir, anything you want to know. It’s true that
I tried to listen that night. A word or two I heard made me curious.
And Mr. Ackroyd’s wanting not to be disturbed, and shutting himself up
with the doctor the way he did. It’s God’s own truth what I told the
police. I heard the word blackmail, sir, and well——"
1441,"I hope you believe me, sir. I’ve been afraid all along the police
would rake up that old business with Major Ellerby and be suspicious of
me in consequence."
1442,"_Eh bien_,"
1443,"I am disposed to believe you. But
there is one thing I must request of you—to show me your bank-book. You
have a bank-book, I presume?"
1444,"Yes, we will pay a little visit to the good M. Hammond."
1445,"I fall into the bad habit of leaving my sentences unfinished this
morning,"
1446,You must bear with me.
1447,"By the way,"
1448,What ring?
1449,The ring you found in the goldfish pond.
1450,"Ah! yes,"
1451,I hope you’re not annoyed? It was very careless of me.
1452,"Ah! And yet it is so simple. The true explanation leapt to the eye,
did it not?"
1453,Did it?
1454,"The wise man does not commit himself,"
1455,"Is not that so?
But here we are at Mr. Hammond’s."
1456,"Blackmail,"
1457,You are surprised?
1458,"I can hardly say that I am surprised. I have
suspected something of the kind for some time."
1459,"That brings us,"
1460,"to the information for which I am
asking. If any one can give us an idea of the actual sums paid, you are
the man, monsieur."
1461,"During the past year, Mrs. Ferrars has sold out
certain securities, and the money for them was paid into her account
and not reinvested. As her income was a large one, and she lived very
quietly after her husband’s death, it seems certain that these sums of
money were paid away for some special purpose. I once sounded her on
the subject, and she said that she was obliged to support several of
her husband’s poor relations. I let the matter drop, of course. Until
now, I have always imagined that the money was paid to some woman who
had had a claim on Ashley Ferrars. I never dreamed that Mrs. Ferrars
herself was involved."
1462,And the amount?
1463,"In all, I should say the various sums totaled at least twenty thousand
pounds."
1464,In one year!
1465,"Mrs. Ferrars was a very wealthy woman,"
1466,"And the
penalty for murder is not a pleasant one."
1467,Is there anything else that I can tell you?
1468,"I thank you, no,"
1469,"All my excuses for having
deranged you."
1470,"Not at all, not at all."
1471,"is
applicable to mental disorder only."
1472,Ah!
1473,"never will my English be quite perfect. A curious
language. I should then have said disarranged, _n’est-ce pas_?"
1474,"It’s impossible,"
1475,"Where should I find him, mademoiselle?"
1476,"I thought, perhaps, you’d found him in Cranchester,"
1477,"A weak nature,"
1478,But not a vicious one.
1479,Ah!
1480,"But weakness, where does it end?"
1481,"Exactly,"
1482,"Take James here—weak as water, if I weren’t
about to look after him."
1483,"I’m eight years
older than you are—oh! I don’t mind M. Poirot knowing that——"
1484,"I should never have guessed it, mademoiselle,"
1485,"Eight years older. But I’ve always considered it my duty to look after
you. With a bad bringing up, Heaven knows what mischief you might have
got into by now."
1486,"James sticks to it that you believe some one in the house committed
the murder. All I can say is, you’re wrong."
1487,"I should not like to be wrong,"
1488,"It is not—how do you
say—my _métier_?"
1489,"I’ve got the facts pretty clearly,"
1490,"they have detained a man at Liverpool. His name is
Charles Kent, and he is believed to be the stranger who visited Fernly
that night. They want me to go to Liverpool at once and identify him."
1491,"As regards this man,"
1492,"he is not yet arrested, eh?"
1493,"No, detained under suspicion."
1494,And what account does he give of himself?
1495,"I thought you’d retired, moosior?"
1496,"I’m not very sure,"
1497,"Description was circulated, as you know. In the press and privately.
Not much to go on, I admit. This fellow has an American accent all
right, and he doesn’t deny that he was near King’s Abbot that night.
Just asks what the hell it is to do with us, and that he’ll see us in
—— before he answers any questions."
1498,"Is it permitted that I, too, see him?"
1499,"Very glad to have you, sir. You’ve got permission to do anything you
please. Inspector Japp of Scotland Yard was asking after you the other
day. Said he’d heard you were connected unofficially with this case.
Where’s Captain Paton hiding, sir, can you tell me that?"
1500,"I doubt if it would be wise at the present juncture,"
1501,I don’t admit anything. Not till I know what you’ve got on me.
1502,Have you not read the papers in the last few days?
1503,"So that’s it, is it? I saw an old gent had been croaked at Fernly.
Trying to make out I did the job, are you?"
1504,"You were there that night,"
1505,"How do you know, mister?"
1506,By this.
1507,"Snow,"
1508,"No, my friend, it is empty. It lay
where you dropped it in the summer-house that night."
1509,"Yes, but is it really so? That’s what I’m getting at."
1510,"This gentleman will tell you,"
1511,That’s right. Between a quarter to ten and ten o’clock.
1512,"To hell with a civil tongue. I went there on my own business, and
that’s all there is to it. If I was clear away before the murder was
done, that’s all that concerns the cops."
1513,"Your name, it is Charles Kent,"
1514,Where were you born?
1515,"I’m a full-blown Britisher all right,"
1516,"Yes,"
1517,"I think you are. I fancy you were
born in Kent."
1518,"Why’s that? Because of my name? What’s that to do with it? Is a man
whose name is Kent bound to be born in that particular county?"
1519,"Under certain circumstances, I can imagine he might be,"
1520,"Under certain circumstances, you comprehend."
1521,"I don’t think he’s
lying, though. But he’s got to come clear with a statement as to
what he was doing at Fernly. It looks to me as though we’d got our
blackmailer all right. On the other hand, granted his story’s correct,
he couldn’t have had anything to do with the actual murder. He’d got
ten pounds on him when he was arrested—rather a large sum. I fancy that
forty pounds went to him—the numbers of the notes didn’t correspond,
but of course he’d have changed them first thing. Mr. Ackroyd must
have given him the money, and he made off with it as fast as possible.
What was that about Kent being his birthplace? What’s that got to do
with it?"
1522,"Nothing whatever,"
1523,"A little idea of mine, that
was all. Me, I am famous for my little ideas."
1524,"Many’s the time I’ve heard Inspector Japp say that. M. Poirot and his
little ideas! Too fanciful for me, he’d say, but always something in
them."
1525,"You mock yourself at me,"
1526,"but never mind. The
old ones they laugh last sometimes, when the young, clever ones do not
laugh at all."
1527,"It certainly doesn’t seem to make sense to me,"
1528,Ah!
1529,"Well, no matter. I have still my little
idea."
1530,"Obstinate as a mule he is. I had a chat with Hayes at Liverpool over
the wire this morning."
1531,Does he?
1532,"I’ve thought so for some time. Poor old
chap, so that’s why he had to give up and come down here. In the
family, very likely. He’s got a nephew who’s quite off his crumpet."
1533,"Yes. Hasn’t he ever mentioned him to you? Quite docile, I believe, and
all that, but mad as a hatter, poor lad."
1534,"You mean—the money? Hang it all, you don’t suggest that it was Miss
Ackroyd who took that forty pounds?"
1535,"I suggest nothing,"
1536,"But I will remind you of this. Life
was not very easy for that mother and daughter. There were bills—there
was constant trouble over small sums of money. Roger Ackroyd was a
peculiar man over money matters. The girl might be at her wit’s end for
a comparatively small sum. Figure to yourself then what happens. She
has taken the money, she descends the little staircase. When she is
half-way down she hears the chink of glass from the hall. She has not a
doubt of what it is—Parker coming to the study. At all costs she must
not be found on the stairs—Parker will not forget it, he will think it
odd. If the money is missed, Parker is sure to remember having seen her
come down those stairs. She has just time to rush down to the study
door—with her hand on the handle to show that she has just come out,
when Parker appears in the doorway. She says the first thing that comes
into her head, a repetition of Roger Ackroyd’s orders earlier in the
evening, and then goes upstairs to her own room."
1537,"she must have realized the
vital importance of speaking the truth? Why, the whole case hinges on
it!"
1538,"Afterwards,"
1539,"it was a little difficult for
Mademoiselle Flora. She is told simply that the police are here and
that there has been a robbery. Naturally she jumps to the conclusion
that the theft of the money has been discovered. Her one idea is to
stick to her story. When she learns that her uncle is dead she is
panic-stricken. Young women do not faint nowadays, monsieur, without
considerable provocation. _Eh bien!_ there it is. She is bound to stick
to her story, or else confess everything. And a young and pretty girl
does not like to admit that she is a thief—especially before those
whose esteem she is anxious to retain."
1540,"A test for Parker, you said it was,"
1541,"_Mon ami_,"
1542,"as I told you at the time,
one must say something."
1543,"It is this,"
1544,"I am not deceived by your little
fantasy. No, indeed. It was truly Miss Flora who took the money. All
the same it is well imagined what you say—it pleases me. It is very
good what you have done there. You are a man quick to think and to act."
1545,"I’m not in the least anxious for your opinion, thank you,"
1546,"This alters everything, this does. I don’t know whether you’ve
realized it, Monsieur Poirot?"
1547,"I think so, yes, I think so,"
1548,"You see, me, I have been
familiar with the idea for some time."
1549,"Oh! there you are, James,"
1550,"Well,"
1551,"Aha! my friend,"
1552,"You have not got rid of me so easily, you see!"
1553,"You have the intelligence so quick! No, he has not been found at
Liverpool. Inspector Raglan was very loath to let me send this
paragraph to the press, especially as I could not take him into my
confidence. But I assured him most solemnly that very interesting
results would follow its appearance in print, so he gave in, after
stipulating that he was, on no account, to bear the responsibility."
1554,what you expect to get out of that.
1555,"You should employ your little gray cells,"
1556,"It is that you have really the love of the machinery,"
1557,"Decidedly,"
1558,"you should be an inventor by trade, not a
doctor. But I hear the bell—that is your patient. Let us go into the
surgery."
1559,"Good-morning, mademoiselle,"
1560,"Will you be seated? Dr.
Sheppard is so kind as to permit me the use of his surgery for a little
conversation I am anxious to have with you."
1561,"This morning fresh
developments have arisen. It seems now that Mr. Ackroyd was murdered,
not at a quarter to ten, but _before_. Between ten minutes to nine,
when Dr. Sheppard left, and a quarter to ten."
1562,"Yes, I did. I had heard from him—saying he was coming. I dared not
let him come to the house. I wrote to the address he gave me and said
I would meet him in the summer-house, and described it to him so that
he would be able to find it. Then I was afraid he might not wait there
patiently, and I ran out and left a piece of paper to say I would be
there about ten minutes past nine. I didn’t want the servants to see
me, so I slipped out through the drawing-room window. As I came back, I
met Dr. Sheppard, and I fancied that he would think it queer. I was out
of breath, for I had been running. I had no idea that he was expected
to dinner that night."
1563,"Go on,"
1564,"You went out to meet him at ten minutes past
nine. What did you say to each other?"
1565,It’s difficult. You see——
1566,"Mademoiselle,"
1567,"in this matter I must
have the whole truth. What you tell us need never go beyond these four
walls. Dr. Sheppard will be discreet, and so shall I. See, I will help
you. This Charles Kent, he is your son, is he not?"
1568,"Yes. I wondered if something could be done. He was not a bad
boy—before he took to drugs."
1569,"I see,"
1570,"Now let us go on with the story. He came that
night to the summer-house?"
1571,"It may come to that. But let us not be in a hurry. Let us proceed
slowly, with due order and method. Charles Kent is not yet formally
charged with murder. Circumstances may arise which will render your
story unnecessary."
1572,"You have been very
kind—very kind indeed. You—you do believe me, don’t you? That Charles
had nothing to do with this wicked murder!"
1573,"Every time we come back to Ralph Paton. How
did you manage to spot Miss Russell as the person Charles Kent came to
meet? Did you notice the resemblance?"
1574,"Didn’t you? Oh, he told me all about it. Poor lad. It’s a great grief
to all the family. They’ve kept him at home so far, but it’s getting
to such a pitch that they’re afraid he’ll have to go into some kind of
institution."
1575,"Pretty well,"
1576,Won’t your—er—guest come in also?
1577,"You are too kind,"
1578,"But no, my friend reposes himself.
Soon you must make his acquaintance."
1579,"Quite an old friend of yours, so somebody told me,"
1580,"Well, we must start."
1581,"It would have been a severe blow to you,"
1582,For me?
1583,"Certainly,"
1584,"I suppose we must
come if M. Poirot says so. But what is it all about? I like to know
beforehand."
1585,"But once that good lady starts talking it’s a matter of the utmost
difficulty to get a word in edgeways."
1586,"It is of no matter,"
1587,"Me, I have been well amused. This
park is magnificent."
1588,"the parlormaid from Fernly. She’s here!
I’ve put her in the dining-room. She’s in a terrible way, poor thing.
Says she must see M. Poirot at once. I’ve done all I could. Taken her a
cup of hot tea. It really goes to one’s heart to see any one in such a
state."
1589,In the dining-room?
1590,"This way,"
1591,"Ursula Bourne,"
1592,"that is not quite right, I think. It is not Ursula
Bourne, is it, my child—but Ursula Paton? Mrs. Ralph Paton."
1593,"This is very weak and silly of me,"
1594,"No, no, my child,"
1595,"We can all realize the strain
of this last week."
1596,"It must have been a terrible ordeal,"
1597,"You do not trust me,"
1598,"Yet all the same you came
here to find me, did you not? Why was that?"
1599,"Don’t worry, my dear,"
1600,"I have not the least idea where Ralph Paton
is at the present moment."
1601,"That is true enough,"
1602,But——
1603,"Ah! that,"
1604,"a _bagatelle_,
mademoiselle. A _rien du tout_. Not for a moment do I believe that
Ralph Paton has been arrested."
1605,"that child is coming upstairs to lie
down. Don’t you worry, my dear. M. Poirot will do everything he can for
you—be sure of that."
1606,Things are straightening themselves out.
1607,"They’re getting to look blacker and blacker against Ralph Paton,"
1608,"Yes, that is so. But it was to be expected, was it not?"
1609,"But this is magnificent—you have then written down your impressions of
the case as you went along?"
1610,_Epatant!_
1611,Let me see them—this instant.
1612,"Not that it matters very much,"
1613,What do you really think of the stuff?
1614,You really believe that?
1615,"I see that you do not,"
1616,"Not yet do you appreciate
Hercule Poirot at his true worth."
1617,"You are ready, my child?"
1618,"That is good. We will go to
my house together. Mademoiselle Caroline, believe me, I do everything
possible to render you service. Good-evening."
1619,"They arrive,"
1620,"Good, all is in readiness."
1621,Married to Bourne?
1622,"The board meeting’s going to begin,"
1623,"It said so in the
paper."
1624,"He is not at Liverpool,"
1625,"In fact,"
1626,no one knows where he is.
1627,"Excepting Hercule Poirot, eh?"
1628,"Me, I know everything. Remember that."
1629,"You call it guessing. I call it knowing, my friend."
1630,In Cranchester?
1631,"No,"
1632,not in Cranchester.
1633,"The number is complete,"
1634,Every one is here.
1635,What’s the meaning of all this?
1636,"The list I have just read,"
1637,"is a list of suspected
persons. Every one of you present had the opportunity to kill Mr.
Ackroyd——"
1638,"I don’t like it. I would much prefer to
go home."
1639,"You cannot go home, madame,"
1640,"until you have
heard what I have to say."
1641,"I don’t know if you’re trying to make me out a liar, M. Poirot, but
the matter does not rest on my evidence alone—except perhaps as to the
exact words used. Remember, Major Blunt also heard Mr. Ackroyd talking
to some one. He was on the terrace outside, and couldn’t catch the
words clearly, but he distinctly heard the voices."
1642,"But Major Blunt was under the
impression that it was _you_ to whom Mr. Ackroyd was speaking."
1643,"He has frequently dictated letters
to me, using almost exactly those same words."
1644,"Exactly,"
1645,"That is what I seek to arrive at. Would any
man use such a phrase in _talking_ to another? Impossible that that
should be part of a real conversation. Now, if he had been dictating a
letter——"
1646,"Surely a man wouldn’t read letters of that type aloud to himself—not
unless he was—well—going balmy."
1647,"You have all forgotten one thing,"
1648,"the stranger
who called at the house the preceding Wednesday."
1649,"But yes,"
1650,"on Wednesday. The
young man was not of himself important. But the firm he represented
interested me very much."
1651,"He had
quite a childish love of surprising people. Meant to keep it up his
sleeve for a day or so. Probably was playing with it like a new toy.
Yes, it fits in. You’re quite right—no one would use quite those words
in casual conversation."
1652,"It explains, too,"
1653,"why Major Blunt thought it was you
who were in the study. Such scraps as came to him were fragments of
dictation, and so his subconscious mind deduced that you were with him.
His conscious mind was occupied with something quite different—the
white figure he had caught a glimpse of. He fancied it was Miss
Ackroyd. Really, of course, it was Ursula Bourne’s white apron he saw
as she was stealing down to the summer-house."
1654,"I perceive that you do not believe that I do know. And yet I have told
you just now that I know everything. The truth of the telephone call,
of the footprints on the window-sill, of the hiding-place of Ralph
Paton——"
1655,Where is he?
1656,"Not very far away,"
1657,In Cranchester?
1658,"Always you ask me that. The idea of Cranchester it is with you an
_idée fixe_. No, he is not in Cranchester. He is—_there_!"
1659,"You thought that, Ralph! You actually thought that I might have done
it?"
1660,"Let us get back to the culpable conduct of Dr. Sheppard,"
1661,"Dr. Sheppard consented to do what he could to help him. He was
successful in hiding Captain Paton from the police."
1662,Where?
1663,In his own house?
1664,"Ah, no, indeed,"
1665,"You should ask yourself the question
that I did. If the good doctor is concealing the young man, what place
would he choose? It must necessarily be somewhere near at hand. I think
of Cranchester. A hotel? No. Lodgings? Even more emphatically, no.
Where, then? Ah! I have it. A nursing home. A home for the mentally
unfit. I test my theory. I invent a nephew with mental trouble. I
consult Mademoiselle Sheppard as to suitable homes. She gives me the
names of two near Cranchester to which her brother has sent patients. I
make inquiries. Yes, at one of them a patient was brought there by the
doctor himself early on Saturday morning. That patient, though known
by another name, I had no difficulty in identifying as Captain Paton.
After certain necessary formalities, I was allowed to bring him away.
He arrived at my house in the early hours of yesterday morning."
1666,"He has stood by me
through thick and thin. He did what he thought was the best. I see now,
from what M. Poirot has told me, that it was not really the best. I
should have come forward and faced the music. You see, in the home, we
never saw a newspaper. I knew nothing of what was going on."
1667,"Dr. Sheppard has been a model of discretion,"
1668,"But
me, I discover all the little secrets. It is my business."
1669,"That’s bad. I believe you, of course,
but—it’s a bad business."
1670,"It makes things very simple, though,"
1671,Very simple indeed.
1672,"You see what I mean? No? Just this—to save Captain Paton the real
criminal must confess."
1673,"Then I fail to understand you. Surely you are running the risk of
letting the murderer escape by thus putting him on his guard?"
1674,"There is only one way out—and
that way does not lead to freedom."
1675,"You’re mad,"
1676,"No,"
1677,"I am not mad. It was the little
discrepancy in time that first drew my attention to you—right at the
beginning."
1678,"But yes. You will remember that every one agreed—you yourself
included—that it took five minutes to walk from the lodge to the
house—less if you took the short cut to the terrace. But you left the
house at ten minutes to nine—both by your own statement and that of
Parker, and yet it was nine o’clock as you passed through the lodge
gates. It was a chilly night—not an evening a man would be inclined to
dawdle; why had you taken ten minutes to do a five-minutes’ walk? All
along I realized that we had only your statement for it that the study
window was ever fastened. Ackroyd asked you if you had done so—he never
looked to see. Supposing, then, that the study window was unfastened?
Would there be time in that ten minutes for you to run round the
outside of the house, change your shoes, climb in through the window,
kill Ackroyd, and get to the gate by nine o’clock? I decided against
that theory since in all probability a man as nervous as Ackroyd was
that night would hear you climbing in, and then there would have been
a struggle. But supposing that you killed Ackroyd _before_ you left—as
you were standing beside his chair? Then you go out of the front door,
run round to the summer-house, take Ralph Paton’s shoes out of the bag
you brought up with you that night, slip them on, walk through the
mud in them, and leave prints on the window ledge, you climb in, lock
the study door on the inside, run back to the summer-house, change
back into your own shoes, and race down to the gate. (I went through
similar actions the other day, when you were with Mrs. Ackroyd—it took
ten minutes exactly.) Then home—and an alibi—since you had timed the
dictaphone for half-past nine."
1679,"you’ve been brooding over this case too long. What on
earth had I to gain by murdering Ackroyd?"
1680,"It was a clever idea,"
1681,"The call was genuine. Your sister
saw you take it. But there was only one man’s word as to what was
actually said—your own!"
1682,"Now that you remind me of the fact, it is true that there is one thing
more. It would be most unwise on your part to attempt to silence me as
you silenced M. Ackroyd. That kind of business does not succeed against
Hercule Poirot, you understand."
1683,"whatever else I may be, I
am not a fool."
1684,"strain of
weakness."
1685,"It has occurred, yes. Not this year, as yet."
1686,"Let us hope, then,"
1687,"The weather reports from Europe, they are bad."
1688,Very bad. In the Balkans there is much snow.
1689,Tomorrow evening at seven-forty you will be in Constantinople.
1690,"Yes,"
1691,"La Sainte Sophie, I have heard it is very fine."
1692,"En voiture, Monsieur,"
1693,Enfin!
1694,"No, Monsieur. I have only two other passengers—both English. A Colonel from India, and a young English lady from Baghdad. Monsieur requires anything?"
1695,"The colonel from India,"
1696,"Morning, Miss Debenham."
1697,Only some damned foreigner.
1698,"Rather an odd little comedy that I watch here,"
1699,"We will meet later,"
1700,"Quite ready now, Mr. Ratchett."
1701,"Eh bien,"
1702,What do you think of those two?
1703,"They are Americans,"
1704,Assuredly they are Americans. I meant what did you think of their personalities?
1705,"It is extraordinary, Monsieur,"
1706,There is not one first-class sleeping berth to be had on the train.
1707,"Là, là, that is awkward,"
1708,"Do not distress yourself, my friend,"
1709,I must travel in an ordinary carriage.
1710,Not at all. Not at all.
1711,A M. Harris.
1712,"A name of good omen,"
1713,"I read my Dickens. M. Harris, he will not arrive."
1714,"Put Monsieur’s luggage in No. 7,"
1715,If this M. Harris arrives we will tell him that he is too late—that berths cannot be retained so long—we will arrange the matter one way or another. What do I care for a M. Harris?
1716,"As Monsieur pleases,"
1717,I think you’ve made a mistake.
1718,Je crois que vous avez un erreur.
1719,You are Mr. Harris?
1720,"No, my name is MacQueen. I—"
1721,If I had but the pen of a Balzac! I would depict this scene.
1722,"It is an idea, that,"
1723,"Ah, you agree? It has not been done, I think? And yet—it lends itself to romance, my friend. All around us are people, of all classes, of all nationalities, of all ages. For three days these people, these strangers to one another, are brought together. They sleep and eat under one roof, they cannot get away from each other. At the end of three days they part, they go their several ways, never, perhaps, to see each other again."
1724,"And yet,"
1725,suppose an accident—
1726,"Ah no, my friend—"
1727,"From your point of view it would be regrettable, I agree. But nevertheless let us just for one moment suppose it. Then, perhaps, all these here are linked together—by death."
1728,"She is a personality,"
1729,"Hungarian Embassy, I believe,"
1730,It is at your wild animal you look?
1731,"I return to my compartment,"
1732,Come along presently and converse with me.
1733,Can you oblige me with a light?
1734,"In my country,"
1735,Big money.
1736,"What is it you wish me to do for you, M.—er—Ratchett?"
1737,"Monsieur, in my experience when a man is in a position to have, as you say, enemies, then it does not usually resolve itself into one enemy only."
1738,"Why, yes, I appreciate that point. Enemy or enemies—it doesn’t matter. What does matter is my safety."
1739,I cannot oblige you.
1740,"Name your figure, then,"
1741,"You do not understand, Monsieur. I have been very fortunate in my profession. I have made enough money to satisfy both my needs and my caprices. I take now only such cases as—interest me."
1742,I thought you’d left us. You said you were getting off at Belgrade.
1743,"You misunderstood me,"
1744,"I remember now, the train started from Stamboul just as we were talking about it."
1745,"I’ve got plenty other things to read. My, isn’t the cold something frightful?"
1746,Not at all. I hope you’ll sleep well and that your head will be better in the morning.
1747,"I guess I’ll go right to bed and read,"
1748,Good night.
1749,"Good night, Madame."
1750,"But yes, Monsieur. Monsieur has not noticed? The train has stopped. We have run into a snowdrift. Heaven knows how long we shall be here. I remember once being snowed up for seven days."
1751,Where are we?
1752,Between Vincovi and Brod.
1753,"Là là,"
1754,"Bon soir, Monsieur."
1755,"Decidedly I suffer from the nerves,"
1756,"Vous êtes un directeur de la ligne, je crois, Monsieur. Vous pouvez nous dire—"
1757,It is not I. You confound me with my friend M. Bouc.
1758,Oh! one of these Balkan things. What can you expect?
1759,"You are the only patient one, Mademoiselle,"
1760,What can one do?
1761,"You are a strong character, Mademoiselle,"
1762,"You are, I think, the strongest character amongst us."
1763,"Oh, no. No, indeed. I know one far far stronger than I am."
1764,"Well—that old lady, for instance. You have probably noticed her. A very ugly old lady, but rather fascinating. She has only to lift a little finger and ask for something in a polite voice—and the whole train runs."
1765,"It runs also for my friend M. Bouc,"
1766,"But that is because he is a director of the line, not because he has a masterful character."
1767,Brr!
1768,This is serious!
1769,"Certainly it is serious. To begin with, a murder—that by itself is a calamity of the first water. But not only that, the circumstances are unusual. Here we are, brought to a standstill. We may be here for hours—and not only hours—days! Another circumstance. Passing through most countries we have the police of that country on the train. But in Yugoslavia—no. You comprehend?"
1770,"It is a position of great difficulty,"
1771,"There is worse to come. Dr. Constantine—I forgot, I have not introduced you—Dr. Constantine, M. Poirot."
1772,but I think I can say definitely that death occurred between midnight and two in the morning.
1773,When was this M. Ratchett last seen alive?
1774,"He is known to have been alive at about twenty minutes to one, when he spoke to the conductor,"
1775,"That is quite correct,"
1776,I myself heard what passed. That is the last thing known?
1777,Yes.
1778,"The window of M. Ratchett’s compartment was found wide open, leading one to suppose that the murderer escaped that way. But in my opinion that open window is a blind. Anyone departing that way would have left distinct traces in the snow. There were none."
1779,The crime was discovered—when?
1780,Michel!
1781,"The door was locked and chained on the inside,"
1782,It was not suicide—eh?
1783,Does a man who commits suicide stab himself in ten—twelve—fifteen places?
1784,"That is great ferocity,"
1785,"It is a woman,"
1786,It is not my desire to speak technically—that is only confusing—but I can assure you that one or two of the blows were delivered with such force as to drive them through hard belts of bone and muscle.
1787,"It was not, clearly, a scientific crime,"
1788,"It was most unscientific,"
1789,"The blows seem to have been delivered haphazard and at random. Some have glanced off, doing hardly any damage. It is as though somebody had shut their eyes and then in a frenzy struck blindly again and again."
1790,"I have, perhaps, something to contribute to your store of knowledge,"
1791,"M. Ratchett spoke to me yesterday. He told me, as far as I was able to understand him, that he was in danger of his life."
1792,"If so,"
1793,it seems to have been done very amateurishly.
1794,"You might not. You might not. But we will go into that presently. The question is, what to do?"
1795,"You comprehend what I am about to ask of you. I know your powers. Take command of this investigation! No, no, do not refuse. See, to us it is serious—I speak for the Compagnie Internationale des Wagons Lits. By the time the Yugo-Slavian police arrive, how simple if we can present them with the solution! Otherwise delays, annoyances, a million and one inconveniences. Perhaps, who knows, serious annoyance to innocent persons. Instead—you solve the mystery! We say, ‘A murder has occurred—this is the criminal!’"
1796,"Your faith touches me, my friend,"
1797,"As you say, this cannot be a difficult case. I myself, last night—but we will not speak of that now. In truth, this problem intrigues me. I was reflecting, not half an hour ago, that many hours of boredom lay ahead whilst we are stuck here. And now—a problem lies ready to my hand."
1798,What other passengers are there on the train?
1799,"In this coach Dr. Constantine and I are the only travellers. In the coach from Bucharest is an old gentleman with a lame leg. He is well known to the conductor. Beyond that are the ordinary carriages, but these do not concern us, since they were locked after dinner had been served last night. Forward of the Istanbul-Calais coach there is only the dining car."
1800,"Then it seems,"
1801,as though we must look for our murderer in the Istanbul-Calais coach.
1802,The murderer is with us—on the train now….
1803,I should like a word or two with young M. MacQueen. He may be able to give us valuable information.
1804,"After we have seen young MacQueen,"
1805,perhaps M. le docteur will come with me to the dead man’s carriage.
1806,"We are a little cramped here,"
1807,"Clear all the people out of the restaurant car,"
1808,"What exactly do you mean by that phrase, M. MacQueen?"
1809,"You are assuming,"
1810,that M. Ratchett was murdered?
1811,Wasn’t he?
1812,"That’s just what I did think. Do you mean he just died in his sleep? Why, the old man was as tough as—as tough—"
1813,"No, no,"
1814,"Your assumption was quite right. Mr. Ratchett was murdered. Stabbed. But I should like to know why you were so sure it was murder, and not just—death."
1815,"Oh, yes?"
1816,"Why, it does seem kind of familiar—only I always thought it was a woman’s dressmaker."
1817,What’s incredible?
1818,"We’re going to take you for a ride, Ratchett. Some time soon. We’re going to GET you, see?"
1819,More so than the handwriting.
1820,"You would not observe,"
1821,"It requires the eye of one used to such things. This letter was not written by one person, M. MacQueen. Two or more persons wrote it—each writing a letter of a word at a time. Also, the letters are printed. That makes the task of identifying the handwriting much more difficult."
1822,I felt that there was a good deal going on underneath the quietness.
1823,"Mr. MacQueen, will you tell me, quite honestly, exactly how you regarded your employer? Did you like him?"
1824,I can’t exactly say. He was always quite pleasant in his manner.
1825,"His valet, Masterman, will have to know."
1826,"He probably knows already,"
1827,If so try to get him to hold his tongue.
1828,"That oughtn’t to be difficult. He’s a Britisher, and does what he calls ‘Keeps himself to himself.’ He’s a low opinion of Americans and no opinion at all of any other nationality."
1829,"So you pronounce one person at least innocent of the crime,"
1830,"Me, I suspect everybody till the last minute,"
1831,"Brrr,"
1832,"I did not like to close it,"
1833,"You are right,"
1834,"Nobody left the carriage this way. Possibly the open window was intended to suggest the fact, but, if so, the snow has defeated the murderer’s object."
1835,That the man was already dead—some little time dead—when they were delivered. But that is surely absurd.
1836,"It would seem so,"
1837,Unless our murderer figured to himself that he had not accomplished his job properly and came back to make quite sure; but that is manifestly absurd! Anything else?
1838,You see this wound here—under the right arm—near the right shoulder. Take this pencil of mine. Could you deliver such a blow?
1839,"I see. With the right hand it is exceedingly difficult—almost impossible. One would have to strike backhanded, as it were. But if the blow were struck with the left hand—"
1840,It is difficult to say. You see it is turned off by the conductor every morning about ten o’clock.
1841,"The switches will tell us,"
1842,"A young, vigorous, athletic woman might have struck them, especially if she were in the grip of a strong emotion, but it is in my opinion highly unlikely."
1843,You understand my point?
1844,"Perfectly,"
1845,"The matter begins to clear itself up wonderfully! The murderer was a man of great strength, he was feeble, it was a woman, it was a right-handed person, it was a left-handed person—Ah! c’est rigolo, tout ça!"
1846,"Here is the explanation of the victim’s inertia,"
1847,"Those two matches are of a different shape,"
1848,One is flatter than the other. You see?
1849,"It is the kind you get on a train,"
1850,Our friend the chef de train was right. There is a woman concerned in this.
1851,And most conveniently she leaves her handkerchief behind!
1852,Exactly as it happens in the books and on the films—and to make things even easier for us it is marked with an initial.
1853,What a stroke of luck for us!
1854,Is it not?
1855,"You will pardon me, M. Poirot, but I do not quite understand you."
1856,"I do not understand myself,"
1857,"I understand nothing at all, and, as you perceive, it worries me."
1858,—member little Daisy Armstrong.
1859,Ah!
1860,It tells you something?
1861,I know the dead man’s real name. I know why he had to leave America.
1862,"It brings back to me something. Some years ago. I cannot remember…It was a case in America, was it not?"
1863,"Yes,"
1864,A case in America.
1865,"I thought it best to have lunch served immediately in the restaurant car,"
1866,Afterwards it will be cleared and M. Poirot can conduct his examination of the passengers there. In the meantime I have ordered them to bring us three some food here.
1867,"An excellent idea,"
1868,That seems to give us the time of the crime very exactly.
1869,"Yes,"
1870,It is very convenient.
1871,You say that you yourself heard Ratchett speak to the conductor at twenty minutes to one?
1872,"that proves at least that Cassetti—or Ratchett, as I shall continue to call him—was certainly alive at twenty minutes to one."
1873,I may accompany you?
1874,"Certainly, my dear doctor. Unless M. Poirot has any objection?"
1875,"Not at all. Not at all,"
1876,"Après vous, Monsieur."
1877,"Excellent,"
1878,"We can open our Court of Inquiry without more ado. First, I think, we should take the evidence of the Wagon Lit conductor. You probably know something about the man. What character has he? Is he a man in whose word you would place reliance?"
1879,"I should say so most assuredly. Pierre Michel has been employed by the company for over fifteen years. He is a Frenchman—lives near Calais. Thoroughly respectable and honest. Not, perhaps, remarkable for brains."
1880,Let us see him.
1881,"I hope Monsieur will not think that there has been any negligence on my part,"
1882,It is a terrible thing that has happened. I hope Monsieur does not think that it reflects on me in any way?
1883,What were his words exactly?
1884,Ce n’est rien. Je me suis trompé.
1885,"Quite right,"
1886,That is what I heard. And then you went away?
1887,"Yes, Monsieur."
1888,Did you go back to your seat?
1889,"One of my bells rang, Monsieur—I remember—I told you. It was the American lady. She had rung several times."
1890,"I recollect,"
1891,And after that?
1892,"After that, Monsieur? I answered your bell and brought you some mineral water. Then, about half an hour later, I made up the bed in one of the other compartments—that of the young American gentleman, M. Ratchett’s secretary."
1893,"Ah, pardon, you yourself, Monsieur, opened your door and looked out for a second."
1894,"Good, my friend,"
1895,"I wondered whether you would remember that. By the way, I was awakened by what sounded like something heavy falling against my door. Have you any idea what that could have been?"
1896,"There was nothing, Monsieur. Nothing, I am positive of it."
1897,"Then I must have had the cauchemar,"
1898,"Unless,"
1899,it was something in the compartment next door that you heard.
1900,Doubtless one of the passengers has opened it to look out on the snow.
1901,"Probably,"
1902,Monsieur does not blame me?
1903,"You have had the evil chance, my friend,"
1904,"that it would be well to have a further word with M. MacQueen, in view of what we now know."
1905,But surely—I mean—that was rather careless of the old man?
1906,"That depends,"
1907,on the point of view.
1908,"The task before me,"
1909,"is to make sure of the movements of everyone on the train. No offence need be taken, you understand? It is only a matter of routine."
1910,Sure. Get right on with it and let me clear my character if I can.
1911,"I need hardly ask you the number of your compartment,"
1912,"since I shared it with you for a night. It is the second-class compartment Nos. 6 and 7, and after my departure you had it to yourself."
1913,"I don’t think so, sir. Nothing unusual, I mean. The train being at a standstill made it all very quiet."
1914,"Well, I think there is very little more to be said. You cannot throw any light upon the tragedy?"
1915,"You’ll excuse me, sir, but the elderly American lady is in what I might describe as a state, sir. She’s saying she knows all about the murderer. She’s in a very excitable condition, sir."
1916,"In that case,"
1917,we had better see her next.
1918,"Shall I tell her, sir? She’s been demanding to see someone in authority for a long time. The conductor’s been trying to pacify her."
1919,"Send her to us, my friend,"
1920,We will listen to her story now.
1921,"But, first, pray be seated."
1922,But this is a button from the tunic of a Wagon Lit attendant!
1923,"There may be a natural explanation for that,"
1924,"This button, Madame, may have dropped from the conductor’s uniform, either when he searched your cabin, or when he was making the bed up last night."
1925,"Very well, then. The conductor looked under the seat from near the door and then he came in and bolted the door between me and the next compartment, but he never went up near the window. Well, this morning that button was lying right on top of the magazine. What do you call that, I should like to know?"
1926,"That, Madame, I call evidence,"
1927,"It makes me madder than a hornet to be disbelieved,"
1928,"You have given us most interesting and valuable evidence,"
1929,"Now, may I ask you a few questions?"
1930,"Why, willingly."
1931,Did you hear any noise from M. Ratchett’s compartment after that?
1932,Well—not exactly.
1933,"What do you mean by that, Madame?"
1934,Well—
1935,You didn’t hear him snore after you had had the scare about a man being in your compartment?
1936,"Why, Mr. Poirot, how could I? He was dead."
1937,"Ah, yes, truly,"
1938,"Do you remember the affair of the Armstrong kidnapping, Mrs. Hubbard?"
1939,So you heard a woman’s voice next door?
1940,"This button. I cannot understand it. Does it mean that, after all, Pierre Michel is involved in some way?"
1941,"What have you to say, my friend?"
1942,"That button, it suggests possibilities,"
1943,Let us interview next the Swedish lady before we discuss the evidence we have heard.
1944,He laughed and said a few words. I—I did not quite catch them.
1945,"And what did you do after that, Mademoiselle?"
1946,"I went in to the American lady, Mrs. Hubbard. I asked her for some aspirin and she gave it to me."
1947,"No, indeed. I have a good comfortable dressing gown of Jaeger material."
1948,A pale mauve abba such as you buy in the East.
1949,Why are you taking this journey? A holiday?
1950,"Yes, it is annoying, that. Unlucky for your theory, and extremely lucky for our Italian friend that M. Ratchett’s valet should have had the toothache."
1951,"It will be explained,"
1952,"No, it is hardly so simple as that,"
1953,Did you see anyone going away from you down the corridor in the other direction?
1954,"Again, no. Monsieur."
1955,"Odd,"
1956,"Not so very,"
1957,"It is a question of time. Mrs. Hubbard wakes to find someone in her compartment. For a minute or two she lies paralysed, her eyes shut. Probably it was then that the man slipped out into the corridor. Then she starts ringing the bell. But the conductor does not come at once. It is only the third or fourth peal that he hears. I should say myself that there was ample time—"
1958,"For what? For what, mon cher? Remember that there are thick drifts of snow all round the train."
1959,"There are two courses open to our mysterious assassin,"
1960,He could retreat into either of the toilets or he could disappear into one of the compartments.
1961,"We have still to see eight passengers,"
1962,"Five first-class passengers—Princess Dragomiroff, Count and Countess Andrenyi, Colonel Arbuthnot and Mr. Hardman. Three second-class passengers—Miss Debenham, Antonio Foscarelli and the lady’s maid, Fräulein Schmidt."
1963,"You need not offer apologies, Messieurs. I understand a murder has taken place. Naturally, you must interview all the passengers. I shall be glad to give all the assistance in my power."
1964,"You are most amiable, Madame,"
1965,Not at all. It is a duty. What do you wish to know?
1966,"Your full Christian names and address, Madame. Perhaps you would prefer to write them yourself?"
1967,"My name, Madame, is Hercule Poirot—at your service."
1968,Yes. I remember now. This is Destiny.
1969,"Voilà une grande dame,"
1970,"What do you think of her, my friend?"
1971,what she meant by Destiny.
1972,"Well, Messieurs,"
1973,what can I do for you?
1974,"You understand, Monsieur,"
1975,that in view of what has occurred I am obliged to put certain questions to all the passengers.
1976,surely it is on his passport?
1977,"The name on his passport is Ratchett,"
1978,"But that, Monsieur, is not his real name. He is the man Cassetti, who was responsible for a celebrated kidnapping outrage in America."
1979,She can tell you nothing more than I have.
1980,But all the same I think I should like to have just one little word with Madame la Comtesse.
1981,"But you understand, it is necessary for my report."
1982,You belong to the League of Nations?
1983,"I belong to the world, Madame,"
1984,I work mainly in London. You speak English?
1985,"Well, that did not advance us much."
1986,"No,"
1987,Two people who saw nothing and heard nothing.
1988,Shall we now see the Italian?
1989,"Miss Debenham,"
1990,is a lady.
1991,Ah!
1992,So you do not think that she is likely to be implicated in this crime?
1993,"She did. She commented at once upon his somewhat unpleasant appearance. If a woman is concerned, as you seem to think (to my mind without any evidence but mere assumption), I can assure you that Miss Debenham could not possibly be indicated."
1994,"You feel warmly in the matter,"
1995,"I really don’t know what you mean,"
1996,"Now, Monsieur, cast your mind back,"
1997,"It was cold outside. You have returned to the train. You sit down again, you smoke—perhaps a cigarette, perhaps a pipe—"
1998,"Well, you can’t go about having blood feuds and stabbing each other like Corsicans or the Mafia,"
1999,"Say what you like, trial by jury is a sound system."
2000,"I am sure that would be your view. Well, Colonel Arbuthnot, I do not think there is anything more I have to ask you. There is nothing you yourself can recall last night that in any way struck you—or shall we say strikes you now looking back—as suspicious?"
2001,"Well, the door of it was not quite closed. And the fellow inside peered out in a furtive sort of way. Then he pulled the door to quickly. Of course, I know there’s nothing in that—but it just struck me as a bit odd. I mean, it’s quite usual to open a door and stick your head out if you want to see anything. But it was the furtive way he did it that caught my attention."
2002,"Ye-es,"
2003,"I told you there was nothing to it,"
2004,does a pukka sahib mean?
2005,"It means,"
2006,that Miss Debenham’s father and brothers were at the same kind of school as Colonel Arbuthnot.
2007,Then it has nothing to do with the crime at all.
2008,"Exactly,"
2009,Guess I’d better come clean.
2010,"It will certainly be advisable for you to tell us all you know,"
2011,You’d have said a mouthful if there was anything I did know. But I don’t. I know nothing at all—just as I said. But I ought to know something. That’s what makes me sore. I ought to.
2012,"That passport’s a bit of bluff,"
2013,"He knew something,"
2014,"He certainly knew more than he told his secretary,"
2015,"Did he tell you anything about this enemy of his? Did he, for instance, say why his life was threatened?"
2016,"No, he was kinder reticent about that part of it. Just said the fellow was out for his blood and meant to get it."
2017,"A small man—dark—with a womanish voice,"
2018,"You knew who he really was, of course?"
2019,"A description which applies to no one on the train,"
2020,"And now,"
2021,we will delight the heart of M. Bouc and see the Italian.
2022,"It is very respectable, very well dressed, but underneath it is all wrong. Out of my experience, I should say he was the big crook. I give you my opinion for what it is worth."
2023,"Your opinion is quite right,"
2024,"Ratchett was Cassetti, the kidnapper."
2025,What did I tell you? I have learned to be very acute—to read the face. It is necessary. Only in America do they teach you the proper way to sell.
2026,"Ah, well, these things they happen,"
2027,"and he is an Italian, and Italians use the knife! And they are great liars! I do not like Italians."
2028,"Ça se voit,"
2029,"Well, it may be that you are right, but I will point out to you, my friend, that there is absolutely no evidence against the man."
2030,And what about the psychology? Do not Italians stab?
2031,"Assuredly,"
2032,"Especially in the heat of a quarrel. But this—this is a different kind of crime. I have the little idea, my friend, that this is a crime very carefully planned and staged. It is a far-sighted, long-headed crime. It is not—how shall I express it?—a Latin crime. It is a crime that shows traces of a cool, resourceful, deliberate brain—I think an Anglo-Saxon brain."
2033,And what do you think of the Armstrong affair?
2034,"It was quite abominable,"
2035,"You are travelling from Baghdad, I believe, Miss Debenham?"
2036,You are impertinent.
2037,What is your opinion of the lady who shares your compartment—Miss Ohlsson?
2038,"It needs explaining. If it means what you suspect it means, then they are both of them in it together—she and the stiff Englishman."
2039,"See you, if they were both in this together, what should we expect to find—that each of them would provide an alibi for the other. Is not that so? But no—that does not happen. Miss Debenham’s alibi is provided by a Swedish woman whom she has never seen before, and Colonel Arbuthnot’s alibi is vouched for by MacQueen, the dead man’s secretary. No, that solution of the puzzle is too easy."
2040,"I think you are wrong, my friend. I do not see that young English girl as a criminal."
2041,"Ah, well,"
2042,"to the final name on our list. Hildegarde Schmidt, lady’s maid."
2043,The conductor often has to answer bells at night. Do you remember which compartment it was?
2044,"Towards me, Monsieur. He apologized and passed on down the corridor towards the dining car. A bell began ringing, but I do not think he answered it."
2045,I do not understand. How is it—?
2046,"It is just a question of times,"
2047,"All a matter of routine. This poor conductor, he seems to have had a busy night—first waking you and then answering bells."
2048,"It was an abominable crime,"
2049,The three sleeping car attendants are coming in. Will you be so kind as to tell me which is the one you met last night as you were going with the rug to the Princess?
2050,"But I understand nothing—but nothing of all this! The enemy that this Ratchett spoke of, he was then on the train after all? But where is he now? How can he have vanished into thin air? My head, it whirls. Say something, then, my friend, I implore you. Show me how the impossible can be possible!"
2051,"It is a good phrase that,"
2052,"The impossible cannot have happened, therefore the impossible must be possible in spite of appearances."
2053,"I exaggerate, perhaps. The American, Hardman, and the German maid—yes, they have added something to our knowledge. That is to say, they have made the whole business more unintelligible than it was."
2054,"No, no, no,"
2055,"Speak, then, let us hear the wisdom of Hercule Poirot."
2056,"Did I not tell you that I was, like you, a very puzzled man? But at least we can face our problem. We can arrange such facts as we have with order and method."
2057,"Pray continue, Monsieur,"
2058,"I grant it to you—I grant it, mon vieux,"
2059,"Yes, yes, my friend,"
2060,"But whilst I admire your caution, your method of advancing a step at a time, I submit that you have not yet touched the point at issue. We are all agreed that this person exists. The point is—where did he go?"
2061,"I know,"
2062,"I know exactly how you feel. The head spins, does it not?"
2063,"And now let us make the fantasy more fantastic,"
2064,"Last night on the train there are two mysterious strangers. There is the Wagon Lit attendant answering to the description given us by M. Hardman, and seen by Hildegarde Schmidt, Colonel Arbuthnot and M. MacQueen. There is also a woman in a red kimono—a tall, slim woman—seen by Pierre Michel, by Miss Debenham, by M. MacQueen and by myself—and smelt, I may say, by Colonel Arbuthnot! Who was she? No one on the train admits to having a scarlet kimono. She, too, has vanished. Was she one and the same with the spurious Wagon Lit attendant? Or was she some quite distinct personality? Where are they, these two? And, incidentally, where is the Wagon Lit uniform and the scarlet kimono?"
2065,"We must search all the passengers’ luggage. Yes, that will be something."
2066,You know where they are?
2067,"There is no mistake. Here is our missing weapon all right—eh, docteur?"
2068,"You need not be so careful,"
2069,There will be no fingerprints on it save those of Mrs. Hubbard.
2070,Thousands of these sham Eastern daggers are made and shipped to the bazaars of Constantinople.
2071,"You console me a little, but only a little,"
2072,"We locked it from the other side, you remember,"
2073,"That is true,"
2074,Move this baggage into a vacant compartment in the Athens-Paris coach.
2075,"Yes, Monsieur—the same one as this—the No. 3?"
2076,"No,"
2077,"I think it would be better for Madame to have a different number altogether. The No. 12, for instance."
2078,But nobody else has had a murderer walking right through their compartment in the middle of the night.
2079,"What still puzzles me, Madame,"
2080,is how the man got into your compartment if the communicating door was bolted as you say. You are sure that it was bolted?
2081,"Your American terms are so quaint, so expressive,"
2082,"Me, I would much like to go to America,"
2083,"You’d learn a few go-ahead methods over there,"
2084,Europe wants waking up. She’s half asleep.
2085,But I guess every nation likes its own girls best.
2086,"Say, gentlemen, this business is getting on my nerves. Murder and the snow and all, and nothing doing. Just hanging about and killing time. I’d like to get busy after someone or something."
2087,"The true Western spirit of hustle,"
2088,You always use the same kind?
2089,that is all there is to it. My maid has the keys. She will attend to it with you.
2090,"Does your maid always carry your keys, Madame?"
2091,"Certainly, Monsieur."
2092,And if during the night at one of the frontiers the Customs officials should require a piece of luggage to be opened?
2093,I do not employ people whom I do not trust.
2094,"Yes,"
2095,"Trust is indeed something in these days. It is, perhaps, better to have a homely woman whom one can trust than a more chic maid—for example, some smart Parisienne."
2096,"She is truly grande dame. These two are also of the same position, but the Count impressed me as a man of somewhat truculent disposition. He was not pleased when you insisted on questioning his wife. And this will annoy him still further. Suppose—eh—we omit them. After all, they can have nothing to do with the matter. Why should I stir up needless trouble for myself."
2097,"I do not agree with you,"
2098,"I feel sure that Count Andrenyi will be reasonable. At any rate, let us make the attempt."
2099,"I, Mademoiselle? Why, to minister to the American lady."
2100,I have nothing more to say.
2101,"It does not matter,"
2102,I shall find out.
2103,The keys?
2104,"It is not locked, Monsieur."
2105,"Yes, indeed, all my ladies have said so. I—"
2106,"No, no,"
2107,"I assure you all is well. See, I will tell you how this happened. This man, the man you saw in Wagon Lit uniform, comes out of the dead man’s compartment. He collides with you. That is bad luck for him. He has hoped that no one will see him. What to do next? He must get rid of his uniform. It is now not a safeguard, but a danger."
2108,"There is the snow, you see. The snow which confuses all his plans. Where can he hide these clothes? All the compartments are full. No, he passes one where the door is open and shows it to be unoccupied. It must be the one belonging to the woman with whom he has just collided. He slips in, removes the uniform and jams it hurriedly into a suitcase on the rack. It may be some time before it is discovered."
2109,And then?
2110,"That we must discuss,"
2111,"Your questions to Mrs. Hubbard were unnecessary. Locked or not locked, the man could easily get through the communicating door. After all, if a Wagon Lit uniform, why not a Wagon Lit key?"
2112,"Why not, indeed,"
2113,"We might have known it, really. You remember Michel said that the door into the corridor of Mrs. Hubbard’s compartment was locked when he came in answer to her bell."
2114,"Doubtless he meant to relock the communicating door also, but perhaps he heard some movement from the bed and it startled him."
2115,"We have now,"
2116,only to find the scarlet kimono.
2117,True. And these last two compartments are occupied by men.
2118,Not even a compromising bequest!
2119,What next?
2120,"We will go back to the dining car,"
2121,"We know now all that we can know. We have the evidence of the passengers, the evidence of their baggage, the evidence of our eyes. We can expect no further help. It must be our part now to use our brains."
2122,"Le voilà,"
2123,"If you solve this case, mon cher, I shall indeed believe in miracles!"
2124,Naturally it worries me. I cannot make head or tail of it.
2125,"I agree,"
2126,"To be frank,"
2127,I cannot see what you are going to do next.
2128,No?
2129,"this discovery does not affect things very much. You heard someone moving about next door. That someone was not Ratchett, but the other man. Doubtless he is washing blood from his hands, clearing up after the crime, burning the incriminating letter. Then he waits till all is still, and when he thinks it is safe and the coast is clear he locks and chains Ratchett’s door on the inside, unlocks the communicating door through into Mrs. Hubbard’s compartment and slips out that way. In fact it is exactly as we thought—with the difference that Ratchett was killed about half an hour earlier, and the watch put on to a quarter past one to create an alibi."
2130,"Not such a famous alibi,"
2131,The hands of the watch pointed to 1:15—the exact time when the intruder actually left the scene of the crime.
2132,"And, by our former reasoning, it must be one of the passengers,"
2133,We come back to where we were. Which of them?
2134,"I have made a list,"
2135,"If you like to see it, it will, perhaps, refresh your memory."
2136,"That document, you understand,"
2137,"is a mere précis of the evidence we heard, arranged that way for convenience."
2138,"It is not illuminating,"
2139,"Perhaps you may find this more to your taste,"
2140,The handkerchief to begin with. Let us by all means be orderly and methodical.
2141,"Assuredly,"
2142,"It is a very expensive handkerchief that, and Americans, as all the world knows, do not care what they pay."
2143,So you both eliminate the maid?
2144,"Yes. As she herself said, it is the handkerchief of a member of the upper classes."
2145,"That is more difficult. The English, they do not stab. You are right there. I incline to the view that someone else dropped the pipe cleaner—and did so to incriminate the long-legged Englishman."
2146,"two clues is too much carelessness. I agree with M. Bouc. The handkerchief was a genuine oversight—hence no one will admit that it is theirs. The pipe cleaner is a faked clue. In support of that theory, you notice that Colonel Arbuthnot shows no embarrassment and admits freely to smoking a pipe and using that type of cleaner."
2147,"You reason well,"
2148,Question No. 3—who wore the scarlet kimono?
2149,"As to that I will confess I have not the slightest idea. Have you any views on the subject, Dr. Constantine?"
2150,"Then we confess ourselves beaten there. The next question has, at any rate, possibilities. Who was the man or woman masquerading in Wagon Lit uniform? Well, one can say with certainty a number of people whom it could not be. Hardman, Colonel Arbuthnot, Foscarelli, Count Andrenyi and Hector MacQueen are all too tall. Mrs. Hubbard, Hildegarde Schmidt and Greta Ohlsson are too broad. That leaves the valet, Miss Debenham, Princess Dragomiroff and Countess Andrenyi—and none of them sounds likely! Greta Ohlsson in one case and Antonio Foscarelli in the other both swear that Miss Debenham and the valet never left their compartments, Hildegarde Schmidt swears to the Princess being in hers, and Count Andrenyi has told us that his wife took a sleeping draught. Therefore it seems impossible that it can be anybody—which is absurd!"
2151,"As our old friend Euclid says,"
2152,"It must be one of those four,"
2153,"Unless it is someone from outside who has found a hiding place—and that, we agreed, was impossible."
2154,"Bravo,"
2155,"It is well imagined, that."
2156,"In fact,"
2157,"she stabbed him in the dark, not realizing that he was dead already, but somehow deduced that he had a watch in his pyjama pocket, took it out, put back the hands blindly and gave it the requisite dent."
2158,Have you anything better to suggest yourself?
2159,"All the same,"
2160,I do not think you have either of you appreciated the most interesting point about that watch.
2161,"Yes, but the question ‘Was it later?’ can also be answered in the affirmative. I agree with your theory, M. Bouc, and so, I think, does M. Poirot, although he does not wish to commit himself. The First Murderer came earlier than 1:15, the Second Murderer came after 1:15. And as regards the question of left-handedness, ought we not to take steps to ascertain which of the passengers is left-handed?"
2162,"I have not completely neglected that point,"
2163,"You may have noticed that I made each passenger write either a signature or an address. That is not conclusive, because some people do certain actions with the right hand and others with the left. Some write right-handed, but play golf left-handed. Still it is something. Every person questioned took the pen in their right hand—with the exception of Princess Dragomiroff, who refused to write."
2164,"No, I would not say that. But I think more force than an elderly woman could display, and Princess Dragomiroff’s physique is particularly frail."
2165,"It might be a question of the influence of mind over body,"
2166,Princess Dragomiroff has great personality and immense will power. But let us pass from that for the moment.
2167,"To questions Nos. 9 and 10. Can we be sure that Ratchett was stabbed by more than one person, and what other explanation of the wounds can there be? In my opinion, medically speaking, there can be no other explanation of those wounds. To suggest that one man struck first feebly and then with violence, first with the right hand and then with the left, and after an interval of perhaps half an hour inflicted fresh wounds on a dead body—well, it does not make sense."
2168,"No,"
2169,It does not make sense. And you think that two murderers do make sense?
2170,"As you yourself have said, what other explanation can there be?"
2171,That is what I never cease to ask myself.
2172,"Do they suggest anything to you, those points?"
2173,"Not a thing,"
2174,And M. le docteur?
2175,I do not understand in the least of what you are talking.
2176,"It is of no use denying. That is the truth, is it not?"
2177,"I am Helena Goldenberg, the younger sister of Mrs. Armstrong."
2178,"In fact, all that your husband and you told me was a tissue of lies."
2179,"Monsieur,"
2180,"I am glad you admit the fact so freely, Madame. Will you now tell me your reasons for so doing and also for altering your Christian name on your passport."
2181,"That was my doing entirely,"
2182,"I do not say that I disbelieve you, Monsieur,"
2183,"Your family is, I know, a proud and ancient one. It would be bitter indeed for you to have your wife dragged into an unpleasant police case. With that I can sympathize. But how, then, do you explain the presence of your wife’s handkerchief actually in the dead man’s compartment?"
2184,Because we heard that a handkerchief had been found with the initial H on it. We talked the matter over together before we came to be interviewed. I pointed out to Helena that if it were seen that her Christian name began with an H she would immediately be subjected to much more rigorous questioning. And the thing was so simple—to alter Helena to Elena was easily done.
2185,"You have, M. le Comte, the makings of a very fine criminal,"
2186,"A great natural ingenuity, and an apparently remorseless determination to mislead justice."
2187,we make progress.
2188,"I believe, Monsieur,"
2189,that you have a handkerchief of mine.
2190,"You did not ask me,"
2191,"Pray be seated, Madame,"
2192,"I may as well, I suppose."
2193,"You need not make a long business of this, Messieurs. Your next question will be—how did my handkerchief come to be lying by a murdered man’s body? My reply to that is that I have no idea."
2194,"You will excuse me, Madame, but how much can we rely upon the truthfulness of your replies?"
2195,"So that was it,"
2196,"she is a terrible old lady, that!"
2197,Could she have murdered Ratchett?
2198,"Those blows—the ones delivered with great force penetrating the muscle—never, never could anyone with so frail a physique inflict them."
2199,But the feebler ones?
2200,"The feebler ones, yes."
2201,"I am thinking,"
2202,"of the incident this morning when I said to her that the strength was in her will rather than in her arm. It was in the nature of a trap, that remark. I wanted to see if she would look down at her right or her left arm. She did neither. She looked at them both. But she made a strange reply. She said, ‘No, I have no strength in these. I do not know whether to be sorry or glad.’ A curious remark that. It confirms me in my belief about the crime."
2203,"Lies—and again lies—it amazes me, the amount of lies we had told to us this morning."
2204,"There are more still to discover,"
2205,You think so?
2206,I shall be very disappointed if it is not so.
2207,"But it seems to please you,"
2208,"It has this advantage,"
2209,"If you confront anyone who has lied with the truth, they usually admit it—often out of sheer surprise. It is only necessary to guess right to produce your effect.

“That is the only way to conduct this case. I select each passenger in turn, consider their evidence and say to myself, ‘If so and so is lying, on what point are they lying and what is the reason for the lie?’ And I answer if they are lying—if, you mark—it could only be for such a reason and on such a point. We have done that once very successfully with Countess Andrenyi. We shall now proceed to try the same method on several other persons."
2210,Well?
2211,"All my apologies for troubling you a second time,"
2212,But there is still some information that I think you might be able to give us.
2213,"Ah, well,"
2214,"we know more than you think. If Miss Debenham is innocent, why did she conceal that fact? Why did she tell me that she had never been in America?"
2215,You wished to see me?
2216,"I wished to ask you, Mademoiselle, why you lied to us this morning?"
2217,"You will not tell me your secret, Mademoiselle?"
2218,I can’t—I can’t.
2219,"Miss Debenham’s got nothing to do with this business—nothing, do you hear? And if she’s worried and interfered with, you’ll have me to deal with."
2220,"I like to see an angry Englishman,"
2221,They are very amusing. The more emotional they feel the less command they have of language.
2222,But does everybody on this train tell lies?
2223,"That,"
2224,is what we are about to find out.
2225,Nothing! Even if everybody in the train proved to have been in the Armstrong household I should not express surprise.
2226,"That is a very profound remark,"
2227,"Would you like to see what your favourite suspect, the Italian, has to say for himself?"
2228,"Yes, you have something more to tell us,"
2229,The truth!
2230,The truth?
2231,"No, no, never. They could not prove a thing against me—but it was not for want of trying."
2232,"That was in the Armstrong case, was it not? You were the chauffeur?"
2233,"No, no, I had nothing to do with this business last night. I never left my carriage. The long-faced Englishman, he can tell you so. It was not I who killed this pig—this Ratchett. You cannot prove anything against me."
2234,"Of the twelve passengers in that coach, nine have been proved to have had a connection with the Armstrong case. What next, I ask you? Or, should I say, who next?"
2235,"I can almost give you the answer to your question,"
2236,"Here comes our American sleuth, M. Hardman."
2237,"Is he, too, coming to confess?"
2238,"Haven’t got the fancy manner for a place like that. No, I never had any connection with the Armstrong house—but I’m beginning to believe I’m about the only one on this train who hadn’t! Can you beat it—that’s what I say? Can you beat it?"
2239,"It is certainly a little surprising,"
2240,"C’est rigolo,"
2241,"Have you any ideas of your own about the crime, M. Hardman?"
2242,"but no one would believe it to look at you. I take off my hat to you. I do, indeed."
2243,"You are too kind, M. Hardman."
2244,Not at all. I’ve got to hand it to you.
2245,"All the same,"
2246,the problem is not yet quite solved. Can we say with authority that we know who killed M. Ratchett?
2247,I’m not saying anything at all. I’m just full of natural admiration. What about the other two you’ve not had a guess at yet? The old American dame and the lady’s maid? I suppose we can take it that they’re the only innocent parties on the train?
2248,"Unless,"
2249,we can fit them into our little collection as—shall we say?—housekeeper and cook in the Armstrong household.
2250,"Ah, mon cher, that would be indeed stretching coincidence a little too far,"
2251,They cannot all be in it.
2252,"You do not understand,"
2253,"You do not understand at all. Tell me,"
2254,do you know who killed Ratchett?
2255,Do you?
2256,I have known for some time. It is so clear that I wonder you have not seen it also.
2257,"I don’t know,"
2258,I don’t know at all. Which of them was it?
2259,"If you will be so good, M. Hardman, assemble everyone here. There are two possible solutions of this case. I want to lay them both before you all."
2260,"No, no, and again no! That is an explanation that will not hold water. It is deficient in a dozen minor points. The crime was not committed so—M. Poirot must know that perfectly well."
2261,that I shall have to give my second solution. But do not abandon this one too abruptly. You may agree with it later.
2262,"We decided then and there—perhaps we were mad—I don’t know—that the sentence of death that Cassetti had escaped had got to be carried out. There were twelve of us—or rather eleven—Susanne’s father was over in France, of course. First we thought we’d draw lots as to who should do it, but in the end we decided on this way. It was the chauffeur, Antonio, who suggested it. Mary worked out all the details later with Hector MacQueen. He’d always adored Sonia—my daughter—and it was he who explained to us exactly how Cassetti’s money had managed to get him off.

“It took a long time to perfect our plan. We had first to track Ratchett down. Hardman managed that in the end. Then we had to try to get Masterman and Hector into his employment—or at any rate one of them. Well, we managed that. Then we had a consultation with Susanne’s father. Colonel Arbuthnot was very keen on having twelve of us. He seemed to think it made it more in order. He didn’t like the stabbing idea much, but he agreed that it did solve most of our difficulties. Well, Susanne’s father was willing. Susanne was his only child. We knew from Hector that Ratchett would be coming back from the East sooner or later by the Orient Express. With Pierre Michel actually working on that train, the chance was too good to be missed. Besides, it would be a good way of not incriminating any outsiders.

“My daughter’s husband had to know, of course, and he insisted on coming on the train with her. Hector wangled it so that Ratchett selected the right day for travelling when Michel would be on duty. We meant to engage every carriage in the Stamboul-Calais coach, but unfortunately there was one carriage we couldn’t get. It was reserved long beforehand for a director of the company. Mr. Harris, of course, was a myth. But it would have been awkward to have any stranger in Hector’s compartment. And then, at the last minute, you came…."
2263,"Well,"
2264,What do you say?
2265,"the first theory you put forward was the correct one—decidedly so. I suggest that that is the solution we offer to the Yugo-Slavian police when they arrive. You agree, Doctor?"
2266,"As regards the medical evidence, I think—er—that I made one or two fantastic suggestions."
2267,"Then,"
2268,"having placed my solution before you, I have the honour to retire from the case…."
2269,Ha!
2270,"I’ve just got to confess one thing, M. Poirot. It gave me a kind of a turn meeting you here—not that I wasn’t just thrilled to meet you, because I was. Mr. Gardener knows that. But it just came to me that you might be here—well, professionally. You know what I mean? Well, I’m just terribly sensitive, as Mr. Gardener will tell you, and I just couldn’t bear it if I was to be mixed up in crime of any kind. You see—"
2271,No bodies on Smugglers’ Island.
2272,"Ah! but that, it is not strictly true."
2273,"Regard them there, lying out in rows. What are they? They are not men and women. There is nothing personal about them. They are just—bodies!"
2274,"Good-looking fillies, some of ’em. Bit on the thin side, perhaps."
2275,"Yes, but what appeal is there? What mystery? I, I am old, of the old school, When I was young, one saw barely the ankle. The glimpse of a foamy petticoat, how alluring! The gentle swelling of the calf—a knee—a beribboned garter—"
2276,"Much more sensible—the things we wear nowadays,"
2277,"I do think, you know, that our girls and boys nowadays lead a much more natural healthy life. They just romp about together and they—well, they—"
2278,"they think nothing of it, if you know what I mean?"
2279,"I do know,"
2280,It is deplorable!
2281,Deplorable?
2282,"The movement of the sea, it is not pleasant."
2283,"Bless the man, the sea is as calm as a mill pond today."
2284,"There is no such thing as a really calm sea. Always, always, there is motion."
2285,"Here comes Mrs. Redfern now, coming up from her bathe."
2286,"Mrs. Gardener’s been in grand form this morning. Absolutely nonstop. ‘Isn’t that so, Odell?’ ‘Yes, darling.’"
2287,"I wish, though, M. Poirot, that you’d played up to her a bit. Why didn’t you? Why didn’t you tell her that you were down here investigating a particularly gruesome murder, and that the murderer, a homicidal maniac, was certainly to be found among the guests of the hotel?"
2288,I very much fear she would have believed me.
2289,"No, I don’t believe even Mrs. Gardener would have believed in a crime staged here. This isn’t the sort of place you’d get a body!"
2290,"But why not, Mademoiselle? Why should there not be what you call a ‘body’ here on Smugglers’ Island?"
2291,I’m sorry. I got carried away.
2292,I understand your meaning. Up to a point I agree with you. Evil does walk the earth and can be recognized as such.
2293,She’s handsome—yes. I think—she looks rather a beast!
2294,Patrick Redfern’s a fool!
2295,What are you thinking about? You’ve not opened your mouth. What do you think of the siren? Pretty hot?
2296,C’est possible.
2297,"Now then, you old dog. I know you Frenchmen!"
2298,I am not a Frenchman!
2299,"Well, don’t tell me you haven’t got an eye for a pretty girl! What do you think of her, eh?"
2300,She is not young.
2301,What does that matter? A woman’s as old as she looks! Her looks are all right.
2302,"Yes, she is beautiful. But it is not beauty that counts in the end. It is not beauty that makes every head (except one) turn on the beach to look at her."
2303,What are you looking at so steadily?
2304,I am looking at the exception. At the one man who did not look up when she passed.
2305,"Oh, that!"
2306,"That’s the husband, my boy. That’s Marshall."
2307,"Yes, I know."
2308,That woman is evil through and through. Do you doubt it?
2309,It is difficult to be sure.
2310,"But, man alive, don’t you feel it in the air? All round you? The presence of Evil."
2311,"Yes, two years ago, at Easter. There weren’t so many people then."
2312,"Something has occurred to worry you. That is right, is it not?"
2313,Yes.
2314,The ghost of what? Or of whom?
2315,"Oh, the ghost of myself."
2316,Was it a painful ghost?
2317,"Unexpectedly painful. It took me back, you know…."
2318,"Imagine my childhood. No, you can’t! You’re not English!"
2319,Was it a very English childhood?
2320,"Oh, incredibly so! The country—a big shabby house—horses, dogs—walks in the rain—wood fires—apples in the orchard—lack of money—old tweeds—evening dresses that went on from year to year—a neglected garden—with Michaelmas daisies coming out like great banners in the autumn…."
2321,And you want to go back?
2322,"One can’t go back, can one? That—never. But I’d like to have gone on—a different way."
2323,I wonder.
2324,"So do I, really!"
2325,"When I was young (and that, Mademoiselle, is indeed a long time ago) there was a game entitled, ‘If not yourself, who would you be?’ One wrote the answer in young ladies’ albums. They had gold edges and were bound in blue leather. The answer? Mademoiselle, is not really very easy to find."
2326,"That shows, doesn’t it, that you never know?"
2327,"Many people, Mademoiselle, must envy you."
2328,"Of course—I haven’t got a husband! I’ve failed there, haven’t I, M. Poirot?"
2329,"Mademoiselle, if you are not married, it is because none of my sex have been sufficiently eloquent. It is from choice, not necessity, that you remain single."
2330,"Well, it’s true enough. Kenneth Marshall and I were more or less children together. The Marshalls lived next door to us. Ken was always nice to me—although condescending, of course, since he was four years older. I’ve not seen anything of him for a long time. It must be—fifteen years at least."
2331,A long time.
2332,"He is sympathetic, yes?"
2333,Ken’s a dear. One of the best. Frightfully quiet and reserved. I’d say his only fault is a penchant for making unfortunate marriages.
2334,Ah—
2335,Kenneth’s a fool—an utter fool where women are concerned! Do you remember the Martingdale case?
2336,"That’s right. Well, after her acquittal, Ken married her. That’s the sort of damn silly thing he does."
2337,"Oh, I dare say she was innocent. Nobody really knows! But there are plenty of women to marry in the world without going out of your way to marry one who’s stood her trial for murder."
2338,"She? She’s the world’s first gold digger. And a man-eater as well! If anything personable in trousers comes within a hundred yards of her, it’s fresh sport for Arlena! She’s that kind."
2339,That is true what you say… Her eyes look for one thing only—men.
2340,"She’s got her eye on Patrick Redfern now. He’s a good-looking man—and rather the simple kind—you know, fond of his wife, and not a philanderer. That’s the kind that’s meat and drink to Arlena. I like little Mrs. Redfern—she’s nice looking in her fair washed-out way—but I don’t think she’ll stand a dog’s chance against that man-eating tiger, Arlena."
2341,"No, it is as you say."
2342,"Christine Redfern was a school teacher, I believe. She’s the kind that thinks that mind has a pull over matter. She’s got a rude shock coming to her."
2343,"It’s a shame, you know."
2344,it was a question of murder.
2345,"But the murder hadn’t happened, then."
2346,"But already, mon cher, it was very clearly indicated."
2347,Then why didn’t you stop it?
2348,"Didn’t catch his name properly. Oh yes, I’ve heard of him. But I thought he was dead. Dash it, he ought to be dead. What’s he after down here?"
2349,"No, no. I repose myself. I take the holiday."
2350,"You’d say that anyway, wouldn’t you?"
2351,Not necessarily.
2352,"Oh! Come now. As a matter of fact you’d be safe enough with me. I don’t repeat all I hear! Learnt to keep my mouth shut years ago. Shouldn’t have got on the way I have if I hadn’t known how to do that. But you know what most people are—yap, yap, yap about everything they hear! Now you can’t afford that in your trade! That’s why you’ve got to keep it up that you’re here holiday-making and nothing else."
2353,And why should you suppose the contrary?
2354,"Ah, yes?"
2355,"Don’t know why I came to this place,"
2356,"I, too, wondered?"
2357,"Eh, what’s that?"
2358,"Mostly a dried up lot of sticks in this hotel! Mrs. Marshall’s about the only lively spot! I should think Marshall’s got his hands full looking after her. All sorts of stories about her in her stage days—and after! Men go crazy about her. You’ll see, there’ll be a spot of trouble one of these days."
2359,What kind of trouble?
2360,"That depends. I’d say, looking at Marshall, that he’s a man with a funny kind of temper. As a matter of fact, I know he is. Heard something about him. I’ve met that quiet sort. Never know where you are with that kind. Redfern had better look out—"
2361,"And, as I say, sailing round this coast is good fun. Hullo, Redfern, have one with me? What’ll you have? Dry Martini? Right. What about you, M. Poirot?"
2362,Sailing? It’s the best fun in the world. Wish I could do more of it. Used to spend most of my time as a boy in a sailing dinghy round this coast.
2363,Then you know this part of the world well?
2364,"Rather! I knew this place before there was a hotel on it. There were just a few fishermen’s cottages at Leathercombe Bay and a tumbledown old house, all shut up, on the island."
2365,"Oh, don’t you know it? It’s on Pixy Cove. You can’t find the entrance to it easily. It’s among a lot of piled up boulders at one end. Just a long thin crack. You can just squeeze through it. Inside it widens out into quite a big cave. You can imagine what fun it was to a boy! An old fisherman showed it to me. Nowadays, even the fishermen don’t know about it. I asked one the other day why the place was called Pixy Cove and he couldn’t tell me."
2366,But I still do not understand. What is this pixy?
2367,"Oh! that’s typically Devonshire. There’s the pixy’s cave at Sheepstor on the Moor. You’re supposed to leave a pin, you know, as a present for the pixy. A pixy is a kind of moor spirit."
2368,"Ah! but it is interesting, that."
2369,"There’s a lot of pixy lore on Dartmoor still. There are tors that are said to pixy-ridden, and I expect that farmers coming home after a thick night still complain of being pixy-led."
2370,"Faith, I’d like to see the old boy pixy-led himself!"
2371,"For a hard-bitten business man, M. Blatt seems to have a very romantic imagination."
2372,That’s because he’s only half-educated. Or so my wife says. Look at what he reads! Nothing but thrillers or Wild West stories.
2373,You mean that he has still the mentality of a boy?
2374,"Well, don’t you think so, sir?"
2375,I haven’t either. I’ve been out sailing with him once or twice—but he doesn’t really like having anyone with him. He prefers to be on his own.
2376,That is indeed curious. It is singularly unlike his practice on land.
2377,I know. We all have a bit of trouble keeping out of his way. He’d like to turn this place into a cross between Margate and Le Touquet.
2378,"Yes, sir?"
2379,"I do know. Your wife is a very charming, a very accomplished woman. She is, I think, very fond of you."
2380,I’m very fond of her.
2381,"Ah,"
2382,I am delighted to hear it.
2383,"I know something of them. They are capable of complicating life unbearably. And the English, they conduct their affairs indescribably. If it was necessary for you to come here, M. Redfern, why, in the name of heaven, did you bring your wife?"
2384,I don’t know what you mean.
2385,You know perfectly. I am not so foolish as to argue with an infatuated man. I utter only the word of caution.
2386,"Tscha, tscha, you are not a child! You are an educated woman. You must look at things sensibly."
2387,I can assure you I never take cold.
2388,"It has been a wet day. The wind blew, the rain came down, and the mist was everywhere so that one could not see through it. Eh bien, what is it like now? The mists have rolled away, the sky is clear and up above the stars shine. That is like life, Madame."
2389,There is something in that.
2390,That woman—
2391,"Will you allow me to tell you something, Madame? Something that is as true as the stars above us? The Arlena Stuarts—or Arlena Marshalls—of this world—do not count."
2392,Do you think men care for goodness or brains?
2393,"Fundamentally, yes."
2394,I don’t agree with you.
2395,"Your husband loves you, Madame. I know it."
2396,You can’t know it.
2397,I can’t bear it … I can’t bear it….
2398,Patience—only patience.
2399,M. Poirot?
2400,"Do something for me, will you?"
2401,And Madame Redfern? Has she too risen early?
2402,Well. M. Poirot. The beach seems very deserted this morning. Where is everybody?
2403,"I was saying to Mr. Gardener only this morning that we simply must make an excursion to Dartmoor. It’s quite near and the associations are all so romantic. And I’d like to see that convict prison—Princetown, isn’t it? I think we’d better fix up right away and go there tomorrow, Odell."
2404,"Yes, darling."
2405,"You are going to bathe, Mademoiselle?"
2406,"Oh I’ve had my morning dip before breakfast. Somebody nearly brained me with a bottle, too. Chucked it out of one of the hotel windows."
2407,"Sometimes, you know, I do think that maybe we’re going a little too far nowadays. What with all our great discoveries and all the electrical waves there must be in the atmosphere, I do think it leads to a great deal of mental unrest, and I just feel that maybe the time has come for a new message to humanity. I don’t know, M. Poirot, if you’ve ever interested yourself in the prophecies from the Pyramids."
2408,"I have not,"
2409,"Well, I do assure you that they’re very, very interesting. What with Moscow being exactly a thousand miles due north of—now what was it?—would it be Nineveh?—but anyway you take a circle and it just shows the most surprising things—and one can just see that there must have been special guidance, and that those ancient Egyptians couldn’t have thought of what they did all by themselves. And when you’ve gone into the theory of the numbers and their repetition, why it’s all just so clear that I can’t see how anyone can doubt the truth of it for a moment."
2410,"You been paddling with your shoes on, M. Poirot?"
2411,Alas! I was precipitate.
2412,Upon my soul!
2413,This is a surprise finding you here!
2414,"Biggest surprise of my life. The thing I’ve never got over, though, is the way you got round me about that funeral business. Absolutely unorthodox, the whole thing. Fantastic!"
2415,"Tout de même, mon Colonel,"
2416,"It produced the goods, did it not?"
2417,"Er—well, possibly. I dare say we should have got there by more orthodox methods."
2418,"And here you are in the thick of another murder,"
2419,Any ideas about this one?
2420,Nothing definite—but it is interesting.
2421,Going to give us a hand?
2422,"My dear fellow, delighted to have you. Don’t know enough yet to decide whether it’s a case for Scotland Yard or not. Offhand it looks as though our murderer must be pretty well within a limited radius. On the other hand, all these people are strangers down here. To find out about them and their motives you’ve got to go to London."
2423,"Yes, that is true."
2424,"First of all,"
2425,we’ve got to find out who last saw the dead woman alive. Chambermaid took her her breakfast at nine. Girl in the bureau downstairs saw her pass through the lounge and go out about ten.
2426,"My friend,"
2427,I suspect that I am the man you want.
2428,You saw her this morning? What time?
2429,"Oh, Neasden doesn’t commit himself. He’s a cautious chap. A quarter to eleven is his earliest outside limit."
2430,"There is one other point that I must mention. As she left, Mrs. Marshall asked me not to say I had seen her."
2431,Yes. I thought so myself.
2432,"Look here, Poirot. You’re a man of the world. What sort of a woman was Mrs. Marshall?"
2433,Have you not already heard?
2434,There is reason to suppose so.
2435,And the husband? Did he know about it? What did he feel?
2436,It is not easy to know what Captain Marshall feels or thinks. He is a man who does not display his emotions.
2437,"But he might have ’em, all the same."
2438,"Oh yes, he might have them."
2439,"Don’t misunderstand me, sir. My wife was an actress. She was also a very good-looking woman. In both capacities she aroused a certain amount of jealousy and envy. There were fusses over parts—there was rivalry from other women—there was a good deal, shall we say, of general envy, hatred, malice, and all uncharitableness! But that is not to say that there was anyone who was capable of deliberately murdering her."
2440,"What you really mean, Monsieur, is that her enemies were mostly or entirely, women?"
2441,"She did not seem excited, or depressed, or upset in any way?"
2442,I certainly didn’t notice it.
2443,Did she mention at all what were the contents of her letters?
2444,Your wife breakfasted in bed?
2445,Yes.
2446,Did she always do that?
2447,Invariably.
2448,What time did she usually come downstairs?
2449,Oh! between ten and eleven—usually nearer eleven.
2450,Dash! I’ve mislaid my pipe somewhere.
2451,You were asking about Redfern. My wife told me she had come across him at some cocktail party or other.
2452,Hotel gossip is usually a tissue of lies!
2453,Aren’t you getting a good way from the essentials of this business? What I believe or don’t believe is surely not relevant to the plain fact of murder?
2454,"You do not comprehend, Captain Marshall. There is no such thing as a plain fact of murder. Murder springs, nine times out of ten, out of the character and circumstances of the murdered person. Because the victim was the kind of person he or she was, therefore was he or she murdered! Until we can understand fully and completely exactly what kind of a person Arlena Marshall was, we shall not be able to see clearly exactly the kind of person who murdered her. From that springs the necessity of our questions."
2455,"Thought you wouldn’t agree. This character stuff is M. Poirot’s specialty, I believe."
2456,You can at least congratulate yourself on having done nothing to assist me!
2457,"What do you think, Poirot?"
2458,"What can one say? He is the closed box—the fastened oyster. He has chosen his rôle. He has heard nothing, he has seen nothing, he knows nothing!"
2459,"There’s jealousy and there’s the money motive. Of course, in a way, a husband’s the obvious suspect. One naturally thinks of him first. If he knew his missus was carrying on with the other chap—"
2460,I think he knew that.
2461,Why do you say so?
2462,"Listen, my friend. Last night I had been talking with Mrs. Redfern on Sunny Ledge. I came down from there to the hotel and on my way I saw those two together—Mrs. Marshall and Patrick Redfern. And a moment or two after I met Captain Marshall. His face was very stiff. It says nothing—but nothing at all! It is almost too blank, if you understand me. Oh! he knew all right."
2463,"I am sure of it! But even then, what does that tell us? What did Kenneth Marshall feel about his wife?"
2464,Takes her death coolly enough.
2465,"Sometimes these quiet ones are the most violent underneath, so to speak. It’s all bottled up. He may have been madly fond of her—and madly jealous. But he’s not the kind to show it."
2466,That is possible—yes. He is a very interesting character this Captain Marshall. I interest myself in him greatly. And in his alibi.
2467,"Her husband wouldn’t allow that she had any enemies—real enemies, that is, but I don’t believe for a minute that that’s so! I should say that a lady like her would—well, would make some pretty bad enemies—eh, sir, what do you say?"
2468,"Mais oui, that is so. Arlena Marshall would make enemies. But in my opinion, the enemy theory is not tenable, for you see, Inspector, Arlena Marshall’s enemies would, I think, as I said just now, always be women."
2469,What do you think of Colgate’s suggestion?
2470,"It leaves, somehow, too much to chance. And besides—somewhere the picture is not true. I cannot, you see, imagine this man…the man who is mad with rage and jealousy."
2471,"Yes, yes… But all the same—"
2472,"Somewhere, there is something that we have missed…."
2473,"I agree. Let’s eliminate everyone we can. Can you give us a pointer on any of the rest of them, Poirot?"
2474,"Superficially, that is easy. The Gardeners are a middle-aged married couple, pleasant, travelled. All the talking is done by the lady. The husband is acquiescent. He plays tennis and golf and has a form of dry humour that is attractive when one gets him to oneself."
2475,Did she know he was going to be down here?
2476,Who comes next? Miss Brewster. I find her just a little alarming.
2477,"Oh, that kind of person."
2478,And that’s the lot!
2479,"You seem very lost in thought, my friend?"
2480,"Yes. Because, you see, when Mrs. Marshall went off this morning and asked me not to tell anyone I had seen her, I jumped at once in my own mind to a certain conclusion. I thought that her friendship with Patrick Redfern had made trouble between her and her husband. I thought that she was going to meet Patrick Redfern somewhere, and that she did not want her husband to know where she was."
2481,That fits in with my idea. A man from London or somewhere.
2482,"But, my friend, according to your theory, Arlena Marshall had broken with this mythical man. Why, then, should she take such trouble and pains to meet him?"
2483,You don’t think she just went off by herself?
2484,"It is very evident that you never met the dead woman. Somebody once wrote a learned treatise on the difference that solitary confinement would mean to Beau Brummel or to a man like Newton. Arlena Marshall, my dear friend, would practically not exist in solitude. She only lived in the light of a man’s admiration. No, Arlena Marshall went to meet someone this morning. Who was it?"
2485,No. Arlena always gets down rather late. She has breakfast in bed.
2486,"And you, Mademoiselle?"
2487,"Oh, I get up. Breakfast in bed’s so stuffy."
2488,"She said she’d be waiting for me in the hall at half-past ten. I was afraid I was going to be late, but it was all right. We started off at about three minutes to the half hour."
2489,And what did you do at Gull Cove?
2490,"Oh, I oiled myself and sunbathed and Mrs. Redfern sketched. Then, later, I went into the sea and Christine went back to the hotel to get changed for tennis."
2491,Oh yes.
2492,"Did you like her, Mademoiselle?"
2493,Oh yes.
2494,"Because her husband was in love with Arlena. But I don’t think she would really want to kill her. I mean she’d just feel that she wished she was dead—and that isn’t the same thing at all, is it?"
2495,"No, it is not at all the same."
2496,"And anyway, Mrs. Redfern could never do a thing like that—kill anybody. She isn’t—she isn’t violent, if you know what I mean."
2497,"I know exactly what you mean, my child, and I agree with you. Mrs. Redfern is not of those who, as your saying goes, ‘sees red.’ She would not be"
2498,"Not a nice job, ours. I can tell you I felt a bit of a cad questioning that child about the relations between her father and her stepmother. More or less inviting a daughter to put a rope round her father’s neck. All the same, it had to be done. Murder is murder. And she’s the person most likely to know the truth of things. I’m rather thankful, though, that she’d nothing to tell us in that line."
2499,"Yes, I thought you were."
2500,"By the way, Poirot, you went a bit far, I thought at the end. All that hands sinking into flesh business! Not quite the sort of idea to put into a kid’s head."
2501,So you thought I put ideas into her head?
2502,"Well, didn’t you? Come now."
2503,On the whole we got very little useful stuff out of her. Except a more or less complete alibi for the Redfern woman. If they were together from half past ten to a quarter to twelve that lets Christine Redfern out of it. Exit the jealous wife suspect.
2504,"There are better reasons than that for leaving Mrs. Redfern out of it. It would, I am convinced, be physically impossible and mentally impossible for her to strangle anyone. She is cold rather than warm blooded, capable of deep devotion and unswerving constancy, but not of hot-blooded passion or rage. Moreover, her hands are far too small and delicate."
2505,I wish I could make you believe that.
2506,"But I do believe it. Yes, yes, I do believe it!"
2507,"Oh yes, I quite understand. Where do you want me to begin?"
2508,"As early as possible, Madame. What did you do when you first got up this morning?"
2509,Let me see. On my way down to breakfast I went into Linda Marshall’s room and fixed up with her to go to Gull Cove this morning. We agreed to meet in the lounge at half past ten.
2510,"You did not bathe before breakfast, Madame?"
2511,No. I very seldom do.
2512,"Oh no, Mrs. Marshall was the sort of person who never made an appearance before the middle of the morning."
2513,"Pardon, Madame, I interrupted you. You were saying that you went to Miss Linda Marshall’s room. What time was that?"
2514,And then?
2515,Then I went down to breakfast.
2516,And after breakfast?
2517,I see. And then?
2518,I packed up my sketching things and went back to the hotel.
2519,And Mademoiselle Linda?
2520,Linda?
2521,Were you far from the sea where you were sitting?
2522,"Well, we were well above high-water mark. Just under the cliff—so that I could be a little in the shade and Linda in the sun."
2523,Did Linda Marshall actually enter the sea before you left the beach?
2524,"Captain Marshall, Mr. Gardener and Miss Darnley. We played two sets. We were just going in again when the news came about—about Mrs. Marshall."
2525,"And what did you think, Madame, when you heard that news?"
2526,And think of the place chosen. The very spot for the purpose. The lady goes off in her float. That’s natural enough. It’s what she does every day. She goes round to Pixy Cove where no one ever goes in the morning and which will be a nice quiet place for an interview.
2527,"But yes, I too was struck by that point. It is as you say, an ideal spot for a rendezvous. It is deserted, it is only accessible from the land side by descending a vertical steel ladder which is not everybody’s money, bien entendu. Moreover most of the beach is invisible from above because of the overhanging cliff. And it has another advantage. Mr. Redfern told me of that one day. There is a cave on it, the entrance to which is not easy to find but where anyone could wait unseen."
2528,"We can narrow it down a bit, sir. We might almost rule out the American, I think. He was on the beach all the morning. That’s so, isn’t it, M. Poirot?"
2529,He was absent for a short time when he fetched a skein of wool for his wife.
2530,"Well, what I mean to say—strangled, you know. Same idea. Feller suddenly sees red!"
2531,You think that Captain Marshall felt like that?
2532,"Oh, look here, I never said that."
2533,"Of course. De mortuis nil nisi bonum and all that, but you can’t get away from facts. That woman was a bad lot through and through. You’ve only got to hunt round a bit in her unsavoury past."
2534,You did not like her?
2535,I know a bit too much about her.
2536,"I’m sure I’m right. When a woman’s neither more nor less than a nasty mess, then she herself will provide the best possible clue. Don’t you agree with me, M. Poirot?"
2537,"Oh, yes—I agree with that which you have just this minute said. Arlena Marshall herself is the best, the only clue, to her own death."
2538,"And you say she never left the beach this morning, M. Poirot?"
2539,"My dear Inspector, she came down to the beach before Mrs. Marshall could have reached Pixy Cove and she was within my sight until she set off with Mr. Redfern in the boat."
2540,"Thank you, Miss Darnley."
2541,I can think of nothing.
2542,"Might be worth while to find out if J.N. really did go to China. Otherwise—well, he might be the person we’re looking for. Crazy about the woman, idealizing her, suddenly finding out he’d been played for a sucker. It sounds to me as though this is the boy Miss Brewster mentioned. Yes, I think this might be useful."
2543,"Yes, that letter is important. I find it very important."
2544,"Hullo, Poirot, still there?"
2545,"I arrive. I arrive,"
2546,"Two of the public bathrooms look out that way—north—and the staff bathroom, and the cloakrooms on the ground floor. Also the billiard room."
2547,"And all the former have frosted glass windows, and one does not play billiards on a fine morning."
2548,"Yes. Blackmail, or no blackmail. I still feel it points to him. And his manner—well, his manner is unfortunate."
2549,Perhaps—but a manner does not make a murderer!
2550,Then you think he’s out of it?
2551,"No, I would not say that."
2552,We’ll see what Colgate can make out of the typewriting alibi. In the meantime I’ve got the chambermaid of this floor waiting to be interviewed. A good deal may depend on her evidence.
2553,You don’t—it wasn’t—you don’t think as he did it?
2554,Do you?
2555,"Oh! I wouldn’t like to think so. He’s such a nice gentleman, Captain Marshall. He couldn’t do a thing like that—I’m sure he couldn’t."
2556,You didn’t go into her room again?
2557,"No, sir. I had finished with it."
2558,There is another thing I want to know. What people bathed before breakfast this morning?
2559,Miss Linda Marshall did not bathe this morning?
2560,"No, sir. All her bathing dresses were quite dry."
2561,"Ah,"
2562,That is what I wanted to know.
2563,"She does most mornings, sir."
2564,"Mrs. Marshall never, sir. Miss Darnley has once or twice, I think. Mrs. Redfern doesn’t often bathe before breakfast—only when it’s very hot, but she didn’t this morning."
2565,I wonder if you have noticed whether a bottle is missing from any of the rooms you look after in this wing?
2566,"Certainly, sir."
2567,What’s all this?
2568,"My orderly mind, that is vexed by trifles! Miss Brewster, this morning, was bathing off the rocks before breakfast, and she says that a bottle was thrown from above and nearly hit her. Eh bien, I want to know who threw that bottle and why?"
2569,"I’m sorry, sir, but I can’t find anything missing. I’m sure there’s nothing gone from Captain Marshall’s room, or Miss Linda Marshall’s room, or Mr. and Mrs. Redfern’s room, and I’m pretty sure there’s nothing gone from Miss Darnley’s either. But I couldn’t say about Mrs. Marshall’s. As I say, she’s got such a lot."
2570,No matter. We will leave it.
2571,Don’t think so. Thank you.
2572,"I thank you, no. You are sure, are you not, that there is nothing—nothing at all, that you have forgotten to tell us?"
2573,"Well, not the sort of thing that you would mean, sir."
2574,"Never mind what I mean. You do not know what I mean. It is true, then, that you have said to yourself or to a colleague today, ‘that is funny!’?"
2575,"the bath is probably of no importance. Anyone may have had a bath. Mrs. Redfern before she went to play tennis, Captain Marshall, Miss Darnley. As I say, anyone. There is nothing in that."
2576,"Just a minute, sir."
2577,"I’ve been checking up with Heald on this typewriting business. Not a doubt of it, it couldn’t be done under an hour. Longer, if you had to stop and think here and there. That seems to me pretty well to settle it. And look at this letter."
2578,"The chambermaid heard him typing up till five minutes to eleven. Miss Darnley saw him at twenty minutes past, and the woman was dead at a quarter to twelve. He says he spent that hour typing in his room, and it seems quite clear that he was typing in his room. That washes Captain Marshall right out."
2579,M. Poirot’s looking very serious over something.
2580,I was wondering why Miss Darnley suddenly volunteered this extra evidence.
2581,"Look here, sir, let’s look at it this way. Supposing Miss Darnley wasn’t on Sunny Ledge this morning as she says. That story’s a lie. Now suppose that after telling us her story, she finds that somebody saw her somewhere else or alternatively that someone went to the Ledge and didn’t find her there. Then she thinks up this story quick and comes and tells it to us to account for her absence. You’ll notice that she was careful to say Captain Marshall didn’t see her when she looked into his room."
2582,"Are you suggesting that Miss Darnley’s mixed up in this? Nonsense, seems absurd to me. Why should she be?"
2583,"We might take Redfern with us. He told us about it. What about you, M. Poirot?"
2584,"Me, I am like Miss Brewster and Mrs. Redfern, I do not like to descend perpendicular ladders."
2585,"My stomach, it is not happy on the sea."
2586,All along—ever since I arrived here—I have been conscious—very conscious—of the forces of evil close at hand.
2587,"You remember, M. Poirot? Our conversation some days ago? About the reality of evil?"
2588,I heard nothing. All I can tell you is this: that I knew instinctively as soon as I saw her that Arlena Marshall was a focus of evil. She was Evil! Evil personified! Woman can be man’s help and inspiration in life—she can also be man’s downfall. She can drag a man down to the level of the beast. The dead woman was just such a woman. She appealed to everything base in a man’s nature. She was a woman such as Jezebel and Aholibah. Now—she has been struck down in the middle of her wickedness!
2589,"Not struck down—strangled! Strangled, Mr. Lane, by a pair of human hands."
2590,That’s horrible—horrible—Must you put it like that?
2591,"It is the simple truth. Have you any idea, Mr. Lane, whose hands those were?"
2592,"But certainly,"
2593,"Accompany me there in a boat, Mr. Lane. We start immediately."
2594,"You also smoke a pipe, do you not, Mr. Lane?"
2595,Yes. Oh yes. My pipe is an old friend and companion.
2596,"Air quite fresh, not fishy or seaweedy, but of course this place is well above high water mark."
2597,"If there’s anything up there it would have to be deliberately put there. Still, we’d better have a look."
2598,"You are, I think, the tallest of us, Monsieur. Could we venture to ask you to make sure there is nothing resting on that ledge?"
2599,"If by any chance there’s a dope gang mixed up in this, it opens up several possibilities. First of all, the dead woman may have been in with the gang herself. Think that’s likely?"
2600,It is possible.
2601,She may have been a drug addict?
2602,"I should doubt that. She had steady nerves, radiant health, there were no marks of hypodermic injections (not that that proves anything. Some people sniff the stuff). No, I do not think she took drugs."
2603,"Saw him give young Redfern a dirty look once or twice. Dark horse, Marshall. Looks very meek and mild and as though he were half asleep all the time—but that’s not his reputation in the City. I’ve heard a thing or two about him. Nearly had up for assault once. Mind you, the fellow in question had put up a pretty dirty deal. Marshall had trusted him and the fellow had let him down cold. Particularly dirty business, I believe. Marshall went for him and half-killed him. Fellow didn’t prosecute—too afraid of what might come out. I give you that for what it’s worth."
2604,"So you think it possible,"
2605,that Captain Marshall strangled his wife?
2606,Not at all. Never said anything of the sort. Just letting you know that he’s the sort of fellow who could go berserk on occasions.
2607,"Mr. Blatt, there is reason to believe that Mrs. Marshall went this morning to Pixy Cove to meet someone. Have you any idea who that someone might be?"
2608,What do you think of him? You’ve seen more of him than I have.
2609,"There are many of your English idioms that describe him. The rough diamond! The self-made man! The social climber! He is, as you choose to look at it, pathetic, ludicrous, blatant! It is a matter of opinion. But I think, too, that he is something else."
2610,"As a matter of fact she is wrong. I did see her, though she may not be aware of the fact. I saw her in the mirror."
2611,They’re noncommittal.
2612,Seemed to be sitting in the Chief Constable’s pocket all right the other day.
2613,Yes?
2614,"That’s clever of you. It’s quite true, now I remember… I was, just faintly, surprised when Linda said she had been bathing."
2615,"Oh yes, I do. The string broke. It was loosely done up in the way they do in the village. It was candles—they were scattered on the floor. I helped her to pick them up."
2616,"Ah,"
2617,Candles.
2618,"You seem excited, M. Poirot."
2619,Did Linda say why she had bought candles?
2620,"On the contrary, Madame, there was a bedside electric lamp in perfect order."
2621,Then I don’t know what she wanted them for.
2622,What was her manner—when the string broke and the candles fell out of the parcel?
2623,She was—upset—embarrassed.
2624,Did you notice a calendar in her room?
2625,A calendar? What kind of a calendar?
2626,Possibly a green calendar—with tear-off leaves.
2627,But you have definitely seen such a thing.
2628,Yes.
2629,"What are you hinting at, M. Poirot? What is the meaning of all this?"
2630,Have you ever seen this before?
2631,I don’t understand. What does all this mean?
2632,"It may mean, Madame, a good deal."
2633,You did not turn on the bath at all?
2634,"No, I’m sure I didn’t."
2635,It is of no importance.
2636,"Why, M. Poirot, how very quietly you came up beside me! I never heard you. Have you just come back from the inquest? You know, the very thought of that inquest makes me so nervous, I don’t know what to do. That’s why I’m doing this puzzle. I just felt I couldn’t sit outside on the beach as usual. As Mr. Gardener knows, when my nerves are all upset, there’s nothing like one of these puzzles for calming me. There now, where does this white piece fit in? It must be part of the fur rug, but I don’t seem to see…."
2637,"It fits, Madame, here. It is part of the cat."
2638,"You know, M. Poirot, I’ve been watching you this last day or two. I just wanted to watch you detecting if you know what I mean—not that it doesn’t sound rather heartless put like that, as though it were all a game—and a poor creature killed. Oh dear, every time I think of it I get the shivers! I told Mr. Gardener this morning I’d just got to get away from here, and now the inquest’s over he thinks we’ll be able to leave tomorrow, and that’s a blessing, I’m sure. But about detecting, I would so like to know your methods—you know, I’d feel privileged if you’d just explain it to me."
2639,"It is a little like your puzzle, Madame. One assembles the pieces. It is like a mosaic—many colours and patterns—and every strange-shaped little piece must be fitted into its own place."
2640,"Well, M. Poirot, what is it?"
2641,A thousand apologies for intruding. You are busy?
2642,I am rather.
2643,It is one little question that I would like to ask you.
2644,"My God, I’m sick of answering questions. I’ve answered the police questions. I don’t feel called upon to answer yours."
2645,"Mine is a very simple one. Only this. On the morning of your wife’s death, did you have a bath after you finished typing and before you went out to play tennis?"
2646,"A bath? No, of course I didn’t! I’d had a bathe only an hour earlier!"
2647,Thank you. That is all.
2648,But look here. Oh—
2649,The fellow’s crazy!
2650,"Care to join us, M. Poirot?"
2651,"What did you think of the inquest, Mr. Gardener?"
2652,"Seemed kind of indeterminate to me. Your police, I gather, have got something up their sleeves."
2653,"It is possible,"
2654,"I shall be glad to get Mrs. Gardener away. She’s a very, very sensitive woman, and this affair has got on her nerves. She’s very highly strung."
2655,"Will you permit me, Mr. Gardener, to ask you one question?"
2656,"Why, certainly, M. Poirot. Delighted to assist in any way I can."
2657,"You are a man of the world—a man, I think, of considerable acumen. What, frankly, was your opinion of the late Mrs. Marshall?"
2658,But if you ask me I’ll tell you my candid opinion and that is that that woman was pretty much of a darned fool!
2659,Now that is very interesting.
2660,"You are very intelligent, Mademoiselle. I have thought so ever since I arrived here. It would be a pleasure to discuss this business with you."
2661,Yes. He probably hid in that cave until he got his chance.
2662,"Would she go there to meet such a man as you describe? No, she would laugh and not go."
2663,She mayn’t have known she was going to meet him. He may have sent her a message in some other person’s name.
2664,"But you forget one thing, Mademoiselle. A man bent on murder could not risk coming in broad daylight across the causeway and past the hotel. Someone might have seen him."
2665,"Yes. The day of the murder was a glorious day, but the day before, remember, there was rain and thick mist. Anyone could come on to the island then without being seen. He had only to go down to the beach and spend the night in the cave. That mist, M. Poirot, is important."
2666,"You know, there is a good deal in what you have just said."
2667,"That’s my theory, for what it is worth. Now tell me yours."
2668,"Ah,"
2669,"Eh bien, Mademoiselle. I am a very simple person. I always incline to the belief that the most likely person committed the crime. At the very beginning it seemed to me that one person was very clearly indicated."
2670,"But you see, there is what you call a snag in the way! It seems that it was impossible for that person to have committed the crime."
2671,"Well, what do we do about it? That is my problem."
2672,"No, I am extremely sane."
2673,"Well, anyway, I didn’t take a bath."
2674,Ha!
2675,So nobody took a bath. That is extremely interesting.
2676,But why should anyone take a bath?
2677,"Why, indeed?"
2678,I suppose this is the Sherlock Holmes touch!
2679,"So did the late Mrs. Marshall. It is chic, eh? And very expensive?"
2680,"You sat here where we are now, Mademoiselle, on the morning of the crime. You were seen here, or at least your sunshade was seen by Miss Brewster and Mr. Redfern as they passed on the sea. During the morning, Mademoiselle, are you sure you did not happen to go down to Pixy Cove and enter the cave there—the famous Pixy’s Cave?"
2681,"On the day of the crime, Mademoiselle, somebody had been in that cave who used Gabrielle No 8."
2682,Except for the time when you went into the hotel to Captain Marshall’s room.
2683,"Yes, of course. I’d forgotten that."
2684,"And you were wrong, Mademoiselle, when you thought that Captain Marshall did not see you."
2685,"He saw you, Mademoiselle, in the mirror that hangs over the table."
2686,What are you looking at my hands for? Do you think—do you think—?
2687,"Do I think—what, Mademoiselle?"
2688,Nothing.
2689,What is it? What do you want?
2690,The other day you told the Chief Constable that you were fond of your stepmother and that she was kind to you.
2691,Well?
2692,"That was not true, was it, Mademoiselle?"
2693,"Yes, it was."
2694,She may not have been actively unkind—that I will grant. But you were not fond of her—Oh no—I think you disliked her very much. That was very plain to see.
2695,Perhaps I didn’t like her very much. But one can’t say that when a person is dead. It wouldn’t be decent.
2696,They taught you that at your school?
2697,"More or less, I suppose."
2698,"When a person has been murdered, it is more important to be truthful than to be decent."
2699,"I would say it and I do say it. It is my business, you see, to find out who killed Arlena Marshall."
2700,I want to forget it all. It’s so horrible.
2701,"But you can’t forget, can you?"
2702,I suppose some beastly madman killed her.
2703,"No, I do not think it was quite like that."
2704,You sound—as though you knew?
2705,Perhaps I do know.
2706,"Will you trust me, my child, to do the best I can for you in your bitter trouble?"
2707,I haven’t any trouble. There is nothing you can do for me. I don’t know what you are talking about.
2708,I am talking about candles….
2709,"Done anything with those cases, sir?"
2710,One can’t be too careful. Don’t want to be overheard.
2711,You are wise.
2712,"I don’t mind telling you, M. Poirot, that I’ve been interested in those cases myself—though perhaps I shouldn’t have thought about them if you hadn’t asked for them."
2713,I thought you might be. Alice Corrigan was found strangled in Caesar’s Grove on Blackridge Heath—not ten miles from Marley Copse where Nellie Parsons was found—and both those places are within twelve miles of Whiteridge where Mr. Lane was vicar.
2714,Tell me more about the death of Alice Corrigan.
2715,"The Surrey police didn’t at first connect her death with that of Nellie Parsons. That’s because they’d pitched on the husband as the guilty party. Don’t quite know why except that he was a bit of what the Press calls a ‘mystery man’—not much known about him—who he was or where he came from. She’d married him against her people’s wishes, she’d a bit of money of her own—and she’d insured her life in his favour—all that was enough to raise suspicion, as I think you’ll agree, sir?"
2716,—so difficult to know which pieces are part of the fur rug and which are the cat’s tail.
2717,"I beg pardon, sir?"
2718,I apologize. I was following a train of thought of my own.
2719,"Your mind works a funny way, doesn’t it, sir? But I dare say it comes out all right in the end. If you’ll excuse me asking, what put you on to asking about strangulation cases in general?"
2720,"You have a word in your language—slick. This crime seemed to me a very slick crime! It made me wonder if, perhaps, it was not a first attempt."
2721,I see.
2722,"I said to myself, let us examine past crimes of a similar kind and if there is a crime that closely resembles this one—eh bien, we shall have there a very valuable clue."
2723,"No, sir, I can’t say that I do really. Unless it’s that in each case the husband has got a cast-iron alibi."
2724,"Ah, so you have noticed that?"
2725,"Ha, Poirot. Glad to see you. Come in. Just the man I want."
2726,"I’ve decided, more or less, on a course of action. But I’d like your opinion on it before I act decisively."
2727,"Tell me, my friend."
2728,"I’ve decided to call in Scotland Yard and hand the case over to them. In my opinion, although there have been grounds for suspicion against one or two people, the whole case hinges on dope smuggling. It seems clear to me that that place, Pixy’s Cave, was a definite rendezvous for the stuff."
2729,Good man. And I’m pretty certain who our dope smuggler is. Horace Blatt.
2730,"That, too, is indicated."
2731,"I see our minds have both worked the same way. Blatt used to go sailing in that boat of his. Sometimes he’d invite people to go with him, but most of the time he went out alone. He had some rather conspicuous red sails on that boat, but we’ve found that he had some white sails as well stowed away. I think he sailed out on a good day to an appointed spot, and was met by another boat—sailing boat or motor yacht—something of the kind and the stuff was handed over. Then Blatt would run ashore into Pixy Cove at a suitable time of day—"
2732,"Yes, it all sounds practicable enough. Now these dope organizations are pretty ruthless. If any one blundered in and got wise to things they wouldn’t make any bones about silencing that person. It seems to me that that is the right explanation of Arlena Marshall’s death. It’s possible that on that morning Blatt was actually at the cove stowing the stuff away. His accomplices were to come for it that very day. Arlena arrives on her float and sees him going into the cave with the box. She asks him about it and he kills her then and there and sheers off in his boat as quick as possible."
2733,You think definitely that Blatt is the murderer?
2734,"It seems the most probable solution. Of course it’s possible that Arlena might have got on to the truth earlier, said something to Blatt about it, and some other member of the gang fixed a fake appointment with her and did her in. As I say, I think the best course is to hand the case over to Scotland Yard. They’ve a far better chance than we have of proving Blatt’s connection with the gang."
2735,You think that’s the wise thing to do—eh?
2736,It may be.
2737,"Dash it all, Poirot, have you got something up your sleeve, or haven’t you?"
2738,"If I have, I am not sure that I can prove it."
2739,"What do you think, Poirot? What do you feel ought to be done about it?"
2740,I know what I should like to do.
2741,I should like to go for a picnic.
2742,"A picnic, M. Poirot?"
2743,"It sounds to you, does it not, very outrageous? But indeed it seems to me a most admirable idea. We need something of the every day, the usual, to restore life to the normal. I am most anxious to see something of Dartmoor, the weather is good. It will—how shall I say, it will cheer everybody up! So aid me in this matter. Persuade everyone."
2744,Linda’s not coming. She says she’s got a frightful headache.
2745,"But it will do her good to come. Persuade her, Mademoiselle."
2746,I don’t mind a bit.
2747,"Oh, come on, Christine."
2748,"No, no, you must come, Madame. With a headache one is better alone. Come, let us start."
2749,"And there’s Mr. Blatt giving round copies to everybody without so much as asking first. He gave one to you, M. Poirot, I noticed."
2750,I value that group very much.
2751,We will go up and see.
2752,Get a doctor—as quick as you possibly can. But I’m afraid—very much afraid—it may be too late.
2753,I don’t believe it. I don’t believe Linda killed her. Surely it’s impossible—on the evidence!
2754,"Impossible! Isn’t it, Poirot?"
2755,"No, I’m afraid it is not impossible."
2756,"But I was with her, M. Poirot. I was with her up to a quarter to twelve. I told the police so."
2757,Your evidence gave her an alibi—yes. But what was your evidence based on? It was based on Linda Marshall’s own wristwatch. You do not know of your own knowledge that it was a quarter to twelve when you left her—you only know that she told you so. You said yourself the time seemed to have gone very fast.
2758,Do you remember much about that walk back?
2759,"Not very much, I’m afraid. I—I was thinking."
2760,"I am sorry to ask you this, but will you tell just what you were thinking about during that walk?"
2761,"I suppose—if it is necessary… I was considering the question of—of leaving here. Just going away without telling my husband. I—I was very unhappy just then, you see."
2762,"Exactly. You were concerned over taking a step of some importance. You were, I should say, deaf and blind to your surroundings. You probably walked very slowly and occasionally stopped for some minutes whilst you puzzled things out."
2763,"How clever you are. It was just like that. I woke up from a kind of dream just outside the hotel and hurried in thinking I should be very late, but when I saw the clock in the lounge I realized I had plenty of time."
2764,Exactly.
2765,"I must now describe to you certain things I found in your daughter’s room after the murder. In the grate was a large blob of melted wax, some burnt hair, fragments of cardboard and paper and an ordinary household pin. The paper and the cardboard might not be relevant, but the other three things were suggestive—particularly when I found tucked away in the bookshelf a volume from the local library here dealing with witchcraft and magic. It opened very easily at a certain page. On that page were described various methods of causing death by moulding in was a figure supposed to represent the victim. This was then slowly roasted till it melted away—or alternatively you would pierce the wax figure to the heart with a pin. Death of the victim would ensue. I later heard from Mrs. Redfern that Linda Marshall had been out early that morning and had bought a packet of candles, and had seemed embarrassed when her purchase was revealed. I had no doubt what had happened after that. Linda had made a crude figure of the candle wax—possibly adorning it with a snip of Arlena’s red hair to give the magic force—had then stabbed it to the heart with a pin and finally melted the figure away by lighting strips of cardboard under it.

“It was crude, childish, superstitious, but it revealed one thing: the desire to kill.

“Was there any possibility that there had been more than a desire? Could Linda Marshall have actually killed her stepmother?

“At first sight it seemed as though she had a perfect alibi—but in actuality, as I have just pointed out, the time evidence was supplied by Linda herself. She could easily have declared the time to be a quarter of an hour later than it really was.

“It was quite possible once Mrs. Redfern had left the beach for Linda to follow her up and then strike across the narrow neck of land to the ladder, hurry down it, meet her stepmother there, strangle her and return up the ladder before the boat containing Miss Brewster and Patrick Redfern came in sight. She could then return to Gull Cove, take her bathe and return to the hotel at her leisure.

“But that entailed two things. She must have definite knowledge that Arlena Marshall would be at Pixy Cove and she must be physically capable of the deed.

“Well, the first was quite possible—if Linda Marshall had written a note to Arlena herself in someone else’s name. As to the second, Linda has very large strong hands. They are as large as a man’s. As to the strength, she is at the age when one is prone to be mentally unbalanced. Mental derangement often is accompanied by unusual strength. There was one other small point. Linda Marshall’s mother had actually been accused and tried for murder."
2766,She was also acquitted.
2767,"She was acquitted,"
2768,"And I’ll tell you this, M. Poirot. Ruth—my wife—was innocent. That I know with complete and absolute certainty. In the intimacy of our life I could not have been deceived. She was an innocent victim of circumstances."
2769,And I don’t believe that Linda killed Arlena. It’s ridiculous—absurd!
2770,"Do you believe that letter, then, to be a forgery?"
2771,"No,"
2772,I believe Linda did write this.
2773,"Then if she wrote it, there are only two explanations. Either she wrote it in all good faith, knowing herself to be the murderess or—or, I say—she wrote it deliberately to shield someone else, someone whom she feared was suspected."
2774,"No, I think that idea is absurd. Linda may have realized that I was regarded with suspicion at first. But she knew definitely by now that that was over and done with—that the police had accepted my alibi and turned their attention elsewhere."
2775,And supposing that it was not so much that she thought that you were suspected as that she knew you were guilty.
2776,That’s absurd.
2777,"I wonder. There are, you know, several possibilities about Mrs. Marshall’s death. There is the theory that she was being blackmailed, that she went that morning to meet the blackmailer and that the blackmailer killed her. There is the theory that Pixy Cove and Cave were being used for drug running, and that she was killed because she accidentally learned something about that. There is a third possibility—that she was killed by a religious maniac. And there is a fourth possibility—you stood to gain a lot of money by your wife’s death, Captain Marshall?"
2778,I mean that this is not a crime that was committed single-handed. Two people were in it. It is quite true that you could not have typed that letter and at the same time gone to the cove—but there would have been time for you to have jotted down that letter in shorthand—and for someone else to have typed it in your room while you yourself were absent on your murderous errand.
2779,"Miss Darnley states that she left Sunny Ledge at ten minutes past eleven and saw you typing in your room. But just about that time Mr. Gardener went up to the hotel to fetch a skein of wool for his wife. He did not meet Miss Darnley or see her. That is rather remarkable. It looks as though either Miss Darnley never left Sunny Ledge, or else she had left it much earlier and was in your room typing industriously. Another point, you stated that when Miss Darnley looked into your room at a quarter past eleven you saw her in the mirror. But on the day of the murder your typewriter and papers were all on the writing desk across the corner of the room, whereas the mirror was between the windows. So that statement was a deliberate lie. Later, you moved your typewriter to the table under the mirror so as to substantiate your story—but it was too late. I was aware that both you and Miss Darnley had lied."
2780,How devilishly ingenious you are!
2781,"But not so devilish and so ingenious as the man who killed Arlena Marshall! Think back for a moment. Who did I think—who did everybody think—that Arlena Marshall had gone to meet that morning? We all jumped to the same conclusion. Patrick Redfern. It was not to meet a blackmailer that she went. Her face alone would have told me that. Oh no, it was a lover she was going to meet—or thought she was going to meet.

“Yes, I was quite sure of that. Arlena Marshall was going to meet Patrick Redfern. But a minute later Patrick Redfern appeared on the beach and was obviously looking for her. So what then?"
2782,Some devil used my name.
2783,"You were very obviously upset and surprised by her nonappearance. Almost too obviously, perhaps. It is my theory, Mr. Redfern, that she went to Pixy Cove to meet you, and that she did meet you, and that you killed her there as you had planned to do."
2784,Is it daft you are? I was with you on the beach until I went round in the boat with Miss Brewster and found her dead.
2785,You killed her after Miss Brewster had gone off in the boat to fetch the police. Arlena Marshall was not dead when you got to the beach. She was waiting hidden in the cave until the coast could be clear.
2786,"Be careful, Patrick, don’t lose your temper."
2787,"You will be interested to hear that both you and your wife Christine were easily recognized and picked out by the Surrey police from a group of people photographed here. They identified you both at once as Edward Corrigan and Christine Deverill, the young woman who found the body."
2788,"It was on a morning when we were sitting out here that we talked of suntanned bodies lying like meat upon a slab, and it was then that I reflected how little difference there was between one body and another. If one looked closely and appraisingly—yes—but to the casual glance? One moderately well-made young woman is very like another. Two brown legs, two brown arms, a little piece of bathing suit in between—just a body lying out in the sun. When a woman walks, when she speaks, laughs, turns her head, moves a hand—then, yes then, there is personality—individuality. But in the sun ritual—no.

“It was that day that we spoke of evil—evil under the sun as Mr. Lane put it. Mr. Lane is a very sensitive person—evil affects him—he perceives its presence—but though he is a good recording instrument, he did not really know exactly where the evil was. To him, evil was focused in the person of Arlena Marshall, and practically everyone present agreed with him.

“But to my mind, though evil was present, it was not centralized in Arlena Marshall at all. It was connected with her, yes—but in a totally different way. I saw her, first, last and all the time, as an eternal and predestined victim. Because she was beautiful, because she had glamour, because men turned their heads to look at her, it was assumed that she was the type of woman who wrecked lives and destroyed souls. But I saw her very differently. It was not she who fatally attracted men—it was men who fatally attracted her. She was the type of woman whom men care for easily and of whom they as easily tire. And everything that I was told or found out about her strengthened my conviction on this point. The first thing that was mentioned about her was how the man in whose divorce case she had been cited refused to marry her. It was then that Captain Marshall, one of those incurably chivalrous men, stepped in and asked her to marry him. To a shy retiring man of Captain Marshall’s type, a public ordeal of any kind would be the worst torture—hence his love and pity for his first wife who was publicly accused and tried for a murder she had not committed. He married her and found himself amply justified in his estimate of her character. After her death another beautiful woman, perhaps something of the same type (since Linda has red hair which she probably inherited from her mother), is held up to public ignominy. Again Marshall performs a rescue act. But this time he finds little to sustain his infatuation. Arlena is stupid, unworthy of his sympathy and protection, mindless. Nevertheless, I think he always had a fairly true vision of her. Long after he ceased to love her and was irked by her presence, he remained sorry for her. She was to him like a child who cannot get farther than a certain page in the book of life.

“I saw in Arlena Marshall with her passion for men, a predestined prey for an unscrupulous man of a certain type. In Patrick Redfern, with his good looks, his easy assurance, his undeniable charm for women, I recognized at once that type. The adventurer who makes his living, one way or another, out of women. Looking on from my place on the beach I was quite certain that Arlena was Patrick’s victim, not the other way about. And I associated that focus of evil with Patrick Redfern, not with Arlena Marshall.

“Arlena had recently come into a large sum of money, left her by an elderly admirer who had not had time to grow tired of her. She was the type of woman who is invariably defrauded of money by some man or other. Miss Brewster mentioned a young man who had been ‘ruined’ by Arlena, but a letter from him which was found in her room, though it expressed a wish (which cost nothing) to cover her with jewels, in actual fact acknowledged a cheque from her by means of which he hoped to escape prosecution. A clear case of a young waster sponging on her. I have no doubt that Patrick Redfern found it easy to induce her to hand him large sums from time to time ‘for investment.’ He probably dazzled her with stories of great opportunities—how he would make her fortune and his own. Unprotected women, living alone, are easy prey to that type of man—and he usually escapes scot free with the booty. If, however, there is a husband, or a brother, or a father about, things are apt to take an unpleasant turn for the swindler. Once Captain Marshall was to find out what had happened to his wife’s fortune, Patrick Redfern might expect short shrift.

“That did not worry him, however, because he contemplated quite calmly doing away with her when he judged it necessary—encouraged by having already got away with one murder—that of a young woman whom he had married in the name of Corrigan and whom he had persuaded to insure her life for a large sum.

“In his plans he was aided and abetted by the woman who down here passed as his wife and to whom he was genuinely attached. A young woman as unlike the type of his victims as could well be imagined—cool, calm, passionless, but steadfastly loyal to him and an actress of no mean ability. From the time of her arrival here Christine Redfern played a part, the part of the ‘poor little wife’—frail, helpless, intellectual rather than athletic. Think of the points she made one after another. Her tendency to blister in the sun and her consequent white skin, her giddiness at heights—stories of getting stuck on Milan Cathedral, etc. An emphasis on her frailty and delicacy—nearly every one spoke of her as a ‘little woman.’ She was actually as tall as Arlena Marshall, but with very small hands and feet. She spoke of herself as a former school-teacher, and thereby emphasized an impression of book learning and lack of athletic prowess. Actually, it is quite true that she had worked in a school, but the position she held there was that of games mistress, and she was an extremely active young woman who could climb like a cat and run like an athlete.

“The crime itself was perfectly planned and timed. It was, as I mentioned before, a very slick crime. The timing was a work of genius.

“First of all there were certain preliminary scenes—one played on the cliff ledge when they knew me to be occupying the next recess—a conventional jealous wife dialogue between her and her husband. Later she played the same part in a scene with me. At the time I remember a vague feeling of having read all this in a book. It did not seem real. Because, of course, it was not real. Then came the day of the crime. It was a fine day—an essential. Redfern’s first act was to slip out very early—by the balcony door which he unlocked from the inside (if found open it would only be thought someone had gone for an early bathe). Under his bathing wrap he concealed a green Chinese hat, the duplicate of the one Arlena was in the habit of wearing. He slipped across the island, down the ladder and stowed it away in an appointed place behind some rocks. Part I.

“On the previous evening he had arranged a rendezvous with Arlena. They were exercising a good deal of caution about meeting as Arlena was slightly afraid of her husband. She agreed to go round to Pixy Cove early. Nobody went there in the morning. Redfern was to join her there, taking a chance to slip away unobtrusively. If she heard anyone descending the ladder or a boat came in sight she was to slip inside the Pixy’s Cave, the secret of which he had told her, and wait there until the coast was clear. Part II.

“In the meantime Christine went to Linda’s room at a time when she judged Linda would have gone for her early morning dip. She would then alter Linda’s watch, putting it on twenty minutes. There was, of course, a risk that Linda might notice her watch was wrong, but it did not much matter if she did. Christine’s real alibi was the size of her hands which made it a physical impossibility for her to have committed the crime. Nevertheless, an additional alibi would be desirable. Then in Linda’s room she noticed the book on witchcraft and magic, open at a certain page. She read it, and when Linda came in and dropped a parcel of candles she realized what was in Linda’s mind. It opened up some new ideas to her. The original idea of the guilty pair had been to cast a reasonable amount of suspicion on Kenneth Marshall, hence the abstracted pipe, a fragment of which was to be planted on the Cove underneath the ladder.

“On Linda’s return Christine easily arranged an outing together to Gull Cove. She then returned to her own room, took out from a locked suitcase a bottle of artificial suntan, applied it carefully and threw the empty bottle out of the window where it narrowly escaped hitting Emily Brewster who was bathing. Part II successfully accomplished.

“Christine then dressed herself in a white bathing suit, and over it a pair of beach trousers and coat with long floppy sleeves which effectually concealed her newly-browned arms and legs.

“At 10:15 Arlena departed for her rendezvous, a minute or two later Patrick Redfern came down and registered surprise, annoyance etc. Christine’s task was easy enough. Keeping her own watch concealed she asked Linda at twenty-five past eleven what time it was. Linda looked at her watch and replied that it was a quarter to twelve. She then starts down to the sea and Christine packs up her sketching things. As soon as Linda’s back is turned Christine picks up the girl’s watch which she has necessarily discarded before going into the sea and alters it back to the correct time. Then she hurries up the cliff path, runs across the narrow neck of land to the top of the ladder, strips off her pyjamas and shoves them and her sketching box behind a rock and swarms rapidly down the ladder in her best gymnastic fashion.

“Arlena is on the beach below wondering why Patrick is so long in coming. She sees or hears someone on the ladder, takes a cautious observation, and to her annoyance sees that inconvenient person—the wife! She hurries along the beach and into the Pixy’s Cave.

“Christine takes the hat from its hiding place, a false red curl pinned underneath the brim at the back, and disposes herself in a sprawling attitude with the hat and curl shielding her face and neck. The timing is perfect. A minute or two later the boat containing Patrick and Emily Brewster comes round the point. Remember it is Patrick who bends down and examines the body, Patrick who is stunned—shocked—broken down by the death of his lady love! His witness has been carefully chosen. Miss Brewster has not got a good head, she will not attempt to go up the ladder. She will leave the Cove by boat, Patrick naturally being the one to remain with the body—‘in case the murderer may still be about.’ Miss Brewster rows off to fetch the police. Christine, as soon as the boat has disappeared, springs up, cuts the hat into pieces with the scissors Patrick has carefully brought, stuffs them into her bathing-suit and swarms up the ladder in double quick time, slips into her beach-pyjamas and runs back to the hotel. Just time to have a quick bath, washing off the brown suntan application, and into her tennis dress. One other thing she does. She burns the pieces of the green cardboard hat and the hair in Linda’s grate, adding a leaf of a calendar so that it may be associated with the cardboard. Not a Hat but a Calendar has been burnt. As she suspected, Linda has been experimenting in magic—the blob of wax and the pin shows that.

“Then, down to the tennis court, arriving the last, but showing no signs of flurry or haste.

“And, meanwhile, Patrick has gone to the cave. Arlena has seen nothing and heard very little—a boat—voices—she has prudently remained hidden. But now it is Patrick calling.

“‘All clear, darling,’ and she comes out, and his hands fasten round her neck—and that is the end of poor foolish beautiful Arlena Marshall…."
2789,"Yes, you make one see it all. But that’s the story from the other side. You haven’t told us how you came to get at the truth?"
2790,"I told you once that I had a very simple mind. Always, from the beginning, it seemed to me that the most likely person had killed Arlena Marshall. And the most likely person was Patrick Redfern. He was the type, par excellence—the type of man who exploits women like her—and the type of the killer—the kind of man who will take a woman’s savings and cut her throat into the bargain. Who was Arlena going to meet that morning? By the evidence of her face, her smile, her manner, her words to me—Patrick Redfern. And therefore, in the very nature of things, it should be Patrick who killed her.

“But at once I came up, as I told you, against impossibility. Patrick Redfern could not have killed her since he was on the beach and in Miss Brewster’s company until the actual discovery of the body. So I looked about for other solutions—and there were several. She could have been killed by her husband—with Miss Darnley’s connivance. (They too had both lied as to one point which looked suspicious.) She could have been killed as a result of her having stumbled on the secret of the dope smuggling. She could have been killed, as I said, by a religious maniac, and she could have been killed by her stepdaughter. The latter seemed to me at one time to be the real solution. Linda’s manner in her very first interview with the police was significant. An interview that I had with her later assured me of one point. Linda considered herself guilty."
2791,"Oh, poor child, poor child. And I thought—I imagined—something quite different—that she knew something which would—"
2792,"I know what it was you thought. Actually your manner frightened Linda still further. She believed that her action had really brought about Arlena’s death and that you knew it. Christine Redfern worked on her too, introducing the idea of the sleeping tablets to her mind, showing her the way to a speedy and painless expiation of her crime. You see, once Captain Marshall was proved to have an alibi, it was vital for a new suspect to be found. Neither she nor her husband knew about the dope smuggling. They fixed on Linda to be the scapegoat."
2793,"Yes, you are right. A cold-blooded and cruel woman. For me, I was in great difficulty. Was Linda guilty only of the childish attempt at witchcraft, or had her hate carried her still further—to the actual act? I tried to get her to confess to me. But it was no good. At that moment I was in grave uncertainty. The Chief Constable was inclined to accept the dope smuggling explanation. I couldn’t let it go at that. I went over the facts again very carefully. I had, you see, a collection of jig-saw puzzle pieces, isolated happenings—plain facts. The whole must fit into a complete and harmonious pattern. There were the scissors found on the beach—a bottle thrown from a window—a bath that no one would admit to having taken—all perfectly harmless occurrences in themselves, but rendered significant by the fact that no one would admit to them. Therefore, they must be of significance. Nothing about them fitted in with the theories of either Captain Marshall’s or Linda’s, or of a dope gang’s being responsible. And yet they must have meaning. I went back again to my first solution—that Patrick Redfern had committed the murder. Was there anything in support of that? Yes, the fact that a very large sum of money was missing from Arlena’s account. Who had got that money? Patrick Redfern of course. She was the type of woman easily swindled by a handsome young man—but she was not at all the type of woman to be blackmailed. She was far too transparent, not good enough at keeping a secret. The blackmailer story had never rung true to my mind. And yet there had been that conversation overheard—ah, but overheard by whom? Patrick Redfern’s wife. It was her story—unsupported by any outside evidence. Why was it invented? The answer came to me like lightning. To account for the absence of Arlena’s money!

“Patrick and Christine Redfern. The two of them were in it together. Christine hadn’t got the physical strength to strangle her or the mental makeup. No, it was Patrick who had done it—but that was impossible! Every minute of his time was accounted for until the body was found.

“Body—the word stirred something in my mind—bodies lying on the beach—all alike. Patrick Redfern and Emily Brewster had got to the Cove and seen a body lying there. A body—suppose it was not Arlena’s body but somebody else’s? The face was hidden by the great Chinese hat.

“But there was only one dead body—Arlena’s. Then, could it be—a live body—someone pretending to be dead? Could it be Arlena herself, inspired by Patrick to play some kind of a joke. I shook my head—no, too risky. A live body—whose? Was there any woman who would help Redfern? Of course—his wife. But she was a white-skinned delicate creature. Ah yes, but suntan can be applied out of bottles—bottles—I had one of my jig-saw pieces. Yes, and afterwards, of course, a bath—to wash that telltale stain off before she went out to play tennis. And the scissors? Why, to cut up that duplicate cardboard hat—an unwieldy thing that must be got out of the way, and in the haste the scissors were left behind—the one thing that the pair of murderers forgot.

“But where was Arlena all the time? That again was perfectly clear. Either Rosamund Darnley or Arlena Marshall had been in the Pixy’s Cave, the scent they both used told me that. It was certainly not Rosamund Darnley. Then it was Arlena, hiding till the coast should clear.

“When Emily Brewster went off in the boat, Patrick had the beach to himself and full opportunity to commit the crime. Arlena Marshall was killed after a quarter to twelve, but the medical evidence was only concerned with the earliest possible time the crime could have been committed. That Arlena was dead at a quarter to twelve was what was told to the doctor, not what he told the police.

“Two more points had to be settled. Linda Marshall’s evidence gave Christine Redfern an alibi. Yes, but that evidence depended on Linda Marshall’s wristwatch. All that was needed was to prove that Christine had had two opportunities of tampering with the watch. I found those easily enough. She had been alone in Linda’s room that morning—and there was an indirect proof. Linda was heard to say that she was ‘afraid she was going to be late,’ but when she got down it was only twenty-five past ten by the lounge clock. The second opportunity was easy—she could alter the watch back again as soon as Linda turned her back and went down to bathe.

“Then there was the question of the ladder. Christine had always declared she had no head for heights. Another carefully prepared lie.

“I had my mosaic now—each piece beautifully fitted into its place. But, unfortunately, I had no definite proof. It was all in my mind.

“It was then that an idea came to me. There was an assurance—a slickness about the crime. I had no doubt that in the future Patrick Redfern would repeat his crime. What about the past? It was remotely possible that this was not his first killing. The method employed, strangulation, was in harmony with his nature—a killer for pleasure as well as for profit. If he was already a murderer I was sure that he would have used the same means. I asked Inspector Colgate for a list of women victims of strangulation. The result filled me with joy. The death of Nellie Parson found strangled in a lonely copse might or might not be Patrick Redfern’s work—it might merely have suggested choice of locality to him, but in Alice Corrigan’s death I found exactly what I was looking for. In essence the same method. Juggling with time—a murder committed not, as is the usual way, before it is supposed to have happened, but afterwards. A body supposedly discovered at a quarter past four. A husband with an alibi up to twenty-five past four.

“What really happened? It was said that Edward Corrigan arrived at the Pine Ridge, found his wife not there, and went out and walked up and down. Actually, of course, he ran full speed to the rendezvous, Caesar’s Grove (which you will remember was quite nearby), killed her and returned to the café. The girl hiker who reported the crime was a most respectable young lady, games mistress in a well-known girls’ school. Apparently she had no connection with Edward Corrigan. She had to walk some way to report the death. The police surgeon only examined the body at a quarter to six. As in this case the time of death was accepted without question.

“I made one final test. I must know definitely if Mrs. Redfern was a liar. I arranged our little excursion to Dartmoor. If anyone has a bad head for heights, they are never comfortable crossing a narrow bridge over running water. Miss Brewster, a genuine sufferer, showed giddiness. But Christine Redfern, unconcerned, ran across without a qualm. It was a small point, but it was a definite test. If she had told one unnecessary lie—then all the other lies were possible. In the meantime Colgate had got the photograph identified by the Surrey Police. I played my hand in the only way I thought likely to succeed. Having lulled Patrick Redfern into security, I turned on him and did my utmost to make him lose his self-control. The knowledge that he had been identified with Corrigan caused him to lose his head completely."
2794,"It’s just been too wonderful—hearing just exactly how you got your results. It’s every bit as fascinating as a lecture on criminology—in fact it is a lecture on criminology. And to think my magenta wool and that sunbathing conversation actually had something to do with it? That really makes me too excited for words, and I’m sure Mr. Gardener feels the same, don’t you, Odell?"
2795,"Yes, darling,"
2796,Mr. Gardener too was of assistance to me. I wanted the opinion of a sensible man about Mrs. Marshall. I asked Mr. Gardener what he thought of her.
2797,"That’s the kind of thing men always say to their wives,"
2798,"And if you ask me, even M. Poirot here is what I should call a shade on the indulgent side about her, calling her a natural victim and all that. Of course it’s true that she wasn’t a cultured woman at all, and as Captain Marshall isn’t here I don’t mind saying that she always did seem to me kind of dumb. I said so to Mr. Gardener, didn’t I, Odell?"
2799,"Yes, darling,"
2800,"Of course I’m glad I didn’t die after all. But you know, M. Poirot, it’s just the same as if I’d killed her, isn’t it? I meant to."
2801,"It is not at all the same thing. The wish to kill and the action of killing are two different things. If in your bedroom instead of a little wax figure you had had your stepmother bound and helpless and a dagger in your hand instead of a pin, you would not have pushed it into her heart! Something within you would have said ‘no.’ It is the same with me. I enrage myself at an imbecile. I say, ‘I would like to kick him.’ Instead, I kick the table. I say, ‘This table, it is the imbecile, I kick him so.’ And then, if I have not hurt my toe too much, I feel much better and the table it is not usually damaged. But if the imbecile himself was there I should not kick him. To make the wax figures and stick in the pins, it is silly, yes, it is childish, yes—but it does something useful too. You took the hate out of yourself and put it into that little figure. And with the pin and the fire you destroyed—not your stepmother—but the hate you bore her. Afterwards, even before you heard of her death, you felt cleansed, did you not—you felt lighter—happier?"
2802,How did you know? That’s just how I did feel.
2803,Then do not repeat to yourself the imbecilities. Just make up your mind not to hate your next stepmother.
