number,quote
1,"perhaps you would not
     care for him as a constant companion."
2,"It is not easy to express the inexpressible,"
3,How are you?
4,"You might start a paper on those lines. Call it the 'Police
     News of the Past.'"
5,"Very interesting reading it might be made, too,"
6,I never read such rubbish in my life.
7,What is it?
8,"Why, this article,"
9,"I see that you have read it since you have
     marked it. I don't deny that it is smartly written. It irritates me
     though. It is evidently the theory of some arm-chair lounger who
     evolves all these neat little paradoxes in the seclusion of his own
     study. It is not practical. I should like to see him clapped down in
     a third class carriage on the Underground, and asked to give the
     trades of all his fellow-travellers. I would lay a thousand to one
     against him."
10,"You would lose your money,"
11,"As
     for the article I wrote it myself."
12,You!
13,Have you read Gaboriau's works?
14,"You mean the retired sergeant of Marines,"
15,Brag and bounce!
16,"He knows that I cannot
     verify his guess."
17,"It was easier to know it than to explain why I knew it. If you were
     asked to prove that two and two made four, you might find some
     difficulty, and yet you are quite sure of the fact. Even across the
     street I could see a great blue anchor tattooed on the back of the
     fellow's hand. That smacked of the sea. He had a military carriage,
     however, and regulation side whiskers. There we have the marine. He
     was a man with some amount of self-importance and a certain air of
     command. You must have observed the way in which he held his head and
     swung his cane. A steady, respectable, middle-aged man, too, on the
     face of him--all facts which led me to believe that he had been a
     sergeant."
18,Wonderful!
19,"Commonplace,"
20,
21,
22,
23,
24,
25,asked the former.
26,"he added, turning round at the door:"
27,
28,"Audley Court was not an attractive locality. The narrow passage led
     us into a quadrangle paved with flags and lined by sordid dwellings.
     We picked our way among groups of dirty children, and through lines
     of discoloured linen, until we came to Number 46, the door of which
     was decorated with a small slip of brass on which the name Rance was
     engraved. On enquiry we found that the constable was in bed, and we
     were shown into a little front parlour to await his coming.

     He appeared presently, looking a little irritable at being disturbed
     in his slumbers."
29,
30,
31,
32,"We started off for the cab together, leaving our informant
     incredulous, but obviously uncomfortable."
33,
34,"said
     my companion, gravely; and as he spoke there rushed into the room
     half a dozen of the dirtiest and most ragged street Arabs that ever I
     clapped eyes on."
35,"There was a violent peal at the bell, and in a few seconds the
     fair-haired detective came up the stairs, three steps at a time, and
     burst into our sitting-room."
36,
37,
38,Gregson looked quite crest-fallen.
39,
40,
41,
42,
43,
44,
45,"The word RACHE, written in letters of blood,"
46,"Nothing. Stangerson had Drebber's purse in his pocket, but it seems
     that this was usual, as he did all the paying. There was eighty odd
     pounds in it, but nothing had been taken. Whatever the motives of
     these extraordinary crimes, robbery is certainly not one of them.
     There were no papers or memoranda in the murdered man's pocket,
     except a single telegram, dated from Cleveland about a month ago, and
     containing the words, 'J. H. is in Europe.' There was no name
     appended to this message."
47,And there was nothing else?
48,"Nothing of any importance. The man's novel, with which he had read
     himself to sleep was lying upon the bed, and his pipe was on a chair
     beside him. There was a glass of water on the table, and on the
     window-sill a small chip ointment box containing a couple of pills."
49,"I took
     them and the purse and the telegram, intending to have them put in a
     place of safety at the Police Station. It was the merest chance my
     taking these pills, for I am bound to say that I do not attach any
     importance to them."
50,"Give them here,"
51,"Now, Doctor,"
52,"are
     those ordinary pills?"
53,"From their
     lightness and transparency, I should imagine that they are soluble in
     water,"
54,"Precisely so,"
55,"Now would you mind going down and
     fetching that poor little devil of a terrier which has been bad so
     long, and which the landlady wanted you to put out of its pain
     yesterday."
56,"I will now cut one of these pills in two,"
57,"One half we return
     into the box for future purposes. The other half I will place in this
     wine glass, in which is a teaspoonful of water. You perceive that our
     friend, the Doctor, is right, and that it readily dissolves."
58,"we are all ready to acknowledge that you are a
     smart man, and that you have your own methods of working. We want
     something more than mere theory and preaching now, though. It is a
     case of taking the man. I have made my case out, and it seems I was
     wrong. Young Charpentier could not have been engaged in this second
     affair. Lestrade went after his man, Stangerson, and it appears that
     he was wrong too. You have thrown out hints here, and hints there,
     and seem to know more than we do, but the time has come when we feel
     that we have a right to ask you straight how much you do know of the
     business. Can you name the man who did it?"
59,"I have the cab
     downstairs."
60,"Good boy,"
61,"Why don't you introduce this
     pattern at Scotland Yard?"
62,"if we can only
     find the man to put them on."
63,"Very good, very good,"
64,"The cabman may as well
     help me with my boxes. Just ask him to step up, Wiggins."
65,"We have his cab,"
66,"It will serve to take him
     to Scotland Yard. And now, gentlemen,"
67,"I guess you're going
     to take me to the police-station,"
68,"My cab's at the door. If you'll loose my legs I'll walk down to it.
     I'm not so light to lift as I used to be."
69,The way you kept on my trail was a caution.
70,"You had better come with me,"
71,"I can drive you,"
72,"Good! and Gregson can come inside with me. You too, Doctor, you have
     taken an interest in the case and may as well stick to us."
73,
74,"the Inspector remarked gravely,"
75,"He rang the bell as he spoke,
     and Jefferson Hope was led off by a couple of warders, while my
     friend and I made our way out of the Station and took a cab back to
     Baker Street.





          CHAPTER VII
          The Conclusion


     We had all been warned to appear before the magistrates upon the
     Thursday; but when the Thursday came there was no occasion for our
     testimony. A higher Judge had taken the matter in hand, and Jefferson
     Hope had been summoned before a tribunal where strict justice would
     be meted out to him. On the very night after his capture the aneurism
     burst, and he was found in the morning stretched upon the floor of
     the cell, with a placid smile upon his face, as though he had been
     able in his dying moments to look back upon a useful life, and on
     work well done."
76,I ejaculated.
77,"have lost a sensational treat through the
     sudden death of the man Hope, who was suspected of the murder of Mr.
     Enoch Drebber and of Mr. Joseph Stangerson. The details of the case
     will probably be never known now, though we are informed upon good
     authority that the crime was the result of an old standing and
     romantic feud, in which love and Mormonism bore a part. It seems that
     both the victims belonged, in their younger days, to the Latter Day
     Saints, and Hope, the deceased prisoner, hails also from Salt Lake
     City. If the case has had no other effect, it, at least, brings out
     in the most striking manner the efficiency of our detective police
     force, and will serve as a lesson to all foreigners that they will do
     wisely to settle their feuds at home, and not to carry them on to
     British soil. It is an open secret that the credit of this smart
     capture belongs entirely to the well-known Scotland Yard officials,
     Messrs. Lestrade and Gregson. The man was apprehended, it appears, in
     the rooms of a certain Mr. Sherlock Holmes, who has himself, as an
     amateur, shown some talent in the detective line, and who, with such
     instructors, may hope in time to attain to some degree of their
     skill. It is expected that a testimonial of some sort will be
     presented to the two officers as a fitting recognition of their
     services."
78,Didn't I tell you so when we started?
79,"That's the result of all our Study in Scarlet: to get them a
     testimonial!"
80,"I see it, I deduce it. How do I know that you have been getting
     yourself very wet lately, and that you have a most clumsy and
     careless servant girl?"
81,"this is too much. You would certainly have
     been burned, had you lived a few centuries ago. It is true that I had
     a country walk on Thursday and came home in a dreadful mess, but as I
     have changed my clothes I can't imagine how you deduce it. As to Mary
     Jane, she is incorrigible, and my wife has given her notice, but
     there, again, I fail to see how you work it out."
82,"Such paper could
     not be bought under half a crown a packet. It is peculiarly strong
     and stiff."
83,"Peculiar--that is the very word,"
84,"It is not an English
     paper at all. Hold it up to the light."
85,What do you make of that?
86,"The name of the maker, no doubt; or his monogram, rather."
87,"Yes,"
88,Come in!
89,"Pray take a seat,"
90,"This is my friend and colleague,
     Dr. Watson, who is occasionally good enough to help me in my cases.
     Whom have I the honour to address?"
91,"by binding you both to absolute secrecy for two years; at the end of
     that time the matter will be of no importance. At present it is not
     too much to say that it is of such weight it may have an influence
     upon European history."
92,"I promise,"
93,And I.
94,"You will excuse this mask,"
95,"The
     august person who employs me wishes his agent to be unknown to you,
     and I may confess at once that the title by which I have just called
     myself is not exactly my own."
96,"I was aware of it,"
97,"The circumstances are of great delicacy, and every precaution has to
     be taken to quench what might grow to be an immense scandal and
     seriously compromise one of the reigning families of Europe. To speak
     plainly, the matter implicates the great House of Ormstein,
     hereditary kings of Bohemia."
98,"you can
     understand that I am not accustomed to doing such business in my own
     person. Yet the matter was so delicate that I could not confide it to
     an agent without putting myself in his power. I have come incognito
     from Prague for the purpose of consulting you."
99,"Then, pray consult,"
100,"The facts are briefly these: Some five years ago, during a lengthy
     visit to Warsaw, I made the acquaintance of the well-known
     adventuress, Irene Adler. The name is no doubt familiar to you."
101,Let me see!
102,"Hum! Born in New Jersey in the year 1858.
     Contralto--hum! La Scala, hum! Prima donna Imperial Opera of
     Warsaw--yes! Retired from operatic stage--ha! Living in London--quite
     so! Your Majesty, as I understand, became entangled with this young
     person, wrote her some compromising letters, and is now desirous of
     getting those letters back."
103,Absolutely none.
104,"But a very serious one to me,"
105,"Because she has said that she would send it on the day when the
     betrothal was publicly proclaimed. That will be next Monday."
106,"Oh, then we have three days yet,"
107,"That is
     very fortunate, as I have one or two matters of importance to look
     into just at present. Your Majesty will, of course, stay in London
     for the present?"
108,"There are three hundred pounds in gold and seven hundred in notes,"
109,"Is Briony Lodge, Serpentine Avenue, St. John's Wood."
110,"Was the
     photograph a cabinet?"
111,"He disappeared into his bedroom and returned in a few minutes in the
     character of an amiable and simple-minded Nonconformist clergyman.
     His broad black hat, his baggy trousers, his white tie, his
     sympathetic smile, and general look of peering and benevolent
     curiosity were such as Mr. John Hare alone could have equalled. It
     was not merely that Holmes changed his costume. His expression, his
     manner, his very soul seemed to vary with every fresh part that he
     assumed. The stage lost a fine actor, even as science lost an acute
     reasoner, when he became a specialist in crime.

     It was a quarter past six when we left Baker Street, and it still
     wanted ten minutes to the hour when we found ourselves in Serpentine
     Avenue. It was already dusk, and the lamps were just being lighted as
     we paced up and down in front of Briony Lodge, waiting for the coming
     of its occupant. The house was just such as I had pictured it from
     Sherlock Holmes' succinct description, but the locality appeared to
     be less private than I expected. On the contrary, for a small street
     in a quiet neighbourhood, it was remarkably animated. There was a
     group of shabbily dressed men smoking and laughing in a corner, a
     scissors-grinder with his wheel, two guardsmen who were flirting with
     a nurse-girl, and several well-dressed young men who were lounging up
     and down with cigars in their mouths."
112,"There were several people on the pavement at the time, but the
     greeting appeared to come from a slim youth in an ulster who had
     hurried by."
113,"CHAPTER III



     I slept at Baker Street that night, and we were engaged upon our
     toast and coffee in the morning when the King of Bohemia rushed into
     the room."
114,"We descended and started off once
     more for Briony Lodge."
115,
116,
117,
118,"He relapsed into a moody silence,
     which was not broken until we drew up in Serpentine Avenue.

     The door of Briony Lodge was open, and an elderly woman stood upon
     the steps. She watched us with a sardonic eye as we stepped from the
     brougham."
119,said she.
120,"answered my companion, looking at her with a
     questioning and rather startled gaze."
121,"From what I have seen of the lady she seems indeed to be on a very
     different level to your Majesty,"
122,"I am sorry
     that I have not been able to bring your Majesty's business to a more
     successful conclusion."
123,"Your Majesty has something which I should value even more highly,"
124,You have but to name it.
125,This photograph!
126,"Try the settee,"
127,"How did you know, for example, that I did manual
     labour. It's as true as gospel, for I began as a ship's carpenter."
128,"I
     thought at first that you had done something clever, but I see that
     there was nothing in it, after all."
129,"I begin to think, Watson,"
130,"that I make a mistake in
     explaining. 'Omne ignotum pro magnifico,' you know, and my poor
     little reputation, such as it is, will suffer shipwreck if I am so
     candid. Can you not find the advertisement, Mr. Wilson?"
131,"I have a small pawnbroker's
     business at Coburg Square, near the City. It's not a very large
     affair, and of late years it has not done more than just give me a
     living. I used to be able to keep two assistants, but now I only keep
     one; and I would have a job to pay him but that he is willing to come
     for half wages so as to learn the business."
132,What is the name of this obliging youth?
133,"His name is Vincent Spaulding, and he's not such a youth, either.
     It's hard to say his age. I should not wish a smarter assistant, Mr.
     Holmes; and I know very well that he could better himself and earn
     twice what I am able to give him. But, after all, if he is satisfied,
     why should I put ideas in his head?"
134,"'Why,' says he, 'here's another vacancy on the League of the
     Red-headed Men. It's worth quite a little fortune to any man who gets
     it, and I understand that there are more vacancies than there are
     men, so that the trustees are at their wits' end what to do with the
     money. If my hair would only change colour, here's a nice little crib
     all ready for me to step into.'"
135,
136,
137,"I started off, Mr. Holmes, but when I got to that address it was a
     manufactory of artificial knee-caps, and no one in it had ever heard
     of either Mr. William Morris or Mr. Duncan Ross."
138,And what did you do then?
139,"I went home to Saxe-Coburg Square, and I took the advice of my
     assistant. But he could not help me in any way. He could only say
     that if I waited I should hear by post. But that was not quite good
     enough, Mr. Holmes. I did not wish to lose such a place without a
     struggle, so, as I had heard that you were good enough to give advice
     to poor folk who were in need of it, I came right away to you."
140,"And you did very wisely,"
141,"Your case is an exceedingly
     remarkable one, and I shall be happy to look into it. From what you
     have told me I think that it is possible that graver issues hang from
     it than might at first sight appear."
142,"Why, I have lost four pound a
     week."
143,"As far as you are personally concerned,"
144,"I do not
     see that you have any grievance against this extraordinary league. On
     the contrary, you are, as I understand, richer by some £30, to say
     nothing of the minute knowledge which you have gained on every
     subject which comes under the letter A. You have lost nothing by
     them."
145,"Yes, sir. He told me that a gipsy had done it for him when he was a
     lad."
146,Hum!
147,"He is still with
     you?"
148,"Oh, yes, sir; I have only just left him."
149,"That will do, Mr. Wilson. I shall be happy to give you an opinion
     upon the subject in the course of a day or two. To-day is Saturday,
     and I hope that by Monday we may come to a conclusion."
150,"Well, Watson,"
151,"what do
     you make of it all?"
152,"It is a most mysterious
     business."
153,"As a rule,"
154,"the more bizarre a thing is the less
     mysterious it proves to be. It is your commonplace, featureless
     crimes which are really puzzling, just as a commonplace face is the
     most difficult to identify. But I must be prompt over this matter."
155,"Thank you,"
156,"I only wished to ask you how you would go
     from here to the Strand."
157,"Smart fellow, that,"
158,"He is, in
     my judgment, the fourth smartest man in London, and for daring I am
     not sure that he has not a claim to be third. I have known something
     of him before."
159,"Let me see,"
160,"I should like just to remember the order of the houses
     here. It is a hobby of mine to have an exact knowledge of London.
     There is Mortimer's, the tobacconist, the little newspaper shop, the
     Coburg branch of the City and Suburban Bank, the Vegetarian
     Restaurant, and McFarlane's carriage-building depot. That carries us
     right on to the other block. And now, Doctor, we've done our work, so
     it's time we had some play. A sandwich and a cup of coffee, and then
     off to violin-land, where all is sweetness and delicacy and harmony,
     and there are no red-headed clients to vex us with their conundrums."
161,"Ha! Our party is complete,"
162,"He has his own little methods, which are, if
     he won't mind my saying so, just a little too theoretical and
     fantastic, but he has the makings of a detective in him. It is not
     too much to say that once or twice, as in that business of the Sholto
     murder and the Agra treasure, he has been more nearly correct than
     the official force."
163,"Still, I confess that I miss my rubber. It is the
     first Saturday night for seven-and-twenty years that I have not had
     my rubber."
164,"I think you will find,"
165,"that you will play
     for a higher stake to-night than you have ever done yet, and that the
     play will be more exciting. For you, Mr. Merryweather, the stake will
     be some £30,000; and for you, Jones, it will be the man upon whom you
     wish to lay your hands."
166,"You are not very vulnerable from above,"
167,"Nor from below,"
168,I must really ask you to be a little more quiet!
169,"You have already imperilled the whole success of our
     expedition. Might I beg that you would have the goodness to sit down
     upon one of those boxes, and not to interfere?"
170,"Yes. We had occasion some months ago to strengthen our resources and
     borrowed for that purpose 30,000 napoleons from the Bank of France.
     It has become known that we have never had occasion to unpack the
     money, and that it is still lying in our cellar. The crate upon which
     I sit contains 2,000 napoleons packed between layers of lead foil.
     Our reserve of bullion is much larger at present than is usually kept
     in a single branch office, and the directors have had misgivings upon
     the subject."
171,"Which were very well justified,"
172,"And now it is
     time that we arranged our little plans. I expect that within an hour
     matters will come to a head. In the meantime Mr. Merryweather, we
     must put the screen over that dark lantern."
173,"It's no use, John Clay,"
174,"You have no chance at
     all."
175,"So I see,"
176,"I fancy
     that my pal is all right, though I see you have got his coat-tails."
177,"There are three men waiting for him at the door,"
178,"Oh, indeed! You seem to have done the thing very completely. I must
     compliment you."
179,"And I you,"
180,"Your red-headed idea was very new and
     effective."
181,"You'll see your pal again presently,"
182,"I do not know how the bank can thank you or repay you.
     There is no doubt that you have detected and defeated in the most
     complete manner one of the most determined attempts at bank robbery
     that have ever come within my experience."
183,"I have had one or two little scores of my own to settle with Mr.
     John Clay,"
184,"I have been at some small expense over this
     matter, which I shall expect the bank to refund, but beyond that I am
     amply repaid by having had an experience which is in many ways
     unique, and by hearing the very remarkable narrative of the
     Red-headed League."
185,A CASE OF IDENTITY
186,
187,"He had risen from his chair and was standing between the parted
     blinds gazing down into the dull neutral-tinted London street.
     Looking over his shoulder, I saw that on the pavement opposite there
     stood a large woman with a heavy fur boa round her neck, and a large
     curling red feather in a broad-brimmed hat which was tilted in a
     coquettish Duchess of Devonshire fashion over her ear. From under
     this great panoply she peeped up in a nervous, hesitating fashion at
     our windows, while her body oscillated backward and forward, and her
     fingers fidgeted with her glove buttons. Suddenly, with a plunge, as
     of the swimmer who leaves the bank, she hurried across the road, and
     we heard the sharp clang of the bell."
188,"Then, suddenly realising the full purport of his
     words, she gave a violent start and looked up, with fear and
     astonishment upon her broad, good-humoured face."
189,"she cried,"
190,
191,"said Holmes, laughing;"
192,
193,
194,
195,
196,
197,
198,
199,
200,"She pulled a little handkerchief out of her
     muff and began to sob heavily into it."
201,
202,"he continued,
     glancing over them,"
203,"The question was hardly out of my mouth, and Holmes had not yet
     opened his lips to reply, when we heard a heavy footfall in the
     passage and a tap at the door."
204,"The man who entered was a sturdy, middle-sized fellow, some thirty
     years of age, clean-shaven, and sallow-skinned, with a bland,
     insinuating manner, and a pair of wonderfully sharp and penetrating
     grey eyes. He shot a questioning glance at each of us, placed his
     shiny top-hat upon the sideboard, and with a slight bow sidled down
     into the nearest chair."
205,
206,he said.
207,
208,"shouted Mr. Windibank, turning white to his lips and
     glancing about him like a rat in a trap."
209,"Our visitor had recovered something of his assurance while Holmes had
     been talking, and he rose from his chair now with a cold sneer upon
     his pale face."
210,
211,"He took two swift
     steps to the whip, but before he could grasp it there was a wild
     clatter of steps upon the stairs, the heavy hall door banged, and
     from the window we could see Mr. James Windibank running at the top
     of his speed down the road."
212,
213,
214,"I knew your energetic nature, and that you would not be happy
     until you had been on the scene of the crime."
215,"It was very nice and complimentary of you,"
216,"It is
     entirely a question of barometric pressure."
217,"I am so glad that you have come. I have driven down to
     tell you so. I know that James didn't do it. I know it, and I want
     you to start upon your work knowing it, too. Never let yourself doubt
     upon that point. We have known each other since we were little
     children, and I know his faults as no one else does; but he is too
     tender-hearted to hurt a fly. Such a charge is absurd to anyone who
     really knows him."
218,"I hope we may clear him, Miss Turner,"
219,"You
     may rely upon my doing all that I can."
220,"But you have read the evidence. You have formed some conclusion? Do
     you not see some loophole, some flaw? Do you not yourself think that
     he is innocent?"
221,"But he is right. Oh! I know that he is right. James never did it.
     And about his quarrel with his father, I am sure that the reason why
     he would not speak about it to the coroner was because I was
     concerned in it."
222,In what way?
223,"It is no time for me to hide anything. James and his father had many
     disagreements about me. Mr. McCarthy was very anxious that there
     should be a marriage between us. James and I have always loved each
     other as brother and sister; but of course he is young and has seen
     very little of life yet, and--and--well, he naturally did not wish to
     do anything like that yet. So there were quarrels, and this, I am
     sure, was one of them."
224,And your father?
225,Was he in favour of such a union?
226,"No, he was averse to it also. No one but Mr. McCarthy was in favour
     of it."
227,"Why should you raise up hopes which you are bound
     to disappoint? I am not over-tender of heart, but I call it cruel."
228,"I think that I see my way to clearing James McCarthy,"
229,Have you an order to see him in prison?
230,"Yes, but only for you and me."
231,"It is said
     that Mr. Turner, of the Hall, is so ill that his life is despaired
     of."
232,"An elderly man, I presume?"
233,"About sixty; but his constitution has been shattered by his life
     abroad, and he has been in failing health for some time. This
     business has had a very bad effect upon him. He was an old friend of
     McCarthy's, and, I may add, a great benefactor to him, for I have
     learned that he gave him Hatherley Farm rent free."
234,"Indeed! That is interesting,"
235,"Oh, yes! In a hundred other ways he has helped him. Everybody about
     here speaks of his kindness to him."
236,"I find it hard enough to tackle facts, Holmes,
     without flying away after theories and fancies."
237,"You are right,"
238,"you do find it very hard to
     tackle the facts."
239,"That McCarthy senior met his death from McCarthy junior and that all
     theories to the contrary are the merest moonshine."
240,"Well, moonshine is a brighter thing than fog,"
241,"But I am very much mistaken if this is not Hatherley Farm
     upon the left."
242,"Theories are all very well, but we have to deal with a hard-headed
     British jury."
243,"Nous verrons,"
244,"You work your own method,
     and I shall work mine. I shall be busy this afternoon, and shall
     probably return to London by the evening train."
245,"and I really cannot undertake to go about the country looking for a
     left-handed gentleman with a game leg. I should become the
     laughing-stock of Scotland Yard."
246,"All right,"
247,"I have given you the chance. Here
     are your lodgings. Good-bye. I shall drop you a line before I leave."
248,"I could see that the end had not been in his mouth. Therefore he
     used a holder. The tip had been cut off, not bitten off, but the cut
     was not a clean one, so I deduced a blunt pen-knife."
249,"you have drawn a net round this man from which he
     cannot escape, and you have saved an innocent human life as truly as
     if you had cut the cord which was hanging him. I see the direction in
     which all this points. The culprit is--"
250,"Pray sit down on the sofa,"
251,You had my note?
252,"Yes, the lodge-keeper brought it up. You said that you wished to see
     me here to avoid scandal."
253,"Yes,"
254,"It is
     so. I know all about McCarthy."
255,"But
     I would not have let the young man come to harm. I give you my word
     that I would have spoken out if it went against him at the Assizes."
256,"I am glad to hear you say so,"
257,"I would have spoken now had it not been for my dear girl. It would
     break her heart--it will break her heart when she hears that I am
     arrested."
258,"It may not come to that,"
259,What?
260,"I am no official agent. I understand that it was your daughter who
     required my presence here, and I am acting in her interests. Young
     McCarthy must be got off, however."
261,"When I went down there I found him talking with his son, so I smoked
     a cigar and waited behind a tree until he should be alone. But as I
     listened to his talk all that was black and bitter in me seemed to
     come uppermost. He was urging his son to marry my daughter with as
     little regard for what she might think as if she were a slut from off
     the streets. It drove me mad to think that I and all that I held most
     dear should be in the power of such a man as this. Could I not snap
     the bond? I was already a dying and a desperate man. Though clear of
     mind and fairly strong of limb, I knew that my own fate was sealed.
     But my memory and my girl! Both could be saved if I could but silence
     that foul tongue. I did it, Mr. Holmes. I would do it again. Deeply
     as I have sinned, I have led a life of martyrdom to atone for it. But
     that my girl should be entangled in the same meshes which held me was
     more than I could suffer. I struck him down with no more compunction
     than if he had been some foul and venomous beast. His cry brought
     back his son; but I had gained the cover of the wood, though I was
     forced to go back to fetch the cloak which I had dropped in my
     flight. That is the true story, gentlemen, of all that occurred."
262,"Well, it is not for me to judge you,"
263,"I pray that we may
     never be exposed to such a temptation."
264,God help us!
265,"Why does fate play
     such tricks with poor, helpless worms? I never hear of such a case as
     this that I do not think of Baxter's words, and say, 'There, but for
     the grace of God, goes Sherlock Holmes.'"
266,"I trust that I am not intruding. I fear that I have brought
     some traces of the storm and rain into your snug chamber."
267,"Give me your coat and umbrella,"
268,"They may rest here on
     the hook and will be dry presently. You have come up from the
     south-west, I see."
269,"And yet I question, sir, whether, in all your experience, you have
     ever listened to a more mysterious and inexplicable chain of events
     than those which have happened in my own family."
270,"You fill me with interest,"
271,"Pray give us the essential
     facts from the commencement, and I can afterwards question you as to
     those details which seem to me to be most important."
272,
273,
274,
275,"--he sank his face into his thin, white hands--"
276,
277,"and beneath were the following
     enigmatical notices:


     4th. Hudson came. Same old platform.
     7th. Set the pips on McCauley, Paramore, and John Swain, of St.
     Augustine.
     9th. McCauley cleared.
     10th. John Swain cleared.
     12th. Visited Paramore. All well."
278,
279,
280,"You will observe,"
281,"that the
     sudden breaking up of the society was coincident with the
     disappearance of Openshaw from America with their papers. It may well
     have been cause and effect. It is no wonder that he and his family
     have some of the more implacable spirits upon their track. You can
     understand that this register and diary may implicate some of the
     first men in the South, and that there may be many who will not sleep
     easy at night until it is recovered."
282,you are too late.
283,Ah!
284,"I feared as much. How was it
     done?"
285,"He put his two forefingers between his teeth and whistled shrilly--a
     signal which was answered by a similar whistle from the distance,
     followed shortly by the rattle of wheels and the clink of horses'
     hoofs."
286,
287,"It has been in some points a singular case,"
288,"I confess that I have been as blind as a
     mole, but it is better to learn wisdom late than never to learn it at
     all."
289,Who is on duty?
290,"Inspector Bradstreet, sir."
291,"Ah, Bradstreet, how are you?"
292,"He's a beauty, isn't he?"
293,"He certainly needs a wash,"
294,"I had an idea that he
     might, and I took the liberty of bringing the tools with me."
295,"If I am Mr. Neville St. Clair, then it is obvious that no crime has
     been committed, and that, therefore, I am illegally detained."
296,"No crime, but a very great error has been committed,"
297,You would have done better to have trusted your wife.
298,"It was not the wife; it was the children,"
299,
300,
301,
302,
303,"were scrawled upon one
     side. It was pierced in the brim for a hat-securer, but the elastic
     was missing. For the rest, it was cracked, exceedingly dusty, and
     spotted in several places, although there seemed to have been some
     attempt to hide the discoloured patches by smearing them with ink."
304,
305,"He was a large man with rounded shoulders, a massive head, and a
     broad, intelligent face, sloping down to a pointed beard of grizzled
     brown. A touch of red in nose and cheeks, with a slight tremor of his
     extended hand, recalled Holmes' surmise as to his habits. His rusty
     black frock-coat was buttoned right up in front, with the collar
     turned up, and his lank wrists protruded from his sleeves without a
     sign of cuff or shirt. He spoke in a slow staccato fashion, choosing
     his words with care, and gave the impression generally of a man of
     learning and letters who had had ill-usage at the hands of fortune."
306,"With a comical pomposity of
     manner he bowed solemnly to both of us and strode off upon his way."
307,"We passed across Holborn, down Endell Street, and so through a zigzag
     of slums to Covent Garden Market. One of the largest stalls bore the
     name of Breckinridge upon it, and the proprietor a horsey-looking
     man, with a sharp face and trim side-whiskers was helping a boy to
     put up the shutters."
308,he asked in a quavering voice.
309,"he
     answered with a sidelong glance."
310,A flush sprang to the white cheeks of the stranger.
311,"The little man stood glancing from one to the other of us with
     half-frightened, half-hopeful eyes, as one who is not sure whether he
     is on the verge of a windfall or of a catastrophe. Then he stepped
     into the cab, and in half an hour we were back in the sitting-room at
     Baker Street. Nothing had been said during our drive, but the high,
     thin breathing of our new companion, and the claspings and
     unclaspings of his hands, spoke of the nervous tension within him."
312,"Our visitor staggered to his feet and clutched the mantelpiece with
     his right hand. Holmes unlocked his strong-box and held up the blue
     carbuncle, which shone out like a star, with a cold, brilliant,
     many-pointed radiance. Ryder stood glaring with a drawn face,
     uncertain whether to claim or to disown it."
313,
314,"'Oh, very well. Kill it and take it with you.'"
315,"After all, Watson,"
316,"I am not retained by the police to supply their deficiencies.
     If Horner were in danger it would be another thing; but this fellow
     will not appear against him, and the case must collapse. I suppose
     that I am commuting a felony, but it is just possible that I am
     saving a soul. This fellow will not go wrong again; he is too
     terribly frightened. Send him to jail now, and you make him a
     jail-bird for life. Besides, it is the season of forgiveness. Chance
     has put in our way a most singular and whimsical problem, and its
     solution is its own reward. If you will have the goodness to touch
     the bell, Doctor, we will begin another investigation, in which, also
     a bird will be the chief feature."
317,"Good-morning, madam,"
318,"My name is Sherlock
     Holmes. This is my intimate friend and associate, Dr. Watson, before
     whom you can speak as freely as before myself. Ha! I am glad to see
     that Mrs. Hudson has had the good sense to light the fire. Pray draw
     up to it, and I shall order you a cup of hot coffee, for I observe
     that you are shivering."
319,"My name is Helen Stoner, and I am living with my stepfather, who is
     the last survivor of one of the oldest Saxon families in England, the
     Roylotts of Stoke Moran, on the western border of Surrey."
320,"The family was at one time among the richest in England, and the
     estates extended over the borders into Berkshire in the north, and
     Hampshire in the west. In the last century, however, four successive
     heirs were of a dissolute and wasteful disposition, and the family
     ruin was eventually completed by a gambler in the days of the
     Regency. Nothing was left save a few acres of ground, and the
     two-hundred-year-old house, which is itself crushed under a heavy
     mortgage. The last squire dragged out his existence there, living the
     horrible life of an aristocratic pauper; but his only son, my
     stepfather, seeing that he must adapt himself to the new conditions,
     obtained an advance from a relative, which enabled him to take a
     medical degree and went out to Calcutta, where, by his professional
     skill and his force of character, he established a large practice. In
     a fit of anger, however, caused by some robberies which had been
     perpetrated in the house, he beat his native butler to death and
     narrowly escaped a capital sentence. As it was, he suffered a long
     term of imprisonment and afterwards returned to England a morose and
     disappointed man."
321,
322,
323,
324,"For answer Holmes pushed back the frill of black lace which fringed
     the hand that lay upon our visitor's knee. Five little livid spots,
     the marks of four fingers and a thumb, were printed upon the white
     wrist."
325,"She dropped her thick black veil over her face and glided
     from the room."
326,"The ejaculation had been drawn from my companion by the fact that our
     door had been suddenly dashed open, and that a huge man had framed
     himself in the aperture. His costume was a peculiar mixture of the
     professional and of the agricultural, having a black top-hat, a long
     frock-coat, and a pair of high gaiters, with a hunting-crop swinging
     in his hand. So tall was he that his hat actually brushed the cross
     bar of the doorway, and his breadth seemed to span it across from
     side to side. A large face, seared with a thousand wrinkles, burned
     yellow with the sun, and marked with every evil passion, was turned
     from one to the other of us, while his deep-set, bile-shot eyes, and
     his high, thin, fleshless nose, gave him somewhat the resemblance to
     a fierce old bird of prey."
327,"said my companion
     quietly."
328,
329,
330,
331,screamed the old man furiously.
332,"he snarled, and hurling
     the twisted poker into the fireplace he strode out of the room."
333,"remarked the
     driver."
334,
335,"said the driver, pointing to a cluster of
     roofs some distance to the left;"
336,
337,"We got off, paid our fare, and the trap rattled back on its way to
     Leatherhead."
338,
339,said the lady.
340,
341,"Sherlock Holmes and I had no difficulty in engaging a bedroom and
     sitting-room at the Crown Inn. They were on the upper floor, and from
     our window we could command a view of the avenue gate, and of the
     inhabited wing of Stoke Moran Manor House. At dusk we saw Dr.
     Grimesby Roylott drive past, his huge form looming up beside the
     little figure of the lad who drove him. The boy had some slight
     difficulty in undoing the heavy iron gates, and we heard the hoarse
     roar of the doctor's voice and saw the fury with which he shook his
     clinched fists at him. The trap drove on, and a few minutes later we
     saw a sudden light spring up among the trees as the lamp was lit in
     one of the sitting-rooms."
342,
343,
344,"About nine o'clock the light among the trees was extinguished, and
     all was dark in the direction of the Manor House. Two hours passed
     slowly away, and then, suddenly, just at the stroke of eleven, a
     single bright light shone out right in front of us."
345,"As we passed out he exchanged a few words with the landlord,
     explaining that we were going on a late visit to an acquaintance, and
     that it was possible that we might spend the night there. A moment
     later we were out on the dark road, a chill wind blowing in our
     faces, and one yellow light twinkling in front of us through the
     gloom to guide us on our sombre errand.

     There was little difficulty in entering the grounds, for unrepaired
     breaches gaped in the old park wall. Making our way among the trees,
     we reached the lawn, crossed it, and were about to enter through the
     window when out from a clump of laurel bushes there darted what
     seemed to be a hideous and distorted child, who threw itself upon the
     grass with writhing limbs and then ran swiftly across the lawn into
     the darkness."
346,I gasped.
347,"whispered Holmes.

     I took a step forward. In an instant his strange headgear began to
     move, and there reared itself from among his hair the squat
     diamond-shaped head and puffed neck of a loathsome serpent."
348,"Well, I have
     drawn my circle, and I only wish I knew at what point upon it the
     folk that we are in search of are to be found."
349,"I think I could lay my finger on it,"
350,"Really, now!"
351,"you have formed your opinion!
     Come, now, we shall see who agrees with you. I say it is south, for
     the country is more deserted there."
352,"Of course there can be no doubt as to the nature of
     this gang."
353,"None at all,"
354,"They are coiners on a large scale, and
     have used the machine to form the amalgam which has taken the place
     of silver."
355,"There is the
     gravel-drive, and there are the rose-bushes where I lay. That second
     window is the one that I jumped from."
356,"Well, at least,"
357,"you have had your revenge upon them.
     There can be no question that it was your oil-lamp which, when it was
     crushed in the press, set fire to the wooden walls, though no doubt
     they were too excited in the chase after you to observe it at the
     time. Now keep your eyes open in this crowd for your friends of last
     night, though I very much fear that they are a good hundred miles off
     by now."
358,"it has been a pretty business for me! I have
     lost my thumb and I have lost a fifty-guinea fee, and what have I
     gained?"
359,"Experience,"
360,"Indirectly it may be of value,
     you know; you have only to put it into words to gain the reputation
     of being excellent company for the remainder of your existence."
361,"'Lord Backwater tells me that I may place implicit reliance upon
     your judgment and discretion. I have determined, therefore, to call
     upon you and to consult you in reference to the very painful event
     which has occurred in connection with my wedding. Mr. Lestrade, of
     Scotland Yard, is acting already in the matter, but he assures me
     that he sees no objection to your co-operation, and that he even
     thinks that it might be of some assistance. I will call at four
     o'clock in the afternoon, and, should you have any other engagement
     at that time, I hope that you will postpone it, as this matter is of
     paramount importance."
362,"'A marriage has been arranged [it says] and will, if rumour is
     correct, very shortly take place, between Lord Robert St. Simon,
     second son of the Duke of Balmoral, and Miss Hatty Doran, the only
     daughter of Aloysius Doran. Esq., of San Francisco, Cal., U.S.A.'

     That is all."
363,"Terse and to the point,"
364,"There was a paragraph amplifying this in one of the society papers
     of the same week. Ah, here it is:"
365,
366,
367,
368,"announced our page-boy, throwing open the
     door. A gentleman entered, with a pleasant, cultured face, high-nosed
     and pale, with something perhaps of petulance about the mouth, and
     with the steady, well-opened eye of a man whose pleasant lot it had
     ever been to command and to be obeyed. His manner was brisk, and yet
     his general appearance gave an undue impression of age, for he had a
     slight forward stoop and a little bend of the knees as he walked. His
     hair, too, as he swept off his very curly-brimmed hat, was grizzled
     round the edges and thin upon the top. As to his dress, it was
     careful to the verge of foppishness, with high collar, black
     frock-coat, white waistcoat, yellow gloves, patent-leather shoes, and
     light-coloured gaiters. He advanced slowly into the room, turning his
     head from left to right, and swinging in his right hand the cord
     which held his golden eyeglasses."
369,
370,
371,"The nobleman swung his glasses a little faster and stared down into
     the fire."
372,
373,"The official detective was attired in a pea-jacket and cravat, which
     gave him a decidedly nautical appearance, and he carried a black
     canvas bag in his hand. With a short greeting he seated himself and
     lit the cigar which had been offered to him."
374,
375,
376,"said he, putting a new wedding-ring upon the top of the
     pile."
377,
378,"He took up the paper in a listless way,
     but his attention instantly became riveted, and he gave a little cry
     of satisfaction."
379,"It was indeed our visitor of the afternoon who came bustling in,
     dangling his glasses more vigorously than ever, and with a very
     perturbed expression upon his aristocratic features."
380,
381,"Then I trust that you at least will honour me with your company,"
382,"It is always a joy to meet an American, Mr.
     Moulton, for I am one of those who believe that the folly of a
     monarch and the blundering of a minister in far-gone years will not
     prevent our children from being some day citizens of the same
     world-wide country under a flag which shall be a quartering of the
     Union Jack with the Stars and Stripes."
383,"The case has been an interesting one,"
384,"because it serves to show very clearly how
     simple the explanation may be of an affair which at first sight seems
     to be almost inexplicable. Nothing could be more natural than the
     sequence of events as narrated by this lady, and nothing stranger
     than the result when viewed, for instance, by Mr. Lestrade of
     Scotland Yard."
385,"His conduct was
     certainly not very gracious."
386,"Ah, Watson,"
387,"perhaps you would not be very
     gracious either, if, after all the trouble of wooing and wedding, you
     found yourself deprived in an instant of wife and of fortune. I think
     that we may judge Lord St. Simon very mercifully and thank our stars
     that we are never likely to find ourselves in the same position. Draw
     your chair up and hand me my violin, for the only problem we have
     still to solve is how to while away these bleak autumnal evenings."
388,"He is looking
     up at the numbers of the houses."
389,"I believe that he is coming here,"
390,Here?
391,"Yes; I rather think he is coming to consult me professionally. I
     think that I recognise the symptoms. Ha! did I not tell you?"
392,No doubt you think me mad?
393,"God knows I have!--a trouble which is enough to unseat my reason, so
     sudden and so terrible is it. Public disgrace I might have faced,
     although I am a man whose character has never yet borne a stain.
     Private affliction also is the lot of every man; but the two coming
     together, and in so frightful a form, have been enough to shake my
     very soul. Besides, it is not I alone. The very noblest in the land
     may suffer unless some way be found out of this horrible affair."
394,"Pray compose yourself, sir,"
395,"and let me have a clear
     account of who you are and what it is that has befallen you."
396,
397,
398,
399,"He opened the case, and taking out the diadem he laid it
     upon the table. It was a magnificent specimen of the jeweller's art,
     and the thirty-six stones were the finest that I have ever seen. At
     one side of the coronet was a cracked edge, where a corner holding
     three gems had been torn away."
400,The banker recoiled in horror.
401,"There is one other thing you owe, Mr. Holder,"
402,Owe!
403,"Name the sum, and I will pay it."
404,THE ADVENTURE OF THE COPPER BEECHES
405,
406,
407,"said he, and turned back to
     his chemical studies.

     The summons was a brief and urgent one.

     Please be at the Black Swan Hotel at Winchester at midday to-morrow
     [it said]. Do come! I am at my wit's end.
     Hunter."
408,
409,
410,
411,
412,"We were as good as our word, for it was just seven when we reached
     the Copper Beeches, having put up our trap at a wayside public-house.
     The group of trees, with their dark leaves shining like burnished
     metal in the light of the setting sun, were sufficient to mark the
     house even had Miss Hunter not been standing smiling on the
     door-step."
413,
414,"It was an old rickety door and gave at once before our united
     strength. Together we rushed into the room. It was empty. There was
     no furniture save a little pallet bed, a small table, and a basketful
     of linen. The skylight above was open, and the prisoner gone."
415,cried Miss Hunter.
416,said I.
417,
418,"She was never happy at home, Miss Alice wasn't, from the time that
     her father married again. She was slighted like and had no say in
     anything, but it never really became bad for her until after she met
     Mr. Fowler at a friend's house. As well as I could learn, Miss Alice
     had rights of her own by will, but she was so quiet and patient, she
     was, that she never said a word about them but just left everything
     in Mr. Rucastle's hands. He knew he was safe with her; but when there
     was a chance of a husband coming forward, who would ask for all that
     the law would give him, then her father thought it time to put a stop
     on it. He wanted her to sign a paper, so that whether she married or
     not, he could use her money. When she wouldn't do it, he kept on
     worrying her until she got brain-fever, and for six weeks was at
     death's door. Then she got better at last, all worn to a shadow, and
     with her beautiful hair cut off; but that didn't make no change in
     her young man, and he stuck to her as true as man could be."
419,"Ah,"
420,"I think that what you have been good enough to
     tell us makes the matter fairly clear, and that I can deduce all that
     remains. Mr. Rucastle then, I presume, took to this system of
     imprisonment?"
421,"You have it, sir, just as it happened."
422,"I am sure we owe you an apology, Mrs. Toller,"
423,"for you
     have certainly cleared up everything which puzzled us. And here comes
     the country surgeon and Mrs. Rucastle, so I think, Watson, that we
     had best escort Miss Hunter back to Winchester, as it seems to me
     that our locus standi now is rather a questionable one."
424,"Never in my life have I been placed in such a situation. It
     is most improper--most outrageous. I must insist upon some
     explanation."
425,"Pray sit down, Mr. Scott Eccles,"
426,"May I ask, in the first place, why you came to me at all?"
427,What do you mean?
428,"Your telegram was dispatched
     about one. But no one can glance at your toilet and attire without
     seeing that your disturbance dates from the moment of your waking."
429,"You are right, Mr. Holmes. I never gave a thought to my toilet. I
     was only too glad to get out of such a house. But I have been running
     round making inquiries before I came to you. I went to the house
     agents, you know, and they said that Mr. Garcia's rent was paid up
     all right and that everything was in order at Wisteria Lodge."
430,"Come, come, sir,"
431,"You are like my friend,
     Dr. Watson, who has a bad habit of telling his stories wrong end
     foremost. Please arrange your thoughts and let me know, in their due
     sequence, exactly what those events are which have sent you out
     unbrushed and unkempt, with dress boots and waistcoat buttoned awry,
     in search of advice and assistance."
432,We have been following you about all the morning.
433,"You traced him through the telegram, no doubt,"
434,"Exactly, Mr. Holmes. We picked up the scent at Charing Cross
     Post-Office and came on here."
435,"Wait a bit, Gregson,"
436,"All you desire is a
     plain statement, is it not?"
437,
438,
439,asked Gregson.
440,
441,
442,"he reported, after a short examination
     of the grass bed,"
443,"He held up his candle before an extraordinary object which stood at
     the back of the dresser. It was so wrinkled and shrunken and withered
     that it was difficult to say what it might have been. One could but
     say that it was black and leathery and that it bore some resemblance
     to a dwarfish, human figure. At first, as I examined it, I thought
     that it was a mummified negro baby, and then it seemed a very twisted
     and ancient monkey. Finally I was left in doubt as to whether it was
     animal or human. A double band of white shells were strung round the
     centre of it."
444,"In silence Baynes led the way to the sink and held forward his
     candle. The limbs and body of some large, white bird, torn savagely
     to pieces with the feathers still on, were littered all over it.
     Holmes pointed to the wattles on the severed head."
445,
446,"We hurried down the
     village street and found, as we had expected, that the inspector was
     just leaving his lodgings."
447,
448,
449,
450,"They've gone, Mr. Holmes. They went by the last train. The lady
     broke away, and I've got her in a cab downstairs."
451,"Excellent, Warner!"
452,"Watson,
     the gaps are closing rapidly."
453,"When the carriage came out I
     followed it to the station. She was like one walking in her sleep,
     but when they tried to get her into the train she came to life and
     struggled. They pushed her into the carriage. She fought her way out
     again. I took her part, got her into a cab, and here we are. I shan't
     forget the face at the carriage window as I led her away. I'd have a
     short life if he had his way--the black-eyed, scowling, yellow
     devil."
454,"I've had a plain-clothes man waiting at the station all the week.
     Wherever the High Gable folk go he will keep them in sight. But he
     must have been hard put to it when Miss Burnet broke away. However,
     your man picked her up, and it all ends well. We can't arrest without
     her evidence, that is clear, so the sooner we get a statement the
     better."
455,"Every minute she gets stronger,"
456,"But tell me, Baynes, who is this man Henderson?"
457,"But how come you into this matter, Miss Burnet?"
458,"How
     can an English lady join in such a murderous affair?"
459,"I join in it because there is no other way in the world by which
     justice can be gained. What does the law of England care for the
     rivers of blood shed years ago in San Pedro, or for the shipload of
     treasure which this man has stolen? To you they are like crimes
     committed in some other planet. But we know. We have learned the
     truth in sorrow and in suffering. To us there is no fiend in hell
     like Juan Murillo, and no peace in life while his victims still cry
     for vengeance."
460,"No doubt,"
461,"he was as you say. I have heard that he was
     atrocious. But how are you affected?"
462,"A chaotic case, my dear Watson,"
463,"It will not be possible for you to present in that compact form
     which is dear to your heart. It covers two continents, concerns two
     groups of mysterious persons, and is further complicated by the
     highly respectable presence of our friend, Scott Eccles, whose
     inclusion shows me that the deceased Garcia had a scheming mind and a
     well-developed instinct of self-preservation. It is remarkable only
     for the fact that amid a perfect jungle of possibilities we, with our
     worthy collaborator, the inspector, have kept our close hold on the
     essentials and so been guided along the crooked and winding path. Is
     there any point which is not quite clear to you?"
464,"This is beyond anything which I
     could have imagined."
465,"Miss Susan Cushing, living at Cross Street, Croydon, has been made
     the victim of what must be regarded as a peculiarly revolting
     practical joke unless some more sinister meaning should prove to be
     attached to the incident. At two o'clock yesterday afternoon a small
     packet, wrapped in brown paper, was handed in by the postman. A
     cardboard box was inside, which was filled with coarse salt. On
     emptying this, Miss Cushing was horrified to find two human ears,
     apparently quite freshly severed. The box had been sent by parcel
     post from Belfast upon the morning before. There is no indication as
     to the sender, and the matter is the more mysterious as Miss Cushing,
     who is a maiden lady of fifty, has led a most retired life, and has
     so few acquaintances or correspondents that it is a rare event for
     her to receive anything through the post. Some years ago, however,
     when she resided at Penge, she let apartments in her house to three
     young medical students, whom she was obliged to get rid of on account
     of their noisy and irregular habits. The police are of opinion that
     this outrage may have been perpetrated upon Miss Cushing by these
     youths, who owed her a grudge and who hoped to frighten her by
     sending her these relics of the dissecting-rooms. Some probability is
     lent to the theory by the fact that one of these students came from
     the north of Ireland, and, to the best of Miss Cushing's belief, from
     Belfast. In the meantime, the matter is being actively investigated,
     Mr. Lestrade, one of the very smartest of our detective officers,
     being in charge of the case."
466,"So much for the Daily Chronicle,"
467,"Now for our friend Lestrade. I had a note from him this morning, in
     which he says:"
468,"What is the use of asking me questions when I tell you I know
     nothing whatever about it?"
469,"Quite so, madam,"
470,"I have no doubt
     that you have been annoyed more than enough already over this
     business."
471,"So much for the string, then,"
472,"now for the
     box wrapper. Brown paper, with a distinct smell of coffee. What, did
     you not observe it? I think there can be no doubt of it. Address
     printed in rather straggling characters: 'Miss S. Cushing, Cross
     Street, Croydon.' Done with a broad-pointed pen, probably a J, and
     with very inferior ink. The word 'Croydon' has been originally
     spelled with an 'i', which has been changed to 'y'. The parcel was
     directed, then, by a man--the printing is distinctly masculine--of
     limited education and unacquainted with the town of Croydon. So far,
     so good! The box is a yellow, half-pound honeydew box, with nothing
     distinctive save two thumb marks at the left bottom corner. It is
     filled with rough salt of the quality used for preserving hides and
     other of the coarser commercial purposes. And embedded in it are
     these very singular enclosures."
473,"but
     there are much stronger reasons against the other. We know that this
     woman has led a most quiet and respectable life at Penge and here for
     the last twenty years. She has hardly been away from her home for a
     day during that time. Why on earth, then, should any criminal send
     her the proofs of his guilt, especially as, unless she is a most
     consummate actress, she understands quite as little of the matter as
     we do?"
474,"That is the problem which we have to solve,"
475,"and
     for my part I shall set about it by presuming that my reasoning is
     correct, and that a double murder has been committed. One of these
     ears is a woman's, small, finely formed, and pierced for an earring.
     The other is a man's, sun-burned, discoloured, and also pierced for
     an earring. These two people are presumably dead, or we should have
     heard their story before now. To-day is Friday. The packet was posted
     on Thursday morning. The tragedy, then, occurred on Wednesday or
     Tuesday, or earlier. If the two people were murdered, who but their
     murderer would have sent this sign of his work to Miss Cushing? We
     may take it that the sender of the packet is the man whom we want.
     But he must have some strong reason for sending Miss Cushing this
     packet. What reason then? It must have been to tell her that the deed
     was done; or to pain her, perhaps. But in that case she knows who it
     is. Does she know? I doubt it. If she knew, why should she call the
     police in? She might have buried the ears, and no one would have been
     the wiser. That is what she would have done if she had wished to
     shield the criminal. But if she does not wish to shield him she would
     give his name. There is a tangle here which needs straightening out."
476,"for I have
     another small business on hand. I think that I have nothing further
     to learn from Miss Cushing. You will find me at the police-station."
477,"We shall look in on our way to the train,"
478,"that this matter is a mistake, and
     that the parcel was never meant for me at all. I have said this
     several times to the gentlemen from Scotland Yard, but he simply
     laughs at me. I have not an enemy in the world, as far as I know, so
     why should anyone play me such a trick?"
479,"I am coming to be of the same opinion, Miss Cushing,"
480,I think that it is more than probable--
481,"Yes, and they were the best of friends at one time. Why, she went up
     there to live in order to be near them. And now she has no word hard
     enough for Jim Browner. The last six months that she was here she
     would speak of nothing but his drinking and his ways. He had caught
     her meddling, I suspect, and given her a bit of his mind, and that
     was the start of it."
482,"Thank you, Miss Cushing,"
483,"Your
     sister Sarah lives, I think you said, at New Street, Wallington?
     Good-bye, and I am very sorry that you should have been troubled over
     a case with which, as you say, you have nothing whatever to do."
484,"Only about a mile, sir."
485,Is Miss Cushing at home?
486,"Miss Sarah Cushing is extremely ill,"
487,"She has been
     suffering since yesterday from brain symptoms of great severity. As
     her medical adviser, I cannot possibly take the responsibility of
     allowing anyone to see her. I should recommend you to call again in
     ten days."
488,"Well, if we can't we can't,"
489,Perhaps she could not or would not have told you much.
490,Ha! It is the answer!
491,"The case,"
492,"Lestrade has got him all right,"
493,Perhaps it would interest you to hear what he says.
494,"In accordance with the scheme which we had formed in order to test
     our theories"
495,G. Lestrade.
496,"'There you have the whole truth of it. You can hang me, or do what
     you like with me, but you cannot punish me as I have been punished
     already. I cannot shut my eyes but I see those two faces staring at
     me--staring at me as they stared when my boat broke through the haze.
     I killed them quick, but they are killing me slow; and if I have
     another night of it I shall be either mad or dead before morning. You
     won't put me alone into a cell, sir?  For pity's sake don't, and may
     you be treated in your day of agony as you treat me now.'"
497,"They were on his tray this morning. I brought them because I had
     heard that you can read great things out of small ones."
498,"The matches have, of course, been
     used to light cigarettes. That is obvious from the shortness of the
     burnt end. Half the match is consumed in lighting a pipe or cigar.
     But, dear me! this cigarette stub is certainly remarkable. The
     gentleman was bearded and moustached, you say?"
499,"Our client had suddenly burst into the room with an explosive energy
     which told of some new and momentous development."
500,
501,
502,
503,
504,"When we returned to Mrs. Warren's rooms, the gloom of a London winter
     evening had thickened into one gray curtain, a dead monotone of
     colour, broken only by the sharp yellow squares of the windows and
     the blurred haloes of the gas-lamps. As we peered from the darkened
     sitting-room of the lodging-house, one more dim light glimmered high
     up through the obscurity."
505,"Why, Gregson!"
506,Wait a bit!
507,"This
     is Mr. Leverton, of Pinkerton's American Agency."
508,The hero of the Long Island cave mystery?
509,"Sir, I am
     pleased to meet you."
510,If I can get Gorgiano--
511,What! Gorgiano of the Red Circle?
512,"Oh, he has a European fame, has he? Well, we've learned all about
     him in America. We know he is at the bottom of fifty murders, and yet
     we have nothing positive we can take him on. I tracked him over from
     New York, and I've been close to him for a week in London, waiting
     some excuse to get my hand on his collar. Mr. Gregson and I ran him
     to ground in that big tenement house, and there's only one door, so
     he can't slip us. There's three folk come out since he went in, but
     I'll swear he wasn't one of them."
513,"I expect, as usual, he
     knows a good deal that we don't."
514,Someone has got ahead of us this time.
515,"Here is the candle in the window, Mr. Holmes,"
516,"Why,
     whatever are you doing?"
517,"He is my husband, Gennaro
     Lucca. I am Emilia Lucca, and we are both from New York. Where is
     Gennaro? He called me this moment from this window, and I ran with
     all my speed."
518,"It was I who called,"
519,You! How could you call?
520,"Your cipher was not difficult, madam. Your presence here was
     desirable. I knew that I had only to flash 'Vieni' and you would
     surely come."
521,"I am not very clear yet who you are or what you are;
     but you've said enough to make it very clear that we shall want you
     at the Yard."
522,"One moment, Gregson,"
523,"I rather fancy that this lady
     may be as anxious to give us information as we can be to get it. You
     understand, madam, that your husband will be arrested and tried for
     the death of the man who lies before us? What you say may be used in
     evidence. But if you think that he has acted from motives which are
     not criminal, and which he would wish to have known, then you cannot
     serve him better than by telling us the whole story."
524,"He was a
     devil and a monster, and there can be no judge in the world who would
     punish my husband for having killed him."
525,"In that case,"
526,"my suggestion is that we lock this
     door, leave things as we found them, go with this lady to her room,
     and form our opinion after we have heard what it is that she has to
     say to us."
527,"Nothing of interest in the paper, Watson?"
528,"Look out
     this window, Watson. See how the figures loom up, are dimly seen, and
     then blend once more into the cloud-bank. The thief or the murderer
     could roam London on such a day as the tiger does the jungle, unseen
     until he pounces, and then evident only to his victim."
529,"There have,"
530,"This great and sombre stage is set for something more worthy than
     that,"
531,"I extremely dislike
     altering my habits, but the powers that be would take no denial. In
     the present state of Siam it is most awkward that I should be away
     from the office. But it is a real crisis. I have never seen the Prime
     Minister so upset. As to the Admiralty--it is buzzing like an
     overturned bee-hive. Have you read up the case?"
532,"The ticket would have shown which station was nearest the agent's
     house. Therefore he took it from the murdered man's pocket."
533,"Good, Lestrade, very good,"
534,"Your theory holds
     together. But if this is true, then the case is at an end. On the one
     hand, the traitor is dead. On the other, the plans of the
     Bruce-Partington submarine are presumably already on the Continent.
     What is there for us to do?"
535,"All my instincts are against this explanation. Use your powers! Go
     to the scene of the crime! See the people concerned! Leave no stone
     unturned! In all your career you have never had so great a chance of
     serving your country."
536,"Well, well!"
537,"Come, Watson!
     And you, Lestrade, could you favour us with your company for an hour
     or two? We will begin our investigation by a visit to Aldgate
     Station. Good-bye, Mycroft. I shall let you have a report before
     evening, but I warn you in advance that you have little to expect."
538,"I fear not, Mr. Holmes. The train has been broken up before now, and
     the carriages redistributed."
539,"that every carriage
     has been carefully examined. I saw to it myself."
540,"But suppose it were so, we are still as far as ever from unravelling
     the mystery of his death. Indeed, it becomes not simpler but
     stranger."
541,"Perhaps,"
542,perhaps.
543,"Sir James died this
     morning."
544,Good heavens!
545,How did he die?
546,"Perhaps you would care to step in, sir, and see his brother, Colonel
     Valentine?"
547,"I have not shut an eye
     since the tragedy, thinking, thinking, thinking, night and day, what
     the true meaning of it can be. Arthur was the most single-minded,
     chivalrous, patriotic man upon earth. He would have cut his right
     hand off before he would sell a State secret confided to his keeping.
     It is absurd, impossible, preposterous to anyone who knew him."
548,"Go on, Miss Westbury. Even if it seems to tell against him, go on.
     We cannot say what it may lead to."
549,"He gave an exclamation; that was all. I waited but he never
     returned. Then I walked home. Next morning, after the office opened,
     they came to inquire. About twelve o'clock we heard the terrible
     news. Oh, Mr. Holmes, if you could only, only save his honour! It was
     so much to him."
550,"our ways lie elsewhere. Our next station
     must be the office from which the papers were taken."
551,"Yet we added one more sheaf to our harvest before we left Woolwich
     Station. The clerk in the ticket office was able to say with
     confidence that he saw Cadogan West--whom he knew well by sight--upon
     the Monday night, and that he went to London by the 8.15 to London
     Bridge. He was alone and took a single third-class ticket. The clerk
     was struck at the time by his excited and nervous manner. So shaky
     was he that he could hardly pick up his change, and the clerk had
     helped him with it. A reference to the timetable showed that the 8.15
     was the first train which it was possible for West to take after he
     had left the lady about 7.30."
552,"I'm afraid,"
553,"that all the queen's horses and
     all the queen's men cannot avail in this matter."
554,"What do you think of it,
     Watson?"
555,"No
     wonder you get results that are beyond us. But some of these days
     you'll go too far, and you'll find yourself and your friend in
     trouble."
556,I came here to visit Mr. Oberstein.
557,"Everything is known, Colonel Walter,"
558,"How an English
     gentleman could behave in such a manner is beyond my comprehension.
     But your whole correspondence and relations with Oberstein are within
     our knowledge. So also are the circumstances connected with the death
     of young Cadogan West. Let me advise you to gain at least the small
     credit for repentance and confession, since there are still some
     details which we can only learn from your lips."
559,"I can assure you,"
560,"that every essential is already
     known. We know that you were pressed for money; that you took an
     impress of the keys which your brother held; and that you entered
     into a correspondence with Oberstein, who answered your letters
     through the advertisement columns of the Daily Telegraph. We are
     aware that you went down to the office in the fog on Monday night,
     but that you were seen and followed by young Cadogan West, who had
     probably some previous reason to suspect you. He saw your theft, but
     could not give the alarm, as it was just possible that you were
     taking the papers to your brother in London. Leaving all his private
     concerns, like the good citizen that he was, he followed you closely
     in the fog and kept at your heels until you reached this very house.
     There he intervened, and then it was, Colonel Walter, that to treason
     you added the more terrible crime of murder."
561,"He said that letters to the Hôtel du Louvre, Paris, would eventually
     reach him."
562,"Then reparation is still within your power,"
563,"I will do anything I can. I owe this fellow no particular good-will.
     He has been my ruin and my downfall."
564,"I have so deep a respect for the extraordinary qualities of Holmes
     that I have always deferred to his wishes, even when I least
     understood them. But now all my professional instincts were aroused.
     Let him be my master elsewhere, I at least was his in a sick room."
565,"I left him full of the image of this magnificent intellect babbling
     like a foolish child. He had handed me the key, and with a happy
     thought I took it with me lest he should lock himself in. Mrs. Hudson
     was waiting, trembling and weeping, in the passage. Behind me as I
     passed from the flat I heard Holmes's high, thin voice in some
     delirious chant. Below, as I stood whistling for a cab, a man came on
     me through the fog."
566,
567,"The mention of my friend's name had an extraordinary effect upon the
     little man. The look of anger passed in an instant from his face. His
     features became tense and alert."
568,
569,
570,"The man motioned me to a chair, and turned to resume his own. As he
     did so I caught a glimpse of his face in the mirror over the
     mantelpiece. I could have sworn that it was set in a malicious and
     abominable smile. Yet I persuaded myself that it must have been some
     nervous contraction which I had surprised, for he turned to me an
     instant later with genuine concern upon his features."
571,"Then in an
     instant his sudden access of strength departed, and his masterful,
     purposeful talk droned away into the low, vague murmurings of a
     semi-delirious man.

     From the hiding-place into which I had been so swiftly hustled I
     heard the footfalls upon the stair, with the opening and the closing
     of the bedroom door. Then, to my surprise, there came a long silence,
     broken only by the heavy breathings and gaspings of the sick man. I
     could imagine that our visitor was standing by the bedside and
     looking down at the sufferer. At last that strange hush was broken."
572,"in the insistent tone of one who
     awakens a sleeper."
573,
574,
575,
576,
577,"I heard him say at last in a dry,
     rasping tone."
578,"There were footfalls outside, the door opened, and Inspector Morton
     appeared."
579,"he
     concluded."
580,"cried the high, snarling voice."
581,
582,"I never needed it more,"
583,But why Turkish?
584,"the bath! Why the relaxing and expensive
     Turkish rather than the invigorating home-made article?"
585,
586,"A card had come up on a salver, and it was followed by the same
     bearded ruffian who had attacked me in the street. He started when he
     saw me."
587,
588,"was the message, and the place of origin,
     Baden."
589,I asked.
590,
591,
592,"I want to speak to Dr. Shlessinger,"
593,"There is no such person here,"
594,"Well, I want to see the man who lives here, whatever he may call
     himself,"
595,"Well, come in!"
596,"When a man's conscience is easy you can't
     rattle him. What is your business in my house?"
597,"I've a bill against her for a nearly a
     hundred pounds, and nothing to show for it but a couple of trumpery
     pendants that the dealer would hardly look at. She attached herself
     to Mrs. Peters and me at Baden--it is a fact that I was using another
     name at the time--and she stuck on to us until we came to London. I
     paid her bill and her ticket. Once in London, she gave us the slip,
     and, as I say, left these out-of-date jewels to pay her bills. You
     find her, Mr. Holmes, and I'm your debtor."
598,
599,
600,
601,"said he. There was a whisk of feminine
     skirts down the passage, and the hall door was opened and shut."
602,
603,
604,"the most
     extraordinary and tragic affair has occurred during the night. It is
     the most unheard-of business. We can only regard it as a special
     Providence that you should chance to be here at the time, for in all
     England you are the one man we need."
605,"Well, as you seem to have made the discovery, whatever it may be,
     and the vicar to have had it second-hand, perhaps you had better do
     the speaking,"
606,"It is a bad thing
     to speak of, but I will answer you the truth."
607,Tell me about last night.
608,"The facts, as you state them, are certainly most remarkable,"
609,"I take it that you have no theory yourself which can in any
     way account for them?"
610,"It
     is not of this world. Something has come into that room which has
     dashed the light of reason from their minds. What human contrivance
     could do that?"
611,"I fear,"
612,"that if the matter is beyond humanity it is
     certainly beyond me. Yet we must exhaust all natural explanations
     before we fall back upon such a theory as this. As to yourself, Mr.
     Tregennis, I take it you were divided in some way from your family,
     since they lived together and you had rooms apart?"
613,"I am an early riser and generally take a walk before breakfast. This
     morning I had hardly started when the doctor in his carriage overtook
     me. He told me that old Mrs. Porter had sent a boy down with an
     urgent message. I sprang in beside him and we drove on. When we got
     there we looked into that dreadful room. The candles and the fire
     must have burned out hours before, and they had been sitting there in
     the dark until dawn had broken. The doctor said Brenda must have been
     dead at least six hours. There were no signs of violence. She just
     lay across the arm of the chair with that look on her face. George
     and Owen were singing snatches of songs and gibbering like two great
     apes. Oh, it was awful to see! I couldn't stand it, and the doctor
     was as white as a sheet. Indeed, he fell into a chair in a sort of
     faint, and we nearly had him on our hands as well."
614,Remarkable--most remarkable!
615,"I think, perhaps, we had better go down to Tredannick Wartha
     without further delay. I confess that I have seldom known a case
     which at first sight presented a more singular problem."
616,"I think, Watson,
     that I shall resume that course of tobacco-poisoning which you have
     so often and so justly condemned,"
617,
618,"Little did I think how soon the words of Holmes would be realized, or
     how strange and sinister would be that new development which opened
     up an entirely fresh line of investigation. I was shaving at my
     window in the morning when I heard the rattle of hoofs and, looking
     up, saw a dog-cart coming at a gallop down the road. It pulled up at
     our door, and our friend, the vicar, sprang from it and rushed up our
     garden path. Holmes was already dressed, and we hastened down to meet
     him.

     Our visitor was so excited that he could hardly articulate, but at
     last in gasps and bursts his tragic story came out of him."
619,"Upon my word, Watson!"
620,"I owe you both my thanks and an apology. It was an unjustifiable
     experiment even for one's self, and doubly so for a friend. I am
     really very sorry."
621,"You know,"
622,"You sent for me, Mr. Holmes. I had your note about an hour ago, and
     I have come, though I really do not know why I should obey your
     summons."
623,"Perhaps we can clear the point up before we separate,"
624,"Meanwhile, I am much obliged to you for your courteous acquiescence.
     You will excuse this informal reception in the open air, but my
     friend Watson and I have nearly furnished an additional chapter to
     what the papers call the Cornish Horror, and we prefer a clear
     atmosphere for the present. Perhaps, since the matters which we have
     to discuss will affect you personally in a very intimate fashion, it
     is as well that we should talk where there can be no eavesdropping."
625,"what you can have to speak
     about which affects me personally in a very intimate fashion."
626,"The killing of Mortimer Tregennis,"
627,What do you mean?
628,"If this is bluff upon your
     part, Mr. Holmes, you have chosen a bad man for your experiment. Let
     us have no more beating about the bush. What do you mean?"
629,"I will tell you,"
630,"and the reason why I tell you is
     that I hope frankness may beget frankness. What my next step may be
     will depend entirely upon the nature of your own defence."
631,"Do all your successes depend upon this
     prodigious power of bluff?"
632,"The bluff,"
633,"is upon your side, Dr. Leon
     Sterndale, and not upon mine. As a proof I will tell you some of the
     facts upon which my conclusions are based. Of your return from
     Plymouth, allowing much of your property to go on to Africa, I will
     say nothing save that it first informed me that you were one of the
     factors which had to be taken into account in reconstructing this
     drama--"
634,I believe that you are the devil himself!
635,"It took two, or possibly three,
     handfuls before the lodger came to the window. You beckoned him to
     come down. He dressed hurriedly and descended to his sitting-room.
     You entered by the window. There was an interview--a short
     one--during which you walked up and down the room. Then you passed
     out and closed the window, standing on the lawn outside smoking a
     cigar and watching what occurred. Finally, after the death of
     Tregennis, you withdrew as you had come. Now, Dr. Sterndale, how do
     you justify such conduct, and what were the motives for your actions?
     If you prevaricate or trifle with me, I give you my assurance that
     the matter will pass out of my hands forever."
636,"That is why I have done it,"
637,"Yes, Brenda Tregennis,"
638,"Well, sir?"
639,"I am about to tell you, Mr. Holmes, all that actually occurred, for
     you already know so much that it is clearly to my interest that you
     should know all. I have already explained the relationship in which I
     stood to the Tregennis family. For the sake of the sister I was
     friendly with the brothers. There was a family quarrel about money
     which estranged this man Mortimer, but it was supposed to be made up,
     and I afterwards met him as I did the others. He was a sly, subtle,
     scheming man, and several things arose which gave me a suspicion of
     him, but I had no cause for any positive quarrel."
640,"I had intended to bury myself in central Africa. My work there is
     but half finished."
641,"Go and do the other half,"
642,"I, at least, am not
     prepared to prevent you."
643,"Another glass, Watson!"
644,"These are the sacrifices one makes for one's country, Watson,"
645,"To-morrow it will be but a
     dreadful memory. With my hair cut and a few other superficial changes
     I shall no doubt reappear at Claridge's to-morrow as I was before
     this American stunt--I beg your pardon, Watson, my well of English
     seems to be permanently defiled--before this American job came my
     way."
646,"If it takes me all my life I shall get level with
     you!"
647,"The old sweet song,"
648,"How often have I heard it in days
     gone by. It was a favorite ditty of the late lamented Professor
     Moriarty.  Colonel Sebastian Moran has also been known to warble it.
     And yet I live and keep bees upon the South Downs."
649,"No, no, it is not so bad as that,"
650,"As my
     speech surely shows you, Mr. Altamont of Chicago had no existence in
     fact. I used him and he is gone."
651,"There is only one man,"
652,"Exactly,"
653,"And most of that
     information came through you,"
654,"What is it worth? What have
     I done? It is my ruin forever!"
655,"It is certainly a little untrustworthy,"
656,"It will
     require some checking and you have little time to check it. Your
     admiral may find the new guns rather larger than he expects, and the
     cruisers perhaps a trifle faster."
657,"I trust that you are as comfortable as circumstances permit,"
658,"Should I be guilty of
     a liberty if I lit a cigar and placed it between your lips?"
659,"that if your
     government bears you out in this treatment it becomes an act of war."
660,What about your government and all this treatment?
661,"You are a private individual. You have no warrant for my arrest. The
     whole proceeding is absolutely illegal and outrageous."
662,"Absolutely,"
663,Kidnapping a German subject.
664,And stealing his private papers.
665,"I need not say that I have confirmed it, Watson,"
666,Do you know anything of this man Damery?
667,"I have had several opponents to whom that flattering term has been
     applied,"
668,"Don't you smoke? Then you will
     excuse me if I light my pipe. If your man is more dangerous than the
     late Professor Moriarty, or than the living Colonel Sebastian Moran,
     then he is indeed worth meeting. May I ask his name?"
669,"Mr. Holmes, I must beg you not to press that question. It is
     important that I should be able to assure him that his honoured name
     has been in no way dragged into the matter. His motives are, to the
     last degree, honourable and chivalrous, but he prefers to remain
     unknown. I need not say that your fees will be assured and that you
     will be given a perfectly free hand. Surely the actual name of your
     client is immaterial?"
670,"I am sorry,"
671,"I am accustomed to have mystery at one
     end of my cases, but to have it at both ends is too confusing. I
     fear, Sir James, that I must decline to act."
672,"You place me in a most serious dilemma, for I am perfectly
     certain that you would be proud to take over the case if I could give
     you the facts, and yet a promise forbids me from revealing them all.
     May I, at least, lay all that I can before you?"
673,"He has expensive tastes. He is a horse fancier. For a short time he
     played polo at Hurlingham, but then this Prague affair got noised
     about and he had to leave. He collects books and pictures. He is a
     man with a considerable artistic side to his nature. He is, I
     believe, a recognized authority upon Chinese pottery and has written
     a book upon the subject."
674,"A complex mind,"
675,"All great criminals have that. My old
     friend Charlie Peace was a violin virtuoso. Wainwright was no mean
     artist. I could quote many more. Well, Sir James, you will inform
     your client that I am turning my mind upon Baron Gruner. I can say no
     more. I have some sources of information of my own, and I dare say we
     may find some means of opening the matter up."
676,"The Baron has little waxed tips of hair under his nose, like the
     short antennae of an insect. These quivered with amusement as he
     listened, and he finally broke into a gentle chuckle."
677,"Well, Watson, there seemed to be no more to say, so I took my leave
     with as much cold dignity as I could summon, but, as I had my hand on
     the door-handle, he stopped me."
678,"'Yes,' said I."
679,"How can I tell you where it is now? It's more than a year since I
     left him. I know where he kept it then. He's a precise, tidy cat of a
     man in many of his ways, so maybe it is still in the pigeon-hole of
     the old bureau in the inner study. Do you know his house?"
680,"I've been in the study,"
681,"Have you, though? You haven't been slow on the job if you only
     started this morning. Maybe dear Adelbert has met his match this
     time. The outer study is the one with the Chinese crockery in it--big
     glass cupboard between the windows. Then behind his desk is the door
     that leads to the inner study--a small room where he keeps papers and
     things."
682,"No fence wants stuff of that sort that you can neither melt
     nor sell."
683,"Quite so,"
684,"Well, now, Miss Winter, if you would call
     here to-morrow evening at five, I would consider in the meanwhile
     whether your suggestion of seeing this lady personally may not be
     arranged. I am exceedingly obliged to you for your cooperation. I
     need not say that my clients will consider liberally--"
685,"I am not out for
     money. Let me see this man in the mud, and I've got all I've worked
     for--in the mud with my foot on his cursed face. That's my price. I'm
     with you to-morrow or any other day so long as you are on his track.
     Porky here can tell you always where to find me."
686,"There was no difficulty at all about the appointment,"
687,"for the girl glories in showing abject filial obedience in all
     secondary things in an attempt to atone for her flagrant breach of it
     in her engagement. The General 'phoned that all was ready, and the
     fiery Miss W. turned up according to schedule, so that at half-past
     five a cab deposited us outside 104 Berkeley Square, where the old
     soldier resides--one of those awful gray London castles which would
     make a church seem frivolous. A footman showed us into a great
     yellow-curtained drawing-room, and there was the lady awaiting us,
     demure, pale, self-contained, as inflexible and remote as a snow
     image on a mountain."
688,"I was sorry for her, Watson. I thought of her for the moment as I
     would have thought of a daughter of my own. I am not often eloquent.
     I use my head, not my heart. But I really did plead with her with all
     the warmth of words that I could find in my nature. I pictured to her
     the awful position of the woman who only wakes to a man's character
     after she is his wife--a woman who has to submit to be caressed by
     bloody hands and lecherous lips. I spared her nothing--the shame, the
     fear, the agony, the hopelessness of it all. All my hot words could
     not bring one tinge of colour to those ivory cheeks or one gleam of
     emotion to those abstracted eyes. I thought of what the rascal had
     said about a post-hypnotic influence. One could really believe that
     she was living above the earth in some ecstatic dream. Yet there was
     nothing indefinite in her replies."
689,"He gave no explanations and I asked for none. By long experience I
     had learned the wisdom of obedience. But when I had left his room I
     walked down Baker Street, revolving in my head how on earth I was to
     carry out so strange an order. Finally I drove to the London Library
     in St. James's Square, put the matter to my friend Lomax, the
     sublibrarian, and departed to my rooms with a goodly volume under my
     arm.

     It is said that the barrister who crams up a case with such care that
     he can examine an expert witness upon the Monday has forgotten all
     his forced knowledge before the Saturday. Certainly I should not like
     now to pose as an authority upon ceramics. And yet all that evening,
     and all that night with a short interval for rest, and all next
     morning, I was sucking in knowledge and committing names to memory.
     There I learned of the hall-marks of the great artist-decorators, of
     the mystery of cyclical dates, the marks of the Hung-wu and the
     beauties of the Yung-lo, the writings of Tang-ying, and the glories
     of the primitive period of the Sung and the Yuan. I was charged with
     all this information when I called upon Holmes next evening. He was
     out of bed now, though you would not have guessed it from the
     published reports, and he sat with his much-bandaged head resting
     upon his hand in the depth of his favourite armchair."
690,
691,"said he,"
692,
693,"It's a pretty little thing,"
694,"Tavernier, the French modeller, made it. He is as good at
     waxworks as your friend Straubenzee is at air-guns."
695,"And you talk about
     bluff!"
696,"Yes, sir, you! You are all here--every action of your vile and
     dangerous life."
697,"There are
     limits to my patience!"
698,"That's the hand I play from,"
699,"I put it all upon the
     table. But one card is missing. It's the king of diamonds. I don't
     know where the stone is."
700,"If I may put it in a nutshell, Mr. Merton, I should say it was all
     up."
701,"Is this cove trying to be funny, or what? I'm not in the funny mood
     myself."
702,"No, I expect not,"
703,"I think I can promise you that you
     will feel even less humorous as the evening advances. Now, look here,
     Count Sylvius. I'm a busy man and I can't waste time. I'm going into
     that bedroom. Pray make yourselves quite at home in my absence. You
     can explain to your friend how the matter lies without the restraint
     of my presence. I shall try over the Hoffman 'Barcarole' upon my
     violin. In five minutes I shall return for your final answer. You
     quite grasp the alternative, do you not? Shall we take you, or shall
     we have the stone?"
704,"We give you best, Holmes. I believe you are the devil himself."
705,"Not far from him, at any rate,"
706,"But, I say, what about that bloomin' fiddle!
     I hear it yet."
707,"Tut, tut!"
708,"You are perfectly right. Let it play!
     These modern gramophones are a remarkable invention."
709,"Show him up, Billy. This is the eminent peer who represents the very
     highest interests,"
710,"He is an excellent and loyal
     person, but rather of the old regime. Shall we make him unbend? Dare
     we venture upon a slight liberty? He knows, we may conjecture,
     nothing of what has occurred."
711,"What! What! How is this, Mr. Holmes?"
712,"Too bad, Lord Cantlemere, too bad!"
713,"My old friend
     here will tell you that I have an impish habit of practical joking.
     Also that I can never resist a dramatic situation. I took the
     liberty--the very great liberty, I admit--of putting the stone into
     your pocket at the beginning of our interview."
714,Which of you gen'l'men is Masser Holmes?
715,"Oh! it's you, is it?"
716,"See here, Masser Holmes,
     you keep your hands out of other folks' business. Leave folks to
     manage their own affairs. Got that, Masser Holmes?"
717,"Keep on talking,"
718,It's fine.
719,"Oh! it's fine, is it?"
720,"It won't be so damn fine
     if I have to trim you up a bit. I've handled your kind before now,
     and they didn't look fine when I was through with them. Look at that,
     Masser Holmes!"
721,"I've a friend that's
     interested out Harrow way--you know what I'm meaning--and he don't
     intend to have no buttin' in by you. Got that? You ain't the law, and
     I ain't the law either, and if you come in I'll be on hand also.
     Don't you forget it."
722,"I've wanted to meet you for some time,"
723,"I won't ask
     you to sit down, for I don't like the smell of you, but aren't you
     Steve Dixie, the bruiser?"
724,"That's my name, Masser Holmes, and you'll get put through it for
     sure if you give me any lip."
725,"It is certainly the last thing you need,"
726,"But it was the killing of young Perkins
     outside the Holborn Bar-- What! you're not going?"
727,"I won't listen
     to no such talk,"
728,"What have I to do with this 'ere Perkins,
     Masser Holmes? I was trainin' at the Bull Ring in Birmingham when
     this boy done gone get into trouble."
729,"Yes, you'll tell the magistrate about it, Steve,"
730,"I've
     been watching you and Barney Stockdale--"
731,So help me the Lord! Masser Holmes--
732,"The Three Gables, Harrow Weald."
733,So that's that!
734,"And now, if you can spare the time,
     Watson, we will get upon our way."
735,"I remember your husband well, madam,"
736,"though it is
     some years since he used my services in some trifling matter."
737,Dr. Watson and I are at your service.
738,
739,
740,
741,
742,
743,
744,"Our friend of yesterday, looking very pale and ill, had entered the
     room, leaning upon a little maidservant."
745,
746,
747,said the inspector.
748,
749,
750,
751,"That was what I read in the inspector's
     smile."
752,"It was one of the finest corner-houses of the West End. A
     machine-like footman took up our cards and returned with word that
     the lady was not at home."
753,"said
     Holmes cheerfully.

     The machine broke down."
754,said the footman.
755,"He scribbled three or four words upon a sheet of his notebook, folded
     it, and handed it to the man."
756,"I read as follows:

     46, Old Jewry,
     Nov. 19th.
                                   Re Vampires
     Sir:
     Our client, Mr. Robert Ferguson, of Ferguson and Muirhead, tea
     brokers, of Mincing Lane, has made some inquiry from us in a
     communication of even date concerning vampires. As our firm
     specializes entirely upon the assessment of machinery the matter
     hardly comes within our purview, and we have therefore recommended
     Mr. Ferguson to call upon you and lay the matter before you. We have
     not forgotten your successful action in the case of Matilda Briggs.
     We are, sir,
     Faithfully yours,
     Morrison, Morrison, and Dodd.
     per E. J. C."
757,"Precisely,"
758,"You don't look quite the man you did when I threw you over the ropes
     into the crowd at the Old Deer Park. I expect I have changed a bit
     also. But it's this last day or two that has aged me. I see by your
     telegram, Mr. Holmes, that it is no use my pretending to be anyone's
     deputy."
759,"It is simpler to deal direct,"
760,"Of course it is. But you can imagine how difficult it is when you
     are speaking of the one woman whom you are bound to protect and help.
     What can I do? How am I to go to the police with such a story? And
     yet the kiddies have got to be protected. Is it madness, Mr. Holmes?
     Is it something in the blood? Have you any similar case in your
     experience? For God's sake, give me some advice, for I am at my wit's
     end."
761,"Then your wife's character would really be better known by Dolores
     than by you?"
762,"Yes, you may say so."
763,"that I may be of more use at Lamberley than
     here. It is eminently a case for personal investigation. If the lady
     remains in her room, our presence could not annoy or inconvenience
     her. Of course, we would stay at the inn."
764,"What about your other child, Mr. Ferguson?"
765,"Might we
     make the acquaintance of the baby?"
766,"Ask Mrs. Mason to bring baby down,"
767,What is Mrs. Mason like?
768,"Not very prepossessing externally, as you can see, but a heart of
     gold, and devoted to the child."
769,"if you can see the
     truth in this matter, do not keep me in suspense. How do I stand? 
     What shall I do? I care nothing as to how you have found your facts
     so long as you have really got them."
770,"She will not see me,"
771,"Oh, yes, she will,"
772,"You at least have the entree, Watson. Will you have
     the goodness to give the lady this note?"
773,"She will see them. She will leesten,"
774,"I think we can dispense with Dolores,"
775,"Oh, very well,
     madame, if you would rather she stayed I can see no objection. Now,
     Mr. Ferguson, I am a busy man with many calls, and my methods have to
     be short and direct.  The swiftest surgery is the least painful. Let
     me first say what will ease your mind. Your wife is a very good, a
     very loving, and a very ill-used woman."
776,"I think a year at sea would be my prescription for Master Jacky,"
777,"Only one thing is still clouded,
     madame. We can quite understand your attacks upon Master Jacky. There
     is a limit to a mother's patience. But how did you dare to leave the
     child these last two days?"
778,"This, I fancy, is the time for our exit, Watson,"
779,"If you will take one elbow of the too faithful Dolores, I
     will take the other. There, now,"
780,"Ah, yes!
     Your pictures are not unlike you, sir, if I may say so. I believe you
     have had a letter from my namesake, Mr. Nathan Garrideb, have you
     not?"
781,"Pray sit down,"
782,"We shall, I fancy, have a
     good deal to discuss."
783,"When I went to see him this
     morning and he told me he had sent to a detective, I just asked for
     your address and came right away. I don't want police butting into a
     private matter. But if you are content just to help us find the man,
     there can be no harm in that."
784,"Well, that is just how it stands,"
785,"And now, sir, since
     you are here, we had best have a clear account from your own lips. My
     friend here knows nothing of the details."
786,
787,
788,
789,
790,
791,
792,Mr. Nathan Garrideb shrugged his shoulders with a disconsolate air.
793,
794,"I am a bit of an archaeologist myself when it comes to houses,"
795,"I was wondering if this was Queen Anne or
     Georgian."
796,"A printing press--a counterfeiter's outfit,"
797,"Yes, sir,"
798,"Yes, sir, and got five years for it, though it was he who pulled on
     me. Five years--when I should have had a medal the size of a soup
     plate. No living man could tell a Prescott from a Bank of England,
     and if I hadn't put him out he would have flooded London with them. I
     was the only one in the world who knew where he made them. Can you
     wonder that I wanted to get to the place? And can you wonder that
     when I found this crazy boob of a bug-hunter with the queer name
     squatting right on the top of it, and never quitting his room, I had
     to do the best I could to shift him? Maybe I would have been wiser if
     I had put him away. It would have been easy enough, but I'm a
     soft-hearted guy that can't begin shooting unless the other man has a
     gun also. But say, Mr. Holmes, what have I done wrong, anyhow? I've
     not used this plant. I've not hurt this old stiff. Where do you get
     me?"
799,"Only attempted murder, so far as I can see,"
800,"But
     that's not our job. They take that at the next stage. What we wanted
     at present was just your sweet self. Please give the Yard a call,
     Watson. It won't be entirely unexpected."
801,"The faculty of deduction is certainly contagious, Watson,"
802,"There you have it,"
803,"You seem agitated, Mr. Bates,"
804,"Pray sit down. I fear I
     can only give you a short time, for I have an appointment at eleven."
805,Well! Well!
806,"Mr. Gibson
     seems to have a nice loyal household. But the warning is a useful
     one, and now we can only wait till the man himself appears."
807,"that money is nothing
     to me in this case. You can burn it if it's any use in lighting you
     to the truth. This woman is innocent and this woman has to be
     cleared, and it's up to you to do it. Name your figure!"
808,"My professional charges are upon a fixed scale,"
809,"I do not vary them, save when I remit them altogether."
810,"I suppose you are within your rights--and maybe doing your duty--in
     asking such a question, Mr. Holmes."
811,"We will agree to suppose so,"
812,"Then I can assure you that our relations were entirely and always
     those of an employer towards a young lady whom he never conversed
     with, or ever saw, save when she was in the company of his children."
813,"Plain enough, but what's at the back of it? Raising the price on me,
     or afraid to tackle it, or what? I've a right to a plain answer."
814,"Well, perhaps you have,"
815,"I'll give you one. This case
     is quite sufficiently complicated to start with without the further
     difficulty of false information."
816,"Well, it's your choice. I guess you know how to run your own
     business. I can't make you touch the case against your will. You've
     done yourself no good this morning, Mr. Holmes, for I have broken
     stronger men than you. No man ever crossed me and was the better for
     it."
817,"So many have said so, and yet here I am,"
818,"Well, good-morning, Mr. Gibson. You have a good deal yet to learn."
819,"Any views, Watson?"
820,"There are some things that are painful as well as difficult to
     say, so I won't go deeper than is needful. I met my wife when I was
     gold-hunting in Brazil. Maria Pinto was the daughter of a government
     official at Manaos, and she was very beautiful. I was young and
     ardent in those days, but even now, as I look back with colder blood
     and a more critical eye, I can see that she was rare and wonderful in
     her beauty. It was a deep rich nature, too, passionate,
     whole-hearted, tropical, ill-balanced, very different from the
     American women whom I had known. Well, to make a long story short, I
     loved her and I married her. It was only when the romance had
     passed--and it lingered for years--that I realized that we had
     nothing--absolutely nothing--in common. My love faded. If hers had
     faded also it might have been easier. But you know the wonderful way
     of women! Do what I might, nothing could turn her from me. If I have
     been harsh to her, even brutal as some have said, it has been because
     I knew that if I could kill her love, or if it turned to hate, it
     would be easier for both of us. But nothing changed her. She adored
     me in those English woods as she had adored me twenty years ago on
     the banks of the Amazon. Do what I might, she was as devoted as ever."
821,
822,
823,"There was some delay in the official pass, and instead of reaching
     Winchester that day we went down to Thor Place, the Hampshire estate
     of Mr. Neil Gibson. He did not accompany us himself, but we had the
     address of Sergeant Coventry, of the local police, who had first
     examined into the affair. He was a tall, thin, cadaverous man, with a
     secretive and mysterious manner which conveyed the idea that he knew
     or suspected a very great deal more than he dared say. He had a
     trick, too, of suddenly sinking his voice to a whisper as if he had
     come upon something of vital importance, though the information was
     usually commonplace enough. Behind these tricks of manner he soon
     showed himself to be a decent, honest fellow who was not too proud to
     admit that he was out of his depth and would welcome any help."
824,
825,"It took some violence to do that,"
826,"Our millionaire does not seem to shine in private life,"
827,"Well, Watson, we have come
     on a good many facts, some of them new ones, and yet I seem some way
     from my conclusion. In spite of the very evident dislike which Mr.
     Bates has to his employer, I gather from him that when the alarm came
     he was undoubtedly in his library. Dinner was over at 8.30 and all
     was normal up to then. It is true that the alarm was somewhat late in
     the evening, but the tragedy certainly occurred about the hour named
     in the note. There is no evidence at all that Mr. Gibson had been out
     of doors since his return from town at five o'clock. On the other
     hand, Miss Dunbar, as I understand it, admits that she had made an
     appointment to meet Mrs. Gibson at the bridge. Beyond this she would
     say nothing, as her lawyer had advised her to reserve her defence. We
     have several very vital questions to ask that young lady, and my mind
     will not be easy until we have seen her. I must confess that the case
     would seem to me to be very black against her if it were not for one
     thing."
828,The finding of the pistol in her wardrobe.
829,"that seemed to me to be the most damning
     incident of all."
830,"Perhaps Mr. Neil Gibson has told you something of what occurred
     between us?"
831,"Yes,"
832,"you need not pain yourself by entering into
     that part of the story. After seeing you, I am prepared to accept Mr.
     Gibson's statement both as to the influence which you had over him
     and as to the innocence of your relations with him. But why was the
     whole situation not brought out in court?"
833,"It seemed to me incredible that such a charge could be sustained. I
     thought that if we waited the whole thing must clear itself up
     without our being compelled to enter into painful details of the
     inner life of the family. But I understand that far from clearing it
     has become even more serious."
834,"My dear young lady,"
835,"I beg you to have no
     illusions upon the point. Mr. Cummings here would assure you that all
     the cards are at present against us, and that we must do everything
     that is possible if we are to win clear. It would be a cruel
     deception to pretend that you are not in very great danger. Give me
     all the help you can, then, to get at the truth."
836,"She hated me, Mr. Holmes. She hated me with all the fervour of her
     tropical nature. She was a woman who would do nothing by halves, and
     the measure of her love for her husband was the measure also of her
     hatred for me. It is probable that she misunderstood our relations. I
     would not wish to wrong her, but she loved so vividly in a physical
     sense that she could hardly understand the mental, and even
     spiritual, tie which held her husband to me, or imagine that it was
     only my desire to influence his power to good ends which kept me
     under his roof. I can see now that I was wrong. Nothing could justify
     me in remaining where I was a cause of unhappiness, and yet it is
     certain that the unhappiness would have remained even if I had left
     the house."
837,"Now, Miss Dunbar,"
838,"I beg you to tell us exactly what
     occurred that evening."
839,"Come, Watson, come!"
840,"Never mind, my dear lady. You will hear from me, Mr. Cummings. With
     the help of the god of justice I will give you a case which will make
     England ring. You will get news by to-morrow, Miss Dunbar, and
     meanwhile take my assurance that the clouds are lifting and that I
     have every hope that the light of truth is breaking through."
841,"I think that this is all we will need,"
842,"Now, if you
     please, we will get off on what I hope is the last stage of our
     journey."
843,
844,
845,I shook my head.
846,"There was a quick step on the stairs, a sharp tap at the door, and a
     moment later the new client presented himself. He was a tall,
     handsome youth about thirty, well dressed and elegant, but with
     something in his bearing which suggested the shyness of the student
     rather than the self-possession of the man of the world. He shook
     hands with Holmes, and then looked with some surprise at me."
847,
848,"You must understand, Dr. Watson, that the professor had no secrets
     from me. If I were his son or his younger brother I could not have
     more completely enjoyed his confidence. As his secretary I handled
     every paper which came to him, and I opened and subdivided his
     letters. Shortly after his return all this was changed. He told me
     that certain letters might come to him from London which would be
     marked by a cross under the stamp. These were to be set aside for his
     own eyes only. I may say that several of these did pass through my
     hands, that they had the E. C. mark, and were in an illiterate
     handwriting. If he answered them at all the answers did not pass
     through my hands nor into the letter-basket in which our
     correspondence was collected."
849,"And the box,"
850,"Ah, yes, the box. The professor brought back a little wooden box
     from his travels. It was the one thing which suggested a Continental
     tour, for it was one of those quaint carved things which one
     associates with Germany. This he placed in his instrument cupboard.
     One day, in looking for a canula, I took up the box. To my surprise
     he was very angry, and reproved me in words which were quite savage
     for my curiosity. It was the first time such a thing had happened,
     and I was deeply hurt. I endeavoured to explain that it was a mere
     accident that I had touched the box, but all the evening I was
     conscious that he looked at me harshly and that the incident was
     rankling in his mind."
851,"That was on July 2d,"
852,"You are certainly an admirable witness,"
853,"I may need
     some of these dates which you have noted."
854,"I learned method among other things from my great teacher. From the
     time that I observed abnormality in his behaviour I felt that it was
     my duty to study his case. Thus I have it here that it was on that
     very day, July 2d, that Roy attacked the professor as he came from
     his study into the hall. Again, on July 11th, there was a scene of
     the same sort, and then I have a note of yet another upon July 20th.
     After that we had to banish Roy to the stables. He was a dear,
     affectionate animal--but I fear I weary you."
855,"I was lying awake about two in the morning, when I was
     aware of a dull muffled sound coming from the passage. I opened my
     door and peeped out. I should explain that the professor sleeps at
     the end of the passage--"
856,The date being--?
857,"I have said, sir, that it was the night before last--that is,
     September 4th."
858,"He sleeps at the end of the passage and would have to pass my door
     in order to reach the staircase. It was a really terrifying
     experience, Mr. Holmes. I think that I am as strong-nerved as my
     neighbours, but I was shaken by what I saw. The passage was dark save
     that one window halfway along it threw a patch of light. I could see
     that something was coming along the passage, something dark and
     crouching. Then suddenly it emerged into the light, and I saw that it
     was he. He was crawling, Mr. Holmes--crawling! He was not quite on
     his hands and knees. I should rather say on his hands and feet, with
     his face sunk between his hands. Yet he seemed to move with ease. I
     was so paralyzed by the sight that it was not until he had reached my
     door that I was able to step forward and ask if I could assist him.
     His answer was extraordinary. He sprang up, spat out some atrocious
     word at me, and hurried on past me, and down the staircase. I waited
     about for an hour, but he did not come back. It must have been
     daylight before he regained his room."
859,"Well, Watson, what make you of that?"
860,"We were gradually coming to that conclusion, were we not, Watson?"
861,"I take it, Miss Presbury, that there
     is some fresh development in the case, and that you thought we should
     know?"
862,"No, Mr. Holmes, that is the amazing part of it. There is no possible
     way of reaching the window--and yet he was there."
863,"The date being September 5th,"
864,"That certainly
     complicates matters."
865,Is it possible that it has any bearing upon the case?
866,"I presume that you do not go so far as to assert that I summoned
     you?"
867,"I would rather answer no questions,"
868,"No, I dare say not,"
869,"However,
     that particular one can be answered very easily without your aid."
870,"That is conclusive,"
871,"I can only repeat that I am sorry that we have made a needless
     intrusion."
872,"I have never seen him in a more dangerous mood. But he grows more
     sinister. You can understand now why his daughter and I are alarmed.
     And yet his mind is perfectly clear."
873,Too clear!
874,"That was my miscalculation. It is evident
     that his memory is much more reliable than I had thought. By the way,
     can we, before we go, see the window of Miss Presbury's room?"
875,"I expect the old gentleman has been putting two and two together,"
876,"He struck me as having a
     particularly clear and logical brain from the little I saw of him.
     Explosive, no doubt, but then from his point of view he has something
     to explode about if detectives are put on his track and he suspects
     his own household of doing it. I rather fancy that friend Bennett is
     in for an uncomfortable time."
877,"Mercer is since your time,"
878,"He is my general utility
     man who looks up routine business. It was important to know something
     of the man with whom our professor was so secretly corresponding. His
     nationality connects up with the Prague visit."
879,"I don't think you have anything to fear now for a week at least,"
880,"I am a busy man, and Dr. Watson has his patients to
     attend to. Let us agree that we meet here at this hour next Tuesday,
     and I shall be surprised if before we leave you again we are not able
     to explain, even if we cannot perhaps put an end to, your troubles.
     Meanwhile, keep us posted in what occurs."
881,"He heard from
     his London correspondent to-day. There was a letter and there was a
     small packet, each with the cross under the stamp which warned me not
     to touch them. There has been nothing else."
882,"That may prove quite enough,"
883,"Now, Mr. Bennett,
     we shall, I think, come to some conclusion to-night. If my deductions
     are correct we should have an opportunity of bringing matters to a
     head. In order to do so it is necessary to hold the professor under
     observation. I would suggest, therefore, that you remain awake and on
     the lookout. Should you hear him pass your door, do not interrupt
     him, but follow him as discreetly as you can. Dr. Watson and I will
     not be far off. By the way, where is the key of that little box of
     which you spoke?"
884,"If the cycle of nine days holds good then we shall have the
     professor at his worst to-night,"
885,"The fact that these
     strange symptoms began after his visit to Prague, that he is in
     secret correspondence with a Bohemian dealer in London, who
     presumably represents someone in Prague, and that he received a
     packet from him this very day, all point in one direction. What he
     takes and why he takes it are still beyond our ken, but that it
     emanates in some way from Prague is clear enough. He takes it under
     definite directions which regulate this ninth-day system, which was
     the first point which attracted my attention. But his symptoms are
     most remarkable. Did you observe his knuckles?"
886,"Come, Watson, come!"
887,"At present the scandal is
     confined to our own household. It is safe with us. If it gets beyond
     these walls it will never stop. Consider his position at the
     university, his European reputation, the feelings of his daughter."
888,"Quite so,"
889,"I think it may be quite possible to keep
     the matter to ourselves, and also to prevent its recurrence now that
     we have a free hand. The key from the watch-chain, Mr. Bennett.
     Macphail will guard the patient and let us know if there is any
     change. Let us see what we can find in the professor's mysterious
     box."
890,Here we have our material!
891,"'the great black-faced monkey of the Himalayan slopes,
     biggest and most human of climbing monkeys.' Many details are added.
     Well, thanks to you, Mr. Holmes, it is very clear that we have traced
     the evil to its source."
892,"The real source,"
893,"lies, of course, in that untimely
     love affair which gave our impetuous professor the idea that he could
     only gain his wish by turning himself into a younger man. When one
     tries to rise above Nature one is liable to fall below it. The
     highest type of man may revert to the animal if he leaves the
     straight road of destiny."
894,My God!
895,Where did you find him?
896,"Down on the beach. Exactly where poor McPherson met his end. If this
     man's heart had been weak as McPherson's was, he would not be here
     now. More than once I thought he was gone as I brought him up. It was
     too far to The Gables, so I made for you."
897,"Well, this gets me!"
898,"You will understand, Mrs. Merrilow, that if I come to Mrs. Ronder I
     should prefer to have a witness. You will make her understand that
     before we arrive."
899,"she is that anxious
     to see you that you might bring the whole parish at your heels!"
900,"Her health, Mr. Holmes. She seems to be wasting away. And there's
     something terrible on her mind. 'Murder!' she cries. 'Murder!' And
     once I heard her: 'You cruel beast! You monster!' she cried. It was
     in the night, and it fair rang through the house and sent the shivers
     through me. So I went to her in the morning. 'Mrs. Ronder,' I says,
     'if you have anything that is troubling your soul, there's the
     clergy,' I says, 'and there's the police. Between them you should get
     some help.' 'For God's sake, not the police!' says she, 'and the
     clergy can't change what is past. And yet,' she says, 'it would ease
     my mind if someone knew the truth before I died.' 'Well,' says I, 'if
     you won't have the regulars, there is this detective man what we read
     about'--beggin' your pardon, Mr. Holmes. And she, she fair jumped at
     it. 'That's the man,' says she. 'I wonder I never thought of it
     before. Bring him here, Mrs. Merrilow, and if he won't come, tell him
     I am the wife of Ronder's wild beast show. Say that, and give him the
     name Abbas Parva. Here it is as she wrote it, Abbas Parva. 'That will
     bring him if he's the man I think he is.'"
901,"And it will, too,"
902,"Very good, Mrs. Merrilow. I
     should like to have a little chat with Dr. Watson. That will carry us
     till lunch-time. About three o'clock you may expect to see us at your
     house in Brixton."
903,"When our hansom deposited us at the house of Mrs. Merrilow, we found
     that plump lady blocking up the open door of her humble but retired
     abode. It was very clear that her chief preoccupation was lest she
     should lose a valuable lodger, and she implored us, before showing us
     up, to say and do nothing which could lead to so undesirable an end.
     Then, having reassured her, we followed her up the straight, badly
     carpeted staircase and were shown into the room of the mysterious
     lodger.

     It was a close, musty, ill-ventilated place, as might be expected,
     since its inmate seldom left it. From keeping beasts in a cage, the
     woman seemed, by some retribution of fate, to have become herself a
     beast in a cage. She sat now in a broken armchair in the shadowy
     corner of the room. Long years of inaction had coarsened the lines of
     her figure, but at some period it must have been beautiful, and was
     still full and voluptuous. A thick dark veil covered her face, but it
     was cut off close at her upper lip and disclosed a perfectly shaped
     mouth and a delicately rounded chin. I could well conceive that she
     had indeed been a very remarkable woman. Her voice, too, was well
     modulated and pleasing."
904,
905,
906,
907,he answered at last.
908,
909,
910,
911,
912,"It was burned to a black cinder, but there could be no question as to
     its anatomical significance."
913,"station of Shoscombe. The rack above us was covered
     with a formidable litter of rods, reels, and baskets. On reaching our
     destination a short drive took us to an old-fashioned tavern, where a
     sporting host, Josiah Barnes, entered eagerly into our plans for the
     extirpation of the fish of the neighbourhood."
914,
915,
916,"Well, Watson, that's done it,"
917,"He thought it was his mistress,
     and he found it was a stranger. Dogs don't make mistakes."
918,"Good-evening, gentlemen,"
919,"I got your note, Mr. Holmes. Sir
     Robert has not returned yet, but I hear that he is expected
     to-night."
920,How far is this crypt from the house?
921,A good quarter of a mile.
922,Then I think we can disregard him altogether.
923,"They are gone,"
924,"So I expected,"
925,"I fancy the ashes of them
     might even now be found in that oven which had already consumed a
     part."
926,"But why in the world would anyone want to burn the bones of a man
     who has been dead a thousand years?"
927,"That is what we are here to find out,"
928,"It may mean a
     long search, and we need not detain you. I fancy that we shall get
     our solution before morning."
929,What business is it of yours?
930,"Possibly it is
     familiar to you. In any case, my business is that of every other good
     citizen--to uphold the law. It seems to me that you have much to
     answer for."
931,"Appearances are
     against me, I'll admit, but I could act no otherwise."
932,"I will take all
     responsibility,"
933,
934,
935,
936,
937,"I have, of course, studied it, and yet I should be interested to
     have your impression,"
938,"He seemed to me like a man who was literally bowed down by care. His
     back was curved as though he carried a heavy burden. Yet he was not
     the weakling that I had at first imagined, for his shoulders and
     chest have the framework of a giant, though his figure tapers away
     into a pair of spindled legs."
939,
940,
941,Elman.
942,"Dispatched at 2.10 from Little Purlington,"
943,"Little
     Purlington is in Essex, I believe, not far from Frinton. Well, of
     course you will start at once. This is evidently from a responsible
     person, the vicar of the place. Where is my Crockford? Yes, here we
     have him: 'J. C. Elman, M. A., Living of Moosmoor cum Little
     Purlington.' Look up the trains, Watson."
944,"What can this man
     possibly know of what has occurred? It is waste of time and money."
945,"On the face of it, it seems absurd to suppose that this person knows
     anything, but if you think--"
946,"I do think,"
947,"You had best take Baker Street as we pass,"
948,"If they are not worth more than the last ones they are not of much
     use,"
949,"This is my friend Mr. Barker,"
950,"He has been interesting
     himself also in your business, Mr. Josiah Amberley, though we have
     been working independently. But we both have the same question to ask
     you!"
951,"I've left Barker to look after the formalities,"
952,"You
     had not met Barker, Watson. He is my hated rival upon the Surrey
     shore. When you said a tall dark man it was not difficult for me to
     complete the picture. He has several good cases to his credit, has he
     not, Inspector?"
953,Pooh! What an awful smell of paint!
954,"That was our first clue,"
955,"You can thank Dr. Watson's
     observation for that, though he failed to draw the inference. It set
     my foot upon the trail. Why should this man at such a time be filling
     his house with strong odours? Obviously, to cover some other smell
     which he wished to conceal--some guilty smell which would suggest
     suspicions. Then came the idea of a room such as you see here with
     iron door and shutter--a hermetically sealed room. Put those two
     facts together, and whither do they lead? I could only determine that
     by examining the house myself. I was already certain that the case
     was serious, for I had examined the box-office chart at the Haymarket
     Theatre--another of Dr. Watson's bull's-eyes--and ascertained that
     neither B thirty nor thirty-two of the upper circle had been occupied
     that night. Therefore, Amberley had not been to the theatre, and his
     alibi fell to the ground. He made a bad slip when he allowed my
     astute friend to notice the number of the seat taken for his wife.
     The question now arose how I might be able to examine the house. I
     sent an agent to the most impossible village I could think of, and
     summoned my man to it at such an hour that he could not possibly get
     back. To prevent any miscarriage, Dr. Watson accompanied him. The
     good vicar's name I took, of course, out of my Crockford. Do I make
     it all clear to you?"
956,"Well, in the name of the force I thank you. It seems a clear case,
     as you put it, and there can't be much difficulty over the bodies."
957,"I'll show you a grim little bit of evidence,"
958,"and I am
     sure Amberley himself never observed it. You'll get results,
     Inspector, by always putting yourself in the other fellow's place,
     and thinking what you would do yourself. It takes some imagination,
     but it pays. Now, we will suppose that you were shut up in this
     little room, had not two minutes to live, but wanted to get even with
     the fiend who was probably mocking at you from the other side of the
     door. What would you do?"
959,"Of course, he was bound to call us in, but why he should
     have gone to you I can't understand."
960,Pure swank!
961,"He felt so clever and so sure of
     himself that he imagined no one could touch him. He could say to any
     suspicious neighbour, 'Look at the steps I have taken. I have
     consulted not only the police but even Sherlock Holmes.'"
962,"it's as
     workmanlike a job as I can remember."
963,"Well, well, MacKinnon is a good fellow,"
964,"You can file it in our archives, Watson. Some day the true
     story may be told."
965,"I am afraid, Watson, that I shall have to go,"
966,Go! Where to?
967,"that the incised wound upon
     Straker may have been caused by his own knife in the convulsive
     struggles which follow any brain injury?"
968,"It is more than possible; it is probable,"
969,"In that
     case one of the main points in favor of the accused disappears."
970,"The Inspector here has done all that could possibly be
     suggested, but I wish to leave no stone unturned in trying to avenge
     poor Straker and in recovering my horse."
971,Have there been any fresh developments?
972,"I am sorry to say that we have made very little progress,"
973,"I think that I should prefer to stay here a little and go into one
     or two questions of detail. Straker was brought back here, I
     presume?"
974,"This is a very singular knife,"
975,"I presume, as I see blood-stains upon it,
     that it is the one which was found in the dead man's grasp. Watson,
     this knife is surely in your line?"
976,"Three of them are receipted hay-dealers' accounts. One of them is a
     letter of instructions from Colonel Ross. This other is a milliner's
     account for thirty-seven pounds fifteen made out by Madame Lesurier,
     of Bond Street, to William Derbyshire. Mrs. Straker tells us that
     Derbyshire was a friend of her husband's and that occasionally his
     letters were addressed here."
977,"Madam Derbyshire had somewhat expensive tastes,"
978,"Twenty-two guineas is rather heavy for a
     single costume. However there appears to be nothing more to learn,
     and we may now go down to the scene of the crime."
979,"Surely I met you in Plymouth at a garden-party some little time ago,
     Mrs. Straker?"
980,"No, sir; you are mistaken."
981,"Dear me! Why, I could have sworn to it. You wore a costume of
     dove-colored silk with ostrich-feather trimming."
982,"I never had such a dress, sir,"
983,"Ah, that quite settles it,"
984,"There was no wind that night, I understand,"
985,None; but very heavy rain.
986,"In that case the overcoat was not blown against the furze-bush, but
     placed there."
987,"I
     have examined the ground very carefully for a hundred yards in each
     direction."
988,Indeed!
989,"I should not have the impertinence to
     do it again after what you say. But I should like to take a little
     walk over the moor before it grows dark, that I may know my ground
     to-morrow, and I think that I shall put this horseshoe into my pocket
     for luck."
990,"There are several points on which I should like your advice, and
     especially as to whether we do not owe it to the public to remove our
     horse's name from the entries for the Cup."
991,"Certainly not,"
992,"I should let the name
     stand."
993,"See the value of imagination,"
994,"It is the one quality
     which Gregory lacks. We imagined what might have happened, acted upon
     the supposition, and find ourselves justified. Let us proceed."
995,"One for you, Watson,"
996,"You have
     saved us a long walk, which would have brought us back on our own
     traces. Let us follow the return track."
997,"We don't want any loiterers about here,"
998,"I only wished to ask a question,"
999,"Should I be too early to see your
     master, Mr. Silas Brown, if I were to call at five o'clock to-morrow
     morning?"
1000,"No gossiping! Go about your
     business! And you, what the devil do you want here?"
1001,"Ten minutes' talk with you, my good sir,"
1002,"I've no time to talk to every gadabout. We want no stranger here. Be
     off, or you may find a dog at your heels."
1003,"Your instructions will be done. It shall all be done,"
1004,"There must be no mistake,"
1005,"I shall write to you about it. No tricks, now, or--"
1006,"A more perfect compound of the bully, coward, and sneak than Master
     Silas Brown I have seldom met with,"
1007,"He has the horse, then?"
1008,"My friend and I return to town by the night-express,"
1009,"We have had a charming little breath of your beautiful Dartmoor
     air."
1010,"So you despair of arresting the murderer of poor Straker,"
1011,"There are certainly grave
     difficulties in the way,"
1012,The dog did nothing in the night-time.
1013,"That was the curious incident,"
1014,I suppose that you would know him when you saw him?
1015,"I have been on the turf for twenty
     years, and never was asked such a question as that before,"
1016,"Well, that is the curious part of it. You could have got fifteen to
     one yesterday, but the price has become shorter and shorter, until
     you can hardly get three to one now."
1017,Hum!
1018,"Somebody knows something, that is clear."
1019,"My dear sir, you have done wonders. The horse looks very fit and
     well. It never went better in its life. I owe you a thousand
     apologies for having doubted your ability. You have done me a great
     service by recovering my horse. You would do me a greater still if
     you could lay your hands on the murderer of John Straker."
1020,"I have done so,"
1021,"You have got him!
     Where is he, then?"
1022,"but I must regard what you
     have just said as either a very bad joke or an insult."
1023,"I assure you that I have not associated you
     with the crime, Colonel,"
1024,
1025,
1026,said I.
1027,"He passed his hand over his forehead like a man who is half dazed,
     and then fell rather than sat down upon a chair."
1028,
1029,"Our visitor again passed his hand over his forehead, as if he found
     it bitterly hard. From every gesture and expression I could see that
     he was a reserved, self-contained man, with a dash of pride in his
     nature, more likely to hide his wounds than to expose them. Then
     suddenly, with a fierce gesture of his closed hand, like one who
     throws reserve to the winds, he began."
1030,"Now there is one thing that I want to impress upon you before I go
     any further, Mr. Holmes. Effie loves me. Don't let there be any
     mistake about that. She loves me with her whole heart and soul, and
     never more than now. I know it. I feel it. I don't want to argue
     about that. A man can tell easily enough when a woman loves him. But
     there's this secret between us, and we can never be the same until it
     is cleared."
1031,"Kindly let me have the facts, Mr. Munro,"
1032,"I'll tell you what I know about Effie's history. She was a widow
     when I met her first, though quite young--only twenty-five. Her name
     then was Mrs. Hebron. She went out to America when she was young, and
     lived in the town of Atlanta, where she married this Hebron, who was
     a lawyer with a good practice. They had one child, but the yellow
     fever broke out badly in the place, and both husband and child died
     of it. I have seen his death certificate. This sickened her of
     America, and she came back to live with a maiden aunt at Pinner, in
     Middlesex. I may mention that her husband had left her comfortably
     off, and that she had a capital of about four thousand five hundred
     pounds, which had been so well invested by him that it returned an
     average of seven per cent. She had only been six months at Pinner
     when I met her; we fell in love with each other, and we married a few
     weeks afterwards."
1033,"I saw lights in the cottage as I came down.
     We shall settle it now once and for all."
1034,"What is your plan, then?"
1035,"I am going to force my way in and see for myself who is in the
     house. I wish you both to be there as witnesses."
1036,
1037,I glanced down at the new patent leathers which I was wearing.
1038,"The man whom I found myself facing was a well built,
     fresh-complexioned young fellow, with a frank, honest face and a
     slight, crisp, yellow mustache. He wore a very shiny top hat and a
     neat suit of sober black, which made him look what he was--a smart
     young City man, of the class who have been labeled cockneys, but who
     give us our crack volunteer regiments, and who turn out more fine
     athletes and sportsmen than any body of men in these islands. His
     round, ruddy face was naturally full of cheeriness, but the corners
     of his mouth seemed to me to be pulled down in a half-comical
     distress. It was not, however, until we were all in a first-class
     carriage and well started upon our journey to Birmingham that I was
     able to learn what the trouble was which had driven him to Sherlock
     Holmes."
1039,
1040,
1041,cried the clerk.
1042,
1043,I suggested.
1044,"cried the clerk.

     Again and much louder cam the rat-tat-tat. We all gazed expectantly
     at the closed door. Glancing at Holmes, I saw his face turn rigid,
     and he leaned forward in intense excitement. Then suddenly came a low
     guggling, gargling sound, and a brisk drumming upon woodwork. Holmes
     sprang frantically across the room and pushed at the door. It was
     fastened on the inner side. Following his example, we threw ourselves
     upon it with all our weight. One hinge snapped, then the other, and
     down came the door with a crash. Rushing over it, we found ourselves
     in the inner room. It was empty.

     But it was only for a moment that we were at fault. At one corner,
     the corner nearest the room which we had left, there was a second
     door. Holmes sprang to it and pulled it open. A coat and waistcoat
     were lying on the floor, and from a hook behind the door, with his
     own braces round his neck, was hanging the managing director of the
     Franco-Midland Hardware Company. His knees were drawn up, his head
     hung at a dreadful angle to his body, and the clatter of his heels
     against the door made the noise which had broken in upon our
     conversation. In an instant I had caught him round the waist, and
     held him up while Holmes and Pycroft untied the elastic bands which
     had disappeared between the livid creases of skin. Then we carried
     him into the other room, where he lay with a clay-colored face,
     puffing his purple lips in and out with every breath--a dreadful
     wreck of all that he had been but five minutes before."
1045,
1046,
1047,"Well, we may save the police some little trouble in that direction,"
1048,"Human nature is a strange mixture, Watson. You see that even a
     villain and murderer can inspire such affection that his brother
     turns to suicide when he learns that his neck is forfeited. However,
     we have no choice as to our action. The doctor and I will remain on
     guard, Mr. Pycroft, if you will have the kindness to step out for the
     police."
1049,GLORIA SCOTT
1050,"I have some papers here,"
1051,'Do you know who it was that we let into the house that day?'
1052,"'Yes, it was the devil himself. We have not had a peaceful hour
     since--not one. The governor has never held up his head from that
     evening, and now the life has been crushed out of him and his heart
     broken, all through this accursed Hudson.'"
1053,"Yes, we've had a scare in this part lately. Old Acton, who is one of
     our county magnates, had his house broken into last Monday. No great
     damage done, but the fellows are still at large."
1054,No clue?
1055,"None as yet. But the affair is a pretty one, one of our little
     country crimes, which must seem too small for your attention, Mr.
     Holmes, after this great international affair."
1056,"he's our leading man about here, is
     old Cunningham, and a very decent fellow too. He'll be cut up over
     this, for the man has been in his service for years and was a good
     servant. It's evidently the same villains who broke into Acton's."
1057,"And stole that very singular collection,"
1058,Precisely.
1059,"Hum! It may prove the simplest matter in the world, but all the same
     at first glance this is just a little curious, is it not? A gang of
     burglars acting in the country might be expected to vary the scene of
     their operations, and not to crack two cribs in the same district
     within a few days. When you spoke last night of taking precautions I
     remember that it passed through my mind that this was probably the
     last parish in England to which the thief or thieves would be likely
     to turn their attention--which shows that I have still much to
     learn."
1060,"If it's a local villain there should not be much difficulty in
     running him down,"
1061,"All right, Watson, I
     don't intend to meddle."
1062,"Good-morning, Colonel,"
1063,"We were
     chatting about the matter when you came in, Inspector. Perhaps you
     can let us have a few details."
1064,"it
     is of course a conceivable theory that this William Kirwan--though he
     had the reputation of being an honest man, may have been in league
     with the thief. He may have met him there, may even have helped him
     to break in the door, and then they may have fallen out between
     themselves."
1065,"This writing is of extraordinary interest,"
1066,"These are much deeper
     waters than I had thought."
1067,"Your last remark,"
1068,"as to the possibility of
     there being an understanding between the burglar and the servant, and
     this being a note of appointment from one to the other, is an
     ingenious and not entirely impossible supposition. But this writing
     opens up--"
1069,He wants us all four to go up to the house together.
1070,"William received a
     letter by the afternoon post yesterday. The envelope was destroyed by
     him."
1071,Excellent!
1072,"You've seen the postman. It is a pleasure to work with you. Well,
     here is the lodge, and if you will come up, Colonel, I will show you
     the scene of the crime."
1073,"Throw the door open, officer,"
1074,"Now, it was on those
     stairs that young Mr. Cunningham stood and saw the two men struggling
     just where we are. Old Mr. Cunningham was at that window--the second
     on the left--and he saw the fellow get away just to the left of that
     bush. So did the son. They are both sure of it on account of the
     bush. Then Mr. Alec ran out and knelt beside the wounded man. The
     ground is very hard, you see, and there are no marks to guide us."
1075,"Still at it, then?"
1076,"I thought you Londoners were
     never at fault. You don't seem to be so very quick, after all."
1077,"Ah, you must give us a little time,"
1078,"You'll want it,"
1079,"Why, I don't see that
     we have any clue at all."
1080,Undoubtedly.
1081,"There are some very singular points here,"
1082,"Is
     it not extraordinary that a burglary--and a burglar who had had some
     previous experience--should deliberately break into a house at a time
     when he could see from the lights that two of the family were still
     afoot?"
1083,"But
     as to your ideas that the man had robbed the house before William
     tackled him, I think it a most absurd notion. Wouldn't we have found
     the place disarranged, and missed the things which he had taken?"
1084,"It depends on what the things were,"
1085,"You must remember
     that we are dealing with a burglar who is a very peculiar fellow, and
     who appears to work on lines of his own. Look, for example, at the
     queer lot of things which he took from Acton's--what was it?--a ball
     of string, a letter-weight, and I don't know what other odds and
     ends."
1086,"Anything which you or the Inspector may suggest will most certainly
     be done."
1087,"In the first place,"
1088,"I should like you to offer a
     reward--coming from yourself, for the officials may take a little
     time before they would agree upon the sum, and these things cannot be
     done too promptly. I have jotted down the form here, if you would not
     mind signing it. Fifty pound was quite enough, I thought."
1089,"I would willingly give five hundred,"
1090,"Get it printed as soon as possible,"
1091,"I think your idea is
     an excellent one."
1092,Hullo!
1093,where's he got to?
1094,"Wait here an instant,"
1095,I'm sure you don't really mean to--
1096,"Tut, man, look at their faces!"
1097,"Keep that,"
1098,"you will
     find it useful at the trial. But this is what we really wanted."
1099,"I wished Mr. Acton to be present while I demonstrated this small
     matter to you,"
1100,"for it is natural that he should take a
     keen interest in the details. I am afraid, my dear Colonel, that you
     must regret the hour that you took in such a stormy petrel as I am."
1101,"I will lay an account of the case before you in its due
     order, showing you the various points which guided me in my decision.
     Pray interrupt me if there is any inference which is not perfectly
     clear to you."
1102,said the Colonel.
1103,
1104,cried Mr. Acton.
1105,
1106,"I could see that you were commiserating with me over my weakness,"
1107,"I was sorry to cause you the sympathetic pain
     which I know that you felt. We then went upstairs together, and
     having entered the room and seen the dressing-gown hanging up behind
     the door, I contrived, by upsetting a table, to engage their
     attention for the moment, and slipped back to examine the pockets. I
     had hardly got the paper, however--which was, as I had expected, in
     one of them--when the two Cunninghams were on me, and would, I verily
     believe, have murdered me then and there but for your prompt and
     friendly aid. As it is, I feel that young man's grip on my throat
     now, and the father has twisted my wrist round in the effort to get
     the paper out of my hand. They saw that I must know all about it, you
     see, and the sudden change from absolute security to complete despair
     made them perfectly desperate."
1108,
1109,"Ah, here is Simpson to
     report."
1110,"Good, Simpson!"
1111,"Come along,
     Watson.  This is the house."
1112,"Mr. Henry Wood, late of India, I believe,"
1113,I've come over this little matter of Colonel Barclay's death.
1114,"But when one gets old one has a longing for home.  For years I've
     been dreaming of the bright green fields and the hedges of England. 
     At last I determined to see them before I died.  I saved enough to
     bring me across, and then I came here where the soldiers are, for I
     know their ways and how to amuse them and so earn enough to keep me."
1115,"Your narrative is most interesting,"
1116,"I have
     already heard of your meeting with Mrs. Barclay, and your mutual
     recognition.  You then, as I understand, followed her home and saw
     through the window an altercation between her husband and her, in
     which she doubtless cast his conduct to you in his teeth.  Your own
     feelings overcame you, and you ran across the lawn and broke in upon
     them."
1117,"Then Nancy fainted, and I caught up the key of the door from her
     hand, intending to unlock it and get help.  But as I was doing it it
     seemed to me better to leave it alone and get away, for the thing
     might look black against me, and any way my secret would be out if I
     were taken.  In my haste I thrust the key into my pocket, and dropped
     my stick while I was chasing Teddy, who had run up the curtain.  When
     I got him into his box, from which he had slipped, I was off as fast
     as I could run."
1118,Who's Teddy?
1119,We were in time to overtake the major before he reached the corner.
1120,
1121,"I was weary of our little sitting-room and gladly acquiesced. For
     three hours we strolled about together, watching the ever-changing
     kaleidoscope of life as it ebbs and flows through Fleet Street and
     the Strand. His characteristic talk, with its keen observance of
     detail and subtle power of inference held me amused and enthralled.
     It was ten o'clock before we reached Baker Street again. A brougham
     was waiting at our door."
1122,"I was sufficiently conversant with Holmes's methods to be able to
     follow his reasoning, and to see that the nature and state of the
     various medical instruments in the wicker basket which hung in the
     lamplight inside the brougham had given him the data for his swift
     deduction. The light in our window above showed that this late visit
     was indeed intended for us. With some curiosity as to what could have
     sent a brother medico to us at such an hour, I followed Holmes into
     our sanctum.

     A pale, taper-faced man with sandy whiskers rose up from a chair by
     the fire as we entered. His age may not have been more than three or
     four and thirty, but his haggard expression and unhealthy hue told of
     a life which has sapped his strength and robbed him of his youth. His
     manner was nervous and shy, like that of a sensitive gentleman, and
     the thin white hand which he laid on the mantelpiece as he rose was
     that of an artist rather than of a surgeon. His dress was quiet and
     sombre--a black frock-coat, dark trousers, and a touch of color about
     his necktie."
1123,"I am sure I am very much
     obliged to you for coming round. No one ever needed your advice more
     than I do. I suppose that Dr. Trevelyan has told you of this most
     unwarrantable intrusion into my rooms."
1124,"Quite so,"
1125,"Who are these two men Mr. Blessington, and
     why do they wish to molest you?"
1126,"I cannot possibly advise you if you try to deceive me,"
1127,"I am
     delighted to see you."
1128,"Good-morning, Lanner,"
1129,"you won't think me an
     intruder, I am sure. Have you heard of the events which led up to
     this affair?"
1130,"I should say that he has been dead about three hours, judging by the
     rigidity of the muscles,"
1131,Noticed anything peculiar about the room?
1132,"Found a screw-driver and some screws on the wash-hand stand. Seems
     to have smoked heavily during the night, too. Here are four
     cigar-ends that I picked out of the fireplace."
1133,Hum!
1134,have you got his cigar-holder?
1135,"No, I have seen none."
1136,"He was morbidly nervous of fire, and always kept this
     beside him, so that he might escape by the window in case the stairs
     were burning."
1137,"That must have saved them trouble,"
1138,"Yes,
     the actual facts are very plain, and I shall be surprised if by the
     afternoon I cannot give you the reasons for them as well. I will take
     this photograph of Blessington, which I see upon the mantelpiece, as
     it may help me in my inquiries."
1139,"Oh, there can be no doubt as to the sequence of events,"
1140,"There were three of them in it: the young man, the old man,
     and a third, to whose identity I have no clue. The first two, I need
     hardly remark, are the same who masqueraded as the Russian count and
     his son, so we can give a very full description of them. They were
     admitted by a confederate inside the house. If I might offer you a
     word of advice, Inspector, it would be to arrest the page, who, as I
     understand, has only recently come into your service, Doctor."
1141,
1142,cried the inspector.
1143,said Holmes.
1144,
1145,said Holmes.
1146,"said the inspector.

     But Trevelyan and I looked at each other in bewilderment."
1147,"The two men had stopped opposite the window.  Some chalk marks over
     the waistcoat pocket were the only signs of billiards which I could
     see in one of them.  The other was a very small, dark fellow, with
     his hat pushed back and several packages under his arm."
1148,remarked the brother.
1149,
1150,
1151,
1152,
1153,"said I, laughing,"
1154,
1155,"I began to understand what my friend meant when he said that his
     brother possessed even keener faculties that he did himself.  He
     glanced across at me and smiled.  Mycroft took snuff from a
     tortoise-shell box, and brushed away the wandering grains from his
     coat front with a large, red silk handkerchief."
1156,
1157,said Mr. Melas.
1158,
1159,
1160,"We had reached our house in Baker Street while we had been talking. 
     Holmes ascended the stair first, and as he opened the door of our
     room he gave a start of surprise.  Looking over his shoulder, I was
     equally astonished.  His brother Mycroft was sitting smoking in the
     arm-chair."
1161,"Yours faithfully,"
1162,"He writes from Lower Brixton,"
1163,"Do you not
     think that we might drive to him now, Sherlock, and learn these
     particulars?"
1164,"We may need an
     interpreter."
1165,"Excellent,"
1166,"Send the boy for a four-wheeler,
     and we shall be off at once."
1167,Can you tell me where?
1168,"I don't know, sir,"
1169,"I
     only know that he drove away with the gentleman in a carriage."
1170,"Oh, no, sir.  He was a little gentleman, with glasses, thin in the
     face, but very pleasant in his ways, for he was laughing all the time
     that he was talking."
1171,Come along!
1172,"This grows serious,"
1173,"The house seems
     deserted."
1174,"Our birds are flown and the nest empty,"
1175,Why do you say so?
1176,"A carriage heavily loaded with luggage has passed out during the
     last hour."
1177,What is that?
1178,"Percy has been inquiring for you all morning. Ah, poor old
     chap, he clings to any straw! His father and his mother asked me to
     see you, for the mere mention of the subject is very painful to
     them."
1179,"We have had no details yet,"
1180,"I perceive that you
     are not yourself a member of the family."
1181,I took the papers and--
1182,"Excuse me an instant,"
1183,"Were you alone during this
     conversation?"
1184,Absolutely.
1185,My uncle's voice is always remarkably low. I hardly spoke at all.
1186,"Thank you,"
1187,pray go on.
1188,"I did exactly what he indicated, and waited until the other clerks
     had departed. One of them in my room, Charles Gorot, had some arrears
     of work to make up, so I left him there and went out to dine. When I
     returned he was gone. I was anxious to hurry my work, for I knew that
     Joseph--the Mr. Harrison whom you saw just now--was in town, and that
     he would travel down to Woking by the eleven-o'clock train, and I
     wanted if possible to catch it."
1189,"I wrote two more articles and then, feeling more drowsy than ever, I
     rose and walked up and down the room to stretch my legs. My coffee
     had not yet come, and I wondered what was the cause of the delay
     could be. Opening the door, I started down the corridor to find out.
     There was a straight passage, dimly lighted, which led from the room
     in which I had been working, and was the only exit from it. It ended
     in a curving staircase, with the commissionaire's lodge in the
     passage at the bottom. Half way down this staircase is a small
     landing, with another passage running into it at right angles. This
     second one leads by means of a second small stair to a side door,
     used by servants, and also as a short cut by clerks when coming from
     Charles Street. Here is a rough chart of the place."
1190,"Thank you. I think that I quite follow you,"
1191,"It is of the utmost importance that you should notice this point. I
     went down the stairs and into the hall, where I found the
     commissionaire fast asleep in his box, with the kettle boiling
     furiously upon the spirit-lamp. I took off the kettle and blew out
     the lamp, for the water was spurting over the floor. Then I put out
     my hand and was about to shake the man, who was still sleeping
     soundly, when a bell over his head rang loudly, and he woke with a
     start."
1192,
1193,"Oh, the mystery!"
1194,Then go to London and test your conclusions.
1195,"Your advice is very excellent, Miss Harrison,"
1196,"I think, Watson, we cannot do better. Do not allow yourself to
     indulge in false hopes, Mr. Phelps. The affair is a very tangled
     one."
1197,"He was cold, but not harsh. I dare say my severe illness prevented
     him from being that. He repeated that the matter was of the utmost
     importance, and added that no steps would be taken about my
     future--by which he means, of course, my dismissal--until my health
     was restored and I had an opportunity of repairing my misfortune."
1198,"Well, that was reasonable and considerate,"
1199,"Come,
     Watson, for we have a good day's work before us in town."
1200,"Oh, if you find your own cases more interesting than mine--"
1201,"I was going to say that my practice could get along very well for a
     day or two, since it is the slackest time in the year."
1202,"You are ready enough to use all the information that the police can
     lay at your disposal, and then you try to finish the case yourself
     and bring discredit on them."
1203,"On the contrary,"
1204,"out of my last fifty-three cases my
     name has only appeared in four, and the police have had all the
     credit in forty-nine. I don't blame you for not knowing this, for you
     are young and inexperienced, but if you wish to get on in your new
     duties you will work with me and not against me."
1205,"And, of course, I cannot pretend to be ignorant of the object of
     your visit. There has only been one occurrence in these offices which
     could call for your attention. In whose interest are you acting, may
     I ask?"
1206,"In that of Mr. Percy Phelps,"
1207,"Ah, my unfortunate nephew! You can understand that our kinship makes
     it the more impossible for me to screen him in any way. I fear that
     the incident must have a very prejudicial effect upon his career."
1208,"You take me out of my province there,"
1209,"There is another very important
     point which I wish to discuss with you,"
1210,"If he waits a little longer he will get no price at all. The treaty
     will cease to be secret in a few months."
1211,"That is most important,"
1212,"Of course, it is a possible
     supposition that the thief has had a sudden illness--"
1213,"I did not say so,"
1214,"And now, Lord
     Holdhurst, we have already taken up too much of your valuable time,
     and we shall wish you good-day."
1215,"He's a fine fellow,"
1216,"But he has a struggle to keep up his position. He is far from rich
     and has many calls. You noticed, of course, that his boots had been
     re-soled? Now, Watson, I won't detain you from your legitimate work
     any longer. I shall do nothing more to-day, unless I have an answer
     to my cab advertisement. But I should be extremely obliged to you if
     you would come down with me to Woking to-morrow, by the same train
     which we took yesterday."
1217,"My report, as I expected, is a negative one,"
1218,"I have
     seen Forbes, and I have seen your uncle, and I have set one or two
     trains of inquiry upon foot which may lead to something."
1219,"that I begin to believe that I am the
     unconscious centre of some monstrous conspiracy, and that my life is
     aimed at as well as my honor?"
1220,Ah!
1221,"It sounds incredible, for I have not, as far as I know, an enemy in
     the world. Yet from last night's experience I can come to no other
     conclusion."
1222,
1223,
1224,"said Phelps, smiling, though it was
     evident that his adventure had somewhat shaken him."
1225,
1226,
1227,said Miss Harrison.
1228,"Percy Phelps was walking very slowly, leaning upon the arm of his
     future brother-in-law. Holmes walked swiftly across the lawn, and we
     were at the open window of the bedroom long before the others came
     up."
1229,
1230,
1231,"cried Phelps, as we began to move from the platform."
1232,
1233,
1234,"and with that our
     conversation drifted off on to other topics.

     But it was a weary day for me. Phelps was still weak after his long
     illness, and his misfortune made him querulous and nervous. In vain I
     endeavored to interest him in Afghanistan, in India, in social
     questions, in anything which might take his mind out of the groove.
     He would always come back to his lost treaty, wondering, guessing,
     speculating, as to what Holmes was doing, what steps Lord Holdhurst
     was taking, what news we should have in the morning. As the evening
     wore on his excitement became quite painful."
1235,
1236,
1237,"The table was all laid, and just as I was about to ring Mrs. Hudson
     entered with the tea and coffee. A few minutes later she brought in
     three covers, and we all drew up to the table, Holmes ravenous, I
     curious, and Phelps in the gloomiest state of depression."
1238,
1239,
1240,"Phelps raised the cover, and as he did so he uttered a scream, and
     sat there staring with a face as white as the plate upon which he
     looked. Across the centre of it was lying a little cylinder of
     blue-gray paper. He caught it up, devoured it with his eyes, and then
     danced madly about the room, passing it to his bosom and shrieking
     out in his delight. Then he fell back into an arm-chair so limp and
     exhausted with his own emotions that we had to pour brandy down his
     throat to keep him from fainting."
1241,
1242,"Your
     words have dazed me."
1243,"The principal difficulty in your case,"
1244,"lay in the fact of there being too much evidence.
     What was vital was overlaid and hidden by what was irrelevant. Of all
     the facts which were presented to us we had to pick just those which
     we deemed to be essential, and then piece them together in their
     order, so as to reconstruct this very remarkable chain of events. I
     had already begun to suspect Joseph, from the fact that you had
     intended to travel home with him that night, and that therefore it
     was a likely enough thing that he should call for you, knowing the
     Foreign Office well, upon his way. When I heard that some one had
     been so anxious to get into the bedroom, in which no one but Joseph
     could have concealed anything--you told us in your narrative how you
     had turned Joseph out when you arrived with the doctor--my suspicions
     all changed to certainties, especially as the attempt was made on the
     first night upon which the nurse was absent, showing that the
     intruder was well acquainted with the ways of the house."
1245,
1246,"'You crossed my path on the 4th of January,' said he.  'On the 23d
     you incommoded me; by the middle of February I was seriously
     inconvenienced by you; at the end of March I was absolutely hampered
     in my plans; and now, at the close of April, I find myself placed in
     such a position through your continual persecution that I am in
     positive danger of losing my liberty.  The situation is becoming an
     impossible one.'"
1247,"The carriage is our rendezvous, then?"
1248,Yes.
1249,how you startled me!
1250,"With all our precautions, you see that we have cut it rather fine,"
1251,"There he goes,"
1252,"There are limits, you see, to our friend's
     intelligence.  It would have been a coup-de-maître had he deduced
     what I would deduce and acted accordingly."
1253,"I owe you a
     thousand apologies. I had no idea that you would be so affected."
1254,"Is it really you? Can it indeed be that you are
     alive? Is it possible that you succeeded in climbing out of that
     awful abyss?"
1255,"That you, Lestrade?"
1256,"Yes, Mr. Holmes. I took the job myself. It's good to see you back in
     London, sir."
1257,"You clever, clever fiend!"
1258,"Ah, Colonel!"
1259,"'journeys
     end in lovers' meetings,' as the old play says. I don't think I have
     had the pleasure of seeing you since you favoured me with those
     attentions as I lay on the ledge above the Reichenbach Fall."
1260,"You
     cunning, cunning fiend!"
1261,"I have not introduced you yet,"
1262,"This, gentlemen, is
     Colonel Sebastian Moran, once of Her Majesty's Indian Army, and the
     best heavy game shot that our Eastern Empire has ever produced. I
     believe I am correct, Colonel, in saying that your bag of tigers
     still remains unrivalled?"
1263,"I wonder that my very simple stratagem could deceive so old a
     shikari,"
1264,"It must be very familiar to you. Have you not
     tethered a young kid under a tree, lain above it with your rifle, and
     waited for the bait to bring up your tiger? This empty house is my
     tree and you are my tiger. You have possibly had other guns in
     reserve in case there should be several tigers, or in the unlikely
     supposition of your own aim failing you. These,"
1265,"I confess that you had one small surprise for me,"
1266,"I
     did not anticipate that you would yourself make use of this empty
     house and this convenient front window. I had imagined you as
     operating from the street, where my friend Lestrade and his merry men
     were awaiting you. With that exception all has gone as I expected."
1267,"Well, that's reasonable enough,"
1268,"noiseless and of
     tremendous power. I knew Von Herder, the blind German mechanic, who
     constructed it to the order of the late Professor Moriarty. For years
     I have been aware of its existence, though I have never before had
     the opportunity of handling it. I commend it very specially to your
     attention, Lestrade, and also the bullets which fit it."
1269,Anything further to say?
1270,"I hope you preserved all precautions, Mrs. Hudson?"
1271,"I went to it on my knees, sir, just as you told me."
1272,"Excellent. You carried the thing out very well. Did you observe
     where the bullet went?"
1273,"The
     man's career is that of an honourable soldier."
1274,"It is true,"
1275,"Up to a certain point he did well. He
     was always a man of iron nerve, and the story is still told in India
     how he crawled down a drain after a wounded man-eating tiger. There
     are some trees, Watson, which grow to a certain height and then
     suddenly develop some unsightly eccentricity. You will see it often
     in humans. I have a theory that the individual represents in his
     development the whole procession of his ancestors, and that such a
     sudden turn to good or evil stands for some strong influence which
     came into the line of his pedigree. The person becomes, as it were,
     the epitome of the history of his own family."
1276,THE ADVENTURE OF THE NORWOOD BUILDER
1277,"He shrugged his shoulders in
     humorous deprecation of the state of things which he had himself done
     so much to produce.

     At the time of which I speak Holmes had been back for some months,
     and I, at his request, had sold my practice and returned to share the
     old quarters in Baker Street. A young doctor, named Verner, had
     purchased my small Kensington practice, and given with astonishingly
     little demur the highest price that I ventured to ask--an incident
     which only explained itself some years later when I found that Verner
     was a distant relation of Holmes's, and that it was my friend who had
     really found the money.

     Our months of partnership had not been so uneventful as he had
     stated, for I find, on looking over my notes, that this period
     includes the case of the papers of Ex-President Murillo, and also the
     shocking affair of the Dutch steamship Friesland, which so nearly
     cost us both our lives. His cold and proud nature was always averse,
     however, to anything in the shape of public applause, and he bound me
     in the most stringent terms to say no further word of himself, his
     methods, or his successes--a prohibition which, as I have explained,
     has only now been removed.

     Mr. Sherlock Holmes was leaning back in his chair after his whimsical
     protest, and was unfolding his morning paper in a leisurely fashion,
     when our attention was arrested by a tremendous ring at the bell,
     followed immediately by a hollow drumming sound, as if someone were
     beating on the outer door with his fist. As it opened there came a
     tumultuous rush into the hall, rapid feet clattered up the stair, and
     an instant later a wild-eyed and frantic young man, pale,
     dishevelled, and palpitating, burst into the room. He looked from one
     to the other of us, and under our gaze of inquiry he became conscious
     that some apology was needed for this unceremonious entry."
1278,
1279,"He wrung his hands in an agony of
     apprehension, and swayed backwards and forwards in his chair.

     I looked with interest upon this man, who was accused of being the
     perpetrator of a crime of violence. He was flaxen-haired and handsome
     in a washed-out negative fashion, with frightened blue eyes and a
     clean-shaven face, with a weak, sensitive mouth. His age may have
     been about twenty-seven; his dress and bearing that of a gentleman.
     From the pocket of his light summer overcoat protruded the bundle of
     endorsed papers which proclaimed his profession."
1280,"One moment, Lestrade,"
1281,"Half an hour more or less can
     make no difference to you, and the gentleman was about to give us an
     account of this very interesting affair, which might aid us in
     clearing it up."
1282,
1283,
1284,
1285,
1286,said Lestrade.
1287,
1288,
1289,
1290,
1291,"This sounds serious,"
1292,"It is Lestrade's little cock-a-doodle of victory,"
1293,"And yet it may be premature to abandon the
     case. After all, important fresh evidence is a two-edged thing, and
     may possibly cut in a very different direction to that which Lestrade
     imagines. Take your breakfast, Watson, and we will go out together
     and see what we can do. I feel as if I shall need your company and
     your moral support to-day."
1294,"You certainly have the air of something unusual having occurred,"
1295,"You don't like being beaten any more than the rest of us do,"
1296,"Yes, that is final,"
1297,"It is final,"
1298,"There, that's enough,"
1299,I will do my best. How many constables have you?
1300,There are three within call.
1301,Excellent!
1302,"May I ask if they are all large,
     able-bodied men with powerful voices?"
1303,"Perhaps I can help you to see that and one or two other things as
     well,"
1304,"Kindly summon your men, and I will try."
1305,"In the outhouse you will find a considerable quantity of straw,"
1306,"I will ask you to carry in two bundles of it. I think
     it will be of the greatest assistance in producing the witness whom I
     require. Thank you very much. I believe you have some matches in your
     pocket, Watson. Now, Mr. Lestrade, I will ask you all to accompany me
     to the top landing."
1307,"If you know anything, you can surely say it
     without all this tomfoolery."
1308,Capital!
1309,"Watson, a bucket of water over the
     straw. That will do! Lestrade, allow me to present you with your
     principal missing witness, Mr. Jonas Oldacre."
1310,"There's the advantage of being a builder,"
1311,"He was able to fix up his own little hiding-place without any
     confederate--save, of course, that precious housekeeper of his, whom
     I should lose no time in adding to your bag, Lestrade."
1312,"And you'll probably find that your creditors will impound the
     banking account of Mr. Cornelius,"
1313,"I have to thank you for a good deal,"
1314,"Oh, that's your idea!"
1315,What else should it be?
1316,"They told
     me that you were fond of queer mysteries, and I don't think you can
     find a queerer one than that. I sent the paper on ahead so that you
     might have time to study it before I came."
1317,"It is certainly rather a curious production,"
1318,"At first
     sight it would appear to be some childish prank. It consists of a
     number of absurd little figures dancing across the paper upon which
     they are drawn. Why should you attribute any importance to so
     grotesque an object?"
1319,"We had not long to wait, for our Norfolk squire came straight from
     the station as fast as a hansom could bring him. He was looking
     worried and depressed, with tired eyes and a lined forehead."
1320,
1321,"He unfolded a paper and laid it upon the
     table. Here is a copy of the hieroglyphics:--

     [ Picture: Picture of a few dancing men ]"
1322,
1323,"Again he produced a paper. The new dance was in this form:--

     [ Picture: Picture of five dancing men figures ]"
1324,
1325,
1326,
1327,
1328,"Inspector Martin had the good sense to allow my friend to do things
     in his own fashion, and contented himself with carefully noting the
     results. The local surgeon, an old, white-haired man, had just come
     down from Mrs. Hilton Cubitt's room, and he reported that her
     injuries were serious, but not necessarily fatal. The bullet had
     passed through the front of her brain, and it would probably be some
     time before she could regain consciousness. On the question of
     whether she had been shot or had shot herself he would not venture to
     express any decided opinion. Certainly the bullet had been discharged
     at very close quarters. There was only the one pistol found in the
     room, two barrels of which had been emptied. Mr. Hilton Cubitt had
     been shot through the heart. It was equally conceivable that he had
     shot her and then himself, or that she had been the criminal, for the
     revolver lay upon the floor midway between them."
1329,"The old hall, oak-panelled and high-windowed, had been turned into a
     court of investigation. Holmes sat in a great, old-fashioned chair,
     his inexorable eyes gleaming out of his haggard face. I could read in
     them a set purpose to devote his life to this quest until the client
     whom he had failed to save should at last be avenged. The trim
     Inspector Martin, the old, grey-headed country doctor, myself, and a
     stolid village policeman made up the rest of that strange company.

     The two women told their story clearly enough. They had been aroused
     from their sleep by the sound of an explosion, which had been
     followed a minute later by a second one. They slept in adjoining
     rooms, and Mrs. King had rushed in to Saunders. Together they had
     descended the stairs. The door of the study was open and a candle was
     burning upon the table. Their master lay upon his face in the centre
     of the room. He was quite dead. Near the window his wife was
     crouching, her head leaning against the wall. She was horribly
     wounded, and the side of her face was red with blood. She breathed
     heavily, but was incapable of saying anything. The passage, as well
     as the room, was full of smoke and the smell of powder. The window
     was certainly shut and fastened upon the inside. Both women were
     positive upon the point. They had at once sent for the doctor and for
     the constable. Then, with the aid of the groom and the stable-boy,
     they had conveyed their injured mistress to her room. Both she and
     her husband had occupied the bed. She was clad in her dress--he in
     his dressing-gown, over his night clothes. Nothing had been moved in
     the study. So far as they knew there had never been any quarrel
     between husband and wife. They had always looked upon them as a very
     united couple.

     These were the main points of the servants' evidence. In answer to
     Inspector Martin they were clear that every door was fastened upon
     the inside, and that no one could have escaped from the house. In
     answer to Holmes they both remembered that they were conscious of the
     smell of powder from the moment that they ran out of their rooms upon
     the top floor."
1330,
1331,
1332,"It was a lady's hand-bag which stood upon the study table--a trim
     little hand-bag of crocodile-skin and silver. Holmes opened it and
     turned the contents out. There were twenty fifty-pound notes of the
     Bank of England, held together by an india-rubber band--nothing else."
1333,"He took from his pocket the various slips of the dancing men. With
     these in front of him he worked for some time at the study-table.
     Finally he handed a note to the boy, with directions to put it into
     the hands of the person to whom it was addressed, and especially to
     answer no questions of any sort which might be put to him. I saw the
     outside of the note, addressed in straggling, irregular characters,
     very unlike Holmes's usual precise hand. It was consigned to Mr. Abe
     Slaney, Elrige's Farm, East Ruston, Norfolk."
1334,
1335,
1336,"A man was striding up the path which led to the door. He was a tall,
     handsome, swarthy fellow, clad in a suit of grey flannel, with a
     Panama hat, a bristling black beard, and a great, aggressive hooked
     nose, and flourishing a cane as he walked. He swaggered up the path
     as if the place belonged to him, and we heard his loud, confident
     peal at the bell."
1337,
1338,"If you use the code which I have explained,"
1339,"you will
     find that it simply means 'Come here at once.' I was convinced that
     it was an invitation which he would not refuse, since he could never
     imagine that it could come from anyone but the lady. And so, my dear
     Watson, we have ended by turning the dancing men to good when they
     have so often been the agents of evil, and I think that I have
     fulfilled my promise of giving you something unusual for your
     note-book. Three-forty is our train, and I fancy we should be back in
     Baker Street for dinner."
1340,"My father is dead, Mr. Holmes. He was James Smith, who conducted the
     orchestra at the old Imperial Theatre. My mother and I were left
     without a relation in the world except one uncle, Ralph Smith, who
     went to Africa twenty-five years ago, and we have never had a word
     from him since. When father died we were left very poor, but one day
     we were told that there was an advertisement in the Times inquiring
     for our whereabouts. You can imagine how excited we were, for we
     thought that someone had left us a fortune. We went at once to the
     lawyer whose name was given in the paper. There we met two gentlemen,
     Mr. Carruthers and Mr. Woodley, who were home on a visit from South
     Africa. They said that my uncle was a friend of theirs, that he died
     some months before in great poverty in Johannesburg, and that he had
     asked them with his last breath to hunt up his relations and see that
     they were in no want. It seemed strange to us that Uncle Ralph, who
     took no notice of us when he was alive, should be so careful to look
     after us when he was dead; but Mr. Carruthers explained that the
     reason was that my uncle had just heard of the death of his brother,
     and so felt responsible for our fate."
1341,"Excuse me,"
1342,when was this interview?
1343,Last December--four months ago.
1344,"Mr. Woodley seemed to me to be a most odious person. He was for ever
     making eyes at me--a coarse, puffy-faced, red-moustached young man,
     with his hair plastered down on each side of his forehead. I thought
     that he was perfectly hateful--and I was sure that Cyril would not
     wish me to know such a person."
1345,"Oh, Cyril is his name!"
1346,"Yes, Mr. Holmes; Cyril Morton, an electrical engineer, and we hope
     to be married at the end of the summer. Dear me, how did I get
     talking about him? What I wished to say was that Mr. Woodley was
     perfectly odious, but that Mr. Carruthers, who was a much older man,
     was more agreeable. He was a dark, sallow, clean-shaven, silent
     person; but he had polite manners and a pleasant smile. He inquired
     how we were left, and on finding that we were very poor he suggested
     that I should come and teach music to his only daughter, aged ten. I
     said that I did not like to leave my mother, on which he suggested
     that I should go home to her every week-end, and he offered me a
     hundred a year, which was certainly splendid pay. So it ended by my
     accepting, and I went down to Chiltern Grange, about six miles from
     Farnham. Mr. Carruthers was a widower, but he had engaged a
     lady-housekeeper, a very respectable, elderly person, called Mrs.
     Dixon, to look after his establishment. The child was a dear, and
     everything promised well. Mr. Carruthers was very kind and very
     musical, and we had most pleasant evenings together. Every week-end I
     went home to my mother in town."
1347,Our fair client seemed a little confused.
1348,
1349,"The Thursday brought us another letter from our client.

     You will not be surprised, Mr. Holmes [said she] to hear that I am
     leaving Mr. Carruthers's employment. Even the high pay cannot
     reconcile me to the discomforts of my situation. On Saturday I come
     up to town and I do not intend to return. Mr. Carruthers has got a
     trap, and so the dangers of the lonely road, if there ever were any
     dangers, are now over.
     As to the special cause of my leaving, it is not merely the strained
     situation with Mr. Carruthers, but it is the reappearance of that
     odious man, Mr. Woodley. He was always hideous, but he looks more
     awful than ever now, for he appears to have had an accident and he is
     much disfigured. I saw him out of the window, but I am glad to say I
     did not meet him. He had a long talk with Mr. Carruthers, who seemed
     much excited afterwards. Woodley must be staying in the
     neighbourhood, for he did not sleep here, and yet I caught a glimpse
     of him again this morning slinking about in the shrubbery. I would
     sooner have a savage wild animal loose about the place. I loathe and
     fear him more than I can say. How can Mr. Carruthers endure such a
     creature for a moment? However, all my troubles will be over on
     Saturday."
1350,"From the instant that we passed the rise we could no longer see the
     vehicle, but we hastened onwards at such a pace that my sedentary
     life began to tell upon me, and I was compelled to fall behind.
     Holmes, however, was always in training, for he had inexhaustible
     stores of nervous energy upon which to draw. His springy step never
     slowed until suddenly, when he was a hundred yards in front of me, he
     halted, and I saw him throw up his hand with a gesture of grief and
     despair. At the same instant an empty dog-cart, the horse cantering,
     the reins trailing, appeared round the curve of the road and rattled
     swiftly towards us."
1351,I gasped.
1352,
1353,"said he.

     It was short and concise:

     The old man is dead."
1354,
1355,said Carruthers.
1356,"In the whirl of our incessant activity it has often been difficult
     for me, as the reader has probably observed, to round off my
     narratives, and to give those final details which the curious might
     expect. Each case has been the prelude to another, and the crisis
     once over the actors have passed for ever out of our busy lives. I
     find, however, a short note at the end of my manuscripts dealing with
     this case, in which I have put it upon record that Miss Violet Smith
     did indeed inherit a large fortune, and that she is now the wife of
     Cyril Morton, the senior partner of Morton & Kennedy, the famous
     Westminster electricians. Williamson and Woodley were both tried for
     abduction and assault, the former getting seven years and the latter
     ten. Of the fate of Carruthers I have no record, but I am sure that
     his assault was not viewed very gravely by the Court, since Woodley
     had the reputation of being a most dangerous ruffian, and I think
     that a few months were sufficient to satisfy the demands of justice.






                       THE ADVENTURE OF THE PRIORY SCHOOL

     We have had some dramatic entrances and exits upon our small stage at
     Baker Street, but I cannot recollect anything more sudden and
     startling than the first appearance of Thorneycroft Huxtable, M.A.,
     Ph.D., etc. His card, which seemed too small to carry the weight of
     his academic distinctions, preceded him by a few seconds, and then he
     entered himself--so large, so pompous, and so dignified that he was
     the very embodiment of self-possession and solidity. And yet his
     first action when the door had closed behind him was to stagger
     against the table, whence he slipped down upon the floor, and there
     was that majestic figure prostrate and insensible upon our bearskin
     hearthrug.

     We had sprung to our feet, and for a few moments we stared in silent
     amazement at this ponderous piece of wreckage, which told of some
     sudden and fatal storm far out on the ocean of life. Then Holmes
     hurried with a cushion for his head and I with brandy for his lips.
     The heavy white face was seamed with lines of trouble, the hanging
     pouches under the closed eyes were leaden in colour, the loose mouth
     drooped dolorously at the corners, the rolling chins were unshaven.
     Collar and shirt bore the grime of a long journey, and the hair
     bristled unkempt from the well-shaped head. It was a sorely-stricken
     man who lay before us."
1357,"said I, with
     my finger on the thready pulse, where the stream of life trickled
     thin and small."
1358,"The greatest and perhaps the wealthiest. I am aware, Mr. Holmes,
     that you take a very high line in professional matters, and that you
     are prepared to work for the work's sake. I may tell you, however,
     that his Grace has already intimated that a cheque for five thousand
     pounds will be handed over to the person who can tell him where his
     son is, and another thousand to him who can name the man, or men, who
     have taken him."
1359,"It is a princely offer,"
1360,"Watson, I think that we shall
     accompany Dr. Huxtable back to the North of England. And now, Dr.
     Huxtable, when you have consumed that milk you will kindly tell me
     what has happened, when it happened, how it happened, and, finally,
     what Dr. Thorneycroft Huxtable, of the Priory School, near Mackleton,
     has to do with the matter, and why he comes three days after an
     event--the state of your chin gives the date--to ask for my humble
     services."
1361,
1362,
1363,
1364,"the Duke continued,"
1365,"Quite so. We will come to the bicycle presently. To continue our
     reasoning: if these people did not go by the road, they must have
     traversed the country to the north of the house or to the south of
     the house. That is certain. Let us weigh the one against the other.
     On the south of the house is, as you perceive, a large district of
     arable land, cut up into small fields, with stone walls between them.
     There, I admit that a bicycle is impossible. We can dismiss the idea.
     We turn to the country on the north. Here there lies a grove of
     trees, marked as the 'Ragged Shaw,' and on the farther side stretches
     a great rolling moor, Lower Gill Moor, extending for ten miles and
     sloping gradually upwards. Here, at one side of this wilderness, is
     Holdernesse Hall, ten miles by road, but only six across the moor. It
     is a peculiarly desolate plain. A few moor farmers have small
     holdings, where they rear sheep and cattle. Except these, the plover
     and the curlew are the only inhabitants until you come to the
     Chesterfield high road. There is a church there, you see, a few
     cottages, and an inn. Beyond that the hills become precipitous.
     Surely it is here to the north that our quest must lie."
1366,But the bicycle?
1367,"Well, well!"
1368,"A good cyclist does not need
     a high road. The moor is intersected with paths and the moon was at
     the full. Halloa! what is this?"
1369,"They shuffled and lied--said that they found it on the moor on
     Tuesday morning. They know where he is, the rascals! Thank goodness,
     they are all safe under lock and key. Either the fear of the law or
     the Duke's purse will certainly get out of them all that they know."
1370,"So far, so good,"
1371,"It at least bears out the theory that it is on the side of the
     Lower Gill Moor that we must hope for results. The police have really
     done nothing locally, save the arrest of these gipsies. Look here,
     Watson! There is a watercourse across the moor. You see it marked
     here in the map. In some parts it widens into a morass. This is
     particularly so in the region between Holdernesse Hall and the
     school. It is vain to look elsewhere for tracks in this dry weather;
     but at that point there is certainly a chance of some record being
     left. I will call you early to-morrow morning, and you and I will try
     if we can throw some little light upon the mystery."
1372,"Check number one,"
1373,"There is another morass down yonder and a
     narrow neck between. Halloa! halloa! halloa! what have we here?"
1374,Hurrah!
1375,"Here is Herr Heidegger, sure enough!"
1376,"My
     reasoning seems to have been pretty sound, Watson."
1377,"Do you observe,"
1378,"that the rider is now undoubtedly
     forcing the pace? There can be no doubt of it. Look at this
     impression, where you get both tyres clear. The one is as deep as the
     other. That can only mean that the rider is throwing his weight on to
     the handle-bar, as a man does when he is sprinting. By Jove! he has
     had a fall."
1379,Bad!
1380,"Bad! Stand clear, Watson! Not an unnecessary
     footstep! What do I read here? He fell wounded, he stood up, he
     remounted, he proceeded. But there is no other track. Cattle on this
     side path. He was surely not gored by a bull? Impossible! But I see
     no traces of anyone else. We must push on, Watson. Surely with stains
     as well as the track to guide us he cannot escape us now."
1381,"Let us continue our reconstruction. He meets his death five miles
     from the school--not by a bullet, mark you, which even a lad might
     conceivably discharge, but by a savage blow dealt by a vigorous arm.
     The lad, then, had a companion in his flight. And the flight was a
     swift one, since it took five miles before an expert cyclist could
     overtake them. Yet we survey the ground round the scene of the
     tragedy. What do we find? A few cattle tracks, nothing more. I took a
     wide sweep round, and there is no path within fifty yards. Another
     cyclist could have had nothing to do with the actual murder. Nor were
     there any human footmarks."
1382,this is impossible.
1383,Admirable!
1384,"A most illuminating remark. It is impossible
     as I state it, and therefore I must in some respect have stated it
     wrong. Yet you saw for yourself. Can you suggest any fallacy?"
1385,"How are you, Mr. Reuben Hayes?"
1386,"Who are you, and how do you get my name so pat?"
1387,"for
     I was his head coachman once, and cruel bad he treated me. It was him
     that sacked me without a character on the word of a lying
     corn-chandler. But I'm glad to hear that the young lord was heard of
     in Liverpool, and I'll help you to take the news to the Hall."
1388,"Thank you,"
1389,"We'll have some food first. Then you can
     bring round the bicycle."
1390,"I tell you, man, that I haven't got one. I'll let you have two
     horses as far as the Hall."
1391,"Well, well,"
1392,"we'll talk about it when we've had
     something to eat."
1393,What are you doing there?
1394,"Why, Mr. Reuben Hayes,"
1395,"one might think that
     you were afraid of our finding something out."
1396,"But
     look here, mister, I don't care for folk poking about my place
     without my leave, so the sooner you pay your score and get out of
     this the better I shall be pleased."
1397,"All right, Mr. Hayes--no harm meant,"
1398,"We have been
     having a look at your horses, but I think I'll walk after all. It's
     not far, I believe."
1399,"Get down, Watson!"
1400,The Duke's secretary!
1401,"Come, Watson, let us see what
     he does."
1402,"It seems to be a curious class of custom that is done by the
     Fighting Cock,"
1403,The bar is on the other side.
1404,"Quite so. These are what one may call the private guests. Now, what
     in the world is Mr. James Wilder doing in that den at this hour of
     night, and who is the companion who comes to meet him there? Come,
     Watson, we must really take a risk and try to investigate this a
     little more closely."
1405,"Yes, yes,"
1406,"At least, we may take counsel how far we can
     minimize this hideous scandal."
1407,"Exactly,"
1408,"I think, your Grace, that this can only be
     done by absolute and complete frankness between us. I am disposed to
     help your Grace to the best of my ability; but in order to do so I
     must understand to the last detail how the matter stands. I realize
     that your words applied to Mr. James Wilder, and that he is not the
     murderer."
1409,
1410,Without a word the Duke pressed the electric bell. A servant entered.
1411,"Now,"
1412,"having secured the future, we can afford to be more lenient with the
     past. I am not in an official position, and there is no reason, so
     long as the ends of justice are served, why I should disclose all
     that I know. As to Hayes I say nothing. The gallows awaits him, and I
     would do nothing to save him from it. What he will divulge I cannot
     tell, but I have no doubt that your Grace could make him understand
     that it is to his interest to be silent. From the police point of
     view he will have kidnapped the boy for the purpose of ransom. If
     they do not themselves find it out I see no reason why I should
     prompt them to take a broader point of view. I would warn your Grace,
     however, that the continued presence of Mr. James Wilder in your
     household can only lead to misfortune."
1413,"That also I have arranged, Mr. Holmes. I wrote to the Duchess this
     morning."
1414,"In that case,"
1415,"I think that my friend and I
     can congratulate ourselves upon several most happy results from our
     little visit to the North. There is one other small point upon which
     I desire some light. This fellow Hayes had shod his horses with shoes
     which counterfeited the tracks of cows. Was it from Mr. Wilder that
     he learned so extraordinary a device?"
1416,"You don't mean to say that you
     have been walking about London with that thing?"
1417,
1418,
1419,"and then came several sheets of numbers. Another
     heading was Argentine, another Costa Rica, and another San Paulo,
     each with pages of signs and figures after it."
1420,
1421,
1422,"Sharp at the hour named Inspector Stanley Hopkins appeared, and we
     sat down together to the excellent breakfast which Mrs. Hudson had
     prepared. The young detective was in high spirits at his success."
1423,
1424,
1425,"said he.

     There had been some talking in gruff voices outside, and now Mrs.
     Hudson opened the door to say that there were three men inquiring for
     Captain Basil."
1426,"The second man was a long, dried-up creature, with lank hair and
     sallow cheeks. His name was Hugh Pattins. He also received his
     dismissal, his half-sovereign, and the order to wait.

     The third applicant was a man of remarkable appearance. A fierce
     bull-dog face was framed in a tangle of hair and beard, and two bold
     dark eyes gleamed behind the cover of thick, tufted, overhung
     eyebrows. He saluted and stood sailor-fashion, turning his cap round
     in his hands."
1427,
1428,
1429,The seaman lurched across the room and took up the pen.
1430,"said he.

     I heard a click of steel and a bellow like an enraged bull. The next
     instant Holmes and the seaman were rolling on the ground together. He
     was a man of such gigantic strength that, even with the handcuffs
     which Holmes had so deftly fastened upon his wrists, he would have
     very quickly overpowered my friend had Hopkins and I not rushed to
     his rescue. Only when I pressed the cold muzzle of the revolver to
     his temple did he at last understand that resistance was vain. We
     lashed his ankles with cord and rose breathless from the struggle."
1431,
1432,
1433,
1434,
1435,
1436,
1437,"THE ADVENTURE OF CHARLES AUGUSTUS MILVERTON

     It is years since the incidents of which I speak took place, and yet
     it is with diffidence that I allude to them. For a long time, even
     with the utmost discretion and reticence, it would have been
     impossible to make the facts public; but now the principal person
     concerned is beyond the reach of human law, and with due suppression
     the story may be told in such fashion as to injure no one. It records
     an absolutely unique experience in the career both of Mr. Sherlock
     Holmes and of myself. The reader will excuse me if I conceal the date
     or any other fact by which he might trace the actual occurrence.

     We had been out for one of our evening rambles, Holmes and I, and had
     returned about six o'clock on a cold, frosty winter's evening. As
     Holmes turned up the lamp the light fell upon a card on the table. He
     glanced at it, and then, with an ejaculation of disgust, threw it on
     the floor. I picked it up and read:--

                                        
                             Charles Augustus Milverton,
                                        
                                  Appledore Towers,
                                        
                                     Hampstead.
                                        
                                       Agent."
1438,I asked.
1439,
1440,"cried Milverton, taking out a
     bulky pocket-book."
1441,
1442,"Milverton had glided as quick as a rat to the side of the room, and
     stood with his back against the wall."
1443,"I had a catching of the breath, and my skin went cold at the words,
     which were slowly uttered in a tone of concentrated resolution. As a
     flash of lightning in the night shows up in an instant every detail
     of a wide landscape, so at one glance I seemed to see every possible
     result of such an action--the detection, the capture, the honoured
     career ending in irreparable failure and disgrace, my friend himself
     lying at the mercy of the odious Milverton."
1444,"Holmes and I put on our dress-clothes, so that we might appear to be
     two theatre-goers homeward bound. In Oxford Street we picked up a
     hansom and drove to an address in Hampstead. Here we paid off our
     cab, and with our great-coats buttoned up, for it was bitterly cold
     and the wind seemed to blow through us, we walked along the edge of
     the Heath."
1445,"I could not have believed that an alarm could have spread so swiftly.
     Looking back, the huge house was one blaze of light. The front door
     was open, and figures were rushing down the drive. The whole garden
     was alive with people, and one fellow raised a view-halloa as we
     emerged from the veranda and followed hard at our heels. Holmes
     seemed to know the ground perfectly, and he threaded his way swiftly
     among a plantation of small trees, I close at his heels, and our
     foremost pursuer panting behind us. It was a six-foot wall which
     barred our path, but he sprang to the top and over. As I did the same
     I felt the hand of the man behind me grab at my ankle; but I kicked
     myself free and scrambled over a glass-strewn coping. I fell upon my
     face among some bushes; but Holmes had me on my feet in an instant,
     and together we dashed away across the huge expanse of Hampstead
     Heath. We had run two miles, I suppose, before Holmes at last halted
     and listened intently. All was absolute silence behind us. We had
     shaken off our pursuers and were safe.

     We had breakfasted and were smoking our morning pipe on the day after
     the remarkable experience which I have recorded when Mr. Lestrade, of
     Scotland Yard, very solemn and impressive, was ushered into our
     modest sitting-room."
1446,
1447,
1448,
1449,
1450,
1451,
1452,
1453,
1454,"He hurried at his top speed
     down Baker Street and along Oxford Street, until we had almost
     reached Regent Circus. Here on the left hand there stands a shop
     window filled with photographs of the celebrities and beauties of the
     day. Holmes's eyes fixed themselves upon one of them, and following
     his gaze I saw the picture of a regal and stately lady in Court
     dress, with a high diamond tiara upon her noble head. I looked at
     that delicately-curved nose, at the marked eyebrows, at the straight
     mouth, and the strong little chin beneath it. Then I caught my breath
     as I read the time-honoured title of the great nobleman and statesman
     whose wife she had been. My eyes met those of Holmes, and he put his
     finger to his lips as we turned away from the window.






                       THE ADVENTURE OF THE SIX NAPOLEONS

     It was no very unusual thing for Mr. Lestrade, of Scotland Yard, to
     look in upon us of an evening, and his visits were welcome to
     Sherlock Holmes, for they enabled him to keep in touch with all that
     was going on at the police head-quarters. In return for the news
     which Lestrade would bring, Holmes was always ready to listen with
     attention to the details of any case upon which the detective was
     engaged, and was able occasionally, without any active interference,
     to give some hint or suggestion drawn from his own vast knowledge and
     experience.

     On this particular evening Lestrade had spoken of the weather and the
     newspapers. Then he had fallen silent, puffing thoughtfully at his
     cigar. Holmes looked keenly at him."
1455,
1456,
1457,
1458,"It's the Napoleon bust business again,"
1459,
1460,said Lestrade.
1461,"It was evidently taken by a snap-shot from a small camera. It
     represented an alert, sharp-featured simian man with thick eyebrows,
     and a very peculiar projection of the lower part of the face like the
     muzzle of a baboon."
1462,"As we left the room we heard his pen travelling shrilly over the
     foolscap.

     The spot where the fragments of the bust had been found was only a
     few hundred yards away. For the first time our eyes rested upon this
     presentment of the great Emperor, which seemed to raise such frantic
     and destructive hatred in the mind of the unknown. It lay scattered
     in splintered shards upon the grass. Holmes picked up several of them
     and examined them carefully. I was convinced from his intent face and
     his purposeful manner that at last he was upon a clue."
1463,
1464,
1465,"he continued, after some turning over of pages,"
1466,
1467,"Holmes had taken several notes during Mr. Harding's evidence, and I
     could see that he was thoroughly satisfied by the turn which affairs
     were taking. He made no remark, however, save that, unless we
     hurried, we should be late for our appointment with Lestrade. Sure
     enough, when we reached Baker Street the detective was already there,
     and we found him pacing up and down in a fever of impatience. His
     look of importance showed that his day's work had not been in vain."
1468,
1469,"Lestrade whispered.

     But before we could move the man had emerged again. As he came out
     into the glimmering patch of light we saw that he carried something
     white under his arm. He looked stealthily all round him. The silence
     of the deserted street reassured him. Turning his back upon us he
     laid down his burden, and the next instant there was the sound of a
     sharp tap, followed by a clatter and rattle. The man was so intent
     upon what he was doing that he never heard our steps as we stole
     across the grass plot. With the bound of a tiger Holmes was on his
     back, and an instant later Lestrade and I had him by either wrist and
     the handcuffs had been fastened. As we turned him over I saw a
     hideous, sallow face, with writhing, furious features, glaring up at
     us, and I knew that it was indeed the man of the photograph whom we
     had secured.

     But it was not our prisoner to whom Holmes was giving his attention.
     Squatted on the doorstep, he was engaged in most carefully examining
     that which the man had brought from the house. It was a bust of
     Napoleon like the one which we had seen that morning, and it had been
     broken into similar fragments. Carefully Holmes held each separate
     shard to the light, but in no way did it differ from any other
     shattered piece of plaster. He had just completed his examination
     when the hall lights flew up, the door opened, and the owner of the
     house, a jovial, rotund figure in shirt and trousers, presented
     himself."
1470,
1471,"He opened his bag, and
     at last we saw placed upon our table a complete specimen of that bust
     which we had already seen more than once in fragments.

     Holmes took a paper from his pocket and laid a ten-pound note upon
     the table."
1472,"Well,"
1473,"I've seen you handle a good many cases, Mr.
     Holmes, but I don't know that I ever knew a more workmanlike one than
     that. We're not jealous of you at Scotland Yard. No, sir, we are very
     proud of you, and if you come down to-morrow there's not a man, from
     the oldest inspector to the youngest constable, who wouldn't be glad
     to shake you by the hand."
1474,Thank you!
1475,Thank you!
1476,"Bannister was very much upset by the incident. He had nearly fainted
     when we found that the papers had undoubtedly been tampered with. I
     gave him a little brandy and left him collapsed in a chair while I
     made a most careful examination of the room. I soon saw that the
     intruder had left other traces of his presence besides the rumpled
     papers. On the table in the window were several shreds from a pencil
     which had been sharpened. A broken tip of lead was lying there also.
     Evidently the rascal had copied the paper in a great hurry, had
     broken his pencil, and had been compelled to put a fresh point to
     it."
1477,Excellent!
1478,"I shall be happy to look into it and to give you such advice as I
     can,"
1479,"The case is
     not entirely devoid of interest. Had anyone visited you in your room
     after the papers came to you?"
1480,So it seems to me.
1481,"let us go round. Not one of your cases,
     Watson--mental, not physical. All right; come if you want to. Now,
     Mr. Soames--at your disposal!"
1482,"He must have entered through the door. There is no opening except
     the one pane,"
1483,Dear me!
1484,"I
     can follow the other points,"
1485,"Lattice-paned, lead framework, three separate windows, one swinging
     on hinge and large enough to admit a man."
1486,"Exactly. And it looks out on an angle of the courtyard so as to be
     partly invisible. The man might have effected his entrance there,
     left traces as he passed through the bedroom, and, finally, finding
     the door open have escaped that way."
1487,"I understand you to say that there
     are three students who use this stair and are in the habit of passing
     your door?"
1488,"We are investigating this unhappy business, Bannister,"
1489,"Yes, sir."
1490,"I understand,"
1491,that you left your key in the door?
1492,"Yes, sir."
1493,"Was it not very extraordinary that you should do this on the very
     day when there were these papers inside?"
1494,"Oh, I would not venture to say, sir. I don't believe there is any
     gentleman in this University who is capable of profiting by such an
     action. No, sir, I'll not believe it."
1495,"Thank you; that will do,"
1496,"Oh, one more word. You have
     not mentioned to any of the three gentlemen whom you attend that
     anything is amiss?"
1497,"Your three birds are all in their nests,"
1498,Halloa! What's that? One of them seems restless enough.
1499,"I should like to have a peep at each of them,"
1500,"Is it
     possible?"
1501,"No difficulty in the world,"
1502,"This set of rooms is
     quite the oldest in the college, and it is not unusual for visitors
     to go over them. Come along, and I will personally conduct you."
1503,"No names, please!"
1504,Can you tell me his exact height?
1505,"Really, Mr. Holmes, I cannot undertake to say. He is taller than the
     Indian, not so tall as Gilchrist. I suppose five foot six would be
     about it."
1506,"That is very important,"
1507,"And now, Mr. Soames, I wish
     you good-night."
1508,"Well, Watson, what do you think of it?"
1509,"Quite a little parlour game--sort of
     three-card trick, is it not? There are your three men. It must be one
     of them. You take your choice. Which is yours?"
1510,"You will kindly close the door,"
1511,"Now, Bannister, will
     you please tell us the truth about yesterday's incident?"
1512,"No, sir; certainly not."
1513,"It is only a suggestion,"
1514,"I frankly admit
     that I am unable to prove it. But it seems probable enough, since the
     moment that Mr. Soames's back was turned you released the man who was
     hiding in that bedroom."
1515,"Just close the door,"
1516,"Now, Mr. Gilchrist, we are all
     quite alone here, and no one need ever know one word of what passes
     between us. We can be perfectly frank with each other. We want to
     know, Mr. Gilchrist, how you, an honourable man, ever came to commit
     such an action as that of yesterday?"
1517,"No, no, Mr. Gilchrist, sir; I never said a word--never one word!"
1518,"No, but you have now,"
1519,"Now, sir, you must see that
     after Bannister's words your position is hopeless, and that your only
     chance lies in a frank confession."
1520,"Come, come,"
1521,"it is human to err, and at least
     no one can accuse you of being a callous criminal. Perhaps it would
     be easier for you if I were to tell Mr. Soames what occurred, and you
     can check me where I am wrong. Shall I do so? Well, well, don't
     trouble to answer. Listen, and see that I do you no injustice."
1522,
1523,said he.
1524,
1525,"THE ADVENTURE OF THE GOLDEN PINCE-NEZ

     When I look at the three massive manuscript volumes which contain our
     work for the year 1894 I confess that it is very difficult for me,
     out of such a wealth of material, to select the cases which are most
     interesting in themselves and at the same time most conducive to a
     display of those peculiar powers for which my friend was famous. As I
     turn over the pages I see my notes upon the repulsive story of the
     red leech and the terrible death of Crosby the banker. Here also I
     find an account of the Addleton tragedy and the singular contents of
     the ancient British barrow. The famous Smith-Mortimer succession case
     comes also within this period, and so does the tracking and arrest of
     Huret, the Boulevard assassin--an exploit which won for Holmes an
     autograph letter of thanks from the French President and the Order of
     the Legion of Honour. Each of these would furnish a narrative, but on
     the whole I am of opinion that none of them unite so many singular
     points of interest as the episode of Yoxley Old Place, which includes
     not only the lamentable death of young Willoughby Smith, but also
     those subsequent developments which threw so curious a light upon the
     causes of the crime.

     It was a wild, tempestuous night towards the close of November.
     Holmes and I sat together in silence all the evening, he engaged with
     a powerful lens deciphering the remains of the original inscription
     upon a palimpsest, I deep in a recent treatise upon surgery. Outside
     the wind howled down Baker Street, while the rain beat fiercely
     against the windows. It was strange there in the very depths of the
     town, with ten miles of man's handiwork on every side of us, to feel
     the iron grip of Nature, and to be conscious that to the huge
     elemental forces all London was no more than the molehills that dot
     the fields. I walked to the window and looked out on the deserted
     street. The occasional lamps gleamed on the expanse of muddy road and
     shining pavement. A single cab was splashing its way from the Oxford
     Street end."
1526,"When the light of the hall lamp fell upon our midnight visitor I had
     no difficulty in recognising him. It was young Stanley Hopkins, a
     promising detective, in whose career Holmes had several times shown a
     very practical interest."
1527,"he asked, eagerly."
1528,"In the meantime the housekeeper had also arrived upon the scene, but
     she was just too late to catch the young man's dying words. Leaving
     Susan with the body, she hurried to the Professor's room. He was
     sitting up in bed horribly agitated, for he had heard enough to
     convince him that something terrible had occurred. Mrs. Marker is
     prepared to swear that the Professor was still in his night-clothes,
     and, indeed, it was impossible for him to dress without the help of
     Mortimer, whose orders were to come at twelve o'clock. The Professor
     declares that he heard the distant cry, but that he knows nothing
     more. He can give no explanation of the young man's last words, 'The
     Professor--it was she,' but imagines that they were the outcome of
     delirium. He believes that Willoughby Smith had not an enemy in the
     world, and can give no reason for the crime. His first action was to
     send Mortimer the gardener for the local police. A little later the
     chief constable sent for me. Nothing was moved before I got there,
     and strict orders were given that no one should walk upon the paths
     leading to the house. It was a splendid chance of putting your
     theories into practice, Mr. Sherlock Holmes. There was really nothing
     wanting."
1529,"Well, let us hear about it. What sort of job did you
     make of it?"
1530,
1531,
1532,
1533,"I come now to the body of the young man. It was found near the
     bureau, and just to the left of it, as marked upon that chart. The
     stab was on the right side of the neck and from behind forwards, so
     that it is almost impossible that it could have been self-inflicted."
1534,"Unless he fell upon the knife,"
1535,"Exactly. The idea crossed my mind. But we found the knife some feet
     away from the body, so that seems impossible. Then, of course, there
     are the man's own dying words. And, finally, there was this very
     important piece of evidence which was found clasped in the dead man's
     right hand."
1536,"I can follow each of your arguments. I confess,
     however, that I am unable to understand how you arrive at the double
     visit to the optician."
1537,"that the clips are lined with tiny
     bands of cork to soften the pressure upon the nose. One of these is
     discoloured and worn to some slight extent, but the other is new.
     Evidently one has fallen off and been replaced. I should judge that
     the older of them has not been there more than a few months. They
     exactly correspond, so I gather that the lady went back to the same
     establishment for the second."
1538,"This side, sir. This narrow margin of grass between the path and the
     flower-bed. I can't see the traces now, but they were clear to me
     then."
1539,"Yes, yes; someone has passed along,"
1540,"Our lady must have picked her steps carefully, must
     she not, since on the one side she would leave a track on the path,
     and on the other an even clearer one on the soft bed?"
1541,"That is my
     magnum opus--the pile of papers on the side table yonder. It is my
     analysis of the documents found in the Coptic monasteries of Syria
     and Egypt, a work which will cut deep at the very foundations of
     revealed religion. With my enfeebled health I do not know whether I
     shall ever be able to complete it now that my assistant has been
     taken from me. Dear me, Mr. Holmes; why, you are even a quicker
     smoker than I am myself."
1542,"Well, well, you may see for yourself. If not, there's no harm done.
     Of course, we always have the optician clue to fall back upon, but I
     take a short cut when I can get it. Ah, here is the good Mrs. Marker!
     Let us enjoy five minutes of instructive conversation with her."
1543,"Yes, Mr. Holmes, it is as you say, sir. He does smoke something
     terrible. All day and sometimes all night, sir. I've seen that room
     of a morning--well, sir, you'd have thought it was a London fog. Poor
     young Mr. Smith, he was a smoker also, but not as bad as the
     Professor. His health--well, I don't know that it's better nor worse
     for the smoking."
1544,Ah!
1545,but it kills the appetite.
1546,"Well, I don't know about that, sir."
1547,"The old man sat with his mouth open staring wildly at Holmes.
     Amazement and fear were stamped upon his expressive features. Now,
     with an effort, he shrugged his shoulders and burst into insincere
     laughter."
1548,
1549,
1550,
1551,
1552,
1553,
1554,It was our visitor's turn to look surprised.
1555,"Young Overton's face assumed the bothered look of the man who is more
     accustomed to using his muscles than his wits; but by degrees, with
     many repetitions and obscurities which I may omit from his narrative,
     he laid his strange story before us."
1556,"Then they had hurried off in the manner described. It was
     just half-past ten by the hall clock."
1557,"He tore off a strip of the blotting-paper and turned towards us the
     following hieroglyphic:

     [ Picture: Several unreadable scrawls on paper ]

     Cyril Overton was much excited."
1558,he cried.
1559,
1560,
1561,"Even in his chastened frame of mind the noble miser could give us no
     information which could help us, for he knew little of the private
     life of his nephew. Our only clue lay in the truncated telegram, and
     with a copy of this in his hand Holmes set forth to find a second
     link for his chain. We had shaken off Lord Mount-James, and Overton
     had gone to consult with the other members of his team over the
     misfortune which had befallen them.

     There was a telegraph-office at a short distance from the hotel. We
     halted outside it."
1562,"said she, smoothing it out upon the
     counter."
1563,"These few inquiries proved, however, to be a more lengthy proceeding
     than Holmes had imagined, for he did not return to the inn until
     nearly nine o'clock. He was pale and dejected, stained with dust, and
     exhausted with hunger and fatigue. A cold supper was ready upon the
     table, and when his needs were satisfied and his pipe alight he was
     ready to take that half comic and wholly philosophic view which was
     natural to him when his affairs were going awry. The sound of
     carriage wheels caused him to rise and glance out of the window. A
     brougham and pair of greys under the glare of a gas-lamp stood before
     the doctor's door."
1564,"And yet the next day brought us no nearer to the solution of the
     mystery. A note was handed in after breakfast, which Holmes passed
     across to me with a smile.

     Sir [it ran]:
     I can assure you that you are wasting your time in dogging my
     movements. I have, as you discovered last night, a window at the back
     of my brougham, and if you desire a twenty-mile ride which will lead
     you to the spot from which you started, you have only to follow me.
     Meanwhile, I can inform you that no spying upon me can in any way
     help Mr. Godfrey Staunton, and I am convinced that the best service
     you can do to that gentleman is to return at once to London and to
     report to your employer that you are unable to trace him. Your time
     in Cambridge will certainly be wasted.
     Yours faithfully,
     Leslie Armstrong."
1565,"Then our friend Overton's forebodings have been justified,"
1566,"Personally I am in agreement with Dr. Armstrong, and
     football does not come within my horizon. Early to bed to-night,
     Watson, for I foresee that to-morrow may be an eventful day."
1567,"A threadbare and venerable device, but useful upon occasion. I
     walked into the doctor's yard this morning and shot my syringe full
     of aniseed over the hind wheel. A draghound will follow aniseed from
     here to John o' Groat's, and our friend Armstrong would have to drive
     through the Cam before he would shake Pompey off his trail. Oh, the
     cunning rascal! This is how he gave me the slip the other night."
1568,"This détour has been entirely for our benefit, then?"
1569,"No wonder that my inquiries among those villages led to nothing. The
     doctor has certainly played the game for all it is worth, and one
     would like to know the reason for such elaborate deception. This
     should be the village of Trumpington to the right of us. And, by
     Jove! here is the brougham coming round the corner. Quick, Watson,
     quick, or we are done!"
1570,"By Jove, the doctor is coming back!"
1571,"That settles it.
     We are bound to see what it means before he comes."
1572,"I had misjudged you. I thank
     Heaven that my compunction at leaving poor Staunton all alone in this
     plight caused me to turn my carriage back, and so to make your
     acquaintance. Knowing as much as you do, the situation is very easily
     explained. A year ago Godfrey Staunton lodged in London for a time,
     and became passionately attached to his landlady's daughter, whom he
     married. She was as good as she was beautiful, and as intelligent as
     she was good. No man need be ashamed of such a wife. But Godfrey was
     the heir to this crabbed old nobleman, and it was quite certain that
     the news of his marriage would have been the end of his inheritance.
     I knew the lad well, and I loved him for his many excellent
     qualities. I did all I could to help him to keep things straight. We
     did our very best to keep the thing from everyone, for when once such
     a whisper gets about it is not long before everyone has heard it.
     Thanks to this lonely cottage and his own discretion, Godfrey has up
     to now succeeded. Their secret was known to no one save to me and to
     one excellent servant who has at present gone for assistance to
     Trumpington. But at last there came a terrible blow in the shape of
     dangerous illness to his wife. It was consumption of the most
     virulent kind. The poor boy was half crazed with grief, and yet he
     had to go to London to play this match, for he could not get out of
     it without explanations which would expose his secret. I tried to
     cheer him up by a wire, and he sent me one in reply imploring me to
     do all I could. This was the telegram which you appear in some
     inexplicable way to have seen. I did not tell him how urgent the
     danger was, for I knew that he could do no good here, but I sent the
     truth to the girl's father, and he very injudiciously communicated it
     to Godfrey. The result was that he came straight away in a state
     bordering on frenzy, and has remained in the same state, kneeling at
     the end of her bed, until this morning death put an end to her
     sufferings. That is all, Mr. Holmes, and I am sure that I can rely
     upon your discretion and that of your friend."
1573,
1574,
1575,
1576,"that you have not come to cross-examine me
     again?"
1577,"No,"
1578,"I will not cause you
     any unnecessary trouble, Lady Brackenstall, and my whole desire is to
     make things easy for you, for I am convinced that you are a
     much-tried woman. If you will treat me as a friend and trust me you
     may find that I will justify your trust."
1579,"I got your telegram, and I came at the hour you said. I heard that
     you had been down to the office. There was no getting away from you.
     Let's hear the worst. What are you going to do with me? Arrest me?
     Speak out, man! You can't sit there and play with me like a cat with
     a mouse."
1580,"Give him a cigar,"
1581,"Bite on that, Captain Croker, and
     don't let your nerves run away with you. I should not sit here
     smoking with you if I thought that you were a common criminal, you
     may be sure of that. Be frank with me, and we may do some good. Play
     tricks with me, and I'll crush you."
1582,"Mr. Holmes, the envelope is a long, thin one of pale blue colour.
     There is a seal of red wax stamped with a crouching lion. It is
     addressed in large, bold handwriting to--"
1583,"I fear, sir,"
1584,"that, interesting and indeed essential
     as these details are, my inquiries must go more to the root of
     things. What was the letter?"
1585,"Well, Watson, what do you make of this?"
1586,It is an amazing coincidence.
1587,"Now, Watson, the fair sex is your department,"
1588,Seen the Paris news?
1589,"Our French friends seem to have touched the spot this time. No doubt
     it's just as they say. She knocked at the door--surprise visit, I
     guess, for he kept his life in water-tight compartments. He let her
     in--couldn't keep her in the street. She told him how she had traced
     him, reproached him, one thing led to another, and then with that
     dagger so handy the end soon came. It wasn't all done in an instant,
     though, for these chairs were all swept over yonder, and he had one
     in his hand as if he had tried to hold her off with it. We've got it
     all clear as if we had seen it."
1590,"Now, Watson, now!"
1591,"It was just growing dusk at the time. They were lighting the lamps
     as I came back with the brandy."
1592,"Very good,"
1593,"Come, Watson, I think that we have more
     important work elsewhere."
1594,"Good Lord, sir!"
1595,"this is surely most unfair and ungenerous upon your
     part. I desired, as I have explained, to keep my visit to you a
     secret, lest my husband should think that I was intruding into his
     affairs. And yet you compromise me by coming here and so showing that
     there are business relations between us."
1596,"He will be home, sir, at a quarter to one."
1597,"Very good, I shall wait."
1598,"Now we are ready for him,"
1599,"we have still ten minutes.
     I am going far to screen you, Lady Hilda. In return you will spend
     the time in telling me frankly the real meaning of this extraordinary
     affair."
1600,"Mr. Holmes, I will tell you everything,"
1601,"Oh, Mr.
     Holmes, I would cut off my right hand before I gave him a moment of
     sorrow! There is no woman in all London who loves her husband as I
     do, and yet if he knew how I have acted--how I have been compelled to
     act--he would never forgive me. For his own honour stands so high
     that he could not forget or pardon a lapse in another. Help me, Mr.
     Holmes! My happiness, his happiness, our very lives are at stake!"
1602,I have some hopes.
1603,"Ah, thank heaven!"
1604,"I have inquired at
     every point where it might be, and I am sure that there is no danger
     to be apprehended."
1605,"There is more in this than meets the eye. How
     came the letter back in the box?"
1606,I am inclined to think--
1607,"I should do so,"
1608,"you are a little trying at
     times."
1609,"I was about to say, as he is unknown to the public."
1610,A touch! A distinct touch!
1611,"You are developing a
     certain unexpected vein of pawky humour, Watson, against which I must
     learn to guard myself. But in calling Moriarty a criminal you are
     uttering libel in the eyes of the law--and there lie the glory and
     the wonder of it! The greatest schemer of all time, the organizer of
     every deviltry, the controlling brain of the underworld, a brain
     which might have made or marred the destiny of nations--that's the
     man! But so aloof is he from general suspicion, so immune from
     criticism, so admirable in his management and self-effacement, that
     for those very words that you have uttered he could hale you to a
     court and emerge with your year's pension as a solatium for his
     wounded character. Is he not the celebrated author of The Dynamics of
     an Asteroid, a book which ascends to such rarefied heights of pure
     mathematics that it is said that there was no man in the scientific
     press capable of criticizing it? Is this a man to traduce?
     Foul-mouthed doctor and slandered professor--such would be your
     respective roles! That's genius, Watson. But if I am spared by lesser
     men, our day will surely come."
1612,"The same writing,"
1613,"and
     actually signed,"
1614,"Dear me, this is very disappointing! I fear, Watson, that all our
     expectations come to nothing. I trust that the man Porlock will come
     to no harm."
1615,"I will go no further in this matter. It is too dangerous--he
     suspects me. I can see that he suspects me. He came to me quite
     unexpectedly after I had actually addressed this envelope with the
     intention of sending you the key to the cipher. I was able to cover
     it up. If he had seen it, it would have gone hard with me. But I read
     suspicion in his eyes. Please burn the cipher message, which can now
     be of no use to you."
1616,said I.
1617,
1618,said Holmes.
1619,cried the inspector.
1620,The inspector's eyes grew abstracted.
1621,
1622,
1623,"Official requisition for your services is in separate envelope. This
     is for your private eye. Wire me what train in the morning you can
     get for Birlstone, and I will meet it--or have it met if I am too
     occupied. This case is a snorter. Don't waste a moment in getting
     started. If you can bring Mr. Holmes, please do so; for he will find
     something after his own heart. We would think the whole thing had
     been fixed up for theatrical effect if there wasn't a dead man in the
     middle of it. My word! it is a snorter."
1624,"Your friend seems to be no fool,"
1625,"No, sir, White Mason is a very live man, if I am any judge."
1626,"most remarkable!
     I can hardly recall any case where the features have been more
     peculiar."
1627,"We're well up with the times in Sussex. I've told you now
     how matters were, up to the time when I took over from Sergeant
     Wilson between three and four this morning. My word! I made the old
     mare go! But I need not have been in such a hurry, as it turned out;
     for there was nothing immediate that I could do. Sergeant Wilson had
     all the facts. I checked them and considered them and maybe added a
     few of my own."
1628,What were they?
1629,"Well, I first had the hammer examined. There was Dr. Wood there to
     help me. We found no signs of violence upon it. I was hoping that if
     Mr. Douglas defended himself with the hammer, he might have left his
     mark upon the murderer before he dropped it on the mat. But there was
     no stain."
1630,"Quite so. It doesn't prove it wasn't used. But there might have been
     stains, and that would have helped us. As a matter of fact there were
     none. Then I examined the gun. They were buckshot cartridges, and, as
     Sergeant Wilson pointed out, the triggers were wired together so
     that, if you pulled on the hinder one, both barrels were discharged.
     Whoever fixed that up had made up his mind that he was going to take
     no chances of missing his man. The sawed gun was not more than two
     foot long--one could carry it easily under one's coat. There was no
     complete maker's name; but the printed letters P-E-N were on the
     fluting between the barrels, and the rest of the name had been cut
     off by the saw."
1631,"A big P with a flourish above it, E and N smaller?"
1632,Exactly.
1633,"Pennsylvania Small Arms Company--well-known American firm,"
1634,"I'm asking you to conseedar what it involves if you
     suppose that this gun was ever brought into the house, and that all
     these strange things were done by a person from outside. Oh, man,
     it's just inconceivable! It's clean against common sense! I put it to
     you, Mr. Holmes, judging it by what we have heard."
1635,"Well, state your case, Mr. Mac,"
1636,"The man is not a burglar, supposing that he ever existed. The ring
     business and the card point to premeditated murder for some private
     reason. Very good. Here is a man who slips into a house with the
     deliberate intention of committing murder. He knows, if he knows
     anything, that he will have a deeficulty in making his escape, as the
     house is surrounded with water. What weapon would he choose? You
     would say the most silent in the world. Then he could hope when the
     deed was done to slip quickly from the window, to wade the moat, and
     to get away at his leisure. That's understandable. But is it
     understandable that he should go out of his way to bring with him the
     most noisy weapon he could select, knowing well that it will fetch
     every human being in the house to the spot as quick as they can run,
     and that it is all odds that he will be seen before he can get across
     the moat? Is that credible, Mr. Holmes?"
1637,"He
     plays the game."
1638,"My own idea of the game, at any rate,"
1639,"I
     go into a case to help the ends of justice and the work of the
     police. If I have ever separated myself from the official force, it
     is because they have first separated themselves from me. I have no
     wish ever to score at their expense. At the same time, Mr. White
     Mason, I claim the right to work in my own way and give my results at
     my own time--complete rather than in stages."
1640,"There is
     nothing there, no sign that anyone has landed--but why should he
     leave any sign?"
1641,"Well, then, everyone is agreed that after the alarm was given only a
     minute at the most had passed before the whole household--not Mr.
     Cecil Barker alone, though he claims to have been the first, but Ames
     and all of them were on the spot. Do you tell me that in that time
     the guilty person managed to make footmarks in the corner, open the
     window, mark the sill with blood, take the wedding ring off the dead
     man's finger, and all the rest of it? It's impossible!"
1642,"You put it very clearly,"
1643,"I am inclined to agree with
     you."
1644,"Well, then, we are driven back to the theory that it was done by
     someone from outside. We are still faced with some big difficulties;
     but anyhow they have ceased to be impossibilities. The man got into
     the house between four-thirty and six; that is to say, between dusk
     and the time when the bridge was raised. There had been some
     visitors, and the door was open; so there was nothing to prevent him.
     He may have been a common burglar, or he may have had some private
     grudge against Mr. Douglas. Since Mr. Douglas has spent most of his
     life in America, and this shotgun seems to be an American weapon, it
     would seem that the private grudge is the more likely theory. He
     slipped into this room because it was the first he came to, and he
     hid behind the curtain. There he remained until past eleven at night.
     At that time Mr. Douglas entered the room. It was a short interview,
     if there were any interview at all; for Mrs. Douglas declares that
     her husband had not left her more than a few minutes when she heard
     the shot."
1645,"The candle shows that,"
1646,"Exactly. The candle, which was a new one, is not burned more than
     half an inch. He must have placed it on the table before he was
     attacked; otherwise, of course, it would have fallen when he fell.
     This shows that he was not attacked the instant that he entered the
     room. When Mr. Barker arrived the candle was lit and the lamp was
     out."
1647,Did you ever know him to cut himself in shaving before?
1648,"Not for a very long time, sir."
1649,Suggestive!
1650,"It may, of course, be a mere coincidence,
     or it may point to some nervousness which would indicate that he had
     reason to apprehend danger. Had you noticed anything unusual in his
     conduct, yesterday, Ames?"
1651,"I don't know, Mr. Holmes. There may have been only one. I have not
     noticed them for months."
1652,One dumb-bell--
1653,I wonder!
1654,"For the time,"
1655,"Then perhaps you would now like to hear the evidence of some of the
     people in the house. We could use the dining-room, Ames. Please come
     yourself first and tell us what you know."
1656,"There was one small point,"
1657,"When you
     entered the room there was only a candle lighted on the table, was
     there not?"
1658,"The candle
     threw a very bad light. My first thought was to get a better one. The
     lamp was on the table; so I lit it."
1659,And blew out the candle?
1660,Exactly.
1661,"Can a husband ever carry
     about a secret all his life and a woman who loves him have no
     suspicion of it? I knew it by his refusal to talk about some episodes
     in his American life. I knew it by certain precautions he took. I
     knew it by certain words he let fall. I knew it by the way he looked
     at unexpected strangers. I was perfectly certain that he had some
     powerful enemies, that he believed they were on his track, and that
     he was always on his guard against them. I was so sure of it that for
     years I have been terrified if ever he came home later than was
     expected."
1662,"Might I ask,"
1663,"what the words were which attracted
     your attention?"
1664,"The Valley of Fear,"
1665,"He is his own
     master, and would act as his own judgment directed. At the same time,
     he would naturally feel loyalty towards the officials who were
     working on the same case, and he would not conceal from them anything
     which would help them in bringing a criminal to justice. Beyond this
     I can say nothing, and I would refer you to Mr. Holmes himself if you
     wanted fuller information."
1666,"I wish none of their confidences,"
1667,"There is an appalling directness about your questions, Watson,"
1668,"They come at me like bullets. If you
     put it that Mrs. Douglas and Barker know the truth about the murder,
     and are conspiring to conceal it, then I can give you a whole-souled
     answer. I am sure they do. But your more deadly proposition is not so
     clear. Let us for a moment consider the difficulties which stand in
     the way."
1669,
1670,
1671,
1672,
1673,
1674,
1675,
1676,
1677,"he said, and not another word would he utter that
     night.





          CHAPTER VII
          The Solution


     Next morning, after breakfast, we found Inspector MacDonald and White
     Mason seated in close consultation in the small parlour of the local
     police sergeant. On the table in front of them were piled a number of
     letters and telegrams, which they were carefully sorting and
     docketing. Three had been placed on one side."
1678,MacDonald pointed ruefully to his heap of correspondence.
1679,
1680,he said at last.
1681,"cried MacDonald, rising angrily
     from his chair."
1682,"Possess our souls in patience and make as little noise as possible,"
1683,"What are we here for at all? I really think that you might treat us
     with more frankness."
1684,"I have no more notion than you how long it is to last,"
1685,"If criminals would always schedule
     their movements like railway trains, it would certainly be more
     convenient for all of us. As to what it is we--Well, that's what we
     are watching for!"
1686,Now!
1687,Now!
1688,What the devil is the meaning of all this?
1689,You put it there! You!
1690,"Perhaps I should have said 'replaced it there,'"
1691,"You
     will remember, Inspector MacDonald, that I was somewhat struck by the
     absence of a dumb-bell. I drew your attention to it; but with the
     pressure of other events you had hardly the time to give it the
     consideration which would have enabled you to draw deductions from
     it. When water is near and a weight is missing it is not a very
     far-fetched supposition that something has been sunk in the water.
     The idea was at least worth testing; so with the help of Ames, who
     admitted me to the room, and the crook of Dr. Watson's umbrella, I
     was able last night to fish up and inspect this bundle."
1692,"he remarked,
     pointing to the toes. Then he laid upon the table a long, deadly,
     sheathed knife. Finally he unravelled a bundle of clothing,
     comprising a complete set of underclothes, socks, a gray tweed suit,
     and a short yellow overcoat."
1693,
1694,his wife repeated;
1695,
1696,"The man stood blinking at us with the dazed look of one who comes
     from the dark into the light. It was a remarkable face, bold gray
     eyes, a strong, short-clipped, grizzled moustache, a square,
     projecting chin, and a humorous mouth. He took a good look at us all,
     and then to my amazement he advanced to me and handed me a bundle of
     paper."
1697,
1698,
1699,
1700,"Two months had gone by, and the case had to some extent passed from
     our minds. Then one morning there came an enigmatic note slipped into
     our letter box."
1701,"he remarked, and sat long with a clouded brow.

     Late last night Mrs. Hudson, our landlady, brought up a message that
     a gentleman wished to see Holmes, and that the matter was of the
     utmost importance. Close at the heels of his messenger came Cecil
     Barker, our friend of the moated Manor House. His face was drawn and
     haggard."
1702,said he.
1703,said Holmes.
1704,
1705,"Jack has been lost overboard in gale off St. Helena. No one knows
     how accident occurred."
1706,
1707,
1708,
1709,
1710,"that Dr. Mortimer is a successful, elderly medical man,
     well-esteemed since those who know him give him this mark of their
     appreciation."
1711,Good!
1712,Excellent!
1713,"I think also that the probability is in favour of his being a
     country practitioner who does a great deal of his visiting on foot."
1714,"Because this stick, though originally a very handsome one has been
     so knocked about that I can hardly imagine a town practitioner
     carrying it. The thick-iron ferrule is worn down, so it is evident
     that he has done a great amount of walking with it."
1715,Perfectly sound!
1716,"And then again, there is the 'friends of the C.C.H.' I should guess
     that to be the Something Hunt, the local hunt to whose members he has
     possibly given some surgical assistance, and which has made him a
     small presentation in return."
1717,"Really, Watson, you excel yourself,"
1718,"I am bound to say that in all the
     accounts which you have been so good as to give of my own small
     achievements you have habitually underrated your own abilities. It
     may be that you are not yourself luminous, but you are a conductor of
     light. Some people without possessing genius have a remarkable power
     of stimulating it. I confess, my dear fellow, that I am very much in
     your debt."
1719,"Mortimer, James, M.R.C.S., 1882, Grimpen, Dartmoor, Devon.
     House-surgeon, from 1882 to 1884, at Charing Cross Hospital. Winner
     of the Jackson prize for Comparative Pathology, with essay entitled
     'Is Disease a Reversion?' Corresponding member of the Swedish
     Pathological Society. Author of 'Some Freaks of Atavism' (Lancet
     1882). 'Do We Progress?' (Journal of Psychology, March, 1883).
     Medical Officer for the parishes of Grimpen, Thorsley, and High
     Barrow."
1720,"No mention of that local hunt, Watson,"
1721,"but a country doctor, as you very astutely
     observed. I think that I am fairly justified in my inferences. As to
     the adjectives, I said, if I remember right, amiable, unambitious,
     and absent-minded. It is my experience that it is only an amiable man
     in this world who receives testimonials, only an unambitious one who
     abandons a London career for the country, and only an absent-minded
     one who leaves his stick and not his visiting-card after waiting an
     hour in your room."
1722,"I was not sure whether I had left it here or in the
     Shipping Office. I would not lose that stick for the world."
1723,"A presentation, I see,"
1724,"Yes, sir."
1725,From Charing Cross Hospital?
1726,From one or two friends there on the occasion of my marriage.
1727,"Dear, dear, that's bad!"
1728,"Yes, sir. I married, and so left the hospital, and with it all hopes
     of a consulting practice. It was necessary to make a home of my own."
1729,"Come, come, we are not so far wrong, after all,"
1730,"And
     now, Dr. James Mortimer--"
1731,"Mister, sir, Mister--a humble M.R.C.S."
1732,"Indeed, sir! May I inquire who has the honour to be the first?"
1733,"To the man of precisely scientific mind the work of Monsieur
     Bertillon must always appeal strongly."
1734,"I said, sir, to the precisely scientific mind. But as a practical
     man of affairs it is acknowledged that you stand alone. I trust, sir,
     that I have not inadvertently--"
1735,"Just a little,"
1736,"I think, Dr. Mortimer, you would do
     wisely if without more ado you would kindly tell me plainly what the
     exact nature of the problem is in which you demand my assistance."
1737,"I observed it as you entered the room,"
1738,It is an old manuscript.
1739,"Early eighteenth century, unless it is a forgery."
1740,
1741,"Why, yes,"
1742,Who knew that you were going to the Northumberland Hotel?
1743,No one could have known. We only decided after I met Dr. Mortimer.
1744,"Now,"
1745,"You shall share our knowledge before you leave this room, Sir Henry.
     I promise you that,"
1746,"We will confine ourselves
     for the present with your permission to this very interesting
     document, which must have been put together and posted yesterday
     evening. Have you yesterday's Times, Watson?"
1747,"What do you think of that, Watson?"
1748,"Don't you think that
     is an admirable sentiment?"
1749,"But this is my special hobby, and the differences are equally
     obvious. There is as much difference to my eyes between the leaded
     bourgeois type of a Times article and the slovenly print of an
     evening half-penny paper as there could be between your negro and
     your Esquimau. The detection of types is one of the most elementary
     branches of knowledge to the special expert in crime, though I
     confess that once when I was very young I confused the Leeds Mercury
     with the Western Morning News. But a Times leader is entirely
     distinctive, and these words could have been taken from nothing else.
     As it was done yesterday the strong probability was that we should
     find the words in yesterday's issue."
1750,someone cut out this message with a scissors--
1751,"Nail-scissors,"
1752,"You can see that it was a very
     short-bladed scissors, since the cutter had to take two snips over
     'keep away.'"
1753,"That is so. Someone, then, cut out the message with a pair of
     short-bladed scissors, pasted it with paste--"
1754,"Gum,"
1755,"With gum on to the paper. But I want to know why the word 'moor'
     should have been written?"
1756,"It is a blank half-sheet of
     paper, without even a water-mark upon it. I think we have drawn as
     much as we can from this curious letter; and now, Sir Henry, has
     anything else of interest happened to you since you have been in
     London?"
1757,"Well, he asked me for anything outside the ordinary routine."
1758,"Exactly,"
1759,"however foolish the incident may seem. You
     have lost one of your boots, you say?"
1760,"I did a good deal of shopping. Dr. Mortimer here went round with me.
     You see, if I am to be squire down there I must dress the part, and
     it may be that I have got a little careless in my ways out West.
     Among other things I bought these brown boots--gave six dollars for
     them--and had one stolen before ever I had them on my feet."
1761,"It seems a singularly useless thing to steal,"
1762,"I confess that I share Dr. Mortimer's belief that it will not be
     long before the missing boot is found."
1763,"it seems to
     me that I have spoken quite enough about the little that I know. It
     is time that you kept your promise and gave me a full account of what
     we are all driving at."
1764,"Your request is a very reasonable one,"
1765,"Dr.
     Mortimer, I think you could not do better than to tell your story as
     you told it to us."
1766,"It seems to show that someone knows more than we do about what goes
     on upon the moor,"
1767,"And also,"
1768,"that someone is not ill-disposed towards
     you, since they warn you of danger."
1769,There now!
1770,"There is no object in our following them,"
1771,"The shadow
     has departed and will not return. We must see what further cards we
     have in our hands and play them with decision. Could you swear to
     that man's face within the cab?"
1772,"Let me have the Hotel Directory,"
1773,"Thank you! Now,
     Cartwright, there are the names of twenty-three hotels here, all in
     the immediate neighbourhood of Charing Cross. Do you see?"
1774,He asked me to show you up at once when you came.
1775,Have you any objection to my looking at your register?
1776,Not in the least.
1777,"Surely that must be the same Johnson whom I used to know,"
1778,"A lawyer, is he not, gray-headed, and walks
     with a limp?"
1779,"I just don't attempt to explain it. It seems the very maddest,
     queerest thing that ever happened to me."
1780,The queerest perhaps--
1781,What do you make of it yourself?
1782,"Well, I don't profess to understand it yet. This case of yours is
     very complex, Sir Henry. When taken in conjunction with your uncle's
     death I am not sure that of all the five hundred cases of capital
     importance which I have handled there is one which cuts so deep. But
     we hold several threads in our hands, and the odds are that one or
     other of them guides us to the truth. We may waste time in following
     the wrong one, but sooner or later we must come upon the right."
1783,To go to Baskerville Hall.
1784,And when?
1785,At the end of the week.
1786,"On the whole,"
1787,"I think that your decision is a wise
     one. I have ample evidence that you are being dogged in London, and
     amid the millions of this great city it is difficult to discover who
     these people are or what their object can be. If their intentions are
     evil they might do you a mischief, and we should be powerless to
     prevent it. You did not know, Dr. Mortimer, that you were followed
     this morning from my house?"
1788,That is true.
1789,Did Barrymore profit at all by Sir Charles's will?
1790,He and his wife had five hundred pounds each.
1791,Ha! Did they know that they would receive this?
1792,"I do not know how I could
     employ my time better."
1793,"And you will report very carefully to me,"
1794,"When a
     crisis comes, as it will do, I will direct how you shall act. I
     suppose that by Saturday all might be ready?"
1795,My missing boot!
1796,May all our difficulties vanish as easily!
1797,"But it is a very singular thing,"
1798,"I searched
     this room carefully before lunch."
1799,"I've driven my cab this seven
     years and never a word of complaint. I came here straight from the
     Yard to ask you to your face what you had against me."
1800,"I have nothing in the world against you, my good man,"
1801,"On the contrary, I have half a sovereign for you if you will give me
     a clear answer to my questions."
1802,"Oh, he mentioned his
     name, did he? That was imprudent. What was the name that he
     mentioned?"
1803,"His name,"
1804,"He hailed me at half-past nine in Trafalgar Square. He said that he
     was a detective, and he offered me two guineas if I would do exactly
     what he wanted all day and ask no questions. I was glad enough to
     agree. First we drove down to the Northumberland Hotel and waited
     there until two gentlemen came out and took a cab from the rank. We
     followed their cab until it pulled up somewhere near here."
1805,"This very door,"
1806,"Well, I couldn't be sure of that, but I dare say my fare knew all
     about it. We pulled up half-way down the street and waited an hour
     and a half. Then the two gentlemen passed us, walking, and we
     followed down Baker Street and along--"
1807,"I know,"
1808,"Until we got three-quarters down Regent Street. Then my gentleman
     threw up the trap, and he cried that I should drive right away to
     Waterloo Station as hard as I could go. I whipped up the mare and we
     were there under the ten minutes. Then he paid up his two guineas,
     like a good one, and away he went into the station. Only just as he
     was leaving he turned round and he said: 'It might interest you to
     know that you have been driving Mr. Sherlock Holmes.' That's how I
     come to know the name."
1809,"But
     we had no trouble of any kind."
1810,"It was imprudent, all the same,"
1811,"I beg, Sir Henry, that you will not go about
     alone. Some great misfortune will befall you if you do. Did you get
     your other boot?"
1812,Sir Henry put his hand upon my shoulder with a pleasant smile.
1813,
1814,"CHAPTER XII
          Death on the Moor


     For a moment or two I sat breathless, hardly able to believe my ears.
     Then my senses and my voice came back to me, while a crushing weight
     of responsibility seemed in an instant to be lifted from my soul.
     That cold, incisive, ironical voice could belong to but one man in
     all the world."
1815,I cried--
1816,
1817,"said he,"
1818,"I stooped under the rude lintel, and there he sat upon a stone
     outside, his gray eyes dancing with amusement as they fell upon my
     astonished features. He was thin and worn, but clear and alert, his
     keen face bronzed by the sun and roughened by the wind. In his tweed
     suit and cloth cap he looked like any other tourist upon the moor,
     and he had contrived, with that cat-like love of personal cleanliness
     which was one of his characteristics, that his chin should be as
     smooth and his linen as perfect as if he were in Baker Street."
1819,"The last red streaks had faded away in the west and night had settled
     upon the moor. A few faint stars were gleaming in a violet sky."
1820,"Again the agonized cry swept through the silent night, louder and
     much nearer than ever. And a new sound mingled with it, a deep,
     muttered rumble, musical and yet menacing, rising and falling like
     the low, constant murmur of the sea."
1821,"He had started running swiftly over the moor, and I had followed at
     his heels. But now from somewhere among the broken ground immediately
     in front of us there came one last despairing yell, and then a dull,
     heavy thud. We halted and listened. Not another sound broke the heavy
     silence of the windless night.

     I saw Holmes put his hand to his forehead like a man distracted. He
     stamped his feet upon the ground."
1822,"A low moan had fallen upon our ears. There it was again upon our
     left! On that side a ridge of rocks ended in a sheer cliff which
     overlooked a stone-strewn slope. On its jagged face was spread-eagled
     some dark, irregular object. As we ran towards it the vague outline
     hardened into a definite shape. It was a prostrate man face downward
     upon the ground, the head doubled under him at a horrible angle, the
     shoulders rounded and the body hunched together as if in the act of
     throwing a somersault. So grotesque was the attitude that I could not
     for the instant realize that that moan had been the passing of his
     soul. Not a whisper, not a rustle, rose now from the dark figure over
     which we stooped. Holmes laid his hand upon him, and held it up
     again, with an exclamation of horror. The gleam of the match which he
     struck shone upon his clotted fingers and upon the ghastly pool which
     widened slowly from the crushed skull of the victim. And it shone
     upon something else which turned our hearts sick and faint within
     us--the body of Sir Henry Baskerville!

     There was no chance of either of us forgetting that peculiar ruddy
     tweed suit--the very one which he had worn on the first morning that
     we had seen him in Baker Street. We caught the one clear glimpse of
     it, and then the match flickered and went out, even as the hope had
     gone out of our souls. Holmes groaned, and his face glimmered white
     through the darkness."
1823,"--his eyes darted again
     from my face to Holmes's--"
1824,
1825,
1826,
1827,
1828,"And so it was arranged. Resisting Stapleton's offer of hospitality,
     Holmes and I set off to Baskerville Hall, leaving the naturalist to
     return alone. Looking back we saw the figure moving slowly away over
     the broad moor, and behind him that one black smudge on the silvered
     slope which showed where the man was lying who had come so horribly
     to his end.





          CHAPTER XIII
          Fixing the Nets"
1829,
1830,I gazed with interest and some surprise upon the portrait.
1831,
1832,
1833,"Mrs. Lyons had resumed her seat. Her hands were grasping the arms of
     her chair, and I saw that the pink nails had turned white with the
     pressure of her grip."
1834,"The fierce
     flash of her eyes said more than any words."
1835,"She glanced at them, and then looked up at us with the set, rigid
     face of a desperate woman."
1836,
1837,
1838,"The London express came roaring into the station, and a small, wiry
     bulldog of a man had sprung from a first-class carriage. We all three
     shook hands, and I saw at once from the reverential way in which
     Lestrade gazed at my companion that he had learned a good deal since
     the days when they had first worked together. I could well remember
     the scorn which the theories of the reasoner used then to excite in
     the practical man."
1839,he asked.
1840,"I tiptoed down the path and stooped behind the low wall which
     surrounded the stunted orchard. Creeping in its shadow I reached a
     point whence I could look straight through the uncurtained window.

     There were only two men in the room, Sir Henry and Stapleton. They
     sat with their profiles towards me on either side of the round table.
     Both of them were smoking cigars, and coffee and wine were in front
     of them. Stapleton was talking with animation, but the baronet looked
     pale and distrait. Perhaps the thought of that lonely walk across the
     ill-omened moor was weighing heavily upon his mind.

     As I watched them Stapleton rose and left the room, while Sir Henry
     filled his glass again and leaned back in his chair, puffing at his
     cigar. I heard the creak of a door and the crisp sound of boots upon
     gravel. The steps passed along the path on the other side of the wall
     under which I crouched. Looking over, I saw the naturalist pause at
     the door of an out-house in the corner of the orchard. A key turned
     in a lock, and as he passed in there was a curious scuffling noise
     from within. He was only a minute or so inside, and then I heard the
     key turn once more and he passed me and re-entered the house. I saw
     him rejoin his guest, and I crept quietly back to where my companions
     were waiting to tell them what I had seen."
1841,
1842,"So as the fog-bank flowed onward we fell back before it until we were
     half a mile from the house, and still that dense white sea, with the
     moon silvering its upper edge, swept slowly and inexorably on."
1843,"A sound of quick steps broke the silence of the moor. Crouching among
     the stones we stared intently at the silver-tipped bank in front of
     us. The steps grew louder, and through the fog, as through a curtain,
     there stepped the man whom we were awaiting. He looked round him in
     surprise as he emerged into the clear, starlit night. Then he came
     swiftly along the path, passed close to where we lay, and went on up
     the long slope behind us. As he walked he glanced continually over
     either shoulder, like a man who is ill at ease."
1844,
1845,"In mere size and strength it was a terrible creature which was lying
     stretched before us. It was not a pure bloodhound and it was not a
     pure mastiff; but it appeared to be a combination of the two--gaunt,
     savage, and as large as a small lioness. Even now, in the stillness
     of death, the huge jaws seemed to be dripping with a bluish flame and
     the small, deep-set, cruel eyes were ringed with fire. I placed my
     hand upon the glowing muzzle, and as I held them up my own fingers
     smouldered and gleamed in the darkness."
1846,I said.
1847,"He tried to stagger to his feet; but he was still ghastly pale and
     trembling in every limb. We helped him to a rock, where he sat
     shivering with his face buried in his hands."
1848,The brute!
1849,"Here, Lestrade, your brandy-bottle! Put
     her in the chair! She has fainted from ill-usage and exhaustion."
1850,"You bear him no good will, madam,"
1851,"Tell us then where
     we shall find him. If you have ever aided him in evil, help us now
     and so atone."
1852,"No one could find his way into the Grimpen Mire
     to-night."
1853,A dog!
1854,"By Jove, a curly-haired spaniel. Poor Mortimer
     will never see his pet again. Well, I do not know that this place
     contains any secret which we have not already fathomed. He could hide
     his hound, but he could not hush its voice, and hence came those
     cries which even in daylight were not pleasant to hear. On an
     emergency he could keep the hound in the out-house at Merripit, but
     it was always a risk, and it was only on the supreme day, which he
     regarded as the end of all his efforts, that he dared do it. This
     paste in the tin is no doubt the luminous mixture with which the
     creature was daubed. It was suggested, of course, by the story of the
     family hell-hound, and by the desire to frighten old Sir Charles to
     death. No wonder the poor devil of a convict ran and screamed, even
     as our friend did, and as we ourselves might have done, when he saw
     such a creature bounding through the darkness of the moor upon his
     track. It was a cunning device, for, apart from the chance of driving
     your victim to his death, what peasant would venture to inquire too
     closely into such a creature should he get sight of it, as many have
     done, upon the moor? I said it in London, Watson, and I say it again
     now, that never yet have we helped to hunt down a more dangerous man
     than he who is lying yonder"
1855,"The whole course of events,"
1856,"from the point of view of
     the man who called himself Stapleton was simple and direct, although
     to us, who had no means in the beginning of knowing the motives of
     his actions and could only learn part of the facts, it all appeared
     exceedingly complex. I have had the advantage of two conversations
     with Mrs. Stapleton, and the case has now been so entirely cleared up
     that I am not aware that there is anything which has remained a
     secret to us. You will find a few notes upon the matter under the
     heading B in my indexed list of cases."
1857,"My practice has extended recently to the Continent,"
1858,"I was consulted
     last week by Francois Le Villard, who, as you probably know, has come
     rather to the front lately in the French detective service. He has
     all the Celtic power of quick intuition, but he is deficient in the
     wide range of exact knowledge which is essential to the higher
     developments of his art. The case was concerned with a will, and
     possessed some features of interest. I was able to refer him to two
     parallel cases, the one at Riga in 1857, and the other at St. Louis
     in 1871, which have suggested to him the true solution. Here is the
     letter which I had this morning acknowledging my assistance."
1859,"He speaks as a pupil to his master,"
1860,"Oh, he rates my assistance too highly,"
1861,"He has considerable gifts himself. He possesses two out of
     the three qualities necessary for the ideal detective. He has the
     power of observation and that of deduction. He is only wanting in
     knowledge; and that may come in time. He is now translating my small
     works into French."
1862,"I could not have believed
     that you would have descended to this. You have made inquires into
     the history of my unhappy brother, and you now pretend to deduce this
     knowledge in some fanciful way. You cannot expect me to believe that
     you have read all this from his old watch! It is unkind, and, to
     speak plainly, has a touch of charlatanism in it."
1863,"because you once enabled
     my employer, Mrs. Cecil Forrester, to unravel a little domestic
     complication. She was much impressed by your kindness and skill."
1864,The date?
1865,"He disappeared upon the 3d of December, 1878,--nearly ten years
     ago."
1866,"Only one that we know of,--Major Sholto, of his own regiment, the
     34th Bombay Infantry. The major had retired some little time before,
     and lived at Upper Norwood. We communicated with him, of course, but
     he did not even know that his brother officer was in England."
1867,"A singular case,"
1868,"I have not yet described to you the most singular part. About six
     years ago--to be exact, upon the 4th of May, 1882--an advertisement
     appeared in the Times asking for the address of Miss Mary Morstan and
     stating that it would be to her advantage to come forward. There was
     no name or address appended. I had at that time just entered the
     family of Mrs. Cecil Forrester in the capacity of governess. By her
     advice I published my address in the advertisement column. The same
     day there arrived through the post a small card-board box addressed
     to me, which I found to contain a very large and lustrous pearl. No
     word of writing was enclosed. Since then every year upon the same
     date there has always appeared a similar box, containing a similar
     pearl, without any clue as to the sender. They have been pronounced
     by an expert to be of a rare variety and of considerable value. You
     can see for yourselves that they are very handsome."
1869,"Your statement is most interesting,"
1870,"Has
     anything else occurred to you?"
1871,"Yes, and no later than to-day. That is why I have come to you.  This
     morning I received this letter, which you will perhaps read for
     yourself."
1872,"Thank you,"
1873,"The envelope too, please. Postmark,
     London, S.W. Date, July 7. Hum! Man's thumb-mark on corner,--probably
     postman. Best quality paper. Envelopes at sixpence a packet.
     Particular man in his stationery. No address. 'Be at the third pillar
     from the left outside the Lyceum Theatre to-night at seven o'clock.
     If you are distrustful, bring two friends. You are a wronged woman,
     and shall have justice. Do not bring police. If you do, all will be
     in vain. Your unknown friend.' Well, really, this is a very pretty
     little mystery.  What do you intend to do, Miss Morstan?"
1874,"I have led a retired life,
     and have no friends whom I could appeal to. If I am here at six it
     will do, I suppose?"
1875,"You must not be later,"
1876,"There is one other point,
     however. Is this handwriting the same as that upon the pearl-box
     addresses?"
1877,"A man of business habits
     and some force of character."
1878,"They
     hardly rise above the common herd. That d might be an a, and that l
     an e. Men of character always differentiate their long letters,
     however illegibly they may write. There is vacillation in his k's and
     self-esteem in his capitals. I am going out now. I have some few
     references to make. Let me recommend this book,--one of the most
     remarkable ever penned. It is Winwood Reade's Martyrdom of Man. I
     shall be back in an hour."
1879,"There are difficulties; there are certainly difficulties,"
1880,"But our expedition of to-night will
     solve them all. Ah, here is a four-wheeler, and Miss Morstan is
     inside. Are you all ready? Then we had better go down, for it is a
     little past the hour."
1881,"Have you your stethoscope?
     Might I ask you--would you have the kindness? I have grave doubts as
     to my mitral valve, if you would be so very good. The aortic I may
     rely upon, but I should value your opinion upon the mitral."
1882,"For my part,"
1883,"whatever you may choose to say will go
     no further."
1884,
1885,
1886,
1887,
1888,"He was, indeed, half
     blubbering with fear, and his twitching feeble face peeping out from
     the great Astrakhan collar had the helpless appealing expression of a
     terrified child."
1889,pleaded Thaddeus Sholto.
1890,"I stooped to the hole, and recoiled in horror. Moonlight was
     streaming into the room, and it was bright with a vague and shifty
     radiance. Looking straight at me, and suspended, as it were, in the
     air, for all beneath was in shadow, there hung a face,--the very face
     of our companion Thaddeus. There was the same high, shining head, the
     same circular bristle of red hair, the same bloodless countenance.
     The features were set, however, in a horrible smile, a fixed and
     unnatural grin, which in that still and moonlit room was more jarring
     to the nerves than any scowl or contortion. So like was the face to
     that of our little friend that I looked round at him to make sure
     that he was indeed with us. Then I recalled to mind that he had
     mentioned to us that his brother and he were twins."
1891,
1892,"he answered, and, springing against it, he
     put all his weight upon the lock. It creaked and groaned, but did not
     yield. Together we flung ourselves upon it once more, and this time
     it gave way with a sudden snap, and we found ourselves within
     Bartholomew Sholto's chamber.

     It appeared to have been fitted up as a chemical laboratory. A double
     line of glass-stoppered bottles was drawn up upon the wall opposite
     the door, and the table was littered over with Bunsen burners,
     test-tubes, and retorts. In the corners stood carboys of acid in
     wicker baskets. One of these appeared to leak or to have been broken,
     for a stream of dark-colored liquid had trickled out from it, and the
     air was heavy with a peculiarly pungent, tar-like odor. A set of
     steps stood at one side of the room, in the midst of a litter of lath
     and plaster, and above them there was an opening in the ceiling large
     enough for a man to pass through. At the foot of the steps a long
     coil of rope was thrown carelessly together.

     By the table, in a wooden arm-chair, the master of the house was
     seated all in a heap, with his head sunk upon his left shoulder, and
     that ghastly, inscrutable smile upon his face. He was stiff and cold,
     and had clearly been dead many hours. It seemed to me that not only
     his features but all his limbs were twisted and turned in the most
     fantastic fashion. By his hand upon the table there lay a peculiar
     instrument,--a brown, close-grained stick, with a stone head like a
     hammer, rudely lashed on with coarse twine. Beside it was a torn
     sheet of note-paper with some words scrawled upon it. Holmes glanced
     at it, and then handed it to me."
1893,"He jerked his arms and stamped his feet in a kind of convulsive
     frenzy."
1894,"The little man obeyed in a half-stupefied fashion, and we heard him
     stumbling down the stairs in the dark.





          CHAPTER VI
          Sherlock Holmes Gives a Demonstration"
1895,"He mounted the steps, and, seizing a rafter with either hand, he
     swung himself up into the garret. Then, lying on his face, he reached
     down for the lamp and held it while I followed him.

     The chamber in which we found ourselves was about ten feet one way
     and six the other. The floor was formed by the rafters, with thin
     lath-and-plaster between, so that in walking one had to step from
     beam to beam. The roof ran up to an apex, and was evidently the inner
     shell of the true roof of the house. There was no furniture of any
     sort, and the accumulated dust of years lay thick upon the floor."
1896,"He held down the lamp to the floor, and as he did so I saw for the
     second time that night a startled, surprised look come over his face.
     For myself, as I followed his gaze my skin was cold under my clothes.
     The floor was covered thickly with the prints of a naked
     foot,--clear, well defined, perfectly formed, but scarce half the
     size of those of an ordinary man."
1897,He had recovered his self-possession in an instant.
1898,"Heavy steps and the clamor of loud voices were audible from below,
     and the hall door shut with a loud crash."
1899,
1900,he wheezed.
1901,
1902,
1903,"With great
     activity, considering his bulk, he sprang up the steps and squeezed
     through into the garret, and immediately afterwards we heard his
     exulting voice proclaiming that he had found the trap-door."
1904,"cried the poor little man, throwing
     out his hands, and looking from one to the other of us."
1905,
1906,"asked Athelney Jones, in a sneering voice, but
     impressed none the less, as I could easily see, by the precision of
     the other's manner."
1907,
1908,"I began, but the words had a most magical
     effect, for the window instantly slammed down, and within a minute
     the door was unbarred and open. Mr. Sherman was a lanky, lean old
     man, with stooping shoulders, a stringy neck, and blue-tinted
     glasses."
1909,"I confess that I had my doubts myself when I reflected upon the great
     traffic which had passed along the London road in the interval. My
     fears were soon appeased, however. Toby never hesitated or swerved,
     but waddled on in his peculiar rolling fashion. Clearly, the pungent
     smell of the creasote rose high above all other contending scents."
1910,
1911,
1912,"It tended down towards the river-side, running through Belmont Place
     and Prince's Street. At the end of Broad Street it ran right down to
     the water's edge, where there was a small wooden wharf. Toby led us
     to the very edge of this, and there stood whining, looking out on the
     dark current beyond."
1913,"Several small punts and skiffs were lying about in the water and on
     the edge of the wharf. We took Toby round to each in turn, but,
     though he sniffed earnestly, he made no sign.

     Close to the rude landing-stage was a small brick house, with a
     wooden placard slung out through the second window."
1914,
1915,
1916,
1917,
1918,"The main thing with people of that sort,"
1919,"is never to let them think that their
     information can be of the slightest importance to you. If you do,
     they will instantly shut up like an oyster. If you listen to them
     under protest, as it were, you are very likely to get what you want."
1920,"Mr.
     Bartholomew Sholto, of Pondicherry Lodge, Upper Norwood, was found
     dead in his room under circumstances which point to foul play. As far
     as we can learn, no actual traces of violence were found upon Mr.
     Sholto's person, but a valuable collection of Indian gems which the
     deceased gentleman had inherited from his father has been carried
     off. The discovery was first made by Mr. Sherlock Holmes and Dr.
     Watson, who had called at the house with Mr. Thaddeus Sholto, brother
     of the deceased. By a singular piece of good fortune, Mr. Athelney
     Jones, the well-known member of the detective police force, happened
     to be at the Norwood Police Station, and was on the ground within
     half an hour of the first alarm. His trained and experienced
     faculties were at once directed towards the detection of the
     criminals, with the gratifying result that the brother, Thaddeus
     Sholto, has already been arrested, together with the housekeeper,
     Mrs. Bernstone, an Indian butler named Lal Rao, and a porter, or
     gatekeeper, named McMurdo. It is quite certain that the thief or
     thieves were well acquainted with the house, for Mr. Jones's
     well-known technical knowledge and his powers of minute observation
     have enabled him to prove conclusively that the miscreants could not
     have entered by the door or by the window, but must have made their
     way across the roof of the building, and so through a trap-door into
     a room which communicated with that in which the body was found. This
     fact, which has been very clearly made out, proves conclusively that
     it was no mere haphazard burglary. The prompt and energetic action of
     the officers of the law shows the great advantage of the presence on
     such occasions of a single vigorous and masterful mind. We cannot but
     think that it supplies an argument to those who would wish to see our
     detectives more decentralized, and so brought into closer and more
     effective touch with the cases which it is their duty to
     investigate."
1921,Isn't it gorgeous!
1922,"What
     do you think of it?"
1923,"I believe that they are
     really after us."
1924,"and brought 'em on sharp. Three
     bob and a tanner for tickets."
1925,"Here you are,"
1926,"In future they
     can report to you, Wiggins, and you to me. I cannot have the house
     invaded in this way. However, it is just as well that you should all
     hear the instructions. I want to find the whereabouts of a steam
     launch called the Aurora, owner Mordecai Smith, black with two red
     streaks, funnel black with a white band. She is down the river
     somewhere. I want one boy to be at Mordecai Smith's landing-stage
     opposite Millbank to say if the boat comes back. You must divide it
     out among yourselves, and do both banks thoroughly. Let me know the
     moment you have news. Is that all clear?"
1927,"If the launch is above water they will find her,"
1928,"They can go everywhere, see
     everything, overhear every one. I expect to hear before evening that
     they have spotted her. In the mean while, we can do nothing but await
     results. We cannot pick up the broken trail until we find either the
     Aurora or Mr. Mordecai Smith."
1929,"Then I shall run over to Camberwell and call upon Mrs. Cecil
     Forrester. She asked me to, yesterday."
1930,On Mrs. Cecil Forrester?
1931,"Well, of course Miss Morstan too. They were anxious to hear what
     happened."
1932,"I would not tell them too much,"
1933,"Women are never to be
     entirely trusted,--not the best of them."
1934,"Good-day, sir; good-day,"
1935,"Yes, and I cannot be sure when he will be back. But perhaps you
     would care to wait. Take that chair and try one of these cigars."
1936,"Well, I have been obliged to reconsider it. I had my net drawn
     tightly round Mr. Sholto, sir, when pop he went through a hole in the
     middle of it. He was able to prove an alibi which could not be
     shaken. From the time that he left his brother's room he was never
     out of sight of some one or other. So it could not be he who climbed
     over roofs and through trap-doors. It's a very dark case, and my
     professional credit is at stake. I should be very glad of a little
     assistance."
1937,"We all need help sometimes,"
1938,"No; but I am acting for him. You can tell me any message you have
     for him."
1939,"I think that you might offer me a cigar too,"
1940,"That is Jacobson's Yard,"
1941,"We have no right to take anything for granted,"
1942,"It
     is certainly ten to one that they go down-stream, but we cannot be
     certain. From this point we can see the entrance of the yard, and
     they can hardly see us. It will be a clear night and plenty of light.
     We must stay where we are. See how the folk swarm over yonder in the
     gaslight."
1943,"Some one calls him a soul concealed in an animal,"
1944,"Winwood Reade is good upon the subject,"
1945,"He remarks
     that, while the individual man is an insoluble puzzle, in the
     aggregate he becomes a mathematical certainty. You can, for example,
     never foretell what any one man will do, but you can say with
     precision what an average number will be up to. Individuals vary, but
     percentages remain constant. So says the statistician. But do I see a
     handkerchief? Surely there is a white flutter over yonder."
1946,I doubt if we shall catch her.
1947,We must catch her!
1948,"Heap it on,
     stokers! Make her do all she can! If we burn the boat we must have
     them!"
1949,"Pile it on, men, pile it on!"
1950,"Fire if he raises his hand,"
1951,"See here,"
1952,"We were
     hardly quick enough with our pistols."
1953,"Well, Jonathan Small,"
1954,"I am sorry
     that it has come to this."
1955,"I don't believe that I can
     swing over the job. I give you my word on the book that I never
     raised hand against Mr. Sholto. It was that little hell-hound Tonga
     who shot one of his cursed darts into him. I had no part in it, sir.
     I was as grieved as if it had been my blood-relation. I welted the
     little devil with the slack end of the rope for it, but it was done,
     and I could not undo it again."
1956,"Have a cigar,"
1957,"and you had best take a pull out of my
     flask, for you are very wet. How could you expect so small and weak a
     man as this black fellow to overpower Mr. Sholto and hold him while
     you were climbing the rope?"
1958,"Quite a family party,"
1959,"I think I shall have a pull at that flask, Holmes.  Well, I think we
     may all congratulate each other. Pity we didn't take the other alive;
     but there was no choice. I say, Holmes, you must confess that you cut
     it rather fine. It was all we could do to overhaul her."
1960,"All is well that ends well,"
1961,"But I certainly did not
     know that the Aurora was such a clipper."
1962,I owe it to you.
1963,"No, no,"
1964,"You forget that we know nothing of all this,"
1965,"We have not heard your story, and we cannot tell how far justice may
     originally have been on your side."
1966,"I should like to know how
     many fellows in my shoes would have refused a share of this loot when
     they knew that they would have their throats cut for their pains.
     Besides, it was my life or his when once he was in the fort. If he
     had got out, the whole business would come to light, and I should
     have been court-martialled and shot as likely as not; for people were
     not very lenient at a time like that."
1967,"Go on with your story,"
1968,"Well, we carried him in, Abdullah, Akbar, and I. A fine weight he
     was, too, for all that he was so short. Mahomet Singh was left to
     guard the door. We took him to a place which the Sikhs had already
     prepared. It was some distance off, where a winding passage leads to
     a great empty hall, the brick walls of which were all crumbling to
     pieces. The earth floor had sunk in at one place, making a natural
     grave, so we left Achmet the merchant there, having first covered him
     over with loose bricks. This done, we all went back to the treasure."
1969,"I don't know that I have anything else to tell you. I had heard a
     waterman speak of the speed of Smith's launch, the Aurora, so I
     thought she would be a handy craft for our escape. I engaged with old
     Smith, and was to give him a big sum if he got us safe to our ship.
     He knew, no doubt, that there was some screw loose, but he was not in
     our secrets. All this is the truth, and if I tell it to you,
     gentlemen, it is not to amuse you,--for you have not done me a very
     good turn,--but it is because I believe the best defence I can make
     is just to hold back nothing, but let all the world know how badly I
     have myself been served by Major Sholto, and how innocent I am of the
     death of his son."
1970,"A very remarkable account,"
1971,"A fitting wind-up
     to an extremely interesting case. There is nothing at all new to me
     in the latter part of your narrative, except that you brought your
     own rope. That I did not know. By the way, I had hoped that Tonga had
     lost all his darts; yet he managed to shoot one at us in the boat."
1972,"He had lost them all, sir, except the one which was in his blow-pipe
     at the time."
1973,"Ah, of course,"
1974,I had not thought of that.
1975,Is there any other point which you would like to ask about?
1976,"I think not, thank you,"
1977,"You are a man to be humored,
     and we all know that you are a connoisseur of crime, but duty is
     duty, and I have gone rather far in doing what you and your friend
     asked me. I shall feel more at ease when we have our story-teller
     here safe under lock and key. The cab still waits, and there are two
     inspectors down-stairs. I am much obliged to you both for your
     assistance. Of course you will be wanted at the trial. Good-night to
     you."
1978,
1979,"And he stretched his long white hand up for it.









     ----------
     This text is provided to you"
