number,character,quote
1,hp,"Yes, that is so. But it was to be expected, was it not?"
2,mm,"Yes, Miss Marple. I have learned one thing through bitter experience. Never say to yourself that anyone is above suspicion. I gave you reasons just now why three of these people might after all be guilty, unlikely as it seemed. I did not at that time apply the same process to Charles Templeton. But I came to it at last through pursuing the rule I have just mentioned. And I was forced to recognize this: That every army and every navy and every police force has a certain number of traitors within its ranks, much as we hate to admit the idea. And I examined dispassionately the case against Charles Templeton.

“I asked myself very much the same questions as Miss Helier has just asked. Why should he, alone of all the house, not be able to produce the letter he had received—a letter, moreover, with a German stamp on it. Why should he have letters from Germany?

“The last question was an innocent one, and I actually put it to him. His reply came simply enough. His mother’s sister was married to a German. The letter had been from a German girl cousin. So I learned something I did not know before—that Charles Templeton had relations with people in Germany. And that put him definitely on the list of suspects—very much so. He is my own man—a lad I have always liked and trusted; but in common justice and fairness I must admit that he heads that list.

“But there it is—I do not know! I do not know . . . And in all probability I never shall know. It is not a question of punishing a murderer. It is a question that to me seems a hundred times more important. It is the blighting, perhaps, of an honourable man’s whole career . . . because of suspicion—a suspicion that I dare not disregard."
3,hp,"What I’m going to say now is quite true, Monsieur Poirot. Even though Linnet is dead, it doesn’t alter the truth. That’s why I’m not really sorry about her, even now. She went all out to get Simon away from me. That’s the absolute truth! I don’t think she even hesitated for more than about a minute. I was her friend, but she didn’t care. She just went bald-headed for Simon….

“And Simon didn’t care a damn about her! I talked a lot to you about glamour, but of course that wasn’t true. He didn’t want Linnet. He thought her good-looking but terribly bossy, and he hated bossy women! The whole thing embarrassed him frightfully. But he did like the thought of her money.

“Of course I saw that…and at last I suggested to him that it might be a good thing if he—got rid of me and married Linnet. But he scouted the idea. He said, money or no money, it would be hell to be married to her. He said his idea of having money was to have it himself—not to have a rich wife holding the purse strings. ‘I’d be a kind of damned Prince Consort,’ he said to me. He said, too, that he didn’t want anyone but me….

“I think I know when the idea came into his head. He said one day: ‘If I’d any luck, I’d marry her and she’d die in about a year and leave me all the boodle.’ And then a queer startled look came into his eyes. That was when he first thought of it….

“He talked about it a good deal, one way and another—about how convenient it would be if Linnet died. I said it was an awful idea, and then he shut up about it. Then, one day, I found him reading up all about arsenic. I taxed him with it then, and he laughed and said: ‘Nothing venture, nothing have! It’s about the only time in my life I shall be near to touching a far lot of money.’

“After a bit I saw that he’d made up his mind. And I was terrified—simply terrified. Because, you see, I realized that he’d never pull it off. He’s so childishly simple. He’d have no kind of subtlety about it—and he’s got no imagination. He would probably have just bunged arsenic into her and assumed the doctor would say she’d died of gastritis. He always thought things would go right.

“So I had to come into it, too, to look after him…."
4,hp,"Very well, Monsieur Fanthorp. Will you give me a brief account of your own movements last night after the events we have just been narrating?"
5,hp,"You call it guessing. I call it knowing, my friend."
6,mm,That’s the point of the telephone call. Kind of alibi. Knew we’d connect it with the first one. I’m going to look into this. She may have bribed some village lad to do the phoning for her. He’d never think of connecting it with the murder.
7,mm,Built I suppose in the 1700s. Am I right?
8,hp,"The window of M. Ratchett’s compartment was found wide open, leading one to suppose that the murderer escaped that way. But in my opinion that open window is a blind. Anyone departing that way would have left distinct traces in the snow. There were none."
9,hp,"Well, I do assure you that they’re very, very interesting. What with Moscow being exactly a thousand miles due north of—now what was it?—would it be Nineveh?—but anyway you take a circle and it just shows the most surprising things—and one can just see that there must have been special guidance, and that those ancient Egyptians couldn’t have thought of what they did all by themselves. And when you’ve gone into the theory of the numbers and their repetition, why it’s all just so clear that I can’t see how anyone can doubt the truth of it for a moment."
10,sh,"He was morbidly nervous of fire, and always kept this
     beside him, so that he might escape by the window in case the stairs
     were burning."
11,sh,"This great and sombre stage is set for something more worthy than
     that,"
12,mm,I’m sure it was nothing that she said—
13,mm,"I think we’ll stay at the Golden Boar for a little. That’s what you’re going to do, isn’t it, Miss Marple?"
14,mm,do you mean that there wasn’t any remorse? That there wasn’t—that she didn’t drown herself?
15,mm,"But you must admit that he could have invented the story quite easily. He could write the letter purporting to be from you himself. He could also dope himself after successfully committing the burglary. But I confess I don’t see where the point of all that would be. Easier to enter the house, help himself, and disappear quietly—unless just possibly he was observed by someone in the neighbourhood and knew himself to have been observed. Then he might hastily concoct this plan for diverting suspicion from himself and accounting for his presence in the neighbourhood."
16,sh,"The man motioned me to a chair, and turned to resume his own. As he
     did so I caught a glimpse of his face in the mirror over the
     mantelpiece. I could have sworn that it was set in a malicious and
     abominable smile. Yet I persuaded myself that it must have been some
     nervous contraction which I had surprised, for he turned to me an
     instant later with genuine concern upon his features."
17,hp,"My stomach, it is not happy on the sea."
18,hp,"It is a busy time for this young M. Raymond,"
19,mm,"Yes, I have heard of cases like that where these difficulties do arise."
20,mm,I really believe that wizened-up old maid thinks she knows everything there is to know. And hardly been out of this village all her life. Preposterous. What can she know of life?
21,sh,"I think I can promise you that you
     will feel even less humorous as the evening advances. Now, look here,
     Count Sylvius. I'm a busy man and I can't waste time. I'm going into
     that bedroom. Pray make yourselves quite at home in my absence. You
     can explain to your friend how the matter lies without the restraint
     of my presence. I shall try over the Hoffman 'Barcarole' upon my
     violin. In five minutes I shall return for your final answer. You
     quite grasp the alternative, do you not? Shall we take you, or shall
     we have the stone?"
22,hp,"We’re very sorry to bother you, Miss Otterbourne,"
23,sh,"Have you your stethoscope?
     Might I ask you--would you have the kindness? I have grave doubts as
     to my mitral valve, if you would be so very good. The aortic I may
     rely upon, but I should value your opinion upon the mitral."
24,sh,"Perhaps I should have said 'replaced it there,'"
25,mm,"but he selected you, Miss Marple. Forgive me if this is idle curiosity but have you had—oh, how shall I put it?—any connection with crime or the investigation of crime?"
26,mm,There was nothing of that kind to find. I asked him to tell me a little about you. He did not however consent to do so. He told me you were elderly. He told me that you were a person who knew about people. He told me one other thing.
27,mm,by the dying wishes of Michael Rafiel’s father. He asked me to do this for him.
28,sh,"But, I say, what about that bloomin' fiddle!
     I hear it yet."
29,mm,"Nothing, I believe, is so full of life under the microscope as a drop of water from a stagnant pool."
30,mm,"that we’re all inclined to let our tongues run away with us too much. Charity thinketh no evil, you know. Inestimable harm may be done by foolish wagging of tongues in ill-natured gossip."
31,sh,"I rather fancy that this lady
     may be as anxious to give us information as we can be to get it. You
     understand, madam, that your husband will be arrested and tried for
     the death of the man who lies before us? What you say may be used in
     evidence. But if you think that he has acted from motives which are
     not criminal, and which he would wish to have known, then you cannot
     serve him better than by telling us the whole story."
32,hp,Princess Dragomiroff has great personality and immense will power. But let us pass from that for the moment.
33,sh,"Indirectly it may be of value,
     you know; you have only to put it into words to gain the reputation
     of being excellent company for the remainder of your existence."
34,hp,"Your responsibility, Mr. Pennington, and that of your partner, has been a very grave one."
35,hp,"That depends. I’d say, looking at Marshall, that he’s a man with a funny kind of temper. As a matter of fact, I know he is. Heard something about him. I’ve met that quiet sort. Never know where you are with that kind. Redfern had better look out—"
36,mm,"of writing a name—the name—on a piece of paper and giving it to you. Then if, on investigation, you decided that the—the person—is not involved in any way—well, I shall have been quite wrong."
37,sh,"I will ask you to carry in two bundles of it. I think
     it will be of the greatest assistance in producing the witness whom I
     require. Thank you very much. I believe you have some matches in your
     pocket, Watson. Now, Mr. Lestrade, I will ask you all to accompany me
     to the top landing."
38,mm,"I really can’t say. You see, it was such an ordinary sound. I should be inclined to think it had been fired when we were in the studio. The sound would have been deadened and—one would have noticed it less there."
39,sh,"I confess that you had one small surprise for me,"
40,hp,"I think you are wrong, my friend. I do not see that young English girl as a criminal."
41,mm,Yes. I saw her pass through the garden and go round to the study window.
42,mm,"but really you know, I’m not so young and vigorous as you are, Mrs. Riseley-Porter, and I really feel after all the—well, shock and everything else the last few days, I really must have a complete twenty-four hours’ rest."
43,mm,"Half the time I was ashamed of myself for thinking so. Who was I to go suspecting this nice, pleasant-mannered English lady of a foul and cold-blooded crime? I did my best to be as cordial as possible to her during the short time she stayed on the island. I helped her with the Spanish authorities. I did everything I could do as an Englishman to help a compatriot in a foreign country; and yet I am convinced that she knew I suspected and disliked her."
44,sh,"let us go round. Not one of your cases,
     Watson--mental, not physical. All right; come if you want to. Now,
     Mr. Soames--at your disposal!"
45,hp,"I’ve no doubt that Crome is a very efficient officer, but, frankly, he puts my back up. That air of his of knowing best! I hinted something of what I had in mind to your friend here when he was down at Churston, but I’ve had all my brother’s affairs to settle up and I haven’t been free until now. My idea is, M. Poirot, that we oughtn’t to let the grass grow under our feet—"
46,hp,"At last we have a piece of information that is very definite. That tells one something, does it not?"
47,sh,"In mere size and strength it was a terrible creature which was lying
     stretched before us. It was not a pure bloodhound and it was not a
     pure mastiff; but it appeared to be a combination of the two--gaunt,
     savage, and as large as a small lioness. Even now, in the stillness
     of death, the huge jaws seemed to be dripping with a bluish flame and
     the small, deep-set, cruel eyes were ringed with fire. I placed my
     hand upon the glowing muzzle, and as I held them up my own fingers
     smouldered and gleamed in the darkness."
48,sh,"THE ADVENTURE OF CHARLES AUGUSTUS MILVERTON

     It is years since the incidents of which I speak took place, and yet
     it is with diffidence that I allude to them. For a long time, even
     with the utmost discretion and reticence, it would have been
     impossible to make the facts public; but now the principal person
     concerned is beyond the reach of human law, and with due suppression
     the story may be told in such fashion as to injure no one. It records
     an absolutely unique experience in the career both of Mr. Sherlock
     Holmes and of myself. The reader will excuse me if I conceal the date
     or any other fact by which he might trace the actual occurrence.

     We had been out for one of our evening rambles, Holmes and I, and had
     returned about six o'clock on a cold, frosty winter's evening. As
     Holmes turned up the lamp the light fell upon a card on the table. He
     glanced at it, and then, with an ejaculation of disgust, threw it on
     the floor. I picked it up and read:--

                                        
                             Charles Augustus Milverton,
                                        
                                  Appledore Towers,
                                        
                                     Hampstead.
                                        
                                       Agent."
49,mm,not an enthusiastic young man. He could have thanked you a bit more enthusiastically for what you did for him.
50,mm,"As I said, it would be useless going to the police without any facts. I have no facts. What I would ask you to do is to interest yourself in the matter—Inspector Drewitt would be most flattered, I am sure. And, of course, if the matter went farther, Colonel Melchett, the Chief Constable, I am sure, would be wax in your hands."
51,sh,"Exactly. The idea crossed my mind. But we found the knife some feet
     away from the body, so that seems impossible. Then, of course, there
     are the man's own dying words. And, finally, there was this very
     important piece of evidence which was found clasped in the dead man's
     right hand."
52,hp,You don’t understand—or you won’t. Simon is my world.
53,mm,How clever of you. And I never thought of poor Mrs. Pebmarsh.
54,hp,"And unluckily I didn’t hear anything at all. I can’t think why not. After all, Linnet’s cabin is only one away from mine. I should think I’d have been bound to hear the shot. Go along, Tim; they’re waiting for you."
55,sh,"We started off for the cab together, leaving our informant
     incredulous, but obviously uncomfortable."
56,sh,"Then your wife's character would really be better known by Dolores
     than by you?"
57,mm,"You see the point? The pen was filled with what is commonly known as Evanescent Ink—a solution of starch in water to which a few drops of iodine has been added. This makes a deep blue-black fluid, but the writing disappears entirely in four or five days."
58,hp,I know it. He loved me—he will always love me.
59,sh,"We have had a charming little breath of your beautiful Dartmoor
     air."
60,sh,"You place me in a most serious dilemma, for I am perfectly
     certain that you would be proud to take over the case if I could give
     you the facts, and yet a promise forbids me from revealing them all.
     May I, at least, lay all that I can before you?"
61,sh,"That is so. Someone, then, cut out the message with a pair of
     short-bladed scissors, pasted it with paste--"
62,sh,"Your Majesty has something which I should value even more highly,"
63,mm,"You see, I don’t really know what I ought to do. I can’t ask Julian because—well, I mean, Julian’s so full of rectitude. . . ."
64,sh,"Very interesting reading it might be made, too,"
65,sh,"Mr. Gibson
     seems to have a nice loyal household. But the warning is a useful
     one, and now we can only wait till the man himself appears."
66,mm,"Don’t look at me as though I were an interesting specimen you didn’t understand, Len. Don’t let’s get heated and wander from the point. I don’t believe that it was Lawrence or Anne, and Lettice is out of the question. There must be some clue or other that would help us."
67,hp,"Me, I am like Miss Brewster and Mrs. Redfern, I do not like to descend perpendicular ladders."
68,hp,"But I do believe it. Yes, yes, I do believe it!"
69,sh,"Here, Lestrade, your brandy-bottle! Put
     her in the chair! She has fainted from ill-usage and exhaustion."
70,sh,"I was about to say, as he is unknown to the public."
71,sh,"It took two, or possibly three,
     handfuls before the lodger came to the window. You beckoned him to
     come down. He dressed hurriedly and descended to his sitting-room.
     You entered by the window. There was an interview--a short
     one--during which you walked up and down the room. Then you passed
     out and closed the window, standing on the lawn outside smoking a
     cigar and watching what occurred. Finally, after the death of
     Tregennis, you withdrew as you had come. Now, Dr. Sterndale, how do
     you justify such conduct, and what were the motives for your actions?
     If you prevaricate or trifle with me, I give you my assurance that
     the matter will pass out of my hands forever."
72,hp,"Strangled with her own belt—a thick, knitted affair, I gather."
73,hp,"Yes—that is it. There is the ornamental work on it—and the initials J.B. It is an article de luxe, a very feminine production, but it is none the less a lethal weapon."
74,mm,"It’s very, very thrilling. I don’t quite understand now who drowned which. And how does this Mrs. Trout come into it?"
75,mm,You mean it was someone pretending to be her? But surely when you touched her—
76,mm,"I think it was about a fortnight. Miss Durrant was buried there, and it must have been about ten days later when she took a boat back to England. The shock had upset her so much that she felt she couldn’t spend the winter there as she had planned. That’s what she said."
77,hp,"I’m sure I’m right. When a woman’s neither more nor less than a nasty mess, then she herself will provide the best possible clue. Don’t you agree with me, M. Poirot?"
78,hp,"I know. That is quite true. The thing was impossible. It was impossible, but it was also true! There could be only one logical meaning behind Louise Bourget’s words.

“So I returned to the beginning and reviewed the crime in the light of this new knowledge. Was it possible that in the period preceding the quarrel Simon Doyle had left the saloon and the others had forgotten or not noticed it? I could not see that it was possible. Could the skilled testimony of Dr. Bessner and Mademoiselle Bowers be disregarded? Again I felt sure it could not. But, I remembered, there was a gap between the two. Simon Doyle had been alone in the saloon for a period of five minutes, and the skilled testimony of Dr. Bessner only applied to the time after that period. For that period we had only the evidence of visual appearance, and, though apparently that was perfectly sound, it was no longer certain. What had actually been seen—leaving assumption out of the question?

“Mademoiselle Robson had seen Mademoiselle de Bellefort fire her pistol, had seen Simon Doyle collapse on to a chair, had seen him clasp a handkerchief to his leg and seen that handkerchief gradually soak through red. What had Monsieur Fanthorp heard and seen? He heard a shot, he found Doyle with a red-stained handkerchief clasped to his leg. What had happened then? Doyle had been very insistent that Mademoiselle de Bellefort should be got away, that she should not be left alone. After that, he suggested that Fanthorp should get hold of the doctor.

“Accordingly Mademoiselle Robson and Monsieur Fanthorp got out with Mademoiselle de Bellefort and for the next five minutes they are busy, on the port side of the deck. Mademoiselle Bowers’, Dr. Bessner’s and Mademoiselle de Bellefort’s cabins are all on the port side. Two minutes are all that Simon Doyle needs. He picks up the pistol from under the sofa, slips out of his shoes, runs like a hare silently along the starboard deck, enters his wife’s cabin, creeps up to her as she lies asleep, shoots her through the head, puts the bottle that has contained the red ink on her washstand (it mustn’t be found on him), runs back, gets hold of Mademoiselle Van Schuyler’s velvet stole, which he has quietly stuffed down the side of a chair in readiness, muffles it round the pistol and fires a bullet into his leg. His chair into which he falls (in genuine agony this time) is by a window. He lifts the window and throws the pistol (wrapped up with the telltale handkerchief in the velvet stole) into the Nile."
79,hp,"After that, Monsieur? I answered your bell and brought you some mineral water. Then, about half an hour later, I made up the bed in one of the other compartments—that of the young American gentleman, M. Ratchett’s secretary."
80,sh,We were in time to overtake the major before he reached the corner.
81,hp,I mean that this is not a crime that was committed single-handed. Two people were in it. It is quite true that you could not have typed that letter and at the same time gone to the cove—but there would have been time for you to have jotted down that letter in shorthand—and for someone else to have typed it in your room while you yourself were absent on your murderous errand.
82,mm,"I have a very nice catalogue here, with pictures. Perhaps you would like to look through it—I have to go up to the village."
83,sh,"Well, well, you may see for yourself. If not, there's no harm done.
     Of course, we always have the optician clue to fall back upon, but I
     take a short cut when I can get it. Ah, here is the good Mrs. Marker!
     Let us enjoy five minutes of instructive conversation with her."
84,sh,"As
     for the article I wrote it myself."
85,hp,"Mind you, I don’t believe in it, because I know it isn’t true. But it is going to be the deuce to break it. This man Strange is a tough character."
86,sh,"Your case is an exceedingly
     remarkable one, and I shall be happy to look into it. From what you
     have told me I think that it is possible that graver issues hang from
     it than might at first sight appear."
87,hp,"Never mind what I mean. You do not know what I mean. It is true, then, that you have said to yourself or to a colleague today, ‘that is funny!’?"
88,mm,"You must have very good eyesight, Miss Marple, if you can observe as far as that."
89,hp,"Surely. You have known Linnet Ridgeway, I understand, since she was quite a child."
90,mm,"The other girl who disappeared about the same time as Verity Hunt did. You remember you mentioned her to me. A girl who had boyfriends and was, I understand, very ready to have boyfriends. A foolish girl, but attractive apparently to the male sex. I think,"
91,sh,"But suppose it were so, we are still as far as ever from unravelling
     the mystery of his death. Indeed, it becomes not simpler but
     stranger."
92,sh,"No crime, but a very great error has been committed,"
93,hp,Did you hear any noise from M. Ratchett’s compartment after that?
94,mm,"I just came to see if you wanted anything,"
95,mm,"but I did mean a Christian name. Yes. It is rather unusual, I think. Verity."
96,sh,"Watson, a bucket of water over the
     straw. That will do! Lestrade, allow me to present you with your
     principal missing witness, Mr. Jonas Oldacre."
97,mm,"how much we go by what is called, I believe, the context? There is a place on Dartmoor called Grey Wethers. If you were talking to a farmer there and mentioned Grey Wethers, he would probably conclude that you were speaking of these stone circles, yet it is possible that you might be speaking of the atmosphere; and in the same way, if you were meaning the stone circles, an outsider, hearing a fragment of the conversation, might think you meant the weather. So when we repeat a conversation, we don’t, as a rule, repeat the actual words; we put in some other words that seem to us to mean exactly the same thing.

“I saw both the cook and Dorothy separately. I asked the cook if she was quite sure that her master had really mentioned a heap of fish. She said she was quite sure.

“‘Were these his exact words,’ I asked, ‘or did he mention some particular kind of fish?’

“‘That’s it,’ said the cook; ‘it was some particular kind of fish, but I can’t remember what now. A heap of—now what was it? Not any of the fish you send to table. Would it be a perch now—or pike? No. It didn’t begin with a P.’

“Dorothy also recalled that her master had mentioned some special kind of fish. ‘Some outlandish kind of fish it was,’ she said.

“‘A pile of—now what was it?’

“‘Did he say heap or pile?’ I asked.

“‘I think he said pile. But there, I really can’t be sure—it’s so hard to remember the actual words, isn’t it, miss, especially when they don’t seem to make sense. But now I come to think of it, I am pretty sure that it was a pile, and the fish began with C; but it wasn’t a cod or a crayfish.’

“The next part is where I am really proud of myself,"
98,hp,"Ach! it is foolish, that! Do you think a man with a fractured bone and a splint on his leg could go walking about the boat and stabbing people? I tell you, it was impossible for Simon Doyle to leave his cabin."
99,sh,"We had not long to wait, for our Norfolk squire came straight from
     the station as fast as a hansom could bring him. He was looking
     worried and depressed, with tired eyes and a lined forehead."
100,sh,"I assure you that I have not associated you
     with the crime, Colonel,"
101,mm,"I thought this might have been something to do with her or something she knew about,"
102,sh,"No, he was averse to it also. No one but Mr. McCarthy was in favour
     of it."
103,sh,Have you any objection to my looking at your register?
104,hp,He was absent for a short time when he fetched a skein of wool for his wife.
105,mm,"No, no, my dear young lady. You need have no fears on that score. The story I am about to tell is a perfectly simple and straightforward one and can be followed by any layman."
106,hp,"It has been a wet day. The wind blew, the rain came down, and the mist was everywhere so that one could not see through it. Eh bien, what is it like now? The mists have rolled away, the sky is clear and up above the stars shine. That is like life, Madame."
107,mm,but surely that has nothing to do with the very interesting story that Mr. Petherick has been telling us.
108,mm,"You remember the woman who came down here and said she represented Welfare, and after taking subscriptions she was never heard of again and proved to having nothing whatever to do with Welfare. One is so inclined to be trusting and take people at their own valuation."
109,hp,"Ah! but that raises rather an interesting question. They would notice a stranger undoubtedly—but would they have even noticed a member of the expedition? The members of the staff are passing in and out all day. The servants would hardly notice their going and coming. It is possible, I think, that either Mr. Carey or Mr. Coleman might have entered and the servants’ minds would have no remembrance of such an event."
110,sh,"said Phelps, smiling, though it was
     evident that his adventure had somewhat shaken him."
111,hp,"So did the late Mrs. Marshall. It is chic, eh? And very expensive?"
112,hp,I never wrote to you. Those letters weren’t written by me. I’ve said so again and again.
113,sh,"Bad! Stand clear, Watson! Not an unnecessary
     footstep! What do I read here? He fell wounded, he stood up, he
     remounted, he proceeded. But there is no other track. Cattle on this
     side path. He was surely not gored by a bull? Impossible! But I see
     no traces of anyone else. We must push on, Watson. Surely with stains
     as well as the track to guide us he cannot escape us now."
114,hp,There’s the café and there’s the girl’s home. I’d better go to both of them. Kelsey can come with me.
115,hp,"Oh, yes, Mademoiselle. I saw all there was to see—indeed I saw something that you did not."
116,mm,Not after the horrible revelations we have heard from you! The cosmopolitan world seems a mild and peaceful place compared with St. Mary Mead.
117,sh,Sir Henry put his hand upon my shoulder with a pleasant smile.
118,hp,Who comes next? Miss Brewster. I find her just a little alarming.
119,hp,"There may be a natural explanation for that,"
120,mm,"I had met him just over a year ago abroad. In the West Indies. I never knew much about him. His life or his family or any personal friends that he had. He was a great financier but otherwise, or so people always said, he was a man who was very reserved about himself. Did you know his family or anyone …?"
121,mm,"As I say, Sir Henry, I felt no doubt in my own mind. Mr. Sanders was a big, good-looking, florid-faced man, very hearty in his manner and popular with all. And nobody could have been pleasanter to his wife than he was. But I knew! He meant to make away with her."
122,mm,Did you come on this trip to see the houses or to see gardens?
123,sh,"Anything which you or the Inspector may suggest will most certainly
     be done."
124,hp,"It is necessary to clear up one or two points. When I asked you whether you saw anyone on the starboard deck at one-ten this morning, your answer was that you saw nobody. Fortunately I have been able to arrive at the truth without your help. Monsieur Allerton has admitted that he was in Linnet Doyle’s cabin last night."
125,sh,"cried the poor little man, throwing
     out his hands, and looking from one to the other of us."
126,hp,"You have had the evil chance, my friend,"
127,sh,"You don't look quite the man you did when I threw you over the ropes
     into the crowd at the Old Deer Park. I expect I have changed a bit
     also. But it's this last day or two that has aged me. I see by your
     telegram, Mr. Holmes, that it is no use my pretending to be anyone's
     deputy."
128,mm,"Tried to make a regular story of it. ‘He said,’ ‘she said,’ ‘the girl thought,’ etc. Facts of the story are true."
129,hp,"It makes me madder than a hornet to be disbelieved,"
130,mm,"and there are always people. People whom one wishes one could do a little something for but one’s own funds do not admit of it. And then I will not pretend that there are not pleasures and desires—things that one has not been able to indulge in or to afford—I think Mr. Rafiel knew quite well that to be able to do so, quite unexpectedly, would give an elderly person a great deal of pleasure."
131,hp,"You and I, M. le docteur, we
investigate this affair side by side. Without you I should be lost. I
desire a little information from the good Mr. Hammond."
132,sh,"he was as you say. I have heard that he was
     atrocious. But how are you affected?"
133,mm,But I mean it would be so much better if you came to us. We’d try and make you comfortable.
134,sh,"I am not retained by the police to supply their deficiencies.
     If Horner were in danger it would be another thing; but this fellow
     will not appear against him, and the case must collapse. I suppose
     that I am commuting a felony, but it is just possible that I am
     saving a soul. This fellow will not go wrong again; he is too
     terribly frightened. Send him to jail now, and you make him a
     jail-bird for life. Besides, it is the season of forgiveness. Chance
     has put in our way a most singular and whimsical problem, and its
     solution is its own reward. If you will have the goodness to touch
     the bell, Doctor, we will begin another investigation, in which, also
     a bird will be the chief feature."
135,mm,"Mr. Rafiel, as you know, died. His lawyers asked me to come and see them, apprised me of his proposition. I received a letter from him which explained nothing. After that I heard nothing more for some little time. Then I got a letter from the company who run these tours saying that Mr. Rafiel before his death had made a reservation for me knowing that I should enjoy a trip very much, and wanting to give it me as a surprise present. I was very astonished but took it as an indication of the first step that I was to undertake. I was to go on this tour and presumably in the course of the tour some other indication or hint or clue or direction would come to me. I think it did. Yesterday, no, the day before, I was received on my arrival here by three ladies who live at an old manor house here and who very kindly extended an invitation to me. They had heard from Mr. Rafiel, they said, who had written some time before his death, saying that a very old friend of his would be coming on this tour and would they be kind enough to put her up for two or three days as he thought she was not fit to attempt the particular ascent of this rather difficult climb up the headland to where there was a memorial tower which was the principal event of yesterday’s tour."
136,sh,"A man was striding up the path which led to the door. He was a tall,
     handsome, swarthy fellow, clad in a suit of grey flannel, with a
     Panama hat, a bristling black beard, and a great, aggressive hooked
     nose, and flourishing a cane as he walked. He swaggered up the path
     as if the place belonged to him, and we heard his loud, confident
     peal at the bell."
137,hp,I’m sure I hope I acted for the best.
138,mm,"It’s just Mrs. Trout over again. Mrs. Trout was very good at red herrings, but she met her match in me. And I can see through your remorse-driven Miss Barton. Drown herself? Went off to Australia, if I’m any good at guessing."
139,mm,"You’ve heard, no doubt, of Mr. Rafiel’s death, or perhaps you saw it in the paper."
140,hp,"You are very intelligent, Mademoiselle. I have thought so ever since I arrived here. It would be a pleasure to discuss this business with you."
141,hp,"She, certainly. But it is not of her I speak. There was someone else on this boat who disliked Madame, who was very angry because of the way Madame had injured him."
142,hp,"No, they separated some years ago. Ascher’s a German. He was a waiter at one time, but he took to drink and gradually became unemployable. His wife went into service for a bit. Her last place was as cook-housekeeper to an old lady, Miss Rose. She allowed her husband so much out of her wages to keep himself, but he was always getting drunk and coming round and making scenes at the places where she was employed. That’s why she took the post with Miss Rose at The Grange. It’s three miles out of Andover, dead in the country. He couldn’t get at her there so well. When Miss Rose died, she left Mrs. Ascher a small legacy, and the woman started this tobacco and newsagent business—quite a tiny place—just cheap cigarettes and a few newspapers—that sort of thing. She just about managed to keep going. Ascher used to come round and abuse her now and again and she used to give him a bit to get rid of him. She allowed him fifteen shillings a week regular."
143,sh,"Holmes and I put on our dress-clothes, so that we might appear to be
     two theatre-goers homeward bound. In Oxford Street we picked up a
     hansom and drove to an address in Hampstead. Here we paid off our
     cab, and with our great-coats buttoned up, for it was bitterly cold
     and the wind seemed to blow through us, we walked along the edge of
     the Heath."
144,sh,"I fear not, Mr. Holmes. The train has been broken up before now, and
     the carriages redistributed."
145,hp,"Ah, pardon—I was confused. She is a young lady much in the news, that. I have been interested in her for some time."
146,hp,Perhaps you will be so kind as to repeat your story to me.
147,sh,"Percy has been inquiring for you all morning. Ah, poor old
     chap, he clings to any straw! His father and his mother asked me to
     see you, for the mere mention of the subject is very painful to
     them."
148,mm,And a good job too. I have never regretted my part in bringing that man to justice. I’ve no patience with modern humanitarian scruples about capital punishment.
149,hp,"What one looks like doesn’t matter. He says I really could help him in his work, and he’s going to teach me all about neurosis."
150,mm,"I don’t expect she’ll leave until she’s ready to leave,"
151,hp,Then I don’t know what she wanted them for.
152,sh,"we have still ten minutes.
     I am going far to screen you, Lady Hilda. In return you will spend
     the time in telling me frankly the real meaning of this extraordinary
     affair."
153,mm,Something about this atmosphere. We never got over it here. Never. Never since—since Verity died. It’s years but it doesn’t go away. A shadow’s here.
154,sh,"I should like to have a peep at each of them,"
155,hp,"Did I not tell you all along that this was a crime passionnel? Why did her first husband, Frederick Bosner, threaten to kill her? Because he loved her . . . And in the end, you see, he made his boast good. . . .

“Mais oui—mais oui—once I realize that it is Dr. Leidner who did the killing, everything falls into place. . . .

“For the second time, I recommence my journey from the beginning—Mrs. Leidner’s first marriage—the threatening letters—her second marriage. The letters prevented her marrying any other man—but they did not prevent her marrying Dr. Leidner. How simple that is—if Dr. Leidner is actually Frederick Bosner.

“Once more let us start our journey—from the point of view this time of young Frederick Bosner.

“To begin with, he loves his wife Louise with an overpowering passion such as only a woman of her kind can evoke. She betrays him. He is sentenced to death. He escapes. He is involved in a railway accident but he manages to emerge with a second personality—that of a young Swedish archaeologist, Eric Leidner, whose body is badly disfigured and who will be conveniently buried as Frederick Bosner.

“What is the new Eric Leidner’s attitude to the woman who was willing to send him to his death? First and most important, he still loves her. He sets to work to build up his new life. He is a man of great ability, his profession is congenial to him and he makes a success of it. But he never forgets the ruling passion of his life. He keeps himself informed of his wife’s movements. Of one thing he is cold-bloodedly determined (remember Mrs. Leidner’s own description of him to Nurse Leatheran—gentle and kind but ruthless), she shall belong to no other man. Whenever he judges it necessary he despatches a letter. He imitates some of the peculiarities of her handwriting in case she should think of taking his letters to the police. Women who write sensational anonymous letters to themselves are such a common phenomenon that the police will be sure to jump to that solution given the likeness of the handwriting. At the same time he leaves her in doubt as to whether he is really alive or not.

“At last, after many years, he judges that the time has arrived; he reenters her life. All goes well. His wife never dreams of his real identity. He is a well-known man. The upstanding, good-looking young fellow is now a middle-aged man with a beard and stooping shoulders. And so we see history repeating itself. As before, Frederick is able to dominate Louise. For the second time she consents to marry him. And no letter comes to forbid the banns.

“But afterwards a letter does come. Why?

“I think that Dr. Leidner was taking no chances. The intimacy of marriage might awaken a memory. He wishes to impress on his wife, once and for all, that Eric Leidner and Frederick Bosner are two different people. So much so that a threatening letter comes from the former on account of the latter. The rather puerile gas poisoning business follows—arranged by Dr. Leidner, of course. Still with the same object in view.

“After that he is satisfied. No more letters need come. They can settle down to happy married life together.

“And then, after nearly two years, the letters recommence.

“Why? Eh bien, I think I know. Because the threat underlying the letters was always a genuine threat. (That is why Mrs. Leidner has always been frightened. She knew her Frederick’s gentle but ruthless nature.) If she belongs to any other man but him he would kill her. And she has given herself to Richard Carey.

“And so, having discovered this, cold-bloodedly, calmly, Dr. Leidner prepares the scene for murder.

“You see now the important part played by Nurse Leatheran? Dr. Leidner’s rather curious conduct (it puzzled me at the very first) in securing her services for his wife is explained. It was vital that a reliable professional witness should be able to state incontrovertibly that Mrs. Leidner had been dead over an hour when her body was found—that is, that she had been killed at a time when everybody could swear her husband was on the roof. A suspicion might have arisen that he had killed her when he entered the room and found the body—but that was out of the question when a trained hospital nurse would assert positively that she had already been dead an hour.

“Another thing that is explained is the curious state of tension and strain that had come over the expedition this year. I never from the first thought that that could be attributed solely to Mrs. Leidner’s influence. For several years this particular expedition had had a reputation for happy good fellowship. In my opinion, the state of mind of a community is always directly due to the influence of the man at the top. Dr. Leidner, quiet though he was, was a man of great personality. It was due to his tact, to his judgment, to his sympathetic manipulation of human beings that the atmosphere had always been such a happy one.

“If there was a change, therefore, the change must be due to the man at the top—in other words, to Dr. Leidner. It was Dr. Leidner, not Mrs. Leidner, who was responsible for the tension and uneasiness. No wonder the staff felt the change without understanding it. The kindly, genial Dr. Leidner, outwardly the same, was only playing the part of himself. The real man was an obsessed fanatic plotting to kill.

“And now we will pass on to the second murder—that of Miss Johnson. In tidying up Dr. Leidner’s papers in the office (a job she took on herself unasked, craving for something to do) she must have come on some unfinished draft of one of the anonymous letters.

“It must have been both incomprehensible and extremely upsetting to her! Dr. Leidner has been deliberately terrorizing his wife! She cannot understand it—but it upsets her badly. It is in this mood that Nurse Leatheran discovers her crying.

“I do not think at the moment that she suspected Dr. Leidner of being the murderer, but my experiments with sounds in Mrs. Leidner’s and Father Lavigny’s rooms are not lost upon her. She realizes that if it was Mrs. Leidner’s cry she heard, the window in her room must have been open, not shut. At the moment that conveys nothing vital to her, but she remembers it.

“Her mind goes on working—ferreting its way towards the truth. Perhaps she makes some reference to the letters which Dr. Leidner understands and his manner changes. She may see that he is, suddenly, afraid.

“But Dr. Leidner cannot have killed his wife! He was on the roof all the time.

“And then, one evening, as she herself is on the roof puzzling about it, the truth comes to her in a flash. Mrs. Leidner has been killed from up here, through the open window.

“It was at that minute that Nurse Leatheran found her.

“And immediately, her old affection reasserting itself, she puts up a quick camouflage. Nurse Leatheran must not guess the horrifying discovery she has just made.

“She looks deliberately in the opposite direction (towards the courtyard) and makes a remark suggested to her by Father Lavigny’s appearance as he crosses the courtyard.

“She refuses to say more. She has got to ‘think things out.’

“And Dr. Leidner, who has been watching her anxiously, realizes that she knows the truth. She is not the kind of woman to conceal her horror and distress from him.

“It is true that as yet she has not given him away—but how long can he depend upon her?

“Murder is a habit. That night he substitutes a glass of acid for her glass of water. There is just a chance she may be believed to have deliberately poisoned herself. There is even a chance she may be considered to have done the first murder and has now been overcome with remorse. To strengthen the latter idea he takes the quern from the roof and puts it under her bed.

“No wonder that poor Miss Johnson, in her death agony, could only try desperately to impart her hard-won information. Through ‘the window,’ that is how Mrs. Leidner was killed, not through the door—through the window. . . .

“And so thus, everything is explained, everything falls into place . . . Psychologically perfect.

“But there is no proof . . . No proof at all . . ."
156,mm,"Yes, I know. That’s what my nephew, Raymond West, would say. He’d tell me I hadn’t a shadow of proof. But I remember Walter Hones, who kept the Green Man. Walking home with his wife one night she fell into the river—and he collected the insurance money! And one or two other people that are walking about scot-free to this day—one indeed in our own class of life. Went to Switzerland for a summer holiday climbing with his wife. I warned her not to go—the poor dear didn’t get angry with me as she might have done—she only laughed. It seemed to her funny that a queer old thing like me should say such things about her Harry. Well, well, there was an accident—and Harry is married to another woman now. But what could I do? I knew, but there was no proof."
157,hp,"This is very weak and silly of me,"
158,mm,"I always find one thing very like another in this world,"
159,sh,"I expect, as usual, he
     knows a good deal that we don't."
160,hp,"Ah, pardon, you yourself, Monsieur, opened your door and looked out for a second."
161,mm,"Your tip about the parcel dispatched to that charity, by the way, was entirely successful. It contained a brand new brightly coloured man’s polo-necked jumper in scarlet and black checks. Most noticeable. What made you think of that?"
162,sh,"Thank you. I think that I quite follow you,"
163,hp,"I doubt if you’d know the truth if you heard it,"
164,hp,"It seems so. I deplore my inadequacy, gentlemen."
165,mm,"are Mr. Broadribb’s secretary. If she’s out, find out what time she will be in."
166,sh,"but I must regard what you
     have just said as either a very bad joke or an insult."
167,mm,"It’s all much the same kind, really, isn’t it?"
168,mm,"and there is no need to be profane about it. The hand of God is everywhere. The first thing I saw were the black spots—the marks of St. Peter’s thumb. That is the legend, you know. St. Peter’s thumb. And that brought things home to me. I needed faith, the ever true faith of St. Peter. I connected the two things together, faith—and fish."
169,sh,"I wrote two more articles and then, feeling more drowsy than ever, I
     rose and walked up and down the room to stretch my legs. My coffee
     had not yet come, and I wondered what was the cause of the delay
     could be. Opening the door, I started down the corridor to find out.
     There was a straight passage, dimly lighted, which led from the room
     in which I had been working, and was the only exit from it. It ended
     in a curving staircase, with the commissionaire's lodge in the
     passage at the bottom. Half way down this staircase is a small
     landing, with another passage running into it at right angles. This
     second one leads by means of a second small stair to a side door,
     used by servants, and also as a short cut by clerks when coming from
     Charles Street. Here is a rough chart of the place."
170,hp,"I had no idea Lady Clarke disliked me so much. In fact, I always thought she was rather fond of me."
171,mm,He’s done his best to bully the butler—but apparently the butler wasn’t curious enough to listen at the door. So there it is—no one knows.
172,hp,I hope you’re not annoyed? It was very careless of me.
173,sh,"having secured the future, we can afford to be more lenient with the
     past. I am not in an official position, and there is no reason, so
     long as the ends of justice are served, why I should disclose all
     that I know. As to Hayes I say nothing. The gallows awaits him, and I
     would do nothing to save him from it. What he will divulge I cannot
     tell, but I have no doubt that your Grace could make him understand
     that it is to his interest to be silent. From the police point of
     view he will have kidnapped the boy for the purpose of ransom. If
     they do not themselves find it out I see no reason why I should
     prompt them to take a broader point of view. I would warn your Grace,
     however, that the continued presence of Mr. James Wilder in your
     household can only lead to misfortune."
174,mm,"There was—er—something you wanted to see me about, I think,"
175,hp,"that proves at least that Cassetti—or Ratchett, as I shall continue to call him—was certainly alive at twenty minutes to one."
176,sh,"And he stretched his long white hand up for it.









     ----------
     This text is provided to you"
177,hp,"It may come to that. But let us not be in a hurry. Let us proceed
slowly, with due order and method. Charles Kent is not yet formally
charged with murder. Circumstances may arise which will render your
story unnecessary."
178,hp,"Mrs. Marshall never, sir. Miss Darnley has once or twice, I think. Mrs. Redfern doesn’t often bathe before breakfast—only when it’s very hot, but she didn’t this morning."
179,sh,"There are certainly grave
     difficulties in the way,"
180,sh,"And now, Mr. Soames, I wish
     you good-night."
181,mm,"I do think you should be more careful how you choose your friends. You are so credulous, dear, so easily gulled. I suppose it is being a writer and having so much imagination. All that story about a Spanish galleon! If you were older and had more experience of life you would have been on your guard at once. A man you had known only a few weeks, too!"
182,mm,"You’re reviving it to go on tour next autumn, aren’t you?"
183,mm,"No. Only a feeling of assurance that her pilgrimage was put an end to by malign design. Someone wanted to stop her going wherever she was going, or stop her going to whomever she was going to. One can only hope that chance or Providence may throw light on that."
184,sh,"The question was hardly out of my mouth, and Holmes had not yet
     opened his lips to reply, when we heard a heavy footfall in the
     passage and a tap at the door."
185,mm,"I have dropped another stitch. I have been so interested in the story. A sad case, a very sad case. It reminds me of old Mr. Hargraves who lived up at the Mount. His wife never had the least suspicion—until he died, leaving all his money to a woman he had been living with and by whom he had five children. She had at one time been their housemaid. Such a nice girl, Mrs. Hargraves always said—thoroughly to be relied upon to turn the mattresses every day—except Fridays, of course. And there was old Hargraves keeping this woman in a house in the neighbouring town and continuing to be a Churchwarden and to hand round the plate every Sunday."
186,mm,But you went to the post office and represented that the parcel was yours.
187,sh,"There was no wind that night, I understand,"
188,hp,Hotel gossip is usually a tissue of lies!
189,mm,"In fact, I had no opportunity of doing so."
190,hp,"Do you believe that letter, then, to be a forgery?"
191,hp,Linda’s not coming. She says she’s got a frightful headache.
192,mm,"a lot of people are stupid. And stupid people get found out, whatever they do. But there are quite a number of people who aren’t stupid, and one shudders to think of what they might accomplish unless they had very strongly rooted principles."
193,hp,She saw someone enter and leave Linnet Doyle’s cabin on that fatal night.
194,sh,"'Lord Backwater tells me that I may place implicit reliance upon
     your judgment and discretion. I have determined, therefore, to call
     upon you and to consult you in reference to the very painful event
     which has occurred in connection with my wedding. Mr. Lestrade, of
     Scotland Yard, is acting already in the matter, but he assures me
     that he sees no objection to your co-operation, and that he even
     thinks that it might be of some assistance. I will call at four
     o'clock in the afternoon, and, should you have any other engagement
     at that time, I hope that you will postpone it, as this matter is of
     paramount importance."
195,sh,"I was sorry to cause you the sympathetic pain
     which I know that you felt. We then went upstairs together, and
     having entered the room and seen the dressing-gown hanging up behind
     the door, I contrived, by upsetting a table, to engage their
     attention for the moment, and slipped back to examine the pockets. I
     had hardly got the paper, however--which was, as I had expected, in
     one of them--when the two Cunninghams were on me, and would, I verily
     believe, have murdered me then and there but for your prompt and
     friendly aid. As it is, I feel that young man's grip on my throat
     now, and the father has twisted my wrist round in the effort to get
     the paper out of my hand. They saw that I must know all about it, you
     see, and the sudden change from absolute security to complete despair
     made them perfectly desperate."
196,mm,"I’ll go and have a try this evening,"
197,sh,"I have no more notion than you how long it is to last,"
198,hp,Tell me more about the death of Alice Corrigan.
199,hp,"I read my Dickens. M. Harris, he will not arrive."
200,mm,"There was Mrs. Green, you know, she buried five children—and every one of them insured. Well, naturally, one began to get suspicious."
201,hp,"You are in error, my friend. You do not understand my meaning. A robbery would be a relief since it would dispossess my mind of the fear of something else."
202,mm,"Well, go on, Aunt Jane; haven’t you got anything to say?"
203,sh,"Our lady must have picked her steps carefully, must
     she not, since on the one side she would leave a track on the path,
     and on the other an even clearer one on the soft bed?"
204,hp,"Ha, Poirot. Glad to see you. Come in. Just the man I want."
205,sh,"It is of the utmost importance that you should notice this point. I
     went down the stairs and into the hall, where I found the
     commissionaire fast asleep in his box, with the kettle boiling
     furiously upon the spirit-lamp. I took off the kettle and blew out
     the lamp, for the water was spurting over the floor. Then I put out
     my hand and was about to shake the man, who was still sleeping
     soundly, when a bell over his head rang loudly, and he woke with a
     start."
206,mm,"Very interesting. Very providential—if I may use the term. Yes, it brought you here in the nick of time."
207,mm,"She wouldn’t listen. I—I tried to keep him away from the house. I told him he was not to come here any more. That of course was stupid. I realized that afterwards. It only meant that she went and met him outside the house. I don’t know where. They had various meeting places. He used to call for her in his car at an agreed spot and bring her home late at night. Once or twice he didn’t bring her home until the next day. I tried to tell them it must stop, that it must all cease, but they wouldn’t listen. Verity wouldn’t listen. I didn’t expect him to, of course."
208,hp,"I do not insult you. I merely ask you all to face facts. In a house where murder has been committed, every inmate comes in for a certain share of suspicion. I ask you what evidence is there that the murderer came from outside at all?"
209,hp,"I am not mad. It was the little
discrepancy in time that first drew my attention to you—right at the
beginning."
210,mm,Then your instructions would be that we pay this sum of money into your bank?
211,mm,"So much walking and standing about. One’s feet get very tired. I suppose really I ought not to take these expeditions, but it is such a temptation to see beautiful buildings and fine rooms and furniture. All these things. And of course some splendid pictures."
212,sh,"He sleeps at the end of the passage and would have to pass my door
     in order to reach the staircase. It was a really terrifying
     experience, Mr. Holmes. I think that I am as strong-nerved as my
     neighbours, but I was shaken by what I saw. The passage was dark save
     that one window halfway along it threw a patch of light. I could see
     that something was coming along the passage, something dark and
     crouching. Then suddenly it emerged into the light, and I saw that it
     was he. He was crawling, Mr. Holmes--crawling! He was not quite on
     his hands and knees. I should rather say on his hands and feet, with
     his face sunk between his hands. Yet he seemed to move with ease. I
     was so paralyzed by the sight that it was not until he had reached my
     door that I was able to step forward and ask if I could assist him.
     His answer was extraordinary. He sprang up, spat out some atrocious
     word at me, and hurried on past me, and down the staircase. I waited
     about for an hour, but he did not come back. It must have been
     daylight before he regained his room."
213,mm,"Getting born, you know, and growing up—and coming into contact with other people—getting jostled—and then marriage and more babies—"
214,hp,"I am sure of it! But even then, what does that tell us? What did Kenneth Marshall feel about his wife?"
215,sh,"Exactly. And it looks out on an angle of the courtyard so as to be
     partly invisible. The man might have effected his entrance there,
     left traces as he passed through the bedroom, and, finally, finding
     the door open have escaped that way."
216,mm,"It certainly looks like it. What do you think, Miss Marple?"
217,hp,"And I was able to tell
him the way people were already talking about it."
218,hp,And you? Is it not that you are on holiday also?
219,hp,"I’ve thought so for some time. Poor old
chap, so that’s why he had to give up and come down here. In the
family, very likely. He’s got a nephew who’s quite off his crumpet."
220,sh,"I think that my friend and I
     can congratulate ourselves upon several most happy results from our
     little visit to the North. There is one other small point upon which
     I desire some light. This fellow Hayes had shod his horses with shoes
     which counterfeited the tracks of cows. Was it from Mr. Wilder that
     he learned so extraordinary a device?"
221,hp,"The evidence of the servants that no one entered the courtyard from outside. But it occurred to me, upon reflection, that that was really not what they had said. They had sworn that no stranger had entered the premises. They had not been asked if a member of the expedition had done so."
222,mm,"I really feel I owe a great deal to Mary, I am so thankful I had the resolution to get rid of that other girl. Mary is really invaluable. Cooks nicely and waits beautifully and keeps our little flat scrupulously clean—mattresses turned over every day. And she is really wonderful with Emily!"
223,sh,"The fact that these
     strange symptoms began after his visit to Prague, that he is in
     secret correspondence with a Bohemian dealer in London, who
     presumably represents someone in Prague, and that he received a
     packet from him this very day, all point in one direction. What he
     takes and why he takes it are still beyond our ken, but that it
     emanates in some way from Prague is clear enough. He takes it under
     definite directions which regulate this ninth-day system, which was
     the first point which attracted my attention. But his symptoms are
     most remarkable. Did you observe his knuckles?"
224,hp,What are you looking at my hands for? Do you think—do you think—?
225,sh,My uncle's voice is always remarkably low. I hardly spoke at all.
226,hp,You think definitely that Blatt is the murderer?
227,mm,"I know just the sort of thing you mean, dear,"
228,mm,"Ah. I remember. He went out there, I believe, for his health. It did him some good, perhaps, but he was already a very ill man, badly crippled, as you know."
229,hp,She can tell you nothing more than I have.
230,sh,"Now, Watson, the fair sex is your department,"
231,hp,"Yes, I will do that. But it is my opinion that I shall not be able to accomplish anything."
232,sh,"it's as
     workmanlike a job as I can remember."
233,sh,"I think I shall have a pull at that flask, Holmes.  Well, I think we
     may all congratulate each other. Pity we didn't take the other alive;
     but there was no choice. I say, Holmes, you must confess that you cut
     it rather fine. It was all we could do to overhaul her."
234,hp,"You are quite right, mademoiselle. There is such a thing. The lust to kill. But that did not quite fit the facts of the case. A homicidal maniac who desires to kill usually desires to kill as many victims as possible. It is a recurring craving. The great idea of such a killer is to hide his tracks—not to advertise them. When we consider the four victims selected—or at any rate three of them (for I know very little of Mr. Downes or Mr. Earlsfield), we realize that if he had chosen, the murderer could have done away with them without incurring any suspicion. Franz Ascher, Donald Fraser or Megan Barnard, possibly Mr. Clarke—those are the people the police would have suspected even if they had been unable to get direct proof. An unknown homicidal murderer would not have been thought of! Why, then, did the murderer feel it necessary to call attention to himself? Was it the necessity of leaving on each body a copy of an A B C railway guide? Was that the compulsion? Was there some complex connected with the railway guide?

“I found it quite inconceivable at this point to enter into the mind of the murderer. Surely it could not be magnanimity? A horror of responsibility for the crime being fastened on an innocent person?

“Although I could not answer the main question, certain things I did feel I was learning about the murderer."
235,sh,"I should not have the impertinence to
     do it again after what you say. But I should like to take a little
     walk over the moor before it grows dark, that I may know my ground
     to-morrow, and I think that I shall put this horseshoe into my pocket
     for luck."
236,mm,"It wouldn’t—to you. But some of the families were very poor, and the old age pension was a great boon to the children. I know it’s difficult for anyone outside to understand. But what I really meant was that the whole thing hinged upon one old woman being so like any other old woman."
237,hp,"You really think that is possible, my friend?"
238,sh,"I think, your Grace, that this can only be
     done by absolute and complete frankness between us. I am disposed to
     help your Grace to the best of my ability; but in order to do so I
     must understand to the last detail how the matter stands. I realize
     that your words applied to Mr. James Wilder, and that he is not the
     murderer."
239,mm,"I thought they would be at hand somewhere after they’d given me the whistle. I do not think it was a difficult house to which to gain access, there were no shuttered windows or burglar alarms or anything of that kind. One of them came back on the pretext of having left a handbag and a scarf. Between them they probably managed to leave a window unfastened, and I should imagine they came back into the house almost as soon as they left it, while the inhabitants inside were going up to bed."
240,sh,"He thought it was his mistress,
     and he found it was a stranger. Dogs don't make mistakes."
241,mm,May I ask you a question? I hope it is not too intimate a question.
242,sh,"that seemed to me to be the most damning
     incident of all."
243,sh,"There was some delay in the official pass, and instead of reaching
     Winchester that day we went down to Thor Place, the Hampshire estate
     of Mr. Neil Gibson. He did not accompany us himself, but we had the
     address of Sergeant Coventry, of the local police, who had first
     examined into the affair. He was a tall, thin, cadaverous man, with a
     secretive and mysterious manner which conveyed the idea that he knew
     or suspected a very great deal more than he dared say. He had a
     trick, too, of suddenly sinking his voice to a whisper as if he had
     come upon something of vital importance, though the information was
     usually commonplace enough. Behind these tricks of manner he soon
     showed himself to be a decent, honest fellow who was not too proud to
     admit that he was out of his depth and would welcome any help."
244,mm,"It will take a little getting used to, I expect,"
245,sh,"You don't like being beaten any more than the rest of us do,"
246,hp,we’ve got to find out who last saw the dead woman alive. Chambermaid took her her breakfast at nine. Girl in the bureau downstairs saw her pass through the lounge and go out about ten.
247,sh,"We were
     hardly quick enough with our pistols."
248,sh,"When a
     crisis comes, as it will do, I will direct how you shall act. I
     suppose that by Saturday all might be ready?"
249,sh,"I think, perhaps, we had better go down to Tredannick Wartha
     without further delay. I confess that I have seldom known a case
     which at first sight presented a more singular problem."
250,sh,"I think that this is all we will need,"
251,mm,"but of course one would never dream of doing anything of that kind nowadays, would one? Rather too noisome, I am afraid. We have a few floribunda roses near the house. I really think floribundas are such a great answer to difficulties."
252,sh,"There is more in this than meets the eye. How
     came the letter back in the box?"
253,mm,I know it. Many is the time I have played with it as a child.
254,hp,She was a charming person—most charming. And intellectual. She had a very fine brain—yes.
255,mm,No indeed. I expect the Coroner’ll mention it today.
256,mm,"One or two rather peculiar indications perhaps, but indications are not facts."
257,hp,You were asking about Redfern. My wife told me she had come across him at some cocktail party or other.
258,mm,"Eighteen fifty-one. And that explains everything, doesn’t it?"
259,hp,"I’m trying to judge the thing
fair and square. I’m a local man, and I’ve seen Captain Paton many
times in Cranchester. I’m not wanting him to be the guilty one—but it’s
bad whichever way you look at it. If he’s innocent, why doesn’t he come
forward? We’ve got evidence against him, but it’s just possible that
that evidence could be explained away. Then why doesn’t he give an
explanation?"
260,sh,"I could see that you were commiserating with me over my weakness,"
261,hp,One can’t be too careful. Don’t want to be overheard.
262,hp,"Can I discuss in the presence of Dr. Leidner the motives likely to lead to the murder of his wife by a member of the expedition? That would not have been delicate at all. I had to sustain the fiction that his wife was adorable and that everyone adored her!

“But naturally it was not like that at all. Now we can be brutal and impersonal and say what we think. We have no longer to consider people’s feelings. And that is where Nurse Leatheran is going to help us. She is, I am sure, a very good observer."
263,hp,But this is all pure conjecture. It isn’t evidence.
264,mm,Let me see—how had I better go on?
265,hp,I had no sooner spoken to him than I was aware that Cust believed himself to be guilty.
266,mm,"that nobody has come forward, if they were up on top there, pushing about rocks and boulders and things, that they haven’t come forward to say so."
267,sh,"Oh, no, sir.  He was a little gentleman, with glasses, thin in the
     face, but very pleasant in his ways, for he was laughing all the time
     that he was talking."
268,sh,"They
     hardly rise above the common herd. That d might be an a, and that l
     an e. Men of character always differentiate their long letters,
     however illegibly they may write. There is vacillation in his k's and
     self-esteem in his capitals. I am going out now. I have some few
     references to make. Let me recommend this book,--one of the most
     remarkable ever penned. It is Winwood Reade's Martyrdom of Man. I
     shall be back in an hour."
269,hp,"No, sir. All her bathing dresses were quite dry."
270,hp,"That is more difficult. The English, they do not stab. You are right there. I incline to the view that someone else dropped the pipe cleaner—and did so to incriminate the long-legged Englishman."
271,hp,"How very few young people there are out here! That pretty girl with the chestnut hair and the appalling mother in the turban is almost the only young creature in the place. You have talked to her a good deal, I notice. She interests me, that child."
272,hp,But it wouldn’t have occurred to you to let me off?
273,mm,"Then, Sir Henry, if I understand you rightly, it is this young Mr. Templeton only who is so much on your mind?"
274,sh,"CHAPTER XII
          Death on the Moor


     For a moment or two I sat breathless, hardly able to believe my ears.
     Then my senses and my voice came back to me, while a crushing weight
     of responsibility seemed in an instant to be lifted from my soul.
     That cold, incisive, ironical voice could belong to but one man in
     all the world."
275,hp,Then it has nothing to do with the crime at all.
276,hp,Seemed to be sitting in the Chief Constable’s pocket all right the other day.
277,sh,"Mrs. Lyons had resumed her seat. Her hands were grasping the arms of
     her chair, and I saw that the pink nails had turned white with the
     pressure of her grip."
278,mm,"I think he wanted it to be a surprise to you. I think he was perhaps that kind of man,"
279,sh,"All my instincts are against this explanation. Use your powers! Go
     to the scene of the crime! See the people concerned! Leave no stone
     unturned! In all your career you have never had so great a chance of
     serving your country."
280,sh,"It will serve to take him
     to Scotland Yard. And now, gentlemen,"
281,hp,"Tell me, Madame Doyle’s cousin, Miss Joanna Southwood, did she resemble Madame Doyle?"
282,hp,"Under certain circumstances, I can imagine he might be,"
283,hp,We’ll see what Colgate can make out of the typewriting alibi. In the meantime I’ve got the chambermaid of this floor waiting to be interviewed. A good deal may depend on her evidence.
284,mm,"Do you think it’s all right to do that at your age? These things can be very tiring, you know. You have to walk miles sometimes."
285,mm,"I’d better tell you briefly how I came into things now,"
286,hp,"They’re getting to look blacker and blacker against Ralph Paton,"
287,sh,"It may, of course, be a mere coincidence,
     or it may point to some nervousness which would indicate that he had
     reason to apprehend danger. Had you noticed anything unusual in his
     conduct, yesterday, Ames?"
288,hp,"I should say so most assuredly. Pierre Michel has been employed by the company for over fifteen years. He is a Frenchman—lives near Calais. Thoroughly respectable and honest. Not, perhaps, remarkable for brains."
289,sh,"With a comical pomposity of
     manner he bowed solemnly to both of us and strode off upon his way."
290,mm,"I wish you’d solve the case, Miss Marple, like you did the time Miss Wetherby’s gill of picked shrimps disappeared. And all because it reminded you of something quite different about a sack of coals."
291,hp,"Oh, I believe you. Dr. Leidner did not leave the roof. That is an undisputed fact. But what I saw—and what Miss Johnson had seen—was that Dr. Leidner could murder his wife from the roof without leaving it."
292,hp,"Every time we come back to Ralph Paton. How
did you manage to spot Miss Russell as the person Charles Kent came to
meet? Did you notice the resemblance?"
293,mm,"Well, we couldn’t do much less, having had Mr. Rafiel’s letter. He was a very thoughtful man."
294,hp,"In any case, do not distress yourself, mademoiselle,"
295,sh,"I went home to Saxe-Coburg Square, and I took the advice of my
     assistant. But he could not help me in any way. He could only say
     that if I waited I should hear by post. But that was not quite good
     enough, Mr. Holmes. I did not wish to lose such a place without a
     struggle, so, as I had heard that you were good enough to give advice
     to poor folk who were in need of it, I came right away to you."
296,mm,that there must be a very large number.
297,hp,No. He’s got his rules—crazy rules—and abides by them. Fair warning. He makes a point of that. That’s where his boastfulness comes in. I wonder now—I’d almost bet the chap drinks White Horse whisky.
298,hp,"You are, I think, the strongest character amongst us."
299,mm,"I don’t know exactly where you are, Mr. Rafiel, but I have no doubt that you are somewhere—I will do my best to fulfil your wishes."
300,mm,"it’s you, Miss Bradbury-Scott. Is there anything special?"
301,mm,Henry often spoke of you. He said things about you.
302,sh,"There was no difficulty at all about the appointment,"
303,hp,"But no matter.
What we have to look at is this—Captain Paton is missing, under
circumstances which call for an explanation. I will not hide from you
that the matter looks grave. Still, it may admit of a perfectly simple
explanation."
304,sh,"There are three hundred pounds in gold and seven hundred in notes,"
305,hp,I suppose this is the Sherlock Holmes touch!
306,mm,"I take a great interest in all the local news,"
307,mm,"After the rain, you see, you get all the soil washed off and then the boulders get loose and then down they comes. I remember one year they had three falls—three accidents there was. One boy nearly killed, he was, and then later that year, oh six months later, I think, there was a man got his arm broken, and the third time it was poor old Mrs. Walker. Blind she was and pretty well deaf too. She never heard nothing or she could have got out of the way, they say. Somebody saw it and they called out to her, but they was too far away to reach her or to run to get her. And so she was killed."
308,hp,And now your second expectation is disappointed. Franklin Clarke will not inherit his brother’s money.
309,sh,"have lost a sensational treat through the
     sudden death of the man Hope, who was suspected of the murder of Mr.
     Enoch Drebber and of Mr. Joseph Stangerson. The details of the case
     will probably be never known now, though we are informed upon good
     authority that the crime was the result of an old standing and
     romantic feud, in which love and Mormonism bore a part. It seems that
     both the victims belonged, in their younger days, to the Latter Day
     Saints, and Hope, the deceased prisoner, hails also from Salt Lake
     City. If the case has had no other effect, it, at least, brings out
     in the most striking manner the efficiency of our detective police
     force, and will serve as a lesson to all foreigners that they will do
     wisely to settle their feuds at home, and not to carry them on to
     British soil. It is an open secret that the credit of this smart
     capture belongs entirely to the well-known Scotland Yard officials,
     Messrs. Lestrade and Gregson. The man was apprehended, it appears, in
     the rooms of a certain Mr. Sherlock Holmes, who has himself, as an
     amateur, shown some talent in the detective line, and who, with such
     instructors, may hope in time to attain to some degree of their
     skill. It is expected that a testimonial of some sort will be
     presented to the two officers as a fitting recognition of their
     services."
310,mm,"That was a piece of his work. He couldn’t afford to have the police on the spot too soon. When they did come, they spent some time in the manager’s office before going up to the bedroom. That was the weakest point—the chance that someone might notice the difference between a body that had been dead two hours and one that had been dead just over half an hour; but he counted on the fact that the people who first discovered the crime would have no expert knowledge."
311,hp,I would like a word with him before our good inspector takes him in hand.
312,hp,I don’t admit anything. Not till I know what you’ve got on me.
313,sh,"He was cold, but not harsh. I dare say my severe illness prevented
     him from being that. He repeated that the matter was of the utmost
     importance, and added that no steps would be taken about my
     future--by which he means, of course, my dismissal--until my health
     was restored and I had an opportunity of repairing my misfortune."
314,mm,"About herself, you know, and her people. They all seem to be dead or in India. Very sad. By the way, she has gone to Old Hall for the weekend."
315,hp,"you should be an inventor by trade, not a
doctor. But I hear the bell—that is your patient. Let us go into the
surgery."
316,sh,"He gave an exclamation; that was all. I waited but he never
     returned. Then I walked home. Next morning, after the office opened,
     they came to inquire. About twelve o'clock we heard the terrible
     news. Oh, Mr. Holmes, if you could only, only save his honour! It was
     so much to him."
317,sh,"I heard him say at last in a dry,
     rasping tone."
318,hp,"But yes, look at the line of the jaw, the bones, the moulding of the head."
319,mm,"I’m afraid there is not very much to see,"
320,hp,"I see. With the right hand it is exceedingly difficult—almost impossible. One would have to strike backhanded, as it were. But if the blow were struck with the left hand—"
321,hp,"Oh! Come now. As a matter of fact you’d be safe enough with me. I don’t repeat all I hear! Learnt to keep my mouth shut years ago. Shouldn’t have got on the way I have if I hadn’t known how to do that. But you know what most people are—yap, yap, yap about everything they hear! Now you can’t afford that in your trade! That’s why you’ve got to keep it up that you’re here holiday-making and nothing else."
322,sh,"This
     is Mr. Leverton, of Pinkerton's American Agency."
323,mm,"Yes, I think the ‘Problem of the Caretaker’s Conduct’ can be solved easily enough. Bribery, was it not?"
324,sh,"It won't be so damn fine
     if I have to trim you up a bit. I've handled your kind before now,
     and they didn't look fine when I was through with them. Look at that,
     Masser Holmes!"
325,mm,"Well, I suppose if those two said so, they must have seen it."
326,sh,"that someone is not ill-disposed towards
     you, since they warn you of danger."
327,hp,You’d have said a mouthful if there was anything I did know. But I don’t. I know nothing at all—just as I said. But I ought to know something. That’s what makes me sore. I ought to.
328,hp,I’ll never forget this trip as long as I live. Three deaths…It’s just like living in a nightmare.
329,mm,"It seems odd after we’d all been mixed up so. He and you and I and some others. And then, later, when I’d come home, when six months had passed—it occurred to me one day how closely associated we had been in our time of stress, and yet how little I really knew about Mr. Rafiel. I was thinking it only the other day, after I’d seen the notice of his death. I wished I could know a little more. Where he was born, you know, and his parents. What they were like. Whether he had any children, or nephews or cousins or any family. I would so like to know."
330,sh,"My cab's at the door. If you'll loose my legs I'll walk down to it.
     I'm not so light to lift as I used to be."
331,mm,"I don’t like to say, I am sure,"
332,hp,"But once that good lady starts talking it’s a matter of the utmost
difficulty to get a word in edgeways."
333,hp,"Well, we were well above high-water mark. Just under the cliff—so that I could be a little in the shade and Linda in the sun."
334,hp,"We’re going to take you for a ride, Ratchett. Some time soon. We’re going to GET you, see?"
335,hp,Let me see. On my way down to breakfast I went into Linda Marshall’s room and fixed up with her to go to Gull Cove this morning. We agreed to meet in the lounge at half past ten.
336,sh,"As we passed out he exchanged a few words with the landlord,
     explaining that we were going on a late visit to an acquaintance, and
     that it was possible that we might spend the night there. A moment
     later we were out on the dark road, a chill wind blowing in our
     faces, and one yellow light twinkling in front of us through the
     gloom to guide us on our sombre errand.

     There was little difficulty in entering the grounds, for unrepaired
     breaches gaped in the old park wall. Making our way among the trees,
     we reached the lawn, crossed it, and were about to enter through the
     window when out from a clump of laurel bushes there darted what
     seemed to be a hideous and distorted child, who threw itself upon the
     grass with writhing limbs and then ran swiftly across the lawn into
     the darkness."
337,hp,"No, he was kinder reticent about that part of it. Just said the fellow was out for his blood and meant to get it."
338,mm,"We were staying, Arthur and I, with Sir Ambrose Bercy at Clodderham Court, and one day, by mistake (though very stupidly, I’ve always thought) a lot of foxglove leaves were picked with the sage. The ducks for dinner that night were stuffed with it and everyone was very ill, and one poor girl—Sir Ambrose’s ward—died of it."
339,hp,"Look at—at some people’s mothers—and look at mine. There is no God but Sex, and Salome Otterbourne is its Prophet."
340,hp,"to the final name on our list. Hildegarde Schmidt, lady’s maid."
341,sh,"you have drawn a net round this man from which he
     cannot escape, and you have saved an innocent human life as truly as
     if you had cut the cord which was hanging him. I see the direction in
     which all this points. The culprit is--"
342,sh,"But he is right. Oh! I know that he is right. James never did it.
     And about his quarrel with his father, I am sure that the reason why
     he would not speak about it to the coroner was because I was
     concerned in it."
343,mm,"Nora Broad? Oh, she hasn’t been in the village for years. Went off with someone, she did. She was a great one for boys. I always wondered where she’d end up. Did you want to see her for any particular reason?"
344,sh,"I started off, Mr. Holmes, but when I got to that address it was a
     manufactory of artificial knee-caps, and no one in it had ever heard
     of either Mr. William Morris or Mr. Duncan Ross."
345,mm,"Oh, yes, ma’am. She’s always one for a change, Gladdie is. She never seems to get really settled, if you know what I mean. But she’s always been the one to give the notice, you see!"
346,mm,was this. That she was going to marry Michael Rafiel. Miss Temple knew that. It was one of the things she said to me. She said: ‘I knew a girl called Verity who was going to marry Michael Rafiel’ and the only person who could have told her that was Verity herself. Verity must have written to her or sent some word to her. And then when I said ‘Why didn’t she marry him?’ she said: ‘She died.’
347,hp,"It is necessary to go into everything, monsieur,"
348,mm,A series of murders that took place a good many years ago?
349,sh,"A card had come up on a salver, and it was followed by the same
     bearded ruffian who had attacked me in the street. He started when he
     saw me."
350,hp,I was not so much surprised as sorry—very sorry….
351,hp,"No, indeed. I have a good comfortable dressing gown of Jaeger material."
352,mm,"That house, The Larches, is a very unhappy one,"
353,hp,"Mine is a very simple one. Only this. On the morning of your wife’s death, did you have a bath after you finished typing and before you went out to play tennis?"
354,mm,"I must confess it does remind me, just a little, of old Mrs. Trout. She drew the old age pension, you know, for three old women who were dead, in different parishes."
355,sh,"Well, I have been obliged to reconsider it. I had my net drawn
     tightly round Mr. Sholto, sir, when pop he went through a hole in the
     middle of it. He was able to prove an alibi which could not be
     shaken. From the time that he left his brother's room he was never
     out of sight of some one or other. So it could not be he who climbed
     over roofs and through trap-doors. It's a very dark case, and my
     professional credit is at stake. I should be very glad of a little
     assistance."
356,mm,I want to find out something more about a girl called Nora Broad.
357,sh,"we'll talk about it when we've had
     something to eat."
358,hp,"I will help you. I heard what you said to Hastings. That your sister was a bright, happy girl with no men friends. It was—un peu—the opposite that was true, was it not?"
359,mm,"You look a bit rattled like, if you know what I mean."
360,mm,I thought it one of those silly remarks women will make. If there seemed one thing sure on earth it was that Protheroe had written that note.
361,hp,"Even if I were to—kill her, you couldn’t stop me."
362,sh,"All right, Watson, I
     don't intend to meddle."
363,hp,"There’s no reason why women shouldn’t behave like rational beings,"
364,sh,"I was sorry for her, Watson. I thought of her for the moment as I
     would have thought of a daughter of my own. I am not often eloquent.
     I use my head, not my heart. But I really did plead with her with all
     the warmth of words that I could find in my nature. I pictured to her
     the awful position of the woman who only wakes to a man's character
     after she is his wife--a woman who has to submit to be caressed by
     bloody hands and lecherous lips. I spared her nothing--the shame, the
     fear, the agony, the hopelessness of it all. All my hot words could
     not bring one tinge of colour to those ivory cheeks or one gleam of
     emotion to those abstracted eyes. I thought of what the rascal had
     said about a post-hypnotic influence. One could really believe that
     she was living above the earth in some ecstatic dream. Yet there was
     nothing indefinite in her replies."
365,hp,Why did you say that Miss Grey was a liar?
366,sh,"I understand you to say that there
     are three students who use this stair and are in the habit of passing
     your door?"
367,hp,"Yes. The day of the murder was a glorious day, but the day before, remember, there was rain and thick mist. Anyone could come on to the island then without being seen. He had only to go down to the beach and spend the night in the cave. That mist, M. Poirot, is important."
368,mm,"Yes, I call that very interesting. After all, your friend—I mean your Governor—was a man of experience, a man who loved justice. He was a man whom you’d be willing to listen to. Presumably then, you did listen to him."
369,sh,"I had misjudged you. I thank
     Heaven that my compunction at leaving poor Staunton all alone in this
     plight caused me to turn my carriage back, and so to make your
     acquaintance. Knowing as much as you do, the situation is very easily
     explained. A year ago Godfrey Staunton lodged in London for a time,
     and became passionately attached to his landlady's daughter, whom he
     married. She was as good as she was beautiful, and as intelligent as
     she was good. No man need be ashamed of such a wife. But Godfrey was
     the heir to this crabbed old nobleman, and it was quite certain that
     the news of his marriage would have been the end of his inheritance.
     I knew the lad well, and I loved him for his many excellent
     qualities. I did all I could to help him to keep things straight. We
     did our very best to keep the thing from everyone, for when once such
     a whisper gets about it is not long before everyone has heard it.
     Thanks to this lonely cottage and his own discretion, Godfrey has up
     to now succeeded. Their secret was known to no one save to me and to
     one excellent servant who has at present gone for assistance to
     Trumpington. But at last there came a terrible blow in the shape of
     dangerous illness to his wife. It was consumption of the most
     virulent kind. The poor boy was half crazed with grief, and yet he
     had to go to London to play this match, for he could not get out of
     it without explanations which would expose his secret. I tried to
     cheer him up by a wire, and he sent me one in reply imploring me to
     do all I could. This was the telegram which you appear in some
     inexplicable way to have seen. I did not tell him how urgent the
     danger was, for I knew that he could do no good here, but I sent the
     truth to the girl's father, and he very injudiciously communicated it
     to Godfrey. The result was that he came straight away in a state
     bordering on frenzy, and has remained in the same state, kneeling at
     the end of her bed, until this morning death put an end to her
     sufferings. That is all, Mr. Holmes, and I am sure that I can rely
     upon your discretion and that of your friend."
370,hp,"And all the former have frosted glass windows, and one does not play billiards on a fine morning."
371,mm,"how did you come to guess that, Miss Marple?"
372,sh,He and his wife had five hundred pounds each.
373,mm,"Oh, I saw that at once, dear, although I know nothing about motors,"
374,sh,"is upon your side, Dr. Leon
     Sterndale, and not upon mine. As a proof I will tell you some of the
     facts upon which my conclusions are based. Of your return from
     Plymouth, allowing much of your property to go on to Africa, I will
     say nothing save that it first informed me that you were one of the
     factors which had to be taken into account in reconstructing this
     drama--"
375,sh,"We give you best, Holmes. I believe you are the devil himself."
376,sh,"He is, in
     my judgment, the fourth smartest man in London, and for daring I am
     not sure that he has not a claim to be third. I have known something
     of him before."
377,sh,"as to the possibility of
     there being an understanding between the burglar and the servant, and
     this being a note of appointment from one to the other, is an
     ingenious and not entirely impossible supposition. But this writing
     opens up--"
378,mm,There are connections between the two. I want someone to tell me things.
379,mm,"Not quite so large as it used to be,"
380,mm,"There seem to be a lot of Princes and Broads buried here,"
381,hp,You think she had something to do with the murder?
382,hp,You must excuse me. I like attacking established institutions.
383,mm,"Mr. Rafiel would have liked me to have fun,"
384,sh,"Kindly let me have the facts, Mr. Munro,"
385,hp,"It is of no use denying. That is the truth, is it not?"
386,sh,"Lattice-paned, lead framework, three separate windows, one swinging
     on hinge and large enough to admit a man."
387,hp,It is possible that publicity may do what private efforts have failed to do. The whole country now will be looking for A B C.
388,hp,You are quite wrong. He admits the fact.
389,hp,That seems to me all the more reason for telling you.
390,hp,"Sometimes, you know, I do think that maybe we’re going a little too far nowadays. What with all our great discoveries and all the electrical waves there must be in the atmosphere, I do think it leads to a great deal of mental unrest, and I just feel that maybe the time has come for a new message to humanity. I don’t know, M. Poirot, if you’ve ever interested yourself in the prophecies from the Pyramids."
391,mm,And what data are you going to give me to work upon?
392,hp,"You have a word in your language—slick. This crime seemed to me a very slick crime! It made me wonder if, perhaps, it was not a first attempt."
393,sh,"I beg you to have no
     illusions upon the point. Mr. Cummings here would assure you that all
     the cards are at present against us, and that we must do everything
     that is possible if we are to win clear. It would be a cruel
     deception to pretend that you are not in very great danger. Give me
     all the help you can, then, to get at the truth."
394,sh,"Oh, he mentioned his
     name, did he? That was imprudent. What was the name that he
     mentioned?"
395,sh,"Of course there can be no doubt as to the nature of
     this gang."
396,mm,"At twelve twenty-nine we received a telephone call from Mrs. Cresswell, housekeeper to Miss Greenshaw, stating that her mistress had been shot. Sergeant Cayley and myself went out there at once in a car and arrived at the house at twelve thirty-five. We found Miss Greenshaw dead and the two ladies locked in their rooms."
397,sh,"that money is nothing
     to me in this case. You can burn it if it's any use in lighting you
     to the truth. This woman is innocent and this woman has to be
     cleared, and it's up to you to do it. Name your figure!"
398,sh,"for it is natural that he should take a
     keen interest in the details. I am afraid, my dear Colonel, that you
     must regret the hour that you took in such a stormy petrel as I am."
399,hp,"But why not, Mademoiselle? Why should there not be what you call a ‘body’ here on Smugglers’ Island?"
400,hp,"I do not fancy you returned me a truthful answer, mademoiselle,"
401,hp,"that reaction came pretty quickly. That’s a very coolheaded and astute young woman—perfectly capable of holding out on us and still further if she thinks it suits her book. What about Miss Marie Van Schuyler now? I don’t think we can eliminate her from the possible suspects. You know, she might have committed murder to get hold of those jewels. We can’t take the nurse’s word for it. She’s all out to do the best for the family."
402,sh,"but a country doctor, as you very astutely
     observed. I think that I am fairly justified in my inferences. As to
     the adjectives, I said, if I remember right, amiable, unambitious,
     and absent-minded. It is my experience that it is only an amiable man
     in this world who receives testimonials, only an unambitious one who
     abandons a London career for the country, and only an absent-minded
     one who leaves his stick and not his visiting-card after waiting an
     hour in your room."
403,mm,She sent over a very incoherent note—all spidery and underlined. I couldn’t read most of it. Apparently she can’t leave home herself. Hurry up and go across and see her and find out what it is. I’ve got my old women coming in two minutes or I’d come myself. I do hate old women—they tell you about their bad legs and sometimes insist on showing them to you. What luck that the inquest is this afternoon! You won’t have to go and watch the Boys’ Club Cricket Match.
404,mm,though I am not at all cognizant of financial matters myself.
405,hp,"As you yourself have said, what other explanation can there be?"
406,hp,Certainly I did. As soon as I heard of the shocking occurrence I perceived that my statement might be helpful and came forward accordingly.
407,mm,"but the wife went along and saw it last week. Quite well done, she said it was."
408,hp,"We have been idiots—fools! We should have known—then. What did she say? ‘What could I have seen or heard? I was on the deck below. Naturally, if I had been unable to sleep, if I had mounted the stairs, then perhaps I might have seen this assassin, this monster, enter or leave Madame’s cabin, but as it is—’ Of course, that is what did happen! She did come up. She did see someone gliding into Linnet Doyle’s cabin—or coming out of it. And, because of her greed, her insensate greed, she lies here—"
409,hp,is what we are about to find out.
410,hp,"You need not offer apologies, Messieurs. I understand a murder has taken place. Naturally, you must interview all the passengers. I shall be glad to give all the assistance in my power."
411,mm,"Henry Clithering, an old friend of mine—very old friend."
412,hp,"But I’m right about her. She was a clever woman and she was bored and she experimented—with people—like other people experiment with chemicals. She enjoyed working on poor old Johnson’s feelings and seeing her bite on the bullet and control herself like the old sport she is. She liked goading little Mercado into a white-hot frenzy. She liked flicking me on the raw—and she could do it too, every time! She liked finding out things about people and holding it over them. Oh, I don’t mean crude blackmail—I mean just letting them know that she knew—and leaving them uncertain what she meant to do about it. My God, though, that woman was an artist! There was nothing crude about her methods!"
413,sh,I think that it is more than probable--
414,sh,"I think it may be quite possible to keep
     the matter to ourselves, and also to prevent its recurrence now that
     we have a free hand. The key from the watch-chain, Mr. Bennett.
     Macphail will guard the patient and let us know if there is any
     change. Let us see what we can find in the professor's mysterious
     box."
415,mm,"Yes, he had been very crippled for some years,"
416,sh,"I could not have believed
     that you would have descended to this. You have made inquires into
     the history of my unhappy brother, and you now pretend to deduce this
     knowledge in some fanciful way. You cannot expect me to believe that
     you have read all this from his old watch! It is unkind, and, to
     speak plainly, has a touch of charlatanism in it."
417,hp,"Oh, a great many reasons—for one, because the red succeeds the black."
418,mm,I understand—I think you are right. I wish you good luck in the life you are now going to begin.
419,mm,"That, I am sure, was the reason she was coming to you."
420,sh,"by binding you both to absolute secrecy for two years; at the end of
     that time the matter will be of no importance. At present it is not
     too much to say that it is of such weight it may have an influence
     upon European history."
421,mm,And have you discovered the answers to all those things?
422,hp,"Mrs. Doyle’s maid, Louise Bourget. She went to call her mistress as usual, found her dead, and came out and flopped into the steward’s arms in a dead faint. He went to the manager, who came to me. I got hold of Bessner and then came for you."
423,mm,"that you shouldn’t joke about these things as much as you do, Raymond. Arsenic is, of course, quite a possibility. So easy to obtain. Probably present in the toolshed already in the form of weed killer."
424,mm,"I was in a very curious position, Mrs. Bantry. Of evidence as the law understands it, I still have very little. Also, there were certain signs, plain to me as a medical man, that though strong and vigorous in appearance, the lady was not long for this world. I went home with her and saw the rest of the family—a charming family, devoted to their eldest sister and without an idea in their heads that she might prove to have committed a crime. Why bring sorrow on them when I could prove nothing? The lady’s admission to me was unheard by anyone else. I let Nature take its course. Miss Amy Barton died six months after my meeting with her. I have often wondered if she was cheerful and unrepentant up to the last."
425,mm,"Well, you must rest this afternoon, so as to be fresh for tomorrow,"
426,hp,"No, the blood escaped internally into the brain."
427,hp,The handkerchief to begin with. Let us by all means be orderly and methodical.
428,hp,"Didn’t you? Oh, he told me all about it. Poor lad. It’s a great grief
to all the family. They’ve kept him at home so far, but it’s getting
to such a pitch that they’re afraid he’ll have to go into some kind of
institution."
429,hp,"will you let an old man congratulate you
on your courage and your loyalty? And will you not misunderstand me if
I ask you—ask you most solemnly—to postpone the announcement you speak
of for at least two days more?"
430,mm,"I would like to have seen Mr. Rafiel again,"
431,hp,"Ecoutez, Madame. I will recount to you a little history. It is that one day, a month or two ago, I am dining in a restaurant in London. At the table next to me are two people, a man and a girl. They are very happy, so it seems, very much in love. They talk with confidence of the future. It is not that I listen to what is not meant for me; they are quite oblivious of who hears them and who does not. The man’s back is to me, but I can watch the girl’s face. It is very intense. She is in love—heart, soul, and body—and she is not of those who love lightly and often. With her it is clearly the life and the death. They are engaged to be married, these two; that is what I gather; and they talk of where they shall pass the days of their honeymoon. They plan to go to Egypt."
432,mm,"I incline to suspicion of the city gentleman. He’d know the sort of telegram to get the lady out of the way, and he could manage the rest easily enough with the help of a new lady friend. Nobody seems to have thought of asking him for an alibi."
433,mm,"Well, as a matter of fact, I have,"
434,mm,"I really cannot understand the point of what you’re saying. Really,"
435,hp,"La Sainte Sophie, I have heard it is very fine."
436,mm,I dare say it has nothing to do with the murder. But it is a Peculiar Thing. And just at present we all feel we must take notice of Peculiar Things.
437,mm,It’s difficult to know what to think. I can’t see any reason for Lawrence behaving like a perfect idiot.
438,mm,I do hope you will be quite comfortable here. Can I help you to unpack? We have a very nice woman who comes in but she is only here in the morning. But she’ll help you with anything.
439,hp,And think of the place chosen. The very spot for the purpose. The lady goes off in her float. That’s natural enough. It’s what she does every day. She goes round to Pixy Cove where no one ever goes in the morning and which will be a nice quiet place for an interview.
440,mm,how do you do it? You have lived such a peaceful life and yet nothing seems to surprise you.
441,mm,Neither at two thirty nor any other time.
442,mm,"but surely you can’t think that—who on earth would want to roll a boulder down, do that sort of thing? I suppose there are always hooligans about. You know, some young foreigners or students. I really wonder, you know, whether—well—"
443,hp,I demand only your account of your visit. That you refuse it seems to me—what shall we say—a little odd?
444,hp,"It’s a suggestion. After all, the pistol wasn’t anywhere in the cabin. First thing I looked for."
445,hp,"That’s my opinion. She was a very handsome woman, you know, and might easily have had enemies. I think, those letters were written by some spiteful woman. Mrs. Leidner being of a nervous temperament took them seriously."
446,hp,"You shall tell me, ma soeur, exactly what each member of the expedition felt towards Mrs. Leidner."
447,sh,"for you
     have certainly cleared up everything which puzzled us. And here comes
     the country surgeon and Mrs. Rucastle, so I think, Watson, that we
     had best escort Miss Hunter back to Winchester, as it seems to me
     that our locus standi now is rather a questionable one."
448,sh,"My
     reasoning seems to have been pretty sound, Watson."
449,hp,perhaps M. le docteur will come with me to the dead man’s carriage.
450,mm,"Well, I think it’s just possible. That’s all."
451,hp,And she—what do you think she thought of him?
452,hp,"Not so. I am acting in the interests of justice. Miss Ackroyd has
asked me to investigate the death of her uncle."
453,hp,"I do know. Your wife is a very charming, a very accomplished woman. She is, I think, very fond of you."
454,mm,"I found things very difficult, almost impossible. In my mind I was blaming Mr. Rafiel for not having made things clear to me. But I see now that he’d been very wise not to do so. Really, you know, he was extraordinary clever. I can see why he was such a big financier and made so much money so easily. He laid his plans so well. He gave me just enough information in small packets each time. I was, as it were, directed. First my guardian angels were alerted to note what I looked like. Then I was directed on the tour and to the people on it."
455,mm,Is there anything I can do? Look after her?
456,mm,"If you ask me, I say ‘blackmail.’ Seems funny, when you think of what Colonel Protheroe was always supposed to be. But there, you never can tell. He wouldn’t be the first churchwarden who’d led a double life."
457,hp,"Then let us continue our conversation. I have formed the idea that this Donald Fraser has, perhaps, a violent and jealous temper, is that right?"
458,hp,I suppose you have something to be conceited about. Unfortunately crime doesn’t interest me in the least.
459,sh,"The
     august person who employs me wishes his agent to be unknown to you,
     and I may confess at once that the title by which I have just called
     myself is not exactly my own."
460,mm,"I saw her talking to Footit, the butcher, as I passed. Henry Footit was run over yesterday—that was his dog. One of those smooth-haired fox terriers, rather stout and quarrelsome, that butchers always seem to have."
461,hp,"I am repeating what you said just now under your breath. Oh, yes, you did."
462,hp,"Oh, no. No, indeed. I know one far far stronger than I am."
463,sh,Then I think we can disregard him altogether.
464,mm,"That is what I am telling you. Of course there is only one way that poor Sir Richard could have been stabbed, but I do wish I knew what caused him to stumble in the first place. Of course, it might have been a tree root. He would be looking at the girl, of course, and when it is moonlight one does trip over things."
465,mm,"And someone called Miss Bartlett, I think it is, who lives with her—"
466,hp,"Some day, I feel, we’ve got to make a stand and fight it out. Her attitude isn’t reasonable."
467,mm,"Do you know—it’s a curious thing your saying that. Now I come to think back, I believe you’re right. She—yes, she did seem, if anything, to be putting on weight."
468,hp,If I had but the pen of a Balzac! I would depict this scene.
469,sh,"The official detective was attired in a pea-jacket and cravat, which
     gave him a decidedly nautical appearance, and he carried a black
     canvas bag in his hand. With a short greeting he seated himself and
     lit the cigar which had been offered to him."
470,sh,"The ticket would have shown which station was nearest the agent's
     house. Therefore he took it from the murdered man's pocket."
471,hp,"As early as possible, Madame. What did you do when you first got up this morning?"
472,mm,"Oh, but there was nothing in the safe,"
473,hp,it seems to have been done very amateurishly.
474,sh,"that the rider is now undoubtedly
     forcing the pace? There can be no doubt of it. Look at this
     impression, where you get both tyres clear. The one is as deep as the
     other. That can only mean that the rider is throwing his weight on to
     the handle-bar, as a man does when he is sprinting. By Jove! he has
     had a fall."
475,hp,"I understood, sir, that you wished to ask me a few questions about my
late master—private like."
476,sh,"I got your telegram, and I came at the hour you said. I heard that
     you had been down to the office. There was no getting away from you.
     Let's hear the worst. What are you going to do with me? Arrest me?
     Speak out, man! You can't sit there and play with me like a cat with
     a mouse."
477,hp,"All the same it seems hardly credible…Well, we shall see. Let us have the maid here."
478,sh,"When we returned to Mrs. Warren's rooms, the gloom of a London winter
     evening had thickened into one gray curtain, a dead monotone of
     colour, broken only by the sharp yellow squares of the windows and
     the blurred haloes of the gas-lamps. As we peered from the darkened
     sitting-room of the lodging-house, one more dim light glimmered high
     up through the obscurity."
479,mm,they are only probabilities that I am exploring. One does not like to make definite assertions unless one has a little more definite knowledge.
480,hp,Exactly as it happens in the books and on the films—and to make things even easier for us it is marked with an initial.
481,mm,And who’ll stop me from putting an end to you?
482,mm,The kind of man who gets the wrong idea into his head and is obstinate about it. Do you remember Joe Bucknell who used to keep the Blue Boar? Such a to-do about his daughter carrying on with young Bailey. And all the time it was that minx of a wife of his.
483,hp,"That’s my theory, for what it is worth. Now tell me yours."
484,sh,"I take it that you have no theory yourself which can in any
     way account for them?"
485,sh,"The Thursday brought us another letter from our client.

     You will not be surprised, Mr. Holmes [said she] to hear that I am
     leaving Mr. Carruthers's employment. Even the high pay cannot
     reconcile me to the discomforts of my situation. On Saturday I come
     up to town and I do not intend to return. Mr. Carruthers has got a
     trap, and so the dangers of the lonely road, if there ever were any
     dangers, are now over.
     As to the special cause of my leaving, it is not merely the strained
     situation with Mr. Carruthers, but it is the reappearance of that
     odious man, Mr. Woodley. He was always hideous, but he looks more
     awful than ever now, for he appears to have had an accident and he is
     much disfigured. I saw him out of the window, but I am glad to say I
     did not meet him. He had a long talk with Mr. Carruthers, who seemed
     much excited afterwards. Woodley must be staying in the
     neighbourhood, for he did not sleep here, and yet I caught a glimpse
     of him again this morning slinking about in the shrubbery. I would
     sooner have a savage wild animal loose about the place. I loathe and
     fear him more than I can say. How can Mr. Carruthers endure such a
     creature for a moment? However, all my troubles will be over on
     Saturday."
486,hp,"A profoundly untrue statement that women always make,"
487,hp,"It is very respectable, very well dressed, but underneath it is all wrong. Out of my experience, I should say he was the big crook. I give you my opinion for what it is worth."
488,hp,"it is there, in those questions, that the solution lies. If we knew the exact reason—fantastic, perhaps, to us—but logical to him—of why our madman commits these crimes, we should know, perhaps, who the next victim is likely to be."
489,hp,"Your full Christian names and address, Madame. Perhaps you would prefer to write them yourself?"
490,mm,What in my day they used to call ‘having the come hither in your eye.’
491,sh,"I've a friend that's
     interested out Harrow way--you know what I'm meaning--and he don't
     intend to have no buttin' in by you. Got that? You ain't the law, and
     I ain't the law either, and if you come in I'll be on hand also.
     Don't you forget it."
492,sh,"This side, sir. This narrow margin of grass between the path and the
     flower-bed. I can't see the traces now, but they were clear to me
     then."
493,sh,"Kindly summon your men, and I will try."
494,mm,"I don’t suppose there can be any agony so great as what Clotilde has suffered all this time—ten years now—living in eternal sorrow. Living, you see, with the thing she had to live with. She had kept Verity, kept her there at The Old Manor House, in the garden, kept her there for ever. She didn’t realize at first what that meant. Her passionate longing for the girl to be alive again. I don’t think she ever suffered from remorse. I don’t think she had even that consolation. She just suffered—went on suffering year after year. And I know now what Elizabeth Temple meant. Better perhaps than she herself did. Love is a very terrible thing. It is alive to evil, it can be one of the most evil things there can be. And she had to live with that day after day, year after year. I think, you know, that Anthea was frightened of that. I think she knew more clearly the whole time what Clotilde had done and she thought that Clotilde knew that she knew. And she was afraid of what Clotilde might do. Clotilde gave that parcel to Anthea to post, the one with the pullover. She said things to me about Anthea, that she was mentally disturbed, that if she suffered from persecution or jealousy Anthea might do anything. I think—yes—that in the not so distant future—something might have happened to Anthea—an arranged suicide because of a guilty conscience—"
495,hp,"The Surrey police didn’t at first connect her death with that of Nellie Parsons. That’s because they’d pitched on the husband as the guilty party. Don’t quite know why except that he was a bit of what the Press calls a ‘mystery man’—not much known about him—who he was or where he came from. She’d married him against her people’s wishes, she’d a bit of money of her own—and she’d insured her life in his favour—all that was enough to raise suspicion, as I think you’ll agree, sir?"
496,mm,"I’m not sure, but I think Elizabeth Temple did know or was beginning to know what happened. A frightening word, she said. Love. I thought when she spoke that what she meant was that because of a love affair Verity committed suicide. Because she found out something about Michael, or because something about Michael suddenly upset her and revolted her. But it couldn’t have been suicide."
497,hp,"That is, if I’m not to go to Bexhill."
498,sh,"Of course, it is a possible
     supposition that the thief has had a sudden illness--"
499,sh,"Well, good-morning, Mr. Gibson. You have a good deal yet to learn."
500,sh,"When a man's conscience is easy you can't
     rattle him. What is your business in my house?"
501,sh,"If you will take one elbow of the too faithful Dolores, I
     will take the other. There, now,"
502,hp,"Look here, Poirot. You’re a man of the world. What sort of a woman was Mrs. Marshall?"
503,sh,"All great criminals have that. My old
     friend Charlie Peace was a violin virtuoso. Wainwright was no mean
     artist. I could quote many more. Well, Sir James, you will inform
     your client that I am turning my mind upon Baron Gruner. I can say no
     more. I have some sources of information of my own, and I dare say we
     may find some means of opening the matter up."
504,mm,"I am afraid I have counted wrong. Two purl, three plain, slip one, two purl—yes, that’s right. What did you say, dear?"
505,hp,I am looking at the exception. At the one man who did not look up when she passed.
506,hp,"To hell with a civil tongue. I went there on my own business, and
that’s all there is to it. If I was clear away before the murder was
done, that’s all that concerns the cops."
507,mm,"I have always intended, ever since I was a small boy, to live in the country someday and have a garden of my own. I have always been very much attached to flowers. My wife, you know, kept a flower shop. That’s where I saw her first."
508,hp,"Accompany me there in a boat, Mr. Lane. We start immediately."
509,sh,"I have never seen him in a more dangerous mood. But he grows more
     sinister. You can understand now why his daughter and I are alarmed.
     And yet his mind is perfectly clear."
510,sh,"that all the queen's horses and
     all the queen's men cannot avail in this matter."
511,hp,"And I’ll tell you this, M. Poirot. Ruth—my wife—was innocent. That I know with complete and absolute certainty. In the intimacy of our life I could not have been deceived. She was an innocent victim of circumstances."
512,mm,"I only met her on this tour. That’s why I was surprised. We had expressed ideas to each other, occasionally sat next to each other in the coach, and had struck up quite an acquaintanceship. But I was surprised that she should have expressed a wish to see me when she was so ill."
513,mm,"The friend who sent me on this tour and paid all my expenses, is now dead. He was a Mr. Rafiel, a very rich man. Did you by any chance know him?"
514,mm,"Anyway, they were walking along the bottom path, weren’t they? You saw them there, didn’t you?"
515,hp,"I have been worried over the why of this case. Hastings said to me the other day that the case was ended. I replied to him that the case was the man! The mystery was not the mystery of the murders, but the mystery of A B C. Why did he find it necessary to commit these murders? Why did he select me as his adversary?

“It is no answer to say that the man was mentally unhinged. To say a man does mad things because he is mad is merely unintelligent and stupid. A madman is as logical and reasoned in his actions as a sane man—given his peculiar biased point of view. For example, if a man insists on going out and squatting about in nothing but a loin cloth his conduct seems eccentric in the extreme. But once you know that the man himself is firmly convinced that he is Mahatma Gandhi, then his conduct becomes perfectly reasonable and logical.

“What was necessary in this case was to imagine a mind so constituted that it was logical and reasonable to commit four or more murders and to announce them beforehand by letters written to Hercule Poirot.

“My friend Hastings will tell you that from the moment I received the first letter I was upset and disturbed. It seemed to me at once that there was something very wrong about the letter."
516,mm,"That’s what he wants you to think. Oh, he’s very clever! Keeping the letter and using it this way was very clever indeed."
517,mm,somewhere about 1800 or 1798. He died young. A pity. He had great genius.
518,sh,"He was a
     devil and a monster, and there can be no judge in the world who would
     punish my husband for having killed him."
519,mm,Fancy her turning up. I thought she’d died a long time ago.
520,hp,"Well, I don’t get much chance of noticing, and that’s a fact. The evening’s our busy time and there’s always a fair few passing along and getting home after their work. A tall, fair man with a beard—no, I can’t say I saw anyone of that description anywhere about."
521,sh,"You are right, Mr. Holmes. I never gave a thought to my toilet. I
     was only too glad to get out of such a house. But I have been running
     round making inquiries before I came to you. I went to the house
     agents, you know, and they said that Mr. Garcia's rent was paid up
     all right and that everything was in order at Wisteria Lodge."
522,mm,I think I can understand that it must be very sad for you living here with the memory of the past.
523,mm,"I see. And—you didn’t hear a shot, Miss Marple?"
524,hp,"If there’s anything up there it would have to be deliberately put there. Still, we’d better have a look."
525,mm,"Horrible! And you couldn’t do that to anyone you loved even if you had to kill ‘for love,’ could you? If he’d killed her, he couldn’t have done it that way. Strangling—perhaps, but you wouldn’t beat in the face and the head that you loved."
526,hp,"There was nothing, Monsieur. Nothing, I am positive of it."
527,hp,"But, my friend, according to your theory, Arlena Marshall had broken with this mythical man. Why, then, should she take such trouble and pains to meet him?"
528,sh,"Your cipher was not difficult, madam. Your presence here was
     desirable. I knew that I had only to flash 'Vieni' and you would
     surely come."
529,mm,"spoke to me about you at some length, Miss Marple. He suggested that I should be on this tour with you. I should in due course almost certainly make your acquaintance, since members in a tour inevitably do make each other’s acquaintance, though it usually takes a day or two for them to split up, as it were, into possible groupings led by similar tastes or interests. And he further suggested to me that I should, shall we say, keep an eye on you."
530,hp,That’s right. Between a quarter to ten and ten o’clock.
531,sh,"It sounds incredible, for I have not, as far as I know, an enemy in
     the world. Yet from last night's experience I can come to no other
     conclusion."
532,mm,"but he did come to the Golden Boar and he came and spoke to me there. I gather he had been to the hospital and was enquiring about poor Miss Temple’s death. He wondered if Miss Temple had sent any message to him. I gather she was thinking of paying him a visit. But of course I told him that although I did go there in case I could do anything there was nothing that could be done except sit by poor Miss Temple’s bed. She was unconscious, you know. I could have done nothing to help her."
533,sh,"He mounted the steps, and, seizing a rafter with either hand, he
     swung himself up into the garret. Then, lying on his face, he reached
     down for the lamp and held it while I followed him.

     The chamber in which we found ourselves was about ten feet one way
     and six the other. The floor was formed by the rafters, with thin
     lath-and-plaster between, so that in walking one had to step from
     beam to beam. The roof ran up to an apex, and was evidently the inner
     shell of the true roof of the house. There was no furniture of any
     sort, and the accumulated dust of years lay thick upon the floor."
534,hp,"Obstinate as a mule he is. I had a chat with Hayes at Liverpool over
the wire this morning."
535,mm,I know that that was where Mr. Rafiel met you and where—shall I say—you two collaborated.
536,mm,He never spoke of him or said anything?
537,mm,"That is not a satisfying answer because still she would have let me know. She would not have left me waiting to join them together in holy matrimony. To put the most ridiculous side of it, she was a girl with beautiful manners, well brought up. She would have sent word. No. I’m afraid that only one thing could have happened."
538,sh,"You are ready enough to use all the information that the police can
     lay at your disposal, and then you try to finish the case yourself
     and bring discredit on them."
539,hp,"He is known to have been alive at about twenty minutes to one, when he spoke to the conductor,"
540,sh,"I began to understand what my friend meant when he said that his
     brother possessed even keener faculties that he did himself.  He
     glanced across at me and smiled.  Mycroft took snuff from a
     tortoise-shell box, and brushed away the wandering grains from his
     coat front with a large, red silk handkerchief."
541,hp,Would you mind all clearing off? We want to bring out the body.
542,sh,"You must remember
     that we are dealing with a burglar who is a very peculiar fellow, and
     who appears to work on lines of his own. Look, for example, at the
     queer lot of things which he took from Acton's--what was it?--a ball
     of string, a letter-weight, and I don't know what other odds and
     ends."
543,hp,I don’t know at all. Which of them was it?
544,hp,"what the papers the girl
disarranged could have been for Ackroyd to have got into such a state
about them? I wonder if there is any clew there to the mystery."
545,hp,"I—I wanted her dead—and she is dead…And, what is worse…she died—just like I said."
546,hp,"I don’t even know if I’ve summed her up correctly. She wasn’t easy to read. She’d do a devilish thing one day, and a really fine one the next. But I think you’re about right when you say that she’s the hub of the case. That’s what she always wanted to be—at the centre of things. And she liked to get at other people—I mean, she wasn’t just satisfied with being passed the toast and the peanut butter, she wanted you to turn your mind and soul inside out for her to look at it."
547,mm,"because, you know, it was poor Miss Temple who said it. I went to see her, you know, yesterday afternoon. Professor Wanstead took me. He seemed to think that I might be able to—to—I don’t know if it’s the proper word—to rouse her, in some way. She was in a coma and they thought—not that I was a friend of hers at any time, but we had chatted together on the tour and we often sat beside each other, as you know, on some of the days and we had talked. And he thought perhaps I might be of some use. I’m afraid I wasn’t though. Not at all. I just sat there and waited and then she did say one or two words, but they didn’t seem to mean anything. But finally, just when it was time for me to go, she did open her eyes and looked at me—I don’t know if she was mistaking me for someone—but she did say that word. Verity! And, well of course it stuck in my mind, especially with her passing away yesterday evening. It must have been someone or something that she had in her mind. But of course it might just mean—well, of course it might just mean Truth. That’s what verity means, doesn’t it?"
548,mm,"It’s been awfully good of you to come down as you have and try to help us. Sorry it’s been all a washout. Feel we trespassed a lot on your time. However—I’ll get the car out, and you’ll be able to catch the three thirty—"
549,sh,"Our friend of yesterday, looking very pale and ill, had entered the
     room, leaning upon a little maidservant."
550,mm,"I want you to make enquiries there about a parcel which was sent from here two days ago, posted from this post office."
551,mm,"I can’t say that I noticed them particularly,"
552,hp,"See you, when I know that any one is hiding things from me,
I suspect that the thing hidden may be something very bad indeed. You
have done well."
553,sh,"I am afraid, Watson, that I shall have to go,"
554,mm,"One of the better ones, I believe. They do a lot of good. You send them clothes,"
555,hp,"when you broke down the door with Dr.
Sheppard last night, and found your master dead, what was the state of
the fire?"
556,sh,"You can see that it was a very
     short-bladed scissors, since the cutter had to take two snips over
     'keep away.'"
557,mm,I believe he was a very noted financier.
558,hp,I know a bit too much about her.
559,sh,"It seems a singularly useless thing to steal,"
560,sh,"That will do, Mr. Wilson. I shall be happy to give you an opinion
     upon the subject in the course of a day or two. To-day is Saturday,
     and I hope that by Monday we may come to a conclusion."
561,mm,"You remember the line was out of order,"
562,hp,I am Nurse Capstick. I got Mr. Clarke’s letter saying you were coming.
563,mm,"Oh yes, in one of the new houses,"
564,sh,"A most illuminating remark. It is impossible
     as I state it, and therefore I must in some respect have stated it
     wrong. Yet you saw for yourself. Can you suggest any fallacy?"
565,mm,"You’re so fond of your joke, Sir Henry. The shrimps are only nonsense; but now I come to think of it, I do remember one incident—at least not exactly an incident, something very much more serious—a tragedy. And I was, in a way, mixed up in it; and for what I did, I have never had any regrets—no, no regrets at all. But it didn’t happen in St. Mary Mead."
566,sh,"that you will play
     for a higher stake to-night than you have ever done yet, and that the
     play will be more exciting. For you, Mr. Merryweather, the stake will
     be some £30,000; and for you, Jones, it will be the man upon whom you
     wish to lay your hands."
567,mm,"I didn’t mean that. I mean, there seems to be in you, or so I feel it, a very strong belief that those two loved each other, that they meant to marry, but that something happened that prevented it. Something that ended in her death, but you still really believe that they were coming to you to get married that day?"
568,mm,"Yes. Yes, indeed I did. It was about a month ago now, wasn’t it? I was so sorry. Very distressed really, although, well, I suppose one knew—he almost admitted it himself, didn’t he? He hinted several times that it wouldn’t be very long. I think he was quite a brave man about it all, don’t you?"
569,sh,"Do all your successes depend upon this
     prodigious power of bluff?"
570,mm,You really want that money put into your current account?
571,mm,"If you should find or receive any further instructions in this matter, you will perhaps let me know, Mr. Broadribb. It seems to me extraordinary that there should not be something of that kind. This leaves me entirely in the dark really as to what Mr. Rafiel is asking me to do or try to do."
572,mm,"Yes. Yes, I can quite imagine that. She was, as I have said, a very old friend of mine. In fact, she was coming to see me, to visit me. I live in Fillminster, which is where your coach tour will be stopping the day after tomorrow. And by arrangement she was coming to visit me there, she wanted to talk to me about various matters about which she thought I could help her."
573,hp,"You will remember that Mrs.
Ackroyd and her daughter came over from Canada to live here?"
574,mm,"Go on, Aunt Jane, and tell us what was so startlingly clear to you."
575,sh,"What is the use of asking me questions when I tell you I know
     nothing whatever about it?"
576,sh,"Then I trust that you at least will honour me with your company,"
577,mm,"I should leave her alone, if I were you,"
578,hp,"Therefore if he had come across some of the old threatening letters, he could have copied them without difficulty."
579,mm,"I didn’t expect him to do so. It would have embarrassed him even more. It is, you know,"
580,sh,"I have inquired at
     every point where it might be, and I am sure that there is no danger
     to be apprehended."
581,hp,"Biggest surprise of my life. The thing I’ve never got over, though, is the way you got round me about that funeral business. Absolutely unorthodox, the whole thing. Fantastic!"
582,sh,"The facts are briefly these: Some five years ago, during a lengthy
     visit to Warsaw, I made the acquaintance of the well-known
     adventuress, Irene Adler. The name is no doubt familiar to you."
583,hp,"Just so. And I may say, mademoiselle, that but for the egoistical vanity of a killer, that is just what would have happened. If Donald Fraser escapes suspicion, it will be thanks to A B C’s maniacal boasting."
584,sh,"God knows I have!--a trouble which is enough to unseat my reason, so
     sudden and so terrible is it. Public disgrace I might have faced,
     although I am a man whose character has never yet borne a stain.
     Private affliction also is the lot of every man; but the two coming
     together, and in so frightful a form, have been enough to shake my
     very soul. Besides, it is not I alone. The very noblest in the land
     may suffer unless some way be found out of this horrible affair."
585,hp,"She? She’s the world’s first gold digger. And a man-eater as well! If anything personable in trousers comes within a hundred yards of her, it’s fresh sport for Arlena! She’s that kind."
586,mm,Oh! I’ve been so stupid. May I guess again? Of course it must have been that. Blackmail! The companion woman was blackmailing her. Only I don’t see why Miss Marple says it was clever of her to kill herself. I can’t see that at all.
587,hp,"No, it is hardly so simple as that,"
588,sh,"Exactly, Mr. Holmes. We picked up the scent at Charing Cross
     Post-Office and came on here."
589,mm,"Victorian glass of a most hideous kind, I think myself. No expense spared. I’m afraid my uncle was partly to blame. He was very pleased with those rather crude reds and blues."
590,mm,"Very sad indeed. I really admired his fortitude. He seemed to manage to do so much work. Every day, you know, he dictated to his secretary and was continually sending off cables. He did not seem to give in at all kindly to being an invalid."
591,mm,"Not feeling bad, are you? Wanting to write to a clergyman and all that?"
592,mm,"Really very kind, but I’m sure—I mean, you know it was just a two-day visit. I meant originally to go off with the coach. I mean, after the two days. If it hadn’t been for this very, very tragic accident but—well, I really felt I couldn’t go on any longer. I thought I must have at least, well at least one night’s rest."
593,sh,"Perhaps I can help you to see that and one or two other things as
     well,"
594,mm,"All these wars, and having to joke about funerals. Yes, perhaps I was thoughtless when I said you were callous."
595,hp,"Er—yes—well, yes, as a matter of fact I did. She doesn’t realize that, of course. And it’s not the sort of thing I could ever tell her. But I was feeling restless—and then I met Linnet, and she just swept me off my feet! I’d never seen anything so lovely. It was all so amazing. Everyone kowtowing to her—and then her singling out a poor chump like me."
596,mm,"He used to entertain there, I think, sometimes. Business friends, mostly you know, or people from abroad. I don’t think any of us ever visited him there. He nearly always entertained us in London on the rare occasions when we happened to meet."
597,mm,"I remember comparing it with my watch. Still, as you say, that has no bearing on the present matter."
598,hp,"Let us get back to the culpable conduct of Dr. Sheppard,"
599,mm,"like being born with a very keen sense of smell. You can smell a leak of gas when other people can’t do so. You can distinguish one perfume from another very easily. I had an aunt once,"
600,mm,"You did have it in for little Gary Hopkins I must say,"
601,mm,Was that my fault? Did I jog your arm?
602,mm,"If we can’t alter the movements or the position of those three people, then couldn’t we perhaps alter the time of the murder?"
603,mm,All I wonder is who wanted to murder her? I should think probably some pupil of hers at the school who always hated her and had it in for her.
604,mm,I know what it might be—invisible ink! Let’s heat it. Turn on the electric fire.
605,sh,"I see that you have read it since you have
     marked it. I don't deny that it is smartly written. It irritates me
     though. It is evidently the theory of some arm-chair lounger who
     evolves all these neat little paradoxes in the seclusion of his own
     study. It is not practical. I should like to see him clapped down in
     a third class carriage on the Underground, and asked to give the
     trades of all his fellow-travellers. I would lay a thousand to one
     against him."
606,mm,No. I think she was puzzled and unhappy about what happened and was coming to me to ask me why the marriage did not take place.
607,mm,Will there be murder or won’t there? What do you think?
608,sh,"Nothing. Stangerson had Drebber's purse in his pocket, but it seems
     that this was usual, as he did all the paying. There was eighty odd
     pounds in it, but nothing had been taken. Whatever the motives of
     these extraordinary crimes, robbery is certainly not one of them.
     There were no papers or memoranda in the murdered man's pocket,
     except a single telegram, dated from Cleveland about a month ago, and
     containing the words, 'J. H. is in Europe.' There was no name
     appended to this message."
609,hp,"Say, gentlemen, this business is getting on my nerves. Murder and the snow and all, and nothing doing. Just hanging about and killing time. I’d like to get busy after someone or something."
610,mm,One of these travel tours? You mean a package tour abroad?
611,hp,"Ah, but ladies first—this time it would not be the politeness. We will start elsewhere."
612,sh,"I have
     already heard of your meeting with Mrs. Barclay, and your mutual
     recognition.  You then, as I understand, followed her home and saw
     through the window an altercation between her husband and her, in
     which she doubtless cast his conduct to you in his teeth.  Your own
     feelings overcame you, and you ran across the lawn and broke in upon
     them."
613,hp,"The devil it can! I’d give a lot to know where that fellow is now, squint or no squint!"
614,hp,"Of course, strictly speaking, it oughtn’t to matter. We’ve got Cust on the Doncaster murder—the bloodstained coat, the knife—not a loophole there. You couldn’t bounce any jury into acquitting him. But it spoils a pretty case. He did the Doncaster murder. He did the Churston murder. He did the Andover murder. Then, by hell, he must have done the Bexhill murder. But I don’t see how!"
615,hp,"Faith, I’d like to see the old boy pixy-led himself!"
616,sh,"She was never happy at home, Miss Alice wasn't, from the time that
     her father married again. She was slighted like and had no say in
     anything, but it never really became bad for her until after she met
     Mr. Fowler at a friend's house. As well as I could learn, Miss Alice
     had rights of her own by will, but she was so quiet and patient, she
     was, that she never said a word about them but just left everything
     in Mr. Rucastle's hands. He knew he was safe with her; but when there
     was a chance of a husband coming forward, who would ask for all that
     the law would give him, then her father thought it time to put a stop
     on it. He wanted her to sign a paper, so that whether she married or
     not, he could use her money. When she wouldn't do it, he kept on
     worrying her until she got brain-fever, and for six weeks was at
     death's door. Then she got better at last, all worn to a shadow, and
     with her beautiful hair cut off; but that didn't make no change in
     her young man, and he stuck to her as true as man could be."
617,hp,Our friend the chef de train was right. There is a woman concerned in this.
618,hp,"Have you not, perhaps, some patients to attend? I would not for the world detain you from your professional duties."
619,hp,"I am glad you admit the fact so freely, Madame. Will you now tell me your reasons for so doing and also for altering your Christian name on your passport."
620,mm,"Mr. Rafiel, by the force of his personality, and I, by putting together one or two obvious indications that came to my notice, were successful in preventing a second murder just as it was about to take place. I could not have done it alone, I was physically far too feeble. Mr. Rafiel could not have done it alone, he was a cripple. We acted as allies, however."
621,mm,"I want to know whether, after the tragedy, Jerry Lorimer married Maud Wye?"
622,hp,"My God, I’m sick of answering questions. I’ve answered the police questions. I don’t feel called upon to answer yours."
623,mm,"It shows a true state of remorse, I suppose,"
624,hp,"Lies—and again lies—it amazes me, the amount of lies we had told to us this morning."
625,sh,"that Dr. Mortimer is a successful, elderly medical man,
     well-esteemed since those who know him give him this mark of their
     appreciation."
626,mm,Because you said Mr. Rafiel had sent you in the coach for a particular reason and sent you on this tour for a particular reason and sent you to The Old Manor House for a particular reason. Very well then. The death of Elizabeth Temple ties up with someone in the coach. Your remaining here ties up with The Old Manor House.
627,sh,"There is another morass down yonder and a
     narrow neck between. Halloa! halloa! halloa! what have we here?"
628,hp,"You know, M. Poirot, I’ve been watching you this last day or two. I just wanted to watch you detecting if you know what I mean—not that it doesn’t sound rather heartless put like that, as though it were all a game—and a poor creature killed. Oh dear, every time I think of it I get the shivers! I told Mr. Gardener this morning I’d just got to get away from here, and now the inquest’s over he thinks we’ll be able to leave tomorrow, and that’s a blessing, I’m sure. But about detecting, I would so like to know your methods—you know, I’d feel privileged if you’d just explain it to me."
629,hp,And it really wasn’t true! We were a thoroughly happy family here.
630,hp,"While you pursued your investigations upstairs I have been conversing with Miss Barnard and Mr. Fraser, endeavouring if I could to find something that will throw light upon the matter."
631,mm,"Why do you say ‘poor lost soul,’ Miss Marple?"
632,mm,"Well, I don’t think it ever got as far as that. I don’t think he ever wanted to marry her or thought of such a thing."
633,hp,Thousands of these sham Eastern daggers are made and shipped to the bazaars of Constantinople.
634,hp,Betty Barnard was killed by a homicidal murderer. Only by speaking the exact truth can you help us to get on his track.
635,sh,"But this is my special hobby, and the differences are equally
     obvious. There is as much difference to my eyes between the leaded
     bourgeois type of a Times article and the slovenly print of an
     evening half-penny paper as there could be between your negro and
     your Esquimau. The detection of types is one of the most elementary
     branches of knowledge to the special expert in crime, though I
     confess that once when I was very young I confused the Leeds Mercury
     with the Western Morning News. But a Times leader is entirely
     distinctive, and these words could have been taken from nothing else.
     As it was done yesterday the strong probability was that we should
     find the words in yesterday's issue."
636,mm,"Indeed I can’t. There is Lettice Protheroe, I suppose, since she probably comes into money on her father’s death. But it is absurd to think of her in such a connection, and outside her I can think of nobody."
637,mm,and I have always heard that in these tours they are careful to provide restful intervals for such people who are not particularly strong.
638,mm,"it’s a different kind of being sorry. I’m sorry for Verity because of all that she missed, all that she was so near to obtaining. A life of love and devotion and service to the man she had chosen, and whom she truly loved. Truly and in all verity. She missed all that and nothing can give that back to her. I’m sorry for her because of what she didn’t have. But she escaped what Clotilde had to suffer. Sorrow, misery, fear and a growing cultivation and imbibing of evil. Clotilde had to live with all those. Sorrow, frustrated love which she could never get back, she had to live with the two sisters who suspected, who were afraid of her, and she had to live with the girl she had kept there."
639,sh,"She has been
     suffering since yesterday from brain symptoms of great severity. As
     her medical adviser, I cannot possibly take the responsibility of
     allowing anyone to see her. I should recommend you to call again in
     ten days."
640,mm,"Naturally. There’s always a reason, isn’t there? And young men are so hot-headed and often prone to believe the worst."
641,sh,"The Baron has little waxed tips of hair under his nose, like the
     short antennae of an insect. These quivered with amusement as he
     listened, and he finally broke into a gentle chuckle."
642,mm,Very sad indeed. When I am sure we were all enjoying ourselves so much.
643,mm,I’m going to get a bottle of champagne. We’ll all drink the health of your Uncle Henry.
644,sh,"one might think that
     you were afraid of our finding something out."
645,mm,that Miss Cram may just like having an interesting job? And that she considers Dr. Stone just as an employer?
646,mm,Not that there has ever been the slightest reason why he should be suspected of shooting poor old Protheroe.
647,hp,"Wait, mademoiselle. I have something to tell you. Come back."
648,sh,"I trust that you are as comfortable as circumstances permit,"
649,mm,"I’ve started doing something. Not that I hope much from this, but still it might help."
650,mm,That describes it very well. Yes. I am on a pilgrimage.
651,hp,"I grant it to you—I grant it, mon vieux,"
652,mm,"Yes. She’s good at all games. And she’s nice-looking, attractive-looking, very fair with a healthy skin, and nice steady blue eyes. Of course we always have felt that she and George Pritchard—I mean if things had been different—they are so well suited to one another."
653,sh,"Well, that is the curious part of it. You could have got fifteen to
     one yesterday, but the price has become shorter and shorter, until
     you can hardly get three to one now."
654,sh,"I've seen you handle a good many cases, Mr.
     Holmes, but I don't know that I ever knew a more workmanlike one than
     that. We're not jealous of you at Scotland Yard. No, sir, we are very
     proud of you, and if you come down to-morrow there's not a man, from
     the oldest inspector to the youngest constable, who wouldn't be glad
     to shake you by the hand."
655,sh,"There are several points on which I should like your advice, and
     especially as to whether we do not owe it to the public to remove our
     horse's name from the entries for the Cup."
656,hp,"as I told you at the time,
one must say something."
657,hp,What other passengers are there on the train?
658,mm,One might hope to say—like to say—because she had too much sense. He was not the type of a young man one would want anyone one was fond of to marry. She was a very lovely girl and a very sweet girl. I don’t know why she didn’t marry him. Nobody has ever told me.
659,mm,I believe I could be ruthless if there was due cause.
660,mm,"Well, I’m boarding with a Mrs. Hastings. I think I’ve heard her speak of you. You’re Miss Marple, aren’t you?"
661,hp,All along—ever since I arrived here—I have been conscious—very conscious—of the forces of evil close at hand.
662,mm,"Clear my little hand desk, will you, and give me my pen and the notepaper. I’m going to write a letter."
663,sh,"I think that your decision is a wise
     one. I have ample evidence that you are being dogged in London, and
     amid the millions of this great city it is difficult to discover who
     these people are or what their object can be. If their intentions are
     evil they might do you a mischief, and we should be powerless to
     prevent it. You did not know, Dr. Mortimer, that you were followed
     this morning from my house?"
664,hp,"Who shall the victim be—man or woman? Man, I think. Some bigwig. American millionaire. Prime Minister. Newspaper proprietor. Scene of the crime—well, what’s wrong with the good old library? Nothing like it for atmosphere. As for the weapon—well, it might be a curiously twisted dagger—or some blunt instrument—a carved stone idol—"
665,sh,"most remarkable!
     I can hardly recall any case where the features have been more
     peculiar."
666,hp,"You know, there is a good deal in what you have just said."
667,hp,"two clues is too much carelessness. I agree with M. Bouc. The handkerchief was a genuine oversight—hence no one will admit that it is theirs. The pipe cleaner is a faked clue. In support of that theory, you notice that Colonel Arbuthnot shows no embarrassment and admits freely to smoking a pipe and using that type of cleaner."
668,sh,"Go on, Miss Westbury. Even if it seems to tell against him, go on.
     We cannot say what it may lead to."
669,sh,"That was what I read in the inspector's
     smile."
670,mm,"And such nice ladies as they all are, too—Miss Anthea is the scatty one, but Miss Clotilde went to university and is very brainy—she talks three languages—and Mrs. Glynne, she’s a very nice lady indeed. I thought when she came to join them as things might go better. But you never know, do you, what the future holds? I feel sometimes, as though there was a doom on this house."
671,mm,"You know, putting things in horses’ eyes, smashing Legation windows and attacking people. Throwing stones, at people, and it’s usually being done by somebody young, isn’t it? And they were the only young people, weren’t they?"
672,sh,"So many have said so, and yet here I am,"
673,mm,you can’t get hold of dead bodies right and left. What did they do with the—the first corpse afterwards?
674,hp,"You’ve hardly aged at all. In fact, if it were possible, I should say that you had fewer grey hairs than when I saw you last."
675,hp,He went all to pieces when you mentioned that.
676,hp,"And anyway, Mrs. Redfern could never do a thing like that—kill anybody. She isn’t—she isn’t violent, if you know what I mean."
677,hp,"Do you really think
that’s the explanation of the telephone call?"
678,sh,"Human nature is a strange mixture, Watson. You see that even a
     villain and murderer can inspire such affection that his brother
     turns to suicide when he learns that his neck is forfeited. However,
     we have no choice as to our action. The doctor and I will remain on
     guard, Mr. Pycroft, if you will have the kindness to step out for the
     police."
679,mm,"I am glad to have left the tour now,"
680,sh,"I beg, Sir Henry, that you will not go about
     alone. Some great misfortune will befall you if you do. Did you get
     your other boot?"
681,sh,"Yes; I rather think he is coming to consult me professionally. I
     think that I recognise the symptoms. Ha! did I not tell you?"
682,mm,He had a very high opinion of you.
683,hp,"I don’t understand, Monsieur Poirot. How did the person who shot her get away without our seeing him?"
684,hp,"He will examine those notes, and will probably notice the tear. Of course if he were of a parsimonious disposition he would not be able to bring himself to destroy a mille note—but I very much fear that his temperament is just the opposite."
685,mm,"It will be presumably a case of the police making further enquiries, arising out of the evidence given by those two young people."
686,mm,The maid’s prints are on it. I think they should be satisfactory—she touched an extremely sticky substance a moment previously.
687,mm,You mean that both my watch and the clock were wrong?
688,sh,"Women are never to be
     entirely trusted,--not the best of them."
689,hp,"Yes. It is not pleasant to think, is it, that now, at this very moment, someone is rejoicing at the successful carrying out of his or her plan."
690,hp,Looks as though he knows everything—and what does he know? Nothing at all as far as I can make out.
691,sh,"Good! and Gregson can come inside with me. You too, Doctor, you have
     taken an interest in the case and may as well stick to us."
692,mm,"I just wondered because things do worry people more when they are—I won’t say getting old—because he really wasn’t old, but I mean things worry you more when you are laid up and can’t do as much as you did and have to take things easy. Then worries just come into your mind and make themselves felt."
693,hp,that is all there is to it. My maid has the keys. She will attend to it with you.
694,hp,"The matter begins to clear itself up wonderfully! The murderer was a man of great strength, he was feeble, it was a woman, it was a right-handed person, it was a left-handed person—Ah! c’est rigolo, tout ça!"
695,hp,"As a matter of fact—my last case—I don’t know whether you read about it—the Mabel Homer case, the Muswell Hill schoolgirl, you know—that man Capper was extraordinary. Amazingly difficult to pin the crime on to him—it was his third, too! Looked as sane as you or I. But there are various tests—verbal traps, you know—quite modern, of course, there was nothing of that kind in your day. Once you can induce a man to give himself away, you’ve got him! He knows that you know and his nerve goes. He starts giving himself away right and left."
696,sh,"What can this man
     possibly know of what has occurred? It is waste of time and money."
697,hp,"Take the Pyramids. Great blocks of useless masonry, put up to minister to the egoism of a despotic bloated king. Think of the sweated masses who toiled to build them and died doing it. It makes me sick to think of the suffering and torture they represent."
698,mm,"He had a very young housekeeper—young enough to be not only his daughter, but his granddaughter. Not a word to anyone, and his family, a lot of nephews and nieces, full of expectations. And when he died, would you believe it, he’d been secretly married to her for two years? Of course Mr. Badger was a chemist, and a very rude, common old man as well, and Sir Ambrose Bercy was a very courtly gentleman, so Mrs. Bantry says, but for all that human nature is much the same everywhere."
699,hp,A cleft stick—eh? How many crimes do you think this—lunatic has in mind?
700,hp,"I have, perhaps, something to contribute to your store of knowledge,"
701,mm,"I mean, dear, that you’re actually holding the money in your hand this minute."
702,hp,There is another thing I want to know. What people bathed before breakfast this morning?
703,mm,"I shall enjoy the gardens most, though, but the houses—they will be a new experience for me. Their variety and their history, and the beautiful old furniture and the pictures."
704,sh,"There are limits, you see, to our friend's
     intelligence.  It would have been a coup-de-maître had he deduced
     what I would deduce and acted accordingly."
705,hp,"You don’t understand. He’s just sorry for me—awfully sorry for me, because he knows how terrible it is for me to know I’ve hurt him so badly."
706,sh,"When I went down there I found him talking with his son, so I smoked
     a cigar and waited behind a tree until he should be alone. But as I
     listened to his talk all that was black and bitter in me seemed to
     come uppermost. He was urging his son to marry my daughter with as
     little regard for what she might think as if she were a slut from off
     the streets. It drove me mad to think that I and all that I held most
     dear should be in the power of such a man as this. Could I not snap
     the bond? I was already a dying and a desperate man. Though clear of
     mind and fairly strong of limb, I knew that my own fate was sealed.
     But my memory and my girl! Both could be saved if I could but silence
     that foul tongue. I did it, Mr. Holmes. I would do it again. Deeply
     as I have sinned, I have led a life of martyrdom to atone for it. But
     that my girl should be entangled in the same meshes which held me was
     more than I could suffer. I struck him down with no more compunction
     than if he had been some foul and venomous beast. His cry brought
     back his son; but I had gained the cover of the wood, though I was
     forced to go back to fetch the cloak which I had dropped in my
     flight. That is the true story, gentlemen, of all that occurred."
707,mm,"It seems to me that—well, the only people that could be … Oh dear, this is so difficult to say. But I mean there are two people who just spring into one’s mind as possibilities logically. I mean, I don’t think that it’s really so at all because I’m sure they’re both very nice people, but I mean there’s nobody else really logically who could be suspected, should I say."
708,mm,What he said was he thought you had a very fine sense of evil.
709,mm,is always worth noticing. You can throw it away later if it is only a coincidence.
710,mm,"I’d like to know something about the cook,"
711,mm,"Yes, I realize that. I’m taking you there because in one of the lucid intervals she has had, she asked for you."
712,mm,"I do not for one minute believe that Verity or Michael definitely parted, broke off."
713,hp,for it is possible that the thief hid the pearls here.
714,hp,"Look round you, my good Parker. Is this room exactly as it was then?"
715,hp,You permit that I speak to you for a little moment?
716,hp,"Well, Mrs. Fowler, I hope you’re going to do what I ask."
717,mm,"Oh, my dear lady, do I have to tell you that?"
718,hp,"That would explain what she said to me. For the first time she was feeling the burden of her inheritance and not its advantages. You are quite sure, Monsieur Doyle, that she did not mention this man’s name?"
719,sh,"He shrugged his shoulders in
     humorous deprecation of the state of things which he had himself done
     so much to produce.

     At the time of which I speak Holmes had been back for some months,
     and I, at his request, had sold my practice and returned to share the
     old quarters in Baker Street. A young doctor, named Verner, had
     purchased my small Kensington practice, and given with astonishingly
     little demur the highest price that I ventured to ask--an incident
     which only explained itself some years later when I found that Verner
     was a distant relation of Holmes's, and that it was my friend who had
     really found the money.

     Our months of partnership had not been so uneventful as he had
     stated, for I find, on looking over my notes, that this period
     includes the case of the papers of Ex-President Murillo, and also the
     shocking affair of the Dutch steamship Friesland, which so nearly
     cost us both our lives. His cold and proud nature was always averse,
     however, to anything in the shape of public applause, and he bound me
     in the most stringent terms to say no further word of himself, his
     methods, or his successes--a prohibition which, as I have explained,
     has only now been removed.

     Mr. Sherlock Holmes was leaning back in his chair after his whimsical
     protest, and was unfolding his morning paper in a leisurely fashion,
     when our attention was arrested by a tremendous ring at the bell,
     followed immediately by a hollow drumming sound, as if someone were
     beating on the outer door with his fist. As it opened there came a
     tumultuous rush into the hall, rapid feet clattered up the stair, and
     an instant later a wild-eyed and frantic young man, pale,
     dishevelled, and palpitating, burst into the room. He looked from one
     to the other of us, and under our gaze of inquiry he became conscious
     that some apology was needed for this unceremonious entry."
720,mm,"No. Verity did not want anyone to know, and I should say most certainly Mike did not want anyone to know. They were afraid of being stopped. To Verity, I think, besides love, there was also a feeling of escape. Natural, I think, owing to the circumstances of her life. She had lost her real guardians, her parents, she had entered on her new life after their death, at an age when a school girl arrives at having a ‘crush’ on someone. An attractive mistress. Anything from the games mistress to the mathematics mistress, or a prefect or an older girl. A state that does not last for very long, is merely a natural part of life. Then from that you go on to the next stage when you realize that what you want in your life is what complements yourself. A relationship between a man and a woman. You start then to look about you for a mate. The mate you want in life. And if you are wise, you take your time, you have friends, but you are looking, as the old nurses used to say to children, for Mr. Right to come along. Clotilde Bradbury-Scott was exceptionally good to Verity, and Verity, I think, gave her what I should call hero worship. She was a personality as a woman. Handsome, accomplished, interesting. I think Verity adored her in an almost romantic way and I think Clotilde came to love Verity as though she were her own daughter. And so Verity grew to maturity in an atmosphere of adoration, lived an interesting life with interesting subjects to stimulate her intellect. It was a happy life, but I think little by little she was conscious—conscious without knowing she was conscious, shall we say—of a wish to escape. Escape from being loved. To escape, she didn’t know into what or where. But she did know after she met Michael. She wanted to escape to a life where male and female come together to create the next stage of living in this world. But she knew that it was impossible to make Clotilde understand how she felt. She knew that Clotilde would be bitterly opposed to her taking her love for Michael seriously. And Clotilde, I fear, was right in her belief … I know that now. He was not a husband that Verity ought to have taken or had. The road that she started out on led not to life, not to increased living and happiness. It led to shock, pain, death. You see, Miss Marple, that I have a grave feeling of guilt. My motives were good, but I didn’t know what I ought to have known. I knew Verity, but I didn’t know Michael. I understood Verity’s wish for secrecy because I knew what a strong personality Clotilde Bradbury-Scott had. She might have had a strong enough influence over Verity to persuade her to give up the marriage."
721,mm,"I know what you mean, dear. We women—well, it’s different."
722,hp,"It gave me a turn—a nasty turn. Talking of your fate being written in your hand, he was. And he showed me his hand and the lines that showed he’d have two near escapes of being drowned—and he had had two near escapes. And then he looked at mine and he told me some amazing things. Said I was going to be one of the most celebrated men in England before I died. Said the whole country would be talking about me. But he said—he said…."
723,hp,"It is a very expensive handkerchief that, and Americans, as all the world knows, do not care what they pay."
724,sh,"said the inspector.

     But Trevelyan and I looked at each other in bewilderment."
725,mm,"I think I’d better tell you the whole truth if you don’t know, and you don’t seem to. He was actually Mr. Rafiel’s son, Michael—"
