no.,character,quote
1,holmes,Who knew that you were going to the Northumberland Hotel?
2,holmes,"When you
     entered the room there was only a candle lighted on the table, was
     there not?"
3,holmes,"You have already imperilled the whole success of our
     expedition. Might I beg that you would have the goodness to sit down
     upon one of those boxes, and not to interfere?"
4,holmes,"And yet it may be premature to abandon the
     case. After all, important fresh evidence is a two-edged thing, and
     may possibly cut in a very different direction to that which Lestrade
     imagines. Take your breakfast, Watson, and we will go out together
     and see what we can do. I feel as if I shall need your company and
     your moral support to-day."
5,holmes,"I fancy
     that my pal is all right, though I see you have got his coat-tails."
6,holmes,"Our lady must have picked her steps carefully, must
     she not, since on the one side she would leave a track on the path,
     and on the other an even clearer one on the soft bed?"
7,holmes,"It seemed to me incredible that such a charge could be sustained. I
     thought that if we waited the whole thing must clear itself up
     without our being compelled to enter into painful details of the
     inner life of the family. But I understand that far from clearing it
     has become even more serious."
8,holmes,"I perceive that you
     are not yourself a member of the family."
9,holmes,"because you once enabled
     my employer, Mrs. Cecil Forrester, to unravel a little domestic
     complication. She was much impressed by your kindness and skill."
10,holmes,"I thought you Londoners were
     never at fault. You dont seem to be so very quick, after all."
11,holmes,"And now it is
     time that we arranged our little plans. I expect that within an hour
     matters will come to a head. In the meantime Mr. Merryweather, we
     must put the screen over that dark lantern."
12,holmes,"Tavernier, the French modeller, made it. He is as good at
     waxworks as your friend Straubenzee is at air-guns."
13,holmes,"Ah, thats the question, of course. But I commend the idea to your
     mind. You might possibly find that there was something in it. You
     wont stop for dinner? Well, good-bye, and let us know how you get
     on."
14,holmes,"There are three men waiting for him at the door,"
15,holmes,Mr. Nathan Garrideb shrugged his shoulders with a disconsolate air.
16,holmes,"If they are not worth more than the last ones they are not of much
     use,"
17,holmes,"The facts, as you state them, are certainly most remarkable,"
18,holmes,"Down on the beach. Exactly where poor McPherson met his end. If this
     mans heart had been weak as McPhersons was, he would not be here
     now. More than once I thought he was gone as I brought him up. It was
     too far to The Gables, so I made for you."
19,holmes,"Now, Mr. Gilchrist, we are all
     quite alone here, and no one need ever know one word of what passes
     between us. We can be perfectly frank with each other. We want to
     know, Mr. Gilchrist, how you, an honourable man, ever came to commit
     such an action as that of yesterday?"
20,holmes,"I confess that you had one small surprise for me,"
21,holmes,"Im asking you to conseedar what it involves if you
     suppose that this gun was ever brought into the house, and that all
     these strange things were done by a person from outside. Oh, man,
     its just inconceivable! Its clean against common sense! I put it to
     you, Mr."
22,holmes,"I went to it on my knees, sir, just as you told me."
23,holmes,"That is my
     magnum opus--the pile of papers on the side table yonder. It is my
     analysis of the documents found in the Coptic monasteries of Syria
     and Egypt, a work which will cut deep at the very foundations of
     revealed religion. With my enfeebled health I do not know whether I
     shall ever be able to complete it now that my assistant has been
     taken from me. Dear me, Mr."
24,holmes,"I do not know how I could
     employ my time better."
25,holmes,"I presume that you do not go so far as to assert that I summoned
     you?"
26,holmes,"you can
     understand that I am not accustomed to doing such business in my own
     person. Yet the matter was so delicate that I could not confide it to
     an agent without putting myself in his power. I have come incognito
     from Prague for the purpose of consulting you."
27,holmes,"These are the sacrifices one makes for ones country, Watson,"
28,holmes,"Bite on that, Captain Croker, and
     dont let your nerves run away with you. I should not sit here
     smoking with you if I thought that you were a common criminal, you
     may be sure of that. Be frank with me, and we may do some good. Play
     tricks with me, and Ill crush you."
29,holmes,"Here, Lestrade, your brandy-bottle! Put
     her in the chair! She has fainted from ill-usage and exhaustion."
30,holmes,"one might think that
     you were afraid of our finding something out."
31,holmes,"that every carriage
     has been carefully examined. I saw to it myself."
32,holmes,"He took two swift
     steps to the whip, but before he could grasp it there was a wild
     clatter of steps upon the stairs, the heavy hall door banged, and
     from the window we could see Mr. James Windibank running at the top
     of his speed down the road."
33,holmes,"That also I have arranged, Mr. I wrote to the Duchess this
     morning."
34,holmes,"He thought it was his mistress,
     and he found it was a stranger. Dogs dont make mistakes."
35,holmes,"He relapsed into a moody silence,
     which was not broken until we drew up in Serpentine Avenue. The door of Briony Lodge was open, and an elderly woman stood upon
     the steps. She watched us with a sardonic eye as we stepped from the
     brougham."
36,holmes,"Such paper could
     not be bought under half a crown a packet. It is peculiarly strong
     and stiff."
37,holmes,"I have no more notion than you how long it is to last,"
38,holmes,"Well, in the name of the force I thank you. It seems a clear case,
     as you put it, and there cant be much difficulty over the bodies."
39,holmes,"He had lost them all, sir, except the one which was in his blow-pipe
     at the time."
40,holmes,"The London express came roaring into the station, and a small, wiry
     bulldog of a man had sprung from a first-class carriage. We all three
     shook hands, and I saw at once from the reverential way in which
     Lestrade gazed at my companion that he had learned a good deal since
     the days when they had first worked together. I could well remember
     the scorn which the theories of the reasoner used then to excite in
     the practical man."
41,holmes,"There is the
     gravel-drive, and there are the rose-bushes where I lay. That second
     window is the one that I jumped from."
42,holmes,"I owe you both my thanks and an apology. It was an unjustifiable
     experiment even for ones self, and doubly so for a friend. I am
     really very sorry."
43,holmes,"In silence Baynes led the way to the sink and held forward his
     candle. The limbs and body of some large, white bird, torn savagely
     to pieces with the feathers still on, were littered all over it."
44,holmes,"Ah, yes! Your pictures are not unlike you, sir, if I may say so. I believe you
     have had a letter from my namesake, Mr. Nathan Garrideb, have you
     not?"
45,holmes,"The case is
     not entirely devoid of interest. Had anyone visited you in your room
     after the papers came to you?"
46,holmes,"It must be very familiar to you. Have you not
     tethered a young kid under a tree, lain above it with your rifle, and
     waited for the bait to bring up your tiger? This empty house is my
     tree and you are my tiger. You have possibly had other guns in
     reserve in case there should be several tigers, or in the unlikely
     supposition of your own aim failing you. These,"
47,holmes,"Your instructions will be done. It shall all be done,"
48,holmes,"let us go round. Not one of your cases,
     Watson--mental, not physical. All right; come if you want to. Now,
     Mr. Soames--at your disposal!"
49,holmes,"I should like to have a peep at each of them,"
50,holmes,"You certainly have the air of something unusual having occurred,"
51,holmes,"What is it worth? What have
     I done? It is my ruin forever!"
52,holmes,"And yet I question, sir, whether, in all your experience, you have
     ever listened to a more mysterious and inexplicable chain of events
     than those which have happened in my own family."
53,holmes,"Then perhaps you would now like to hear the evidence of some of the
     people in the house. We could use the dining-room, Ames. Please come
     yourself first and tell us what you know."
54,holmes,You are perfectly right. Let it play! These modern gramophones are a remarkable invention.
55,holmes,"Then I can assure you that our relations were entirely and always
     those of an employer towards a young lady whom he never conversed
     with, or ever saw, save when she was in the company of his children."
56,holmes,"I dont think you have anything to fear now for a week at least,"
57,holmes,"None as yet. But the affair is a pretty one, one of our little
     country crimes, which must seem too small for your attention, Mr."
58,holmes,"that money is nothing
     to me in this case. You can burn it if its any use in lighting you
     to the truth. This woman is innocent and this woman has to be
     cleared, and its up to you to do it. Name your figure!"
59,holmes,"Our client had suddenly burst into the room with an explosive energy
     which told of some new and momentous development."
60,holmes,"Your telegram was dispatched
     about one. But no one can glance at your toilet and attire without
     seeing that your disturbance dates from the moment of your waking."
61,holmes,"Oh, there can be no doubt as to the sequence of events,"
62,holmes,"Ive driven my cab this seven
     years and never a word of complaint. I came here straight from the
     Yard to ask you to your face what you had against me."
63,holmes,"Well, I first had the hammer examined. There was Dr. Wood there to
     help me. We found no signs of violence upon it. I was hoping that if
     Mr. Douglas defended himself with the hammer, he might have left his
     mark upon the murderer before he dropped it on the mat. But there was
     no stain."
64,holmes,"though it is
     some years since he used my services in some trifling matter."
65,holmes,"Then in an
     instant his sudden access of strength departed, and his masterful,
     purposeful talk droned away into the low, vague murmurings of a
     semi-delirious man. From the hiding-place into which I had been so swiftly hustled I
     heard the footfalls upon the stair, with the opening and the closing
     of the bedroom door. Then, to my surprise, there came a long silence,
     broken only by the heavy breathings and gaspings of the sick man. I
     could imagine that our visitor was standing by the bedside and
     looking down at the sufferer. At last that strange hush was broken."
66,holmes,"Ive no time to talk to every gadabout. We want no stranger here. Be
     off, or you may find a dog at your heels."
67,holmes,"Why, says he, heres another vacancy on the League of the
     Red-headed Men. Its worth quite a little fortune to any man who gets
     it, and I understand that there are more vacancies than there are
     men, so that the trustees are at their wits end what to do with the
     money. If my hair would only change colour, heres a nice little crib
     all ready for me to step into."
68,holmes,"He remarks
     that, while the individual man is an insoluble puzzle, in the
     aggregate he becomes a mathematical certainty. You can, for example,
     never foretell what any one man will do, but you can say with
     precision what an average number will be up to. Individuals vary, but
     percentages remain constant. So says the statistician. But do I see a
     handkerchief? Surely there is a white flutter over yonder."
69,holmes,"I take it, Miss Presbury, that there
     is some fresh development in the case, and that you thought we should
     know?"
70,holmes,"Why should you raise up hopes which you are bound
     to disappoint? I am not over-tender of heart, but I call it cruel."
71,holmes,"They told
     me that you were fond of queer mysteries, and I dont think you can
     find a queerer one than that. I sent the paper on ahead so that you
     might have time to study it before I came."
72,holmes,"She has been
     suffering since yesterday from brain symptoms of great severity. As
     her medical adviser, I cannot possibly take the responsibility of
     allowing anyone to see her. I should recommend you to call again in
     ten days."
73,holmes,"A fitting wind-up
     to an extremely interesting case. There is nothing at all new to me
     in the latter part of your narrative, except that you brought your
     own rope. That I did not know. By the way, I had hoped that Tonga had
     lost all his darts; yet he managed to shoot one at us in the boat."
74,holmes,"Because she has said that she would send it on the day when the
     betrothal was publicly proclaimed. That will be next Monday."
75,holmes,"The facts are briefly these: Some five years ago, during a lengthy
     visit to Warsaw, I made the acquaintance of the well-known
     adventuress, Irene Adler. The name is no doubt familiar to you."
76,holmes,"When we returned to Mrs. Warrens rooms, the gloom of a London winter
     evening had thickened into one gray curtain, a dead monotone of
     colour, broken only by the sharp yellow squares of the windows and
     the blurred haloes of the gas-lamps. As we peered from the darkened
     sitting-room of the lodging-house, one more dim light glimmered high
     up through the obscurity."
77,holmes,"I expect the old gentleman has been putting two and two together,"
78,holmes,"I
     only know that he drove away with the gentleman in a carriage."
79,holmes,"I shall be happy to look into it and to give you such advice as I
     can,"
80,holmes,"I tell you, man, that I havent got one. Ill let you have two
     horses as far as the Hall."
81,holmes,"So you despair of arresting the murderer of poor Straker,"
82,holmes,"Of course there can be no doubt as to the nature of
     this gang."
83,holmes,"Then, suddenly realising the full purport of his
     words, she gave a violent start and looked up, with fear and
     astonishment upon her broad, good-humoured face."
84,holmes,
85,holmes,"Percy Phelps was walking very slowly, leaning upon the arm of his
     future brother-in-law."
86,holmes,Did you ever know him to cut himself in shaving before?
87,holmes,"Some one calls him a soul concealed in an animal,"
88,holmes,"I am accustomed to have mystery at one
     end of my cases, but to have it at both ends is too confusing. I
     fear, Sir James, that I must decline to act."
89,holmes,"However,
     that particular one can be answered very easily without your aid."
90,holmes,"You work your own method,
     and I shall work mine. I shall be busy this afternoon, and shall
     probably return to London by the evening train."
91,holmes,"Come, Watson, I think that we have more
     important work elsewhere."
92,holmes,Have you any objection to my looking at your register?
93,holmes,"How can I tell you where it is now? Its more than a year since I
     left him. I know where he kept it then. Hes a precise, tidy cat of a
     man in many of his ways, so maybe it is still in the pigeon-hole of
     the old bureau in the inner study. Do you know his house?"
94,holmes,"What can this man
     possibly know of what has occurred? It is waste of time and money."
95,holmes,"He tore off a strip of the blotting-paper and turned towards us the
     following hieroglyphic:

     [ Picture: Several unreadable scrawls on paper ]

     Cyril Overton was much excited."
96,holmes,"Now, Bannister, will
     you please tell us the truth about yesterdays incident?"
97,holmes,"however foolish the incident may seem. You
     have lost one of your boots, you say?"
98,holmes,"Yes, and no later than to-day. That is why I have come to you. This
     morning I received this letter, which you will perhaps read for
     yourself."
99,holmes,"Yes, sir. He told me that a gipsy had done it for him when he was a
     lad."
100,holmes,"I could not have believed
     that you would have descended to this. You have made inquires into
     the history of my unhappy brother, and you now pretend to deduce this
     knowledge in some fanciful way. You cannot expect me to believe that
     you have read all this from his old watch! It is unkind, and, to
     speak plainly, has a touch of charlatanism in it."
101,holmes,"He is looking
     up at the numbers of the houses."
102,holmes,"My dear sir, you have done wonders. The horse looks very fit and
     well. It never went better in its life. I owe you a thousand
     apologies for having doubted your ability. You have done me a great
     service by recovering my horse. You would do me a greater still if
     you could lay your hands on the murderer of John Straker."
103,holmes,"and I really cannot undertake to go about the country looking for a
     left-handed gentleman with a game leg. I should become the
     laughing-stock of Scotland Yard."
104,holmes,"With a comical pomposity of
     manner he bowed solemnly to both of us and strode off upon his way."
105,holmes,"shouted Mr. Windibank, turning white to his lips and
     glancing about him like a rat in a trap."
106,holmes,"I am not very clear yet who you are or what you are;
     but youve said enough to make it very clear that we shall want you
     at the Yard."
107,holmes,"I may need
     some of these dates which you have noted."
108,holmes,"He was, indeed, half
     blubbering with fear, and his twitching feeble face peeping out from
     the great Astrakhan collar had the helpless appealing expression of a
     terrified child."
109,holmes,"Look out
     this window, Watson. See how the figures loom up, are dimly seen, and
     then blend once more into the cloud-bank. The thief or the murderer
     could roam London on such a day as the tiger does the jungle, unseen
     until he pounces, and then evident only to his victim."
110,holmes,"He is my general utility
     man who looks up routine business. It was important to know something
     of the man with whom our professor was so secretly corresponding. His
     nationality connects up with the Prague visit."
111,holmes,"A more perfect compound of the bully, coward, and sneak than Master
     Silas Brown I have seldom met with,"
112,holmes,"Phelps raised the cover, and as he did so he uttered a scream, and
     sat there staring with a face as white as the plate upon which he
     looked. Across the centre of it was lying a little cylinder of
     blue-gray paper. He caught it up, devoured it with his eyes, and then
     danced madly about the room, passing it to his bosom and shrieking
     out in his delight. Then he fell back into an arm-chair so limp and
     exhausted with his own emotions that we had to pour brandy down his
     throat to keep him from fainting."
113,holmes,"It is no time for me to hide anything. James and his father had many
     disagreements about me. Mr. McCarthy was very anxious that there
     should be a marriage between us. James and I have always loved each
     other as brother and sister; but of course he is young and has seen
     very little of life yet, and--and--well, he naturally did not wish to
     do anything like that yet. So there were quarrels, and this, I am
     sure, was one of them."
114,holmes,"Now would you mind going down and
     fetching that poor little devil of a terrier which has been bad so
     long, and which the landlady wanted you to put out of its pain
     yesterday."
115,holmes,"I think that your decision is a wise
     one. I have ample evidence that you are being dogged in London, and
     amid the millions of this great city it is difficult to discover who
     these people are or what their object can be. If their intentions are
     evil they might do you a mischief, and we should be powerless to
     prevent it. You did not know, Dr. Mortimer, that you were followed
     this morning from my house?"
116,holmes,"Pray give us the essential
     facts from the commencement, and I can afterwards question you as to
     those details which seem to me to be most important."
117,holmes,"Yes, Mr. I took the job myself. Its good to see you back in
     London, sir."
118,holmes,"If the launch is above water they will find her,"
119,holmes,"This great and sombre stage is set for something more worthy than
     that,"
120,holmes,"the bath! Why the relaxing and expensive
     Turkish rather than the invigorating home-made article?"
121,holmes,"if you can see the
     truth in this matter, do not keep me in suspense. How do I stand? What shall I do? I care nothing as to how you have found your facts
     so long as you have really got them."
122,holmes,"Possibly it is
     familiar to you. In any case, my business is that of every other good
     citizen--to uphold the law. It seems to me that you have much to
     answer for."
123,holmes,You would have done better to have trusted your wife.
124,holmes,"Well, I dont profess to understand it yet. This case of yours is
     very complex, Sir Henry. When taken in conjunction with your uncles
     death I am not sure that of all the five hundred cases of capital
     importance which I have handled there is one which cuts so deep. But
     we hold several threads in our hands, and the odds are that one or
     other of them guides us to the truth. We may waste time in following
     the wrong one, but sooner or later we must come upon the right."
125,holmes,"The ticket would have shown which station was nearest the agents
     house. Therefore he took it from the murdered mans pocket."
126,holmes,"what you can have to speak
     about which affects me personally in a very intimate fashion."
127,holmes,"Hardings evidence, and I
     could see that he was thoroughly satisfied by the turn which affairs
     were taking. He made no remark, however, save that, unless we
     hurried, we should be late for our appointment with Lestrade. Sure
     enough, when we reached Baker Street the detective was already there,
     and we found him pacing up and down in a fever of impatience. His
     look of importance showed that his days work had not been in vain."
128,holmes,"The circumstances are of great delicacy, and every precaution has to
     be taken to quench what might grow to be an immense scandal and
     seriously compromise one of the reigning families of Europe. To speak
     plainly, the matter implicates the great House of Ormstein,
     hereditary kings of Bohemia."
129,holmes,"It will
     require some checking and you have little time to check it. Your
     admiral may find the new guns rather larger than he expects, and the
     cruisers perhaps a trifle faster."
130,holmes,"most remarkable! I can hardly recall any case where the features have been more
     peculiar."
131,holmes,"Women are never to be
     entirely trusted,--not the best of them."
132,holmes,"He is an excellent and loyal
     person, but rather of the old regime. Shall we make him unbend? Dare
     we venture upon a slight liberty? He knows, we may conjecture,
     nothing of what has occurred."
133,holmes,"You
     may rely upon my doing all that I can."
134,holmes,"I was not sure whether I had left it here or in the
     Shipping Office. I would not lose that stick for the world."
135,holmes,
136,holmes,"And now, Lord
     Holdhurst, we have already taken up too much of your valuable time,
     and we shall wish you good-day."
137,holmes,"Mortimer, James, M.R.C.S., 1882, Grimpen, Dartmoor, Devon. House-surgeon, from 1882 to 1884, at Charing Cross Hospital. Winner
     of the Jackson prize for Comparative Pathology, with essay entitled
     Is Disease a Reversion? Corresponding member of the Swedish
     Pathological Society. Do We Progress? Medical Officer for the parishes of Grimpen, Thorsley, and High
     Barrow."
138,holmes,"that I may be of more use at Lamberley than
     here. It is eminently a case for personal investigation. If the lady
     remains in her room, our presence could not annoy or inconvenience
     her. Of course, we would stay at the inn."
139,holmes,"we have still ten minutes. I am going far to screen you, Lady Hilda. In return you will spend
     the time in telling me frankly the real meaning of this extraordinary
     affair."
140,holmes,"I presume, as I see blood-stains upon it,
     that it is the one which was found in the dead mans grasp. Watson,
     this knife is surely in your line?"
141,holmes,"Your theory holds
     together. But if this is true, then the case is at an end. On the one
     hand, the traitor is dead. On the other, the plans of the
     Bruce-Partington submarine are presumably already on the Continent. What is there for us to do?"
142,holmes,"Half an hour more or less can
     make no difference to you, and the gentleman was about to give us an
     account of this very interesting affair, which might aid us in
     clearing it up."
143,holmes,said the inspector. But Trevelyan and I looked at each other in bewilderment.
144,holmes,"I have not shut an eye
     since the tragedy, thinking, thinking, thinking, night and day, what
     the true meaning of it can be. Arthur was the most single-minded,
     chivalrous, patriotic man upon earth. He would have cut his right
     hand off before he would sell a State secret confided to his keeping. It is absurd, impossible, preposterous to anyone who knew him."
145,holmes,"Nothing of any importance. The mans novel, with which he had read
     himself to sleep was lying upon the bed, and his pipe was on a chair
     beside him. There was a glass of water on the table, and on the
     window-sill a small chip ointment box containing a couple of pills."
146,holmes,"I wished Mr. Acton to be present while I demonstrated this small
     matter to you,"
147,holmes,"Yes, the lodge-keeper brought it up. You said that you wished to see
     me here to avoid scandal."
148,holmes,"And now, sir, since
     you are here, we had best have a clear account from your own lips. My
     friend here knows nothing of the details."
149,holmes,"Official requisition for your services is in separate envelope. This
     is for your private eye. Wire me what train in the morning you can
     get for Birlstone, and I will meet it--or have it met if I am too
     occupied. This case is a snorter. Dont waste a moment in getting
     started. If you can bring Mr. We would think the whole thing had
     been fixed up for theatrical effect if there wasnt a dead man in the
     middle of it. My word! it is a snorter."
150,holmes,"May I ask if they are all large,
     able-bodied men with powerful voices?"
151,holmes,"It was just growing dusk at the time. They were lighting the lamps
     as I came back with the brandy."
152,holmes,"Audley Court was not an attractive locality. The narrow passage led
     us into a quadrangle paved with flags and lined by sordid dwellings. We picked our way among groups of dirty children, and through lines
     of discoloured linen, until we came to Number 46, the door of which
     was decorated with a small slip of brass on which the name Rance was
     engraved. On enquiry we found that the constable was in bed, and we
     were shown into a little front parlour to await his coming. He appeared presently, looking a little irritable at being disturbed
     in his slumbers."
153,holmes,I gazed with interest and some surprise upon the portrait.
154,holmes,"and brought em on sharp. Three
     bob and a tanner for tickets."
155,holmes,"I owe you a
     thousand apologies. I had no idea that you would be so affected."
156,holmes,"It was evidently taken by a snap-shot from a small camera. It
     represented an alert, sharp-featured simian man with thick eyebrows,
     and a very peculiar projection of the lower part of the face like the
     muzzle of a baboon."
157,holmes,"You are a man to be humored,
     and we all know that you are a connoisseur of crime, but duty is
     duty, and I have gone rather far in doing what you and your friend
     asked me. I shall feel more at ease when we have our story-teller
     here safe under lock and key. The cab still waits, and there are two
     inspectors down-stairs. I am much obliged to you both for your
     assistance. Of course you will be wanted at the trial. Good-night to
     you."
158,holmes,"In mere size and strength it was a terrible creature which was lying
     stretched before us. It was not a pure bloodhound and it was not a
     pure mastiff; but it appeared to be a combination of the two--gaunt,
     savage, and as large as a small lioness. Even now, in the stillness
     of death, the huge jaws seemed to be dripping with a bluish flame and
     the small, deep-set, cruel eyes were ringed with fire. I placed my
     hand upon the glowing muzzle, and as I held them up my own fingers
     smouldered and gleamed in the darkness."
159,holmes,"cried Phelps, as we began to move from the platform."
160,holmes,"They come at me like bullets. If you
     put it that Mrs. Douglas and Barker know the truth about the murder,
     and are conspiring to conceal it, then I can give you a whole-souled
     answer. I am sure they do. But your more deadly proposition is not so
     clear. Let us for a moment consider the difficulties which stand in
     the way."
161,holmes,"As my
     speech surely shows you, Mr. Altamont of Chicago had no existence in
     fact. I used him and he is gone."
162,holmes,"Well, let us hear about it. What sort of job did you
     make of it?"
163,holmes,"I was wondering if this was Queen Anne or
     Georgian."
164,holmes,"Our millionaire does not seem to shine in private life,"
165,holmes,"On the face of it, it seems absurd to suppose that this person knows
     anything, but if you think--"
166,holmes,"I knew your energetic nature, and that you would not be happy
     until you had been on the scene of the crime."
167,holmes,"He took up the paper in a listless way,
     but his attention instantly became riveted, and he gave a little cry
     of satisfaction."
168,holmes,"Now, if you
     please, we will get off on what I hope is the last stage of our
     journey."
169,holmes,"station of Shoscombe. The rack above us was covered
     with a formidable litter of rods, reels, and baskets. On reaching our
     destination a short drive took us to an old-fashioned tavern, where a
     sporting host, Josiah Barnes, entered eagerly into our plans for the
     extirpation of the fish of the neighbourhood."
170,holmes,I glanced down at the new patent leathers which I was wearing.
171,holmes,"He scribbled three or four words upon a sheet of his notebook, folded
     it, and handed it to the man."
172,holmes,"I confess that I share Dr. Mortimers belief that it will not be
     long before the missing boot is found."
173,holmes,"About nine oclock the light among the trees was extinguished, and
     all was dark in the direction of the Manor House. Two hours passed
     slowly away, and then, suddenly, just at the stroke of eleven, a
     single bright light shone out right in front of us."
174,holmes,"It was burned to a black cinder, but there could be no question as to
     its anatomical significance."
175,holmes,"Come, Watson! And you, Lestrade, could you favour us with your company for an hour
     or two? We will begin our investigation by a visit to Aldgate
     Station. Good-bye, Mycroft. I shall let you have a report before
     evening, but I warn you in advance that you have little to expect."
176,holmes,"I
     go into a case to help the ends of justice and the work of the
     police. If I have ever separated myself from the official force, it
     is because they have first separated themselves from me. I have no
     wish ever to score at their expense. At the same time, Mr. White
     Mason, I claim the right to work in my own way and give my results at
     my own time--complete rather than in stages."
177,holmes,"That will do, Mr. Wilson. I shall be happy to give you an opinion
     upon the subject in the course of a day or two. To-day is Saturday,
     and I hope that by Monday we may come to a conclusion."
178,holmes,"He had started running swiftly over the moor, and I had followed at
     his heels. But now from somewhere among the broken ground immediately
     in front of us there came one last despairing yell, and then a dull,
     heavy thud. We halted and listened. Not another sound broke the heavy
     silence of the windless night. He
     stamped his feet upon the ground."
179,holmes,"This side, sir. This narrow margin of grass between the path and the
     flower-bed. I cant see the traces now, but they were clear to me
     then."
180,holmes,"Sharp at the hour named Inspector Stanley Hopkins appeared, and we
     sat down together to the excellent breakfast which Mrs. Hudson had
     prepared. The young detective was in high spirits at his success."
181,holmes,"What are we here for at all? I really think that you might treat us
     with more frankness."
182,holmes,"I
     did not anticipate that you would yourself make use of this empty
     house and this convenient front window. I had imagined you as
     operating from the street, where my friend Lestrade and his merry men
     were awaiting you. With that exception all has gone as I expected."
183,holmes,"They were on his tray this morning. I brought them because I had
     heard that you can read great things out of small ones."
184,holmes,"Thank you! Now,
     Cartwright, there are the names of twenty-three hotels here, all in
     the immediate neighbourhood of Charing Cross. Do you see?"
185,holmes,From one or two friends there on the occasion of my marriage.
186,holmes,"Still, I confess that I miss my rubber. It is the
     first Saturday night for seven-and-twenty years that I have not had
     my rubber."
187,holmes,"I think, your Grace, that this can only be
     done by absolute and complete frankness between us. I am disposed to
     help your Grace to the best of my ability; but in order to do so I
     must understand to the last detail how the matter stands. I realize
     that your words applied to Mr. James Wilder, and that he is not the
     murderer."
188,holmes,"A threadbare and venerable device, but useful upon occasion. I
     walked into the doctors yard this morning and shot my syringe full
     of aniseed over the hind wheel. A draghound will follow aniseed from
     here to John o Groats, and our friend Armstrong would have to drive
     through the Cam before he would shake Pompey off his trail. Oh, the
     cunning rascal! This is how he gave me the slip the other night."
189,holmes,"Well, that is the curious part of it. You could have got fifteen to
     one yesterday, but the price has become shorter and shorter, until
     you can hardly get three to one now."
190,holmes,"Oh, one more word. You have
     not mentioned to any of the three gentlemen whom you attend that
     anything is amiss?"
191,holmes,"Human nature is a strange mixture, Watson. You see that even a
     villain and murderer can inspire such affection that his brother
     turns to suicide when he learns that his neck is forfeited. However,
     we have no choice as to our action. The doctor and I will remain on
     guard, Mr. Pycroft, if you will have the kindness to step out for the
     police."
192,holmes,"Our visitor again passed his hand over his forehead, as if he found
     it bitterly hard. From every gesture and expression I could see that
     he was a reserved, self-contained man, with a dash of pride in his
     nature, more likely to hide his wounds than to expose them. Then
     suddenly, with a fierce gesture of his closed hand, like one who
     throws reserve to the winds, he began."
193,holmes,"that if the matter is beyond humanity it is
     certainly beyond me. Yet we must exhaust all natural explanations
     before we fall back upon such a theory as this. As to yourself, Mr. Tregennis, I take it you were divided in some way from your family,
     since they lived together and you had rooms apart?"
194,holmes,"Milverton had glided as quick as a rat to the side of the room, and
     stood with his back against the wall."
195,holmes,"well talk about it when weve had
     something to eat."
196,holmes,"Oh, yes! In a hundred other ways he has helped him. Everybody about
     here speaks of his kindness to him."
197,holmes,"Dear me, this is very disappointing! I fear, Watson, that all our
     expectations come to nothing. I trust that the man Porlock will come
     to no harm."
198,holmes,"he was as you say. I have heard that he was
     atrocious. But how are you affected?"
199,holmes,"and you had best take a pull out of my
     flask, for you are very wet. How could you expect so small and weak a
     man as this black fellow to overpower Mr. Sholto and hold him while
     you were climbing the rope?"
200,holmes,"Mr. Woodley seemed to me to be a most odious person. He was for ever
     making eyes at me--a coarse, puffy-faced, red-moustached young man,
     with his hair plastered down on each side of his forehead. I thought
     that he was perfectly hateful--and I was sure that Cyril would not
     wish me to know such a person."
201,holmes,"Is this cove trying to be funny, or what? Im not in the funny mood
     myself."
202,holmes,"and let me have a clear
     account of who you are and what it is that has befallen you."
203,holmes,"I do not know how the bank can thank you or repay you. There is no doubt that you have detected and defeated in the most
     complete manner one of the most determined attempts at bank robbery
     that have ever come within my experience."
204,holmes,"With all our precautions, you see that we have cut it rather fine,"
205,holmes,"said the driver, pointing to a cluster of
     roofs some distance to the left;"
206,holmes,"How did you know, for example, that I did manual
     labour. Its as true as gospel, for I began as a ships carpenter."
207,holmes,"I have had one or two little scores of my own to settle with Mr. John Clay,"
208,holmes,"Come, come, we are not so far wrong, after all,"
209,holmes,"And the wolfhound no doubt disapproved of the financial bargain. No,
     no, Watson, there is more in it than this. Now, I can only suggest--"
210,holmes,"Yes, it was the devil himself. We have not had a peaceful hour
     since--not one. The governor has never held up his head from that
     evening, and now the life has been crushed out of him and his heart
     broken, all through this accursed Hudson."
211,holmes,"But our expedition of to-night will
     solve them all. Ah, here is a four-wheeler, and Miss Morstan is
     inside. Are you all ready? Then we had better go down, for it is a
     little past the hour."
212,holmes,"Well, I have
     drawn my circle, and I only wish I knew at what point upon it the
     folk that we are in search of are to be found."
213,holmes,"But you have read the evidence. You have formed some conclusion? Do
     you not see some loophole, some flaw? Do you not yourself think that
     he is innocent?"
214,holmes,"for you
     have certainly cleared up everything which puzzled us. And here comes
     the country surgeon and Mrs. Rucastle, so I think, Watson, that we
     had best escort Miss Hunter back to Winchester, as it seems to me
     that our locus standi now is rather a questionable one."
215,holmes,"I am sure we owe you an apology, Mrs. Toller,"
216,holmes,"The
     august person who employs me wishes his agent to be unknown to you,
     and I may confess at once that the title by which I have just called
     myself is not exactly my own."
217,holmes,"If its a local villain there should not be much difficulty in
     running him down,"
218,holmes,Perhaps she could not or would not have told you much.
219,holmes,"Ive a bill against her for a nearly a
     hundred pounds, and nothing to show for it but a couple of trumpery
     pendants that the dealer would hardly look at. She attached herself
     to Mrs. Peters and me at Baden--it is a fact that I was using another
     name at the time--and she stuck on to us until we came to London. I
     paid her bill and her ticket. Once in London, she gave us the slip,
     and, as I say, left these out-of-date jewels to pay her bills. You
     find her, Mr."
220,holmes,He asked me to show you up at once when you came.
221,holmes,"I beg, Sir Henry, that you will not go about
     alone. Some great misfortune will befall you if you do. Did you get
     your other boot?"
222,holmes,"you have formed your opinion! Come, now, we shall see who agrees with you. I say it is south, for
     the country is more deserted there."
223,holmes,"No; but I am acting for him. You can tell me any message you have
     for him."
224,holmes,"You dont look quite the man you did when I threw you over the ropes
     into the crowd at the Old Deer Park. I expect I have changed a bit
     also. But its this last day or two that has aged me. I see by your
     telegram, Mr."
225,holmes,"you have had your revenge upon them. There can be no question that it was your oil-lamp which, when it was
     crushed in the press, set fire to the wooden walls, though no doubt
     they were too excited in the chase after you to observe it at the
     time. Now keep your eyes open in this crowd for your friends of last
     night, though I very much fear that they are a good hundred miles off
     by now."
226,holmes,"I am sure I am very much
     obliged to you for coming round. No one ever needed your advice more
     than I do. I suppose that Dr. Trevelyan has told you of this most
     unwarrantable intrusion into my rooms."
227,holmes,"Nothing. Stangerson had Drebbers purse in his pocket, but it seems
     that this was usual, as he did all the paying. There was eighty odd
     pounds in it, but nothing had been taken. Whatever the motives of
     these extraordinary crimes, robbery is certainly not one of them. There were no papers or memoranda in the murdered mans pocket,
     except a single telegram, dated from Cleveland about a month ago, and
     containing the words, J. H. is in Europe. There was no name
     appended to this message."
228,holmes,"Well, I couldnt be sure of that, but I dare say my fare knew all
     about it. We pulled up half-way down the street and waited an hour
     and a half. Then the two gentlemen passed us, walking, and we
     followed down Baker Street and along--"
229,holmes,"The envelope too, please. Postmark,
     London, S.W. Date, July 7. Hum! Mans thumb-mark on corner,--probably
     postman. Best quality paper. Envelopes at sixpence a packet. Particular man in his stationery. No address. Be at the third pillar
     from the left outside the Lyceum Theatre to-night at seven oclock. If you are distrustful, bring two friends. You are a wronged woman,
     and shall have justice. Do not bring police. If you do, all will be
     in vain. Your unknown friend. Well, really, this is a very pretty
     little mystery. What do you intend to do, Miss Morstan?"
230,holmes,"She pulled a little handkerchief out of her
     muff and began to sob heavily into it."
231,holmes,"A good cyclist does not need
     a high road. The moor is intersected with paths and the moon was at
     the full. Halloa! what is this?"
232,holmes,"It wont be so damn fine
     if I have to trim you up a bit. Ive handled your kind before now,
     and they didnt look fine when I was through with them."
233,holmes,"The nobleman swung his glasses a little faster and stared down into
     the fire."
234,holmes,I believe you are the devil himself.
235,holmes,"There were footfalls outside, the door opened, and Inspector Morton
     appeared."
236,holmes,"He gave an exclamation; that was all. I waited but he never
     returned. Then I walked home. Next morning, after the office opened,
     they came to inquire. About twelve oclock we heard the terrible
     news. Oh, Mr. It was
     so much to him."
237,holmes,"it
     is of course a conceivable theory that this William Kirwan--though he
     had the reputation of being an honest man, may have been in league
     with the thief. He may have met him there, may even have helped him
     to break in the door, and then they may have fallen out between
     themselves."
238,holmes,"Very good, Mrs. Merrilow. I
     should like to have a little chat with Dr. Watson. That will carry us
     till lunch-time. About three oclock you may expect to see us at your
     house in Brixton."
239,holmes,"We got off, paid our fare, and the trap rattled back on its way to
     Leatherhead."
240,holmes,"the great black-faced monkey of the Himalayan slopes,
     biggest and most human of climbing monkeys. Many details are added. Well, thanks to you, Mr."
241,holmes,"that the incised wound upon
     Straker may have been caused by his own knife in the convulsive
     struggles which follow any brain injury?"
242,holmes,"journeys
     end in lovers meetings, as the old play says. I dont think I have
     had the pleasure of seeing you since you favoured me with those
     attentions as I lay on the ledge above the Reichenbach Fall."
243,holmes,"He has considerable gifts himself. He possesses two out of
     the three qualities necessary for the ideal detective. He has the
     power of observation and that of deduction. He is only wanting in
     knowledge; and that may come in time. He is now translating my small
     works into French."
244,holmes,"My friend and I return to town by the night-express,"
245,holmes,"From what I have seen of the lady she seems indeed to be on a very
     different level to your Majesty,"
246,holmes,"He was cold, but not harsh. I dare say my severe illness prevented
     him from being that. He repeated that the matter was of the utmost
     importance, and added that no steps would be taken about my
     future--by which he means, of course, my dismissal--until my health
     was restored and I had an opportunity of repairing my misfortune."
247,holmes,"They may rest here on
     the hook and will be dry presently. You have come up from the
     south-west, I see."
248,holmes,"Perhaps Mr. Neil Gibson has told you something of what occurred
     between us?"
249,holmes,"the more bizarre a thing is the less
     mysterious it proves to be. It is your commonplace, featureless
     crimes which are really puzzling, just as a commonplace face is the
     most difficult to identify. But I must be prompt over this matter."
250,holmes,"I had intended to bury myself in central Africa. My work there is
     but half finished."
251,holmes,"He was morbidly nervous of fire, and always kept this
     beside him, so that he might escape by the window in case the stairs
     were burning."
252,holmes,"Amazement and fear were stamped upon his expressive features. Now,
     with an effort, he shrugged his shoulders and burst into insincere
     laughter."
253,holmes,"But now all my professional instincts were aroused. Let him be my master elsewhere, I at least was his in a sick room."
254,holmes,"All my instincts are against this explanation. Use your powers! Go
     to the scene of the crime! See the people concerned! Leave no stone
     unturned! In all your career you have never had so great a chance of
     serving your country."
255,holmes,"Ive seen you handle a good many cases, Mr. Were not jealous of you at Scotland Yard. No, sir, we are very
     proud of you, and if you come down to-morrow theres not a man, from
     the oldest inspector to the youngest constable, who wouldnt be glad
     to shake you by the hand."
256,holmes,"Mr. Gibson
     seems to have a nice loyal household. But the warning is a useful
     one, and now we can only wait till the man himself appears."
257,holmes,"It is not an English
     paper at all. Hold it up to the light."
258,holmes,"Well, of course Miss Morstan too. They were anxious to hear what
     happened."
259,holmes,"There was a quick step on the stairs, a sharp tap at the door, and a
     moment later the new client presented himself. He was a tall,
     handsome youth about thirty, well dressed and elegant, but with
     something in his bearing which suggested the shyness of the student
     rather than the self-possession of the man of the world."
260,holmes,"We were gradually coming to that conclusion, were we not, Watson?"
261,holmes,"I went home to Saxe-Coburg Square, and I took the advice of my
     assistant. But he could not help me in any way. He could only say
     that if I waited I should hear by post. But that was not quite good
     enough, Mr. I did not wish to lose such a place without a
     struggle, so, as I had heard that you were good enough to give advice
     to poor folk who were in need of it, I came right away to you."
262,holmes,"Pray sit down. I fear I
     can only give you a short time, for I have an appointment at eleven."
263,holmes,"I stooped under the rude lintel, and there he sat upon a stone
     outside, his gray eyes dancing with amusement as they fell upon my
     astonished features. He was thin and worn, but clear and alert, his
     keen face bronzed by the sun and roughened by the wind. In his tweed
     suit and cloth cap he looked like any other tourist upon the moor,
     and he had contrived, with that cat-like love of personal cleanliness
     which was one of his characteristics, that his chin should be as
     smooth and his linen as perfect as if he were in Baker Street."
264,holmes,"Even in his chastened frame of mind the noble miser could give us no
     information which could help us, for he knew little of the private
     life of his nephew. We had shaken off Lord Mount-James, and Overton
     had gone to consult with the other members of his team over the
     misfortune which had befallen them. There was a telegraph-office at a short distance from the hotel. We
     halted outside it."
265,holmes,"And, of course, I cannot pretend to be ignorant of the object of
     your visit. There has only been one occurrence in these offices which
     could call for your attention. In whose interest are you acting, may
     I ask?"
266,holmes,"I do not vary them, save when I remit them altogether."
267,holmes,"I am not out for
     money. Let me see this man in the mud, and Ive got all Ive worked
     for--in the mud with my foot on his cursed face. Thats my price. Im
     with you to-morrow or any other day so long as you are on his track. Porky here can tell you always where to find me."
268,holmes,The way you kept on my trail was a caution.
269,holmes,"The second man was a long, dried-up creature, with lank hair and
     sallow cheeks. His name was Hugh Pattins. He also received his
     dismissal, his half-sovereign, and the order to wait. The third applicant was a man of remarkable appearance. A fierce
     bull-dog face was framed in a tangle of hair and beard, and two bold
     dark eyes gleamed behind the cover of thick, tufted, overhung
     eyebrows. He saluted and stood sailor-fashion, turning his cap round
     in his hands."
270,holmes,"He held down the lamp to the floor, and as he did so I saw for the
     second time that night a startled, surprised look come over his face. For myself, as I followed his gaze my skin was cold under my clothes. The floor was covered thickly with the prints of a naked
     foot,--clear, well defined, perfectly formed, but scarce half the
     size of those of an ordinary man."
271,holmes,"But he is right. Oh! I know that he is right. James never did it. And about his quarrel with his father, I am sure that the reason why
     he would not speak about it to the coroner was because I was
     concerned in it."
272,holmes,"that you will play
     for a higher stake to-night than you have ever done yet, and that the
     play will be more exciting. For you, Mr. Merryweather, the stake will
     be some £30,000; and for you, Jones, it will be the man upon whom you
     wish to lay your hands."
273,holmes,"I should like you to offer a
     reward--coming from yourself, for the officials may take a little
     time before they would agree upon the sum, and these things cannot be
     done too promptly. I have jotted down the form here, if you would not
     mind signing it. Fifty pound was quite enough, I thought."
274,holmes,"I think I can promise you that you
     will feel even less humorous as the evening advances. Now, look here,
     Count Sylvius. Im a busy man and I cant waste time. Im going into
     that bedroom. Pray make yourselves quite at home in my absence. You
     can explain to your friend how the matter lies without the restraint
     of my presence. I shall try over the Hoffman Barcarole upon my
     violin. In five minutes I shall return for your final answer. You
     quite grasp the alternative, do you not? Shall we take you, or shall
     we have the stone?"
275,holmes,"hes our leading man about here, is
     old Cunningham, and a very decent fellow too. Hell be cut up over
     this, for the man has been in his service for years and was a good
     servant. Its evidently the same villains who broke into Actons."
276,holmes,"Now for our friend Lestrade. I had a note from him this morning, in
     which he says:"
277,holmes,"Again he produced a paper. The new dance was in this form:--

     [ Picture: Picture of five dancing men figures ]"
278,holmes,"out of my last fifty-three cases my
     name has only appeared in four, and the police have had all the
     credit in forty-nine. I dont blame you for not knowing this, for you
     are young and inexperienced, but if you wish to get on in your new
     duties you will work with me and not against me."
279,holmes,"No
     wonder you get results that are beyond us. But some of these days
     youll go too far, and youll find yourself and your friend in
     trouble."
280,holmes,"I shall write to you about it. No tricks, now, or--"
281,holmes,"I could see that you were commiserating with me over my weakness,"
282,holmes,"I think a year at sea would be my prescription for Master Jacky,"
283,holmes,"I am a bit of an archaeologist myself when it comes to houses,"
284,holmes,Do you know who it was that we let into the house that day?
285,holmes,"It is of the utmost importance that you should notice this point. I
     went down the stairs and into the hall, where I found the
     commissionaire fast asleep in his box, with the kettle boiling
     furiously upon the spirit-lamp. I took off the kettle and blew out
     the lamp, for the water was spurting over the floor. Then I put out
     my hand and was about to shake the man, who was still sleeping
     soundly, when a bell over his head rang loudly, and he woke with a
     start."
286,holmes,"Theyve gone, Mr. They went by the last train. The lady
     broke away, and Ive got her in a cab downstairs."
287,holmes,"he remarked,
     pointing to the toes. Then he laid upon the table a long, deadly,
     sheathed knife. Finally he unravelled a bundle of clothing,
     comprising a complete set of underclothes, socks, a gray tweed suit,
     and a short yellow overcoat."
288,holmes,"I have never seen him in a more dangerous mood. But he grows more
     sinister. You can understand now why his daughter and I are alarmed. And yet his mind is perfectly clear."
289,holmes,"I think that what you have been good enough to
     tell us makes the matter fairly clear, and that I can deduce all that
     remains. Mr. Rucastle then, I presume, took to this system of
     imprisonment?"
290,holmes,"I think, perhaps, we had better go down to Tredannick Wartha
     without further delay. I confess that I have seldom known a case
     which at first sight presented a more singular problem."
291,holmes,"There are limits, you see, to our friends
     intelligence. It would have been a coup-de-maître had he deduced
     what I would deduce and acted accordingly."
292,holmes,"It seems to show that someone knows more than we do about what goes
     on upon the moor,"
293,holmes,
294,holmes,"He will be home, sir, at a quarter to one."
295,holmes,"In that
     case one of the main points in favor of the accused disappears."
296,holmes,"I am no official agent. I understand that it was your daughter who
     required my presence here, and I am acting in her interests. Young
     McCarthy must be got off, however."
297,holmes,"I confess that I have been as blind as a
     mole, but it is better to learn wisdom late than never to learn it at
     all."
298,holmes,"Ive a friend thats
     interested out Harrow way--you know what Im meaning--and he dont
     intend to have no buttin in by you. Got that? You aint the law, and
     I aint the law either, and if you come in Ill be on hand also. Dont you forget it."
299,holmes,"you do find it very hard to
     tackle the facts."
300,holmes,"Twenty-two guineas is rather heavy for a
     single costume. However there appears to be nothing more to learn,
     and we may now go down to the scene of the crime."
301,holmes,"About sixty; but his constitution has been shattered by his life
     abroad, and he has been in failing health for some time. This
     business has had a very bad effect upon him. He was an old friend of
     McCarthys, and, I may add, a great benefactor to him, for I have
     learned that he gave him Hatherley Farm rent free."
302,holmes,"noiseless and of
     tremendous power. I knew Von Herder, the blind German mechanic, who
     constructed it to the order of the late Professor Moriarty. For years
     I have been aware of its existence, though I have never before had
     the opportunity of handling it. I commend it very specially to your
     attention, Lestrade, and also the bullets which fit it."
303,holmes,"The last red streaks had faded away in the west and night had settled
     upon the moor. A few faint stars were gleaming in a violet sky."
304,holmes,"A sound of quick steps broke the silence of the moor. Crouching among
     the stones we stared intently at the silver-tipped bank in front of
     us. The steps grew louder, and through the fog, as through a curtain,
     there stepped the man whom we were awaiting. He looked round him in
     surprise as he emerged into the clear, starlit night. Then he came
     swiftly along the path, passed close to where we lay, and went on up
     the long slope behind us. As he walked he glanced continually over
     either shoulder, like a man who is ill at ease."
305,holmes,"At least, we may take counsel how far we can
     minimize this hideous scandal."
306,holmes,"Oh, if you find your own cases more interesting than mine--"
307,holmes,"I think, Watson, we cannot do better. Do not allow yourself to
     indulge in false hopes, Mr. Phelps. The affair is a very tangled
     one."
308,holmes,"I will now cut one of these pills in two,"
309,holmes,"but I must regard what you
     have just said as either a very bad joke or an insult."
310,holmes,"Your Majesty has something which I should value even more highly,"
311,holmes,"I am sorry
     that I have not been able to bring your Majestys business to a more
     successful conclusion."
312,holmes,"May I ask, in the first place, why you came to me at all?"
313,holmes,"I have nothing in the world against you, my good man,"
314,holmes,"it is human to err, and at least
     no one can accuse you of being a callous criminal. Perhaps it would
     be easier for you if I were to tell Mr. Soames what occurred, and you
     can check me where I am wrong. Shall I do so? Well, well, dont
     trouble to answer. Listen, and see that I do you no injustice."
315,holmes,"Surely I met you in Plymouth at a garden-party some little time ago,
     Mrs. Straker?"
316,holmes,"Ive had a plain-clothes man waiting at the station all the week. Wherever the High Gable folk go he will keep them in sight. But he
     must have been hard put to it when Miss Burnet broke away. However,
     your man picked her up, and it all ends well. We cant arrest without
     her evidence, that is clear, so the sooner we get a statement the
     better."
317,holmes,"Excellent. You carried the thing out very well. Did you observe
     where the bullet went?"
318,holmes,"In the outhouse you will find a considerable quantity of straw,"
319,holmes,"When the carriage came out I
     followed it to the station. She was like one walking in her sleep,
     but when they tried to get her into the train she came to life and
     struggled. They pushed her into the carriage. She fought her way out
     again. I took her part, got her into a cab, and here we are. I shant
     forget the face at the carriage window as I led her away. Id have a
     short life if he had his way--the black-eyed, scowling, yellow
     devil."
320,holmes,"I dont know, Mr. There may have been only one. I have not
     noticed them for months."
321,holmes,"The little man obeyed in a half-stupefied fashion, and we heard him
     stumbling down the stairs in the dark."
322,holmes,"Do all your successes depend upon this
     prodigious power of bluff?"
323,holmes,"He jerked his arms and stamped his feet in a kind of convulsive
     frenzy."
324,holmes,"He was able to fix up his own little hiding-place without any
     confederate--save, of course, that precious housekeeper of his, whom
     I should lose no time in adding to your bag, Lestrade."
325,holmes,"It will serve to take him
     to Scotland Yard. And now, gentlemen,"
326,holmes,"We started off for the cab together, leaving our informant
     incredulous, but obviously uncomfortable."
327,holmes,"I suppose you are within your rights--and maybe doing your duty--in
     asking such a question, Mr."
328,holmes,"and the reason why I tell you is
     that I hope frankness may beget frankness. What my next step may be
     will depend entirely upon the nature of your own defence."
329,holmes,"You dont mean to say that you
     have been walking about London with that thing?"
330,holmes,"Yes, weve had a scare in this part lately. Old Acton, who is one of
     our county magnates, had his house broken into last Monday. No great
     damage done, but the fellows are still at large."
331,holmes,"Ill give you one. This case
     is quite sufficiently complicated to start with without the further
     difficulty of false information."
332,holmes,"Found a screw-driver and some screws on the wash-hand stand. Seems
     to have smoked heavily during the night, too. Here are four
     cigar-ends that I picked out of the fireplace."
333,holmes,"There are several points on which I should like your advice, and
     especially as to whether we do not owe it to the public to remove our
     horses name from the entries for the Cup."
334,holmes,"Mr. There is a seal of red wax stamped with a crouching lion. It is
     addressed in large, bold handwriting to--"
335,holmes,"I should like to know how
     many fellows in my shoes would have refused a share of this loot when
     they knew that they would have their throats cut for their pains. Besides, it was my life or his when once he was in the fort. If he
     had got out, the whole business would come to light, and I should
     have been court-martialled and shot as likely as not; for people were
     not very lenient at a time like that."
336,holmes,"We shall, I fancy, have a
     good deal to discuss."
337,holmes,"Why, I dont see that
     we have any clue at all."
338,holmes,"From their
     lightness and transparency, I should imagine that they are soluble in
     water,"
339,holmes,"I think, Watson,
     that I shall resume that course of tobacco-poisoning which you have
     so often and so justly condemned,"
340,holmes,"this is too much. You would certainly have
     been burned, had you lived a few centuries ago. It is true that I had
     a country walk on Thursday and came home in a dreadful mess, but as I
     have changed my clothes I cant imagine how you deduce it. As to Mary
     Jane, she is incorrigible, and my wife has given her notice, but
     there, again, I fail to see how you work it out."
341,holmes,"our ways lie elsewhere. Our next station
     must be the office from which the papers were taken."
342,holmes,"We had not long to wait, for our Norfolk squire came straight from
     the station as fast as a hansom could bring him. He was looking
     worried and depressed, with tired eyes and a lined forehead."
343,holmes,"Yes, sir. I married, and so left the hospital, and with it all hopes
     of a consulting practice. It was necessary to make a home of my own."
344,holmes,"I think that you might offer me a cigar too,"
345,holmes,"Young Overtons face assumed the bothered look of the man who is more
     accustomed to using his muscles than his wits; but by degrees, with
     many repetitions and obscurities which I may omit from his narrative,
     he laid his strange story before us."
346,holmes,"So many have said so, and yet here I am,"
347,holmes,"he said, and not another word would he utter that
     night. On the table in front of them were piled a number of
     letters and telegrams, which they were carefully sorting and
     docketing. Three had been placed on one side."
348,holmes,"Your cipher was not difficult, madam. Your presence here was
     desirable. I knew that I had only to flash Vieni and you would
     surely come."
349,holmes,"Well, I want to see the man who lives here, whatever he may call
     himself,"
350,holmes,"That McCarthy senior met his death from McCarthy junior and that all
     theories to the contrary are the merest moonshine."
351,holmes,"He wrung his hands in an agony of
     apprehension, and swayed backwards and forwards in his chair. I looked with interest upon this man, who was accused of being the
     perpetrator of a crime of violence. He was flaxen-haired and handsome
     in a washed-out negative fashion, with frightened blue eyes and a
     clean-shaven face, with a weak, sensitive mouth. His age may have
     been about twenty-seven; his dress and bearing that of a gentleman. From the pocket of his light summer overcoat protruded the bundle of
     endorsed papers which proclaimed his profession."
352,holmes,"I can only repeat that I am sorry that we have made a needless
     intrusion."
353,holmes,"And youll probably find that your creditors will impound the
     banking account of Mr. Cornelius,"
354,holmes,"Well, now, Miss Winter, if you would call
     here to-morrow evening at five, I would consider in the meanwhile
     whether your suggestion of seeing this lady personally may not be
     arranged. I am exceedingly obliged to you for your cooperation. I
     need not say that my clients will consider liberally--"
355,holmes,"I have no doubt
     that you have been annoyed more than enough already over this
     business."
356,holmes,"I was about to say, as he is unknown to the public."
357,holmes,"He has been interesting
     himself also in your business, Mr. Josiah Amberley, though we have
     been working independently. But we both have the same question to ask
     you!"
358,holmes,"because it serves to show very clearly how
     simple the explanation may be of an affair which at first sight seems
     to be almost inexplicable. Nothing could be more natural than the
     sequence of events as narrated by this lady, and nothing stranger
     than the result when viewed, for instance, by Mr. Lestrade of
     Scotland Yard."
359,holmes,"The man who entered was a sturdy, middle-sized fellow, some thirty
     years of age, clean-shaven, and sallow-skinned, with a bland,
     insinuating manner, and a pair of wonderfully sharp and penetrating
     grey eyes. He shot a questioning glance at each of us, placed his
     shiny top-hat upon the sideboard, and with a slight bow sidled down
     into the nearest chair."
360,marple,"its extraordinary, I never thought about it before. I believe, you know, I could be ruthless…."
361,marple,"Yes. Yes, Anthea would like to have a big well kept herbaceous border again. Really not feasible now. It is as much as one can do to get local people who will come and mow the lawns every fortnight. Every year one seems to employ a different firm. And Anthea would like pampas grass planted again. And the Mrs. Simpkin pinks. White, you know. All along the stone edge border. And a fig tree that grew just outside the greenhouse. She remembers all these and talks about them."
362,marple,I know it. Many is the time I have played with it as a child.
363,marple,"Well, its a lovely day, it is. Theyll have it nice for going to the Bonaventure Rocks. Its just as well youre not doing it. Its cruel hard on the legs, it is."
364,marple,why Verity broke off her engagement to marry Mr. Rafiels son.
365,marple,"I think dear Lettice thought so, too. Shes really a very sharp girl. Not always very scrupulous, Im afraid. So Anne Protheroe says she killed her husband. Well, well. I dont think its true. No, Im almost sure it isnt true. Not with a woman like Anne Protheroe. Although one never can be quite sure about anyone, can one? At least thats what Ive found. When does she say she shot him?"
366,marple,"Oh, much better, my dear. In these days men age so much quicker than women. I know it used not to be said so, but actually its true. I mean, they get more things the matter with them. I think, perhaps, they worry and work too much. And then they get high blood pressure or low blood pressure or sometimes a little heart trouble. Theyre rather prone to gastric ulcers, too. I dont think we worry so much, you know. I think were a tougher sex."
367,marple,"I mean, somebody always does. I think that is where Mr. Redding may find out something."
368,marple,May I ask you a question? I hope it is not too intimate a question.
369,marple,"how tragic. The sort of thing thats not easily forgotten, is it."
370,marple,Its difficult to know what to think. I cant see any reason for Lawrence behaving like a perfect idiot.
371,marple,"You mean Sir Ambrose poisoned his ward, the charming girl whom he loved?"
372,marple,Do you mean a second body connected with the particular crime that we have been considering? A crime that took place ten years ago?
373,marple,"The one who went on the stage and had such good legs that they made her principal boy in the pantomime. Everyone said shed come to no good, but she married a commercial traveller and settled down splendidly."
374,marple,"You know one doesnt stop at one murder. I have noticed that in the course of my life and in what I have observed of crime. You killed two girls, didnt you? You killed the girl you loved and you killed a different girl."
375,marple,It will seem such a waste of a life. Although she had retired from her Headmistresship she still exercised a lot of power. This accident—
376,marple,"I have done something extremely stupid. Of late years I make so many mistakes. This was a parcel addressed to a charity. I send them clothes—pullovers and childrens woollies, and I did it up and addressed it and it was sent off—and only this morning it came to me suddenly that Id made a mistake and written the wrong address. I dont suppose any list is kept of the address of parcels—but I thought someone might have just happened to remember it. The address I meant to put was The Dockyard and Thames Side Welfare Association."
377,marple,"Where Miss Temple was Headmistress, is that it? I have heard of Fallowfield often, of course. Its a very fine school, isnt it?"
378,marple,You will remember my saying this morning that that struck me as exceedingly peculiar.
379,marple,"I suppose you have been told what happened that night,"
380,marple,"We dont get much in the creepy line—and still less in the criminal line—in St. Mary Mead, you know, Miss Helier,"
381,marple,"But I do not see what you want me to do in the matter, or why you have come to me."
382,marple,"thats just what these old gentlemen who are fond of their jokes never realize. Uncle Henry, I remember, sent a favourite niece a five-pound note for a Christmas present. He put it in a Christmas card, gummed the card together, and wrote on it, Love and best wishes. Afraid this is all I can manage this year."
383,marple,"Ill pull that curtain slightly, shall I? You may feel the sun a little too much in your eyes."
384,marple,"is where my story ends. I cannot go on because I do not know what happened. I only know that I agreed to do as they asked, that I made the necessary arrangements; we settled a day, an hour, a time, a place. I think perhaps that I was to blame for agreeing to the secrecy."
385,marple,"it is much easier for me sitting here quietly than it was for you—and being an artist you are so susceptible to atmosphere, arent you? Sitting here with ones knitting, one just sees the facts. Bloodstains dropped on the pavement from the bathing dress hanging above, and being a red bathing dress, of course, the criminals themselves did not realize it was bloodstained. Poor thing, poor young thing!"
386,marple,I had rather an unusual letter from a firm of solicitors.
387,marple,though I am not at all cognizant of financial matters myself.
388,marple,"You are quite right, my dear. Yes, I cannot help still believing in two lovers who wished to get married, who were ready to take each other on for better, for worse, for richer or poorer, in sickness and in health. She loved him and she would have taken him for better or for worse. As far as she had gone, she took him for worse. It brought about her death."
389,marple,I feel really I ought to stay here and keep an eye on you.
390,marple,"I am afraid I have counted wrong. Two purl, three plain, slip one, two purl—yes, thats right. What did you say, dear?"
391,marple,I dont know if you have any idea—whether youve been given any idea at some time by Mr. Rafiel—as to what this proposition is that I have been instructed to put up to you?
392,marple,"And during that time I expect she travelled, keeping away from anyone who might know her. Thats what I meant by saying that one lady of a certain age looks so like another. I dont suppose the different photograph on her passport was ever noticed—you know what passports are. And then in March, she went down to this Cornish place and began to act queerly and draw attention to herself so that when people found her clothes on the beach and read her last letter they shouldnt think of the commonsense conclusion."
393,marple,"I knew it. Miss Temple and I were talking about her. Miss Temple told me something that I did not know. She said she had been engaged to be married to the son of a Mr. Rafiel. Mr. Rafiel is, or again I must say was, a friend of mine. Mr. Rafiel has paid the expenses of this tour out of his kindness. I think, though, that possibly he wanted—indeed, intended—me to meet Miss Temple on this tour. I think he thought she could give me certain information."
394,marple,"A really clever swindle of a criminal kind might have interested him, nothing else—"
395,marple,"Except Mr. Lorimer, I suppose, my dear. He wasnt staying in the house, was he?"
396,marple,"I shall know then what the plans are and what to do about things, and perhaps I could be of help in some way. One never knows. So thank you again very much. It will not be difficult, I expect, to get a room at the Golden Boar."
397,marple,Malignant evil is like cancer—a malignant tumour. It brings suffering.
398,marple,That is why she was coming to me. She wanted to know certain facts.
399,marple,"That was a piece of his work. He couldnt afford to have the police on the spot too soon. When they did come, they spent some time in the managers office before going up to the bedroom. That was the weakest point—the chance that someone might notice the difference between a body that had been dead two hours and one that had been dead just over half an hour; but he counted on the fact that the people who first discovered the crime would have no expert knowledge."
400,marple,"My name is Mrs. Glynne. Lavinia Glynne. I and my two sisters live near here and—well, we heard you were coming, you see—"
401,marple,"Yes. I had no idea then of his existence. But from then on I felt that the chief characters—the chief actors—in the drama, whichever way you like to put it, were not on the tour. They were not members of the coach party. I hesitated just for a short time, hesitated over some particular persons. I hesitated, considering Joanna Crawford and Emlyn Price."
402,marple,I am talking at much too great a length. I really must not inflict on you all that I thought and….
403,marple,"I must be getting back. I am very glad to have had this little chat—though we havent got very far, have we?"
404,marple,… although of course I expect it would be nicer for you to be with the others and to—
405,marple,Oh! I assure you I do all I can to make her comfortable. I dont know what I should do if she left.
406,marple,"it is very difficult to get partridges nowadays, and theyre very expensive. I should enjoy a partridge—a whole partridge—to myself, very much. A box of marrons glacés is an expensive taste which I cannot often gratify. Possibly a visit to the opera. It means a car to take one to Covent Garden and back, and the expense of a night in a hotel. But I must not indulge in idle chat,"
407,marple,"I dont expect shell leave until shes ready to leave,"
408,marple,"No. It was a complete surprise when she came out of that suddenly. I suppose,"
409,marple,"I realized quite soon that he was a—well, a very remarkable character altogether."
410,marple,"not—not—I cant remember his name but I do remember hearing that there was a son—and, that he hadnt been very satisfactory."
411,marple,"the window of the fishmongers shop. There was only one thing in it, a fresh haddock."
412,marple,"I have been to Hastings—I have been to Eastbourne, too."
413,marple,"My dear lady, many years ago I read of a certain Chinese philosopher who, when his dearly loved wife was taken from him, continued calmly to beat a gong in the street—a customary Chinese pastime, I presume—exactly as usual. The people of the city were much impressed by his fortitude."
414,marple,"I thought Id come along myself and—well, break it to you about the accident. I expect Miss Bradbury-Scott has told you. Its Miss Temple. You know. The school dame. I dont know quite what she was doing or what happened, but some stones, or rather boulders, rolled down from above. Its rather a precipitous slope and it knocked her out and they had to take her off to hospital with concussion last night. I gather shes rather bad. Anyway, the tour for today is cancelled and we are stopping on here tonight."
415,marple,Not so long as that. Twenty years maybe. Belonged to old Colonel Bradbury-Scott. The Old Manor House did. Close on seventy he was when he died.
416,marple,"I thought this might have been something to do with her or something she knew about,"
417,marple,"I thought perhaps you might have known about her because you knew Mr. Rafiel, didnt you? Well, I mean, he wrote to us about you so you must have known him. And I thought perhaps—well, hed mentioned the whole thing to you."
418,marple,"He had a very young housekeeper—young enough to be not only his daughter, but his granddaughter. Not a word to anyone, and his family, a lot of nephews and nieces, full of expectations. And when he died, would you believe it, hed been secretly married to her for two years? Of course Mr. Badger was a chemist, and a very rude, common old man as well, and Sir Ambrose Bercy was a very courtly gentleman, so Mrs. Bantry says, but for all that human nature is much the same everywhere."
419,marple,"Oh, my dear lady, do I have to tell you that?"
420,marple,"is poor Mr. Pritchard and that nice girl, Miss Instow. Probably both suspecting each other and keeping apart—and life so very short."
421,marple,"Ah yes, thereve always been Princes here. Used to own quite a bit of land once. There have been Broads a good many years, too."
422,marple,"Do you think its all right to do that at your age? These things can be very tiring, you know. You have to walk miles sometimes."
423,marple,I believe I could be ruthless if there was due cause.
424,marple,And wholl stop me from putting an end to you?
425,marple,"He did come here, but I was at a meeting at the Womens Institute."
426,marple,"I only heard—and that was yesterday—that Mr. Rafiel had a delinquent, or unsatisfactory, if we like to put it mildly, son. A son with a criminal record. I know very little about him. Was he Mr. Rafiels only son?"
427,marple,"of writing a name—the name—on a piece of paper and giving it to you. Then if, on investigation, you decided that the—the person—is not involved in any way—well, I shall have been quite wrong."
428,marple,Hes done his best to bully the butler—but apparently the butler wasnt curious enough to listen at the door. So there it is—no one knows.
429,marple,"Oh yes, I ought to have explained perhaps better in the letter we sent you. Mr. Rafiel has paid all expenses."
430,marple,"Dear me, past twelve oclock. I hope Raymond has gone to bed and not waited up."
431,marple,"Ah. I remember. He went out there, I believe, for his health. It did him some good, perhaps, but he was already a very ill man, badly crippled, as you know."
432,marple,"And Dr. Lloyd was so right in what he said. Between them they seem to have made things so very clear. Only I dont think Dr. Lloyd quite realized one aspect of what he said. You see, not being Sir Ambroses medical adviser, he couldnt know just what kind of heart trouble Sir Ambrose had, could he?"
433,marple,"Your maid, Mary, had already told him that you wouldnt be in till half past six at the earliest, and he appeared to be quite willing to wait until then. And yet at twenty past six he sits down and says he cant wait any longer."
434,marple,"No. Only a feeling of assurance that her pilgrimage was put an end to by malign design. Someone wanted to stop her going wherever she was going, or stop her going to whomever she was going to. One can only hope that chance or Providence may throw light on that."
435,marple,"If one has no domestic worries, it takes such a load off ones mind, doesnt it? How is your little Edna shaping?"
436,marple,"Blue turns red with acids, and red turns blue with alkalis. So easy to paste some red litmus over a red flower—near the bed, of course. And then, when the poor lady used her smelling salts, the strong ammonia fumes would turn it blue. Really most ingenious. Of course, the geranium wasnt blue when they first broke into the room—nobody noticed it till afterwards. When nurse changed the bottles, she held the Sal Ammoniac against the wallpaper for a minute, I expect."
437,marple,"That, I am sure, was the reason she was coming to you."
438,marple,"I really feel I owe a great deal to Mary, I am so thankful I had the resolution to get rid of that other girl. Mary is really invaluable. Cooks nicely and waits beautifully and keeps our little flat scrupulously clean—mattresses turned over every day. And she is really wonderful with Emily!"
439,marple,"You are so unworldly. Im afraid that observing human nature for as long as I have done, one gets not to expect very much from it. I dare say the idle tittle-tattle is very wrong and unkind, but it is so often true, isnt it?"
440,marple,"that it would be Zobeidas theatrical costumes. Would you like a chisel, Inspector?"
441,marple,"As I live, going into the wood with a suitcase."
442,marple,"Its a nice day, it is. I see youve got your curtains drawn back already. Youve slept well then?"
443,marple,"that if its the same person, that shed be very suitable for my friend."
444,marple,"Mr. Rafiel, I suppose, was an old friend of yours?"
445,marple,"Naturally. Theres always a reason, isnt there? And young men are so hot-headed and often prone to believe the worst."
446,marple,Was she going to—er—sleep in the barrow by any chance?
447,marple,"She talks of going to live abroad again. At Taormina, I think. She was there with her husband a lot and they were very happy. Shes been at home with us now for many years, but she seems to have this longing to get away and to travel. Sometimes I think—sometimes I think she doesnt like being in the same house as Anthea."
448,marple,"Such a to-do, is it not? And Mr. Dennis thinks he knows who committed the crime. Well, I suppose we all think we know."
449,marple,"Well, I dont know that it affected her appearance at all,"
450,marple,I understand—I think you are right. I wish you good luck in the life you are now going to begin.
451,marple,"I would only say that certain people remind me of certain other people that I have known, and that therefore I can presuppose a certain likeness between the way they would act. If you think I know all about what I am supposed to be doing here, you are wrong."
452,marple,
453,marple,that those two women were private agents accompanying you for your protection?
454,marple,"If you ask me, I say blackmail. Seems funny, when you think of what Colonel Protheroe was always supposed to be. But there, you never can tell. He wouldnt be the first churchwarden whod led a double life."
455,marple,"My dear, these things are very common—very common indeed. And gentlemen are especially tempted, being so much the stronger. So easy if a thing looks like an accident. As I say, I knew at once with the Sanders. It was on a tram. It was full inside and I had had to go on top. We all three got up to get off and Mr. Sanders lost his balance and fell right against his wife, sending her headfirst down the stairs. Fortunately the conductor was a very strong young man and caught her."
456,marple,"Not really very easy, but I hope that I can manage it."
457,marple,
458,marple,that is explained now. It was written at six thirty five and another hand—the murderers—put the misleading 6:20 at the top. I think that is clearly established.
459,marple,I want to find out something more about a girl called Nora Broad.
460,marple,"fancies himself as an amateur detective. He is very excited about a footprint he found in one of the flower beds, and I fancy has gone off to tell the police about it."
461,marple,"I agree with Clotilde that those two dont seem real, if you know what I mean,"
462,marple,A girl called Nora Broad. She disappeared from here and shes never been heard anymore of. I think her body might be in a particular place.
463,marple,Do you really think she wants to marry that baldheaded dull man?
464,marple,Was she a girl who did well at school and all that?
465,marple,"It seems to me that—well, the only people that could be … Oh dear, this is so difficult to say. But I mean there are two people who just spring into ones mind as possibilities logically. I mean, I dont think that its really so at all because Im sure theyre both very nice people, but I mean theres nobody else really logically who could be suspected, should I say."
466,marple,Just the thing for you. The kind of puzzle that is right up your street.
467,marple,My theory falls to the ground. This is probably a very ordinary murder—a revengeful poacher or something of that sort.
468,marple,I do not think so at present. I expect you have various enquiries of your own that you wish to put in hand.
469,marple,"Well, I suppose if those two said so, they must have seen it."
470,marple,"Very interesting. Very providential—if I may use the term. Yes, it brought you here in the nick of time."
471,marple,What are you thinking out?
472,marple,because he would have said that I ought to have given it to the Eccleses. But I thought Id rather bring it to you instead.
473,marple,"I shall enjoy the gardens most, though, but the houses—they will be a new experience for me. Their variety and their history, and the beautiful old furniture and the pictures."
474,marple,May I ask you a question? Are fingerprints of no use to you?
475,marple,"Its like this, you see. As Uncle Mathew grew older, he got more and more suspicious. He didnt trust anybody."
476,marple,"hes gaga. I mean, he was gaga before he died."
477,marple,"You put it very clearly but you have not given me any information about yourself yet on which to judge. You were a friend, I presume, of the late Mr. Rafiel?"
478,marple,I think her end shows her to have been a very clever and resourceful woman.
479,marple,"or rather of someone I once knew. Order Inch for me, will you? To come here about half past eleven."
480,marple,Theyre only fake old. I bet anything old Uncle Mat faked them himself—
481,marple,"We have a police official there also, ready to take down anything. The Doctor thinks it advisable that he also should not be noticed by Miss Temple. One person alone, and that possibly a person she expects to see, will not alarm her or make her lose knowledge of what she wants to say to you. I hope this will not be too difficult a thing to ask you?"
482,marple,"Very like Colonel Protheroe, but I dont know about it being absurd,"
483,marple,"In a terrible way it seems quite a natural thing to happen, doesnt it, though of course there are accidents sometimes by pushing things about, you know. Just pushing, making stones rock. That sort of thing."
484,marple,"You look a bit rattled like, if you know what I mean."
485,marple,"You compare yourself to a denizen of a stagnant pond, Aunt Jane?"
486,marple,when you said that if you were a certain person you would not have trusted to fright?
487,marple,"Well, I must explain how that comes about. Im quite aware that I am a complete stranger to you. As a matter of fact I made a short visit to the hospital at Carristown, talking to the matron before going on to the church here. It was she who told me that before she died Elizabeth had asked to see a fellow member of the tour."
488,marple,Theres no reason really why one should not enjoy the local sights when one can.
489,marple,"Well, we couldnt do much less, having had Mr. Rafiels letter. He was a very thoughtful man."
490,marple,"for—well, for testing. Not a very pleasant subject. We wont dwell on it. I have done a little nursing myself."
491,marple,"I thought you would like to hear about it, though at the moment it doesnt seem to make sense. I felt very wakeful last night—wondering about all this sad business. And I got up and looked out of my window. And what do you think I saw?"
492,marple,you wondered if that someone was one of our fellow travellers.
493,marple,"And yet, even now sometimes, I hope and feel that it was some other young man who killed her. Someone who was definitely mentally deranged, though no one had any idea of it. Some stranger, perhaps, whom she had met in the neighborhood. Someone who she had met by chance, who had given her a lift in a car, and then—"
494,marple,Does the word Nemesis
495,marple,Protheroe and Mr. Redding had as they passed along the lane?
496,marple,I can swear to that. Shed no such thing with her.
497,marple,"I expect you saw the notice of Mr. Rafiels death,"
498,marple,"Everybody is very much alike, really. But fortunately, perhaps, they dont realize it."
499,marple,Or do you think there is something in that story that Mrs. Riseley-Porters niece told? About seeing someone pushing a boulder.
500,marple,"One so often looks at a thing the wrong way round,"
501,marple,"Its different for you and your sisters whove lived here and who knew the dead girl. She was, I gather, as Archdeacon Brabazon was saying—a very charming and beautiful girl."
502,marple,"Oh dear, I am sorry. I talked to her a good deal. I sat in the next seat to her on the coach. She is, I believe, a retired schoolmistress, a very well known one."
503,marple,"I would suggest—this is just a mere suggestion—that the warning should come from somebody who is known to have rather unusual views on these matters. Dr. Haydocks conversation would lead anyone to suppose that he might view such a thing as murder from an unusual angle. If he were to hint that somebody—Mrs. Sadler—or one of her children—had actually happened to see the transposing of the cachets—well, of course, if Mr. Redding is an innocent man, that statement will mean nothing to him, but if he isnt—"
504,marple,"It is, as you have pointed out, quite a substantial sum of money."
505,marple,"but the wife went along and saw it last week. Quite well done, she said it was."
506,marple,"I always find one thing very like another in this world,"
507,marple,"but you do know that I am entirely in the dark still. You and Miss Lemprière seem to know what you are talking about, but we men are still in utter darkness."
508,marple,"Oh, I dont know. She might have gone peculiar or something."
509,marple,"I think so. Shes the same person who visited me—I wont say visited me exactly, but she was outside my garden fence in St. Mary Mead, the village where I live. She expressed pleasure at my garden and talked about gardening with me. Told me she was living in the village and working in somebodys garden, whod moved into a new house there. I rather think,"
510,marple,"Of a possibility? Well, I think I know or guess what you are suggesting. You are suggesting that Miss Temple knew something, knew some fact or had some knowledge that would be inconvenient or even dangerous to somebody if it was known."
511,marple,"Mrs. Glynne and her two sisters have been very kind,"
512,marple,"As I say, Sir Henry, I felt no doubt in my own mind. Mr. Sanders was a big, good-looking, florid-faced man, very hearty in his manner and popular with all. And nobody could have been pleasanter to his wife than he was. But I knew! He meant to make away with her."
513,marple,"Do you know—its a curious thing your saying that. Now I come to think back, I believe youre right. She—yes, she did seem, if anything, to be putting on weight."
514,marple,I—do you mind if we dont talk about it any more just now?
515,marple,"Im not particularly exhausted, though it makes a perfectly natural excuse for somebody of my age."
516,marple,But it doesnt seem to me to throw any light upon our present problem.
517,marple,not an enthusiastic young man. He could have thanked you a bit more enthusiastically for what you did for him.
518,marple,"I hadnt asked anyone to post anything. The first I saw of the parcel was when Anthea passed the garden of the Golden Boar where you and I were sitting talking, carrying it."
519,marple,"So much walking and standing about. Ones feet get very tired. I suppose really I ought not to take these expeditions, but it is such a temptation to see beautiful buildings and fine rooms and furniture. All these things. And of course some splendid pictures."
520,marple,"He had a return ticket to Paddington in his pocket,"
521,marple,"Elderly, we say, but old is a better word. Definitely old. It is both possible and indeed probable that I might not live as long as a year to earn this money, in the rather doubtful case that I was able to earn it."
522,marple,"I only met her on this tour. Thats why I was surprised. We had expressed ideas to each other, occasionally sat next to each other in the coach, and had struck up quite an acquaintanceship. But I was surprised that she should have expressed a wish to see me when she was so ill."
523,marple,keep your beliefs. Heaven forbid that I should in any way shatter them.
524,marple,"You see, if I were going to kill anyone—which, of course, I wouldnt dream of doing for a minute, because it would be very wicked, and besides I dont like killing—not even wasps, though I know it has to be, and Im sure the gardener does it as humanely as possible. Let me see, what was I saying?"
525,marple,"not crystal clear, and murder, dear Raymond, isnt a game. I dont suppose poor Miss Greenshaw wanted to die, and it was a particularly brutal murder. Very well planned and quite cold-blooded. Its not a thing to make jokes about!"
526,marple,"He suggested that I should be on this tour with you. I should in due course almost certainly make your acquaintance, since members in a tour inevitably do make each others acquaintance, though it usually takes a day or two for them to split up, as it were, into possible groupings led by similar tastes or interests. And he further suggested to me that I should, shall we say, keep an eye on you."
527,marple,"and I am not doing anything. Digging, I mean, or weeding. I just—well, I just put one foot in front of the other and wonder about things."
528,marple,"I think Im wrong. No. I dont think shes concerned in this business, whatever it is, in any way. Oh dear, I feel Mr. Rafiel expected me to be much cleverer than I am being. I think he expected me to put things together—but what things? And what do I do next, I wonder?"
529,marple,I was just wondering why the word Honesty in Dr. Rosens letter was spelt with a capital H.
530,marple,"Certainly, Edna, come in and shut the door. What is it?"
531,marple,"Nora Broad? Oh, she hasnt been in the village for years. Went off with someone, she did. She was a great one for boys. I always wondered where shed end up. Did you want to see her for any particular reason?"
532,marple,"Yet I hear you were wishing him out of the world not so long ago,"
533,marple,"No, no, not that so much but—oh, she worries so much about the garden. She remembers the garden as it used to be, and shes very anxious, you know, to—well, to spend money in putting things right again. Clotilde has had to tell her that really one cant afford that nowadays. But she keeps talking of the hothouses, the peaches that used to be there. The grapes—and all that."
534,marple,"If you were to tell Mr. Redding what Mrs. Protheroe has done and then explain that you dont really believe it is her. And then if you were to go to Mrs. Protheroe and tell her that Mr. Redding is all right—why then, they might each of them tell you the truth. And the truth is helpful, though I dare say they dont know very much themselves, poor things."
535,marple,"I do think you should be more careful how you choose your friends. You are so credulous, dear, so easily gulled. I suppose it is being a writer and having so much imagination. All that story about a Spanish galleon! If you were older and had more experience of life you would have been on your guard at once. A man you had known only a few weeks, too!"
536,marple,Its the only natural way of thinking of it. Dear Mrs. Bantry began that way just now. Why should the rich employer kill the humble companion? Its so much more likely to be the other way about. I mean—thats the way things happen.
537,marple,What has dead and gone Hargraves got to do with the case?
538,marple,"Sooner than let the girl go, you killed her. Because you loved her, you killed her."
539,marple,Will there be murder or wont there? What do you think?
540,marple,Did you come on this trip to see the houses or to see gardens?
541,marple,Very curious indeed. But the note seems to me even more curious still. I mean—
542,marple,"I enjoyed it very much. Tomorrow morning I would like to go out and look again at that mass of white flowers coming into bloom at the end of the garden near that raised up mound. It was just beginning to come out the other day. It must be a mass of bloom now. I shall always remember that as part of my visit here, you know."
543,marple,you cant get hold of dead bodies right and left. What did they do with the—the first corpse afterwards?
544,marple,"Well, Im boarding with a Mrs. Hastings. I think Ive heard her speak of you."
545,marple,"Forgive me if this is idle curiosity but have you had—oh, how shall I put it?—any connection with crime or the investigation of crime?"
546,marple,
547,marple,"Oh yes. Well, if I did, I shouldnt be at all satisfied to trust to fright. I know one reads of people dying of it, but it seems a very uncertain sort of thing, and the most nervous people are far more brave than one really thinks they are. I should like something definite and certain, and make a thoroughly good plan about it."
548,marple,specially the gardens. From the description in the prospectus I am really looking forward very much to seeing some of the really finely kept gardens of the historic houses we have still to visit.
549,marple,"I do not for one minute believe that Verity or Michael definitely parted, broke off."
550,marple,what possible kind of proposition Mr. Rafiel might have wanted to put up to me. It seems most unlikely.
551,marple,What qualities have I got that could be useful to anyone for anything?
552,marple,"I must confess it does remind me, just a little, of old Mrs. Trout. She drew the old age pension, you know, for three old women who were dead, in different parishes."
553,marple,"the kind of man who—well, thinks of everything. A good brain, I should think."
554,marple,"she really radiates integrity. If she had committed a murder, it would be a very popular murder. Perhaps for some noble reason or for some reason that she thought noble?"
555,marple,"And especially since Miss Temples death which, of course, was not an accident, no matter what Mrs. Sandbourne hopes."
556,marple,I agree with you. We must do away with some of these limits. I am going to tell you certain facts that will make certain things fairly clear to you. You in turn may be able to tell me certain facts.
557,marple,The kind of man who gets the wrong idea into his head and is obstinate about it. Do you remember Joe Bucknell who used to keep the Blue Boar? Such a to-do about his daughter carrying on with young Bailey. And all the time it was that minx of a wife of his.
558,marple,"I thought they would be at hand somewhere after theyd given me the whistle. I do not think it was a difficult house to which to gain access, there were no shuttered windows or burglar alarms or anything of that kind. One of them came back on the pretext of having left a handbag and a scarf. Between them they probably managed to leave a window unfastened, and I should imagine they came back into the house almost as soon as they left it, while the inhabitants inside were going up to bed."
559,marple,"I live in the country. A very small place halfway between Loomouth and Market Basing. About twenty-five miles from London. It used to be a very pretty old-world village but of course like everything else, it is becoming what they call developed nowadays."
560,marple,The police constable you saw wasnt a real police constable. You never thought of him again—one doesnt—one just accepts one more uniform as part of the law.
561,marple,"I think Id better tell you the whole truth if you dont know, and you dont seem to. He was actually Mr. Rafiels son, Michael—"
562,marple,"it seems indicated that there is someone on our coach tour who recognized Miss Temple or knew who she was, but who perhaps after the passage of some years was not remembered or might even not have been recognized by Miss Temple. It seems to throw it back on our passengers, does it not?"
563,marple,"I have lived in Hell. I hope, at least, that I may expiate my crime by dying honourably."
564,marple,"You may want to rest this afternoon. If not, I will call for you here in an hours time. There is an interesting church you might care to see—?"
565,marple,"Im not quite sure of it. You are a strong woman, a great deal stronger than I am."
566,marple,I really believe that wizened-up old maid thinks she knows everything there is to know. And hardly been out of this village all her life. Preposterous. What can she know of life?
567,marple,"There can be no other reason for it. He was not a man to shower benefits for nothing, out of compassion for an old lady who wasnt good at walking up hills. No. He wanted me to go there."
568,marple,"A cruise abroad, perhaps? One of these excellent tours as arranged nowadays. Theatres, concerts—the ability to replenish ones cellars."
569,marple,that couldnt be so. The injuries were described very fully at the trial. You dont commit suicide by beating in your own head.
570,marple,There was nothing of that kind to find. I asked him to tell me a little about you. He did not however consent to do so. He told me you were elderly. He told me that you were a person who knew about people. He told me one other thing.
571,marple,"I should imagine, though perhaps I am wrong, that there may have been—what we might call family reasons."
572,marple,"I should say, if you say that about yourself, that you are probably speaking the truth. You are, perhaps, a medical man."
573,marple,I think married ones are the worst. Remember poor Mollie Carter.
574,marple,"it seems to me we are a pretty representative gathering. How would it be if we formed a Club? What is today? Tuesday? We will call it The Tuesday Night Club. It is to meet every week, and each member in turn has to propound a problem. Some mystery of which they have personal knowledge, and to which, of course, they know the answer. Let me see, how many are we? One, two, three, four, five. We ought really to be six."
575,marple,It might give us another motive for the husband. Jealousy.
576,marple,"Dolly, do you really think there are many like her?"
577,marple,Do you know at all—can you imagine—how I have suffered?
578,marple,"that there are so many deaths all the time. And one doesnt really notice it until one looks at the inscriptions in the churchyard. Sickness, old age, children run over, sometimes even more dreadful things. Young girls killed. Crimes, I mean."
579,marple,"That and the warning in it. What would he do, getting a letter from someone he didnt know, full of names he didnt know. Why, of course, toss it over to his secretary."
580,marple,"Oh, yes, maam. Shes always one for a change, Gladdie is. She never seems to get really settled, if you know what I mean. But shes always been the one to give the notice, you see!"
581,marple,I do hope you will be quite comfortable here. Can I help you to unpack? We have a very nice woman who comes in but she is only here in the morning. But shell help you with anything.
582,marple,"Well, I suppose—one does hear of young people doing very extraordinary things nowadays,"
583,marple,somewhere about 1800 or 1798. He died young. A pity. He had great genius.
584,marple,I think reasons of protection. He wanted to be quite sure that nothing should happen to you.
585,marple,And the next thing was the death of Elizabeth Temple?
586,marple,"Yes. She was a great personality. She was herself a woman of considerable scholarship. Mathematics were her speciality, but she was an all round—what I should call an educator. Was interested in education, what girls were fitted for, how to encourage them. Oh, many other things. It is sad and very cruel if she dies,"
587,marple,"Curse it all, I wish I could remember. If only Id known. You see, I was so completely taken up with—with—"
588,marple,For instance Mrs. Carruthers had a very strange experience yesterday morning. She bought two gills of picked shrimps at Elliots. She called at two other shops and when she got home she found she had not got the shrimps with her. She went back to the two shops she had visited but these shrimps had completely disappeared. Now that seems to me very remarkable.
589,marple,"If you remember, he was a man who never said anything much about personal feelings or his own life."
590,marple,"My dear lady, Miss Temple is not an old friend of yours or anything like that. Sad as this accident has been."
591,marple,"At twelve twenty-nine we received a telephone call from Mrs. Cresswell, housekeeper to Miss Greenshaw, stating that her mistress had been shot. Sergeant Cayley and myself went out there at once in a car and arrived at the house at twelve thirty-five. We found Miss Greenshaw dead and the two ladies locked in their rooms."
592,marple,"I want you to make enquiries there about a parcel which was sent from here two days ago, posted from this post office."
593,marple,Because it was you I wanted to see. About this sad affair.
594,marple,"Fallowfield is situated not very far from here. Sixteen miles, I think. So this is Elizabeth Temples part of the world, a part she knows well with people in it that she also might know well."
595,marple,I believe I did hear some shots. Werent there one or two shots?
596,marple,And all because it reminded you of something quite different about a sack of coals.
597,marple,"but like you I heard from a friend that they had seen a notice of her remarriage. Her name now is, I believe, Mrs. Alderson or Anderson. Her address is Winslow Lodge, near Alton, Hants. My brother sends his best wishes to you. It is sad that we live so far apart. We in the north of England and you south of London. I hope that we may meet on some occasion in the future. Yours sincerely,

Joan Prescott."
598,marple,No. I think she was puzzled and unhappy about what happened and was coming to me to ask me why the marriage did not take place.
599,marple,"Perhaps you are right. You know something, I gather, about diet."
600,marple,I dont really think there is much to worry Anthea.
601,marple,"You can, cant you? Say you can. Ive not much time. I know that. I know it quite well. One of them, but which? Find out. Henry would have said you can. It may be dangerous for you—but youll find out, wont you?"
602,marple,Im an elderly pussy and I have very little strength in my arms or my legs. Very little strength anywhere. But I am in my own way an emissary of justice.
603,marple,"Thats what you mean, isnt it? When you know that someone is very rich, somehow, well, you dont ask anymore. I mean you dont ask to know anymore. You say He is very rich or you say He is enormously rich, and your voice just goes down a little because its so impressive, isnt it, when you meet someone who is immensely rich."
604,marple,"He lured a girl away from her home. It was some time before her body was found. She had been strangled. And afterwards her face and head had been disfigured by some heavy stones or rocks, presumably to prevent her identity being made known."
605,marple,"Yes, I have heard of cases like that where these difficulties do arise."
606,marple,though not quite in the same terms. But perhaps thats quite natural.
607,marple,"I hope I shall be able to put what I say properly. So difficult, you know, to explain oneself, dont you think? No, perhaps you dont. But you see, not having been educated in the modern style—just a governess, you know, who taught one the dates of the kings of England and general knowledge—Doctor Brewer—three kinds of diseases of wheat—blight, mildew—now what was the third—was it smut?"
608,marple,"Thatll be all right. Several rooms have been vacated today, They wont be full at all. Mrs. Sandbourne, I think, has booked for all the party to stay there tonight, and tomorrow we shall see—well, we shall see how this all goes on."
609,marple,Oh! Ive been so stupid. May I guess again? Of course it must have been that. Blackmail! The companion woman was blackmailing her. I cant see that at all.
610,marple,"Im rather in the position of agreeing with everyones solutions—and yet with none of them. I myself have a far-fetched and probably totally erroneous theory that the wife may have had something to do with it. Sir Hermans wife, I mean. Ive no grounds for thinking so—only you would be surprised if you knew the extraordinary—really very extraordinary things that a wronged wife will take it into her head to do."
611,marple,"I meant the women servants. They do so hate telling anything to the police. But a nice looking young man—youll excuse me, Mr. Redding—and one who has been unjustly suspected—oh! Im sure theyd tell him at once."
612,marple,"I mean, Mrs. Bantry said they were yellow and pink. If it was a pink primrose that turned blue, of course, that fits in perfectly. But if it happened to be a yellow one—"
613,marple,"Oh no, shes clever, she is. Knows Latin and Greek, I believe. Would have liked to go to university but she had to look after her mother who was an invalid for a long time. But she was very fond of Miss—now, what was her name?—Faith perhaps. She was very fond of her and treated her like a daughter. And then along comes this young whats-his-name, Michael I think it was—and then one day the girl just goes off without saying a word to anyone. I dont know if Miss Clotilde knew as she was in the family way."
614,marple,"Thats what he wants you to think. Oh, hes very clever! Keeping the letter and using it this way was very clever indeed."
615,marple,
616,marple,"having spent nearly all my life amongst the young, look at life as a period in time complete in itself. What did T. S. Eliot say: The moment of the rose and the moment of the yew tree are of equal duration."
617,marple,and I am anxious to get busy on something. Its just possible Miss Prescott might help.
618,marple,"Because, as it happened, she was walking with me on the terrace that morning. We went out there after breakfast. It was unusually nice and warm for early spring. Sylvia went alone down into the garden, but later I saw her walking arm-in-arm with Maud Wye."
619,marple,You are being careful. You are quite right to be careful.
620,marple,"If you are not too busy, I wonder if you could answer a question of mine,"
621,marple,"Well, it was my part, or at any rate to begin with, to observe you, to watch what you were doing, to be near at hand in case there was any possibility of—well, we might call it roughly—dirty work of any kind. But things are slightly altered now. You must make up your mind if I am your enemy or your ally."
622,marple,Very kind indeed. I was most surprised when I found hed booked me. Such a treat. Which I could not have afforded for myself.
623,marple,"Im quite sure of it, as a matter of fact."
624,marple,"I have everything I want. I have my little night bag here, you see, so I need not do anymore unpacking. Thank you,"
625,marple,"Its been very kind of you, Im sure, to take so much trouble."
626,marple,"I have felt of late that I should spend more time here, perhaps. Ive been a little worried about my sisters."
627,marple,"Yes, I call that very interesting. After all, your friend—I mean your Governor—was a man of experience, a man who loved justice. He was a man whom youd be willing to listen to. Presumably then, you did listen to him."
628,marple,Nothing of that kind. They just asked me to call upon them next week in London.
629,marple,"Nobody could come in or go out through my room without my seeing them, and even if anyone did manage to come in through my wifes room without the electrician seeing them, how the devil could they get out again leaving the door locked and bolted on the inside?"
630,marple,that it would be pleasant to sit outside the hotel. There is a small terrace giving on the street. If I might persuade you?
631,marple,"I—I shouldnt have talked about distressing matters that are fortunately past. And I must be getting on my way,"
632,marple,"No, no, nothing of that kind. I was talking to someone, not anyone I knew very well. Just talking. Then when I looked, I saw it wasnt that person at all I was talking to. It was somebody else. Very odd."
633,marple,"A golden crested wren, I think he was. A sweet little fellow."
634,marple,"Undoubtedly you are. Now it again took me quite by surprise. Why, you could have knocked me down with a feather that day in Melbourne."
635,marple,"She may remember. By the way, there seems to me to be one curious fact that needs explanation. Mrs. Lestrange, the Mystery Lady of St. Mary Mead, paid a visit to old Protheroe after dinner on Wednesday night. And nobody seems to have any idea what it was all about. Old Protheroe said nothing to either his wife or Lettice."
636,marple,"Please forgive me. So apt, I know, to fly off at a tangent. But one thing does remind one of another. And sometimes that is helpful. All I was trying to say was that perhaps if we tried to sharpen our wits and think of a likely place—"
637,marple,"I am hoping perhaps, from what you are saying now, that you will be able to explain to me certain things which Mr. Rafiel did not see fit to explain to me. He asked me to embark upon a certain project but he gave me no useful information on which to work. He left me to accept it and proceed, as it were, completely in the dark. It seemed to me extremely foolish of him to treat the matter in that way."
638,marple,I dont want to give a member of your flock hysterics. So lend the weight of your soothing presence.
639,marple,"I dont mean about the new murder, of course. Thats very sad, and shows how much wickedness there is in the world, and that if once you give way—which reminds me I must finish my little conversation with Dr. Lloyd about the village nurse."
640,marple,"Mrs. MacArthur sent some special bulbs round to Mrs. Toomie the other day,"
641,marple,"Endeavouring to meet someone by accident and make it seem purely natural,"
642,marple,"I think hate would die out. You could try and keep it up artificially, but I think you would fail. Its not as strong a force as love,"
643,marple,"I want to know whether, after the tragedy, Jerry Lorimer married Maud Wye?"
644,marple,"Its impossible not to know human nature living in a village all these years. The question is, do you believe me, or dont you?"
645,marple,"Of course, it is different for me. I mean, we, being women, appreciate the point about clothes. I dont think it is a fair problem to put to a man. It must have meant a lot of rapid changing. What a wicked woman! And a still more wicked man."
646,marple,And you took that also as an indication of what you were to do?
647,marple,The whole things a sell. There never was a female missionary. It must be a code.
648,marple,"Ah, you want to know that. So did I. He was, I think, extremely honest with me even if—"
649,marple,You fool! You crazy old fool! Do you think you are ever going to get away to tell this story?
650,marple,"There was—er—something you wanted to see me about, I think,"
651,marple,How beautiful peonies are. That long border of them—so proud and yet so beautifully fragile.
652,marple,Youre assuming—arent you?—that Sir Ambrose had the kind of heart that digitalin would affect adversely? But theres nothing to prove that thats so. It might be just the other way about.
653,marple,"to ask a question. Mr. Rhodes, what did the chambermaid look like?"
654,marple,"I bet I could beat you all at this game. I am not only a woman—and say what you like, women have an intuition that is denied to men—I am an artist as well. I see things that you dont. And then, too, as an artist I have knocked about among all sorts and conditions of people."
655,marple,"Thank you, I will, I am not quite as strong as I was."
656,marple,I will come down at once and see Mr. Price.
657,marple,"My dear young lady, what could I do? There was no evidence. The majority of the eyewitnesses told the same story as Miss Barton. I had built up my own suspicions out of a fleeting expression which I might possibly have imagined. The only thing I could and did do was to see that the widest inquiries were made for the relations of Amy Durrant. The next time I was in England I even went and saw the landlady of her room, with the results I have told you."
658,marple,"You know, putting things in horses eyes, smashing Legation windows and attacking people. Throwing stones, at people, and its usually being done by somebody young, isnt it? And they were the only young people, werent they?"
659,marple,"Ive started doing something. Not that I hope much from this, but still it might help."
660,marple,"No. Its bad enough to know—to know that Verity died. Died in that horrible way. At any rate, other girls are safe from that boy. Life sentence he got. Hes still in prison. They wont let him out to do anything to anyone else. Though why they couldnt bring it in as some mental trouble—diminished responsibility—one of these things they use nowadays. He ought to have gone to Broadmoor. Im sure he wasnt responsible for anything that he did."
661,marple,"I mean what the young mans mistake was, and about the burglary."
662,marple,"That was the impression he meant to convey, no doubt."
663,marple,Did a bunk to Liverpool. The accident scared her. Thought shed wait there for her boat.
664,marple,"but I did mean a Christian name. Yes. It is rather unusual, I think. Verity."
665,marple,"Jason Rafiel? I know him by name, of course. I never knew him personally, or met him. He gave a large endowment once to an educational project in which I was interested. I was very grateful. As you say, he was a very wealthy man. I saw the notice of his death in the papers a few weeks ago. So he was an old friend of yours?"
666,marple,"And Mrs. Toomies cook mistook them for onions, and all the Toomies were very ill indeed."
667,marple,Colonel Protheroe merely wrote that he couldnt wait any longer—
668,marple,"Clear my little hand desk, will you, and give me my pen and the notepaper. Im going to write a letter."
669,marple,"but weve got to find the money, havent we? You mustnt give up, Mr. Rossiter. If at first you dont succeed, try, try, try again."
670,marple,Not after the horrible revelations we have heard from you! The cosmopolitan world seems a mild and peaceful place compared with St. Mary Mead.
671,marple,"What you mean is that you are asking what I thought about them themselves, their feelings about it."
672,marple,Youll be saying this has nothing to do with what went on at Keston Spa Hydro—but it has in a way. It explains why I felt no doubt in my mind the first moment I saw the Sanders together that he meant to do away with her.
673,marple,"And such nice ladies as they all are, too—Miss Anthea is the scatty one, but Miss Clotilde went to university and is very brainy—she talks three languages—and Mrs. Glynne, shes a very nice lady indeed. I thought when she came to join them as things might go better. But you never know, do you, what the future holds? I feel sometimes, as though there was a doom on this house."
674,marple,you frighten me. I hope you will never wish to remove me. Your plans would be too good.
675,marple,"And someone called Miss Bartlett, I think it is, who lives with her—"
676,marple,"He told me, you know, when I first worked for him, that he was going to give me a very good salary but that I would have to save out of it because I neednt expect to have anything more from him. Well, I certainly didnt expect to have anything more from him. He was very much a man of his word, wasnt he? But apparently he changed his mind."
677,marple,"but I dont think they were. They didnt seem to be anyway. I dont know yet. I suppose they may have been—they may be, I mean. They seem ordinary enough. They didnt belong to this house. It had belonged to an uncle of theirs and theyd come here to live some years ago. They are in rather poor circumstances, they are amiable, not particularly interesting. All slightly different in type. They do not appear to have been well acquainted with Mr. Rafiel. Any conversation I have had with them appears to yield nothing."
678,marple,"You wouldnt like my opinion, dear. Young people never do, I notice. It is better to say nothing."
679,marple,"No. No, I dont think Ive met him once since the time out in the islands. He didnt stay with Mr. Rafiel after they got back to England. I think he went to Lord somebody who lives in Jersey or Guernsey."
680,marple,"The churchyard, you know, and the church. Im always very interested in churches. Sometimes there are very curious epitaphs. Things like that. I make quite a collection of them. I suppose the church here was restored in Victorian times?"
681,marple,"Fancy your remembering that. Yes. Yes, its one of the things one does remember. Such a charming smell, heliotrope. And such a nice name for it, Cherry Pie. One always remembers that. And the grapevine. The little, small, early sweet grapes. Ah well, one must not remember the past too much."
682,marple,"Yes. Shes good at all games. And shes nice-looking, attractive-looking, very fair with a healthy skin, and nice steady blue eyes. Of course we always have felt that she and George Pritchard—I mean if things had been different—they are so well suited to one another."
683,marple,"Yes, it is a very large sum by my way of thinking. Quite extraordinary,"
684,marple,"Indeed I cant. There is Lettice Protheroe, I suppose, since she probably comes into money on her fathers death. But it is absurd to think of her in such a connection, and outside her I can think of nobody."
685,marple,"Ive been so sorry to hear of a lot of things like that in the past. I was hearing a great deal about a girl called Nora. Nora Broad, I think."
686,marple,"Im quite sure she wasnt his sister. They were horrid—both of them. They came to the vicarage to get his things and to find out if hed said anything before he died. When I said he hadnt I saw it in their faces—relief. I think myself,"
687,marple,if you were to commit a murder whether you would ever be found out.
688,marple,"Joannas had enough of that aunt of hers, bossing her around all the time."
689,marple,"He used to entertain there, I think, sometimes. Business friends, mostly you know, or people from abroad. I dont think any of us ever visited him there. He nearly always entertained us in London on the rare occasions when we happened to meet."
690,marple,"No, there was really only one thing that everyone did know about him."
691,marple,It all perplexes me very much indeed. But curious things do happen. At Lady Sharpleys garden party last year the man who was arranging the clock golf tripped over one of the numbers—quite unconscious he was—and didnt come round for about five minutes.
692,marple,"Did you imagine the agony, the agony of thinking, of knowing you are going to lose the thing you love best in the world. And I was losing it to a miserable, depraved delinquent. A man unworthy of my beautiful, splendid girl. I had to stop it. I had to—I had to."
693,marple,Sometimes one remembers a voice even if one hasnt heard it for over a year.
694,marple,"It wouldnt—to you. But some of the families were very poor, and the old age pension was a great boon to the children. I know its difficult for anyone outside to understand. But what I really meant was that the whole thing hinged upon one old woman being so like any other old woman."
695,marple,And the wasp season and everything. And of course the gas.
696,marple,"He was shot. It was Eccless revolver, but I rather fancy it was Moss who did the shooting. Now, Mrs. Harmon, what we want to know is, where is the suitcase that Walter St. John actually deposited at Paddington Station?"
697,marple,"Oh I know. I understand just what you feel. I suppose youve got one of those—I have a lot of names for them, mostly very rude—elderly chaps who say they know all about gardening. Sometimes they do, sometimes they dont know a thing about it. They come and have a lot of cups of tea and do a little very mild weeding. Theyre quite nice, some of them, but all the same it does make ones temper rise."
698,marple,"It made a bit of drama for him, I think."
699,marple,You may not know it but what you are telling me is particularly interesting to me. It ties up with so much I have known and seen in the work I do. Go on giving me what you felt.
700,marple,"The companion was banting, you remember. You never eat anything like trifle if you are banting; and I expect Jones just scraped the hundreds and thousands off his share and left them at the side of his plate. It was a clever idea, but a very wicked one."
701,marple,"Oh, no, nothing like that, but I do believe I know what sort of man your Uncle Mathew was. Rather like my own Uncle Henry, I think. Fond of rather obvious jokes. A bachelor, evidently—I wonder why—perhaps an early disappointment? Methodical up to a point, but not very fond of being tied up—so few bachelors are!"
702,marple,"I met him first when I was on a cruise to the West Indies. He was out there for his health, I imagine."
703,marple,they are only probabilities that I am exploring. One does not like to make definite assertions unless one has a little more definite knowledge.
704,marple,"May I ask, madam, how you got to know of it?"
705,marple,"No. No, not really. Im only thinking—well, shall we say letting possibilities pass through my mind. I cannot believe that Elizabeth Temple had a personal enemy. An enemy ruthless enough to wish to take an opportunity of killing her. What I do think—"
706,marple,But you went to the post office and represented that the parcel was yours.
707,marple,"I knew a girl once … A girl who had been a pupil of mine at Fallowfield, my school. She was no actual relation to Mr. Rafiel, but she was at one time engaged to marry Mr. Rafiels son."
708,marple,Youve got to go to London and set certain things moving.
709,marple,She wont regain consciousness again for some time. Perhaps not at all. I hope you learnt something?
710,marple,"It will be presumably a case of the police making further enquiries, arising out of the evidence given by those two young people."
711,marple,"Yes. Friends argued with him, pointed out that hed get no interest that way, but he held that that didnt really matter. The bulk of your money, he said, should be kept in a box under the bed or buried in the garden. Those were his words."
712,marple,"but you do still know and believe one thing, dont you?"
713,marple,"Victorian glass of a most hideous kind, I think myself. No expense spared. Im afraid my uncle was partly to blame. He was very pleased with those rather crude reds and blues."
714,marple,You mean that you are simply judging from the facts in a parallel case.
715,marple,"though I must say that when I went with an old friend of mine, General Easterly, to see Barries Little Mary—"
716,marple,"Well, she accepted a lift from someone—a stranger. Thats the last time she was seen. I forget the make of the car now. Some funny name it had. An Audit or something like that. Anyway, shed been seen once or twice in that car. And off she went in it. And it was said it was that same car that the poor girl what got herself murdered used to go riding in. But I dont think as that happened to Nora. If Norad been murdered, the body would have come to light by now. Dont you think so?"
717,marple,"I cant believe it even now. No, not though he has actually confessed."
718,marple,"Half the time I was ashamed of myself for thinking so. Who was I to go suspecting this nice, pleasant-mannered English lady of a foul and cold-blooded crime? I did my best to be as cordial as possible to her during the short time she stayed on the island. I helped her with the Spanish authorities. I did everything I could do as an Englishman to help a compatriot in a foreign country; and yet I am convinced that she knew I suspected and disliked her."
719,marple,"But the man was too clever for me. He didnt wait. He thought I might suspect, and so he struck before I could be sure. He knew I would suspect an accident. So he made it murder."
720,marple,"It did happen. The body was not found, I know, for some time afterwards. Verity just disappeared. She went away from home and was not seen again…."
721,marple,Im so sorry to have impinged on some tragedy. I didnt know. I—I havent heard … I thought—well I mean …
722,marple,"My outlook, I am afraid, is a very petty one,"
723,marple,Thats just what I wondered myself. Though the explanation was quite simple. In it were a pair of embroidered slippers and some pocket handkerchiefs that the poor girl was embroidering for her husband for Christmas. Thats why she locked the cupboard. The key was found in her handbag.
724,marple,"We dont want you falling down with a heart attack, even if you are looking at a particularly sumptuous fountain or something. Youre a bit old, you know, to do this sort of thing. Excuse me saying it, it sounds rude, but I dont like to think of you passing out because youve done too much or anything like that."
725,marple,She was only a person—not a very nice person—in the village.
726,marple,I think the description of that might give us a valuable clue.
727,marple,"Its just Mrs. Trout over again. Mrs. Trout was very good at red herrings, but she met her match in me. And I can see through your remorse-driven Miss Barton. Drown herself? Went off to Australia, if Im any good at guessing."
728,marple,"are Mr. Broadribbs secretary. If shes out, find out what time she will be in."
729,marple,"He took us all in that way—myself as much as anyone else. You will remember, dear Mr. Clement, that I was quite taken aback when I heard Mr. Redding had confessed to the crime. It upset all my ideas and made me think him innocent—when up to then I had felt convinced that he was guilty."
730,marple,"Dont look at me as though I were an interesting specimen you didnt understand, Len. Dont lets get heated and wander from the point. I dont believe that it was Lawrence or Anne, and Lettice is out of the question. There must be some clue or other that would help us."
731,marple,"Oh, yes, quite a number of people. Dr. Stone and Miss Cram went that way—its the nearest way to the barrow for them. That was a little after two oclock. And Dr. Stone returned that way—as you know, Mr. Redding, since he joined you and Mrs. Protheroe."
732,marple,"Oh yes, I know. Saw in yesterdays paper, I did, some woman left her baby outside a supermarket and then someone else comes along and wheels it away. And all for no reason as far as one can see. The police found her all right. They all seem to say the same things, whether they steal from a supermarket or take away a baby. Dont know what came over them, they say."
733,marple,I suppose you dont know. Ive forgotten to tell you. Miss Bradbury-Scott very kindly asked me to come back and stay another night—or two nights—here.
734,marple,"But you know, it isnt really guilt that is important—its innocence. Thats the thing that nobody will realize."
735,marple,"The facts are so very alike, arent they? I suppose the poor girl has confessed now and that is how you know, Sir Henry."
736,marple,"One is rather worried nowadays, especially as there is not really anyone competent whom one can employ to look after people as they become rather feebler or have certain ailments. So much rheumatism and arthritis about. One is always so afraid of people falling down in the bath or an accident coming down stairs. Something of that kind."
737,marple,I hope you dont mind me calling you Aunt Jane?
738,marple,"human nature is much the same everywhere, and, of course, one has opportunities of observing it at close quarters in a village."
739,marple,"Not so far away from here, really. No. Not so far away. I could—I dont know what would be the best method—possibly one of Inchs taxis. Slightly extravagant, but if anything results from it, it could be charged as expenses quite legitimately. Now do I write to her beforehand or do I leave it to chance? I think it would be better really, to leave it to chance. Poor Esther. She could hardly remember me with any affection or kindliness."
740,marple,And what data are you going to give me to work upon?
741,marple,It certainly looks like it.
742,marple,"Im really very, very sorry. Please tell your sister that I didnt know. I had no idea."
743,marple,that Miss Cram may just like having an interesting job? And that she considers Dr. Stone just as an employer?
744,marple,"I expect every one of us suspects someone different. In fact, one can see they do."
745,marple,Does that convey anything to you? It made me think of an Arsene Lupin story where there was something hidden in a mans glass eye. But Uncle Mathew didnt have a glass eye.
746,marple,She died quite a number of years ago. Did you know that?
747,marple,"That is really not a very good simile, dear Raymond,"
748,marple,was this. That she was going to marry Michael Rafiel. Miss Temple knew that. It was one of the things she said to me. She said: I knew a girl called Verity who was going to marry Michael Rafiel and the only person who could have told her that was Verity herself. Verity must have written to her or sent some word to her. And then when I said Why didnt she marry him? she said: She died.
749,marple,"Thats the maddening part of it. He didnt. Hed been unconscious for somedays, but he rallied before he died. He looked at us both and chuckled—a faint, weak little chuckle. He said, Youll be all right, my pretty pair of doves. And then he tapped his eye—his right eye—and winked at us. And then—he died. Poor old Uncle Mathew."
750,marple,"Oh, so youve noticed it too. Yes, theyre really getting to a stage of spooning about together. I dont much care for him anyway. One of these long-haired students, you know. Always going on demos or something like that. Why cant they say demonstration properly? I hate abbreviations. And how am I going to get along? Nobody to look after me, collect my luggage, take it in, take it out. Really. Im paying for this complete trip and everything."
751,marple,"Do you think I could ever do a thing like that? Do you think I could strangle the girl I loved? Do you think I could bash her face in, crush her head to a pulp? Nothing but a vicious, depraved man would do a thing like that."
752,marple,"I have known such things happen in my own youth. The excuses may have been different, and I think we had less chance of getting away with things than you do now."
753,marple,No. This is not for me exactly a sightseeing tour.
754,marple,I didnt mean that at all. I mean that the murder didnt occur when you thought it occurred.
755,marple,"to know how to take things. Whether one should be firm. Rather authoritative. Perhaps, even, well, just a little—a little fierce, you know, or whether one should be sympathetic. Listen to things and perhaps hold out hopes which one knows are not justified. Yes, its difficult."
756,poirot,"It may come to that. But let us not be in a hurry. Let us proceed
slowly, with due order and method. Charles Kent is not yet formally
charged with murder. Circumstances may arise which will render your
story unnecessary."
757,poirot,"But I understand nothing—but nothing of all this! The enemy that this Ratchett spoke of, he was then on the train after all? But where is he now? How can he have vanished into thin air? My head, it whirls. Say something, then, my friend, I implore you. Show me how the impossible can be possible!"
758,poirot,"She is truly grande dame. These two are also of the same position, but the Count impressed me as a man of somewhat truculent disposition. He was not pleased when you insisted on questioning his wife. And this will annoy him still further. Suppose—eh—we omit them. After all, they can have nothing to do with the matter. Why should I stir up needless trouble for myself."
759,poirot,"I was only joking! Whod want to murder me, I should like to know?"
760,poirot,And love? Eh? And love? But you do not know—she may have been married for her money!
761,poirot,"Only yesterday he looked such a happy boy, with everything in the world he wanted. And now his beautiful wife killed and he himself laid up and helpless. I do hope, though—"
762,poirot,"I dont think Miss Johnson liked Mrs. Leidner either very much. But she was quite open and aboveboard about it. She as good as admitted she was prejudiced. You see, shes very devoted to Dr. Leidner and had worked with him for years. And of course, marriage does change things—theres no denying it."
763,poirot,I would like a word with him before our good inspector takes him in hand.
764,poirot,"To Let sign appeared in the windows. On the other side was a house with somewhat grimy muslin curtains. The door was opened after some delay by a very dirty child with a nose that needed attention. Good evening,"
765,poirot,"we know more than you think. If Miss Debenham is innocent, why did she conceal that fact? Why did she tell me that she had never been in America?"
766,poirot,"If by any chance theres a dope gang mixed up in this, it opens up several possibilities. First of all, the dead woman may have been in with the gang herself. Think thats likely?"
767,poirot,"You mean—the money? Hang it all, you dont suggest that it was Miss
Ackroyd who took that forty pounds?"
768,poirot,"I am sure that would be your view. Well, Colonel Arbuthnot, I do not think there is anything more I have to ask you. There is nothing you yourself can recall last night that in any way struck you—or shall we say strikes you now looking back—as suspicious?"
769,poirot,"No, Im afraid I cant. I was engrossed in my work, you see."
770,poirot,Princess Dragomiroff has great personality and immense will power. But let us pass from that for the moment.
771,poirot,"I dont think we need detain the doctor any longer, eh? Thank you, Doctor."
772,poirot,"There is one other point that I must mention. As she left, Mrs. Marshall asked me not to say I had seen her."
773,poirot,"On the day of the crime, Mademoiselle, somebody had been in that cave who used Gabrielle No 8."
774,poirot,"I remember now, the train started from Stamboul just as we were talking about it."
775,poirot,What do you feel ought to be done about it?
776,poirot,"the first theory you put forward was the correct one—decidedly so. I suggest that that is the solution we offer to the Yugo-Slavian police when they arrive. You agree, Doctor?"
777,poirot,"You see, me, I have been
familiar with the idea for some time."
778,poirot,Did Linda Marshall actually enter the sea before you left the beach?
779,poirot,"Will you be seated? Dr. Sheppard is so kind as to permit me the use of his surgery for a little
conversation I am anxious to have with you."
780,poirot,"I agree. One can pretty well rule that out. Well, man, its up to you. This is your show."
781,poirot,"Take a seat, will you not? What
I have to say may take some time."
782,poirot,"Your dream has a very natural explanation. It is that you find that already the image of one sister fades in your memory and that its place is taken by the other sister. Mademoiselle Megan replaces her sister in your heart, but since you cannot bear to think of yourself being unfaithful so soon to the dead, you strive to stifle the thought, to kill it! That is the explanation of the dream."
783,poirot,"I fall into the bad habit of leaving my sentences unfinished this
morning,"
784,poirot,"Ive decided to call in Scotland Yard and hand the case over to them. In my opinion, although there have been grounds for suspicion against one or two people, the whole case hinges on dope smuggling. It seems clear to me that that place, Pixys Cave, was a definite rendezvous for the stuff."
785,poirot,"Here comes Mrs. Redfern now, coming up from her bathe."
786,poirot,"I do not know. But I will tell you
this: I believe that when we find the explanation of that telephone
call we shall find the explanation of the murder."
787,poirot,"It brings back to me something. Some years ago. I cannot remember…It was a case in America, was it not?"
788,poirot,"No, Mr. Clarke. You were safe enough so long as no one suspected you. Once you were suspected proofs were easy to obtain."
789,poirot,Thats what it looks like to me. Of course I dont know anything….
790,poirot,—so difficult to know which pieces are part of the fur rug and which are the cats tail.
791,poirot,"Of course. He could move in two directions on one plane, but he could go at right angles to that plane too. That is, he couldnt go up very well, but he could go down."
792,poirot,"All the same it seems hardly credible…Well, we shall see. Let us have the maid here."
793,poirot,"The fault is mine. Father Lavigny, he explains to me some tablets, and I take one to the window to see better—and, ma foi, not looking where I was going, I steb the toe, and the pain is sharp for the moment and I cry out."
794,poirot,"You know, Im not much of a fellow for temples and sightseeing and all that, but a place like this sort of gets you, if you know what I mean. Those old Pharaohs must have been wonderful fellows."
795,poirot,"Yes. Hes an obstinate devil. And its difficult to see just where the flaw is. Supposing Strange is making a mistake and the man wasnt Cust—why on earth should he say his name is Cust? And the writing in the hotel register is his all right. You cant say hes an accomplice—homicidal lunatics dont have accomplices! Did the girl die later? The doctor was quite firm in his evidence, and anyway it would take some time for Cust to get out of the hotel at Eastbourne without being seen and get over to Bexhill—about fourteen miles away—"
796,poirot,"Your family is, I know, a proud and ancient one. It would be bitter indeed for you to have your wife dragged into an unpleasant police case. With that I can sympathize. But how, then, do you explain the presence of your wifes handkerchief actually in the dead mans compartment?"
797,poirot,"Oh, Neasden doesnt commit himself. Hes a cautious chap. A quarter to eleven is his earliest outside limit."
798,poirot,"Me, I work with my brains and am not ashamed of it,"
799,poirot,"Well, dont tell me you havent got an eye for a pretty girl! What do you think of her, eh?"
800,poirot,Well. M. The beach seems very deserted this morning. Where is everybody?
801,poirot,"Im not in the least anxious for your opinion, thank you,"
802,poirot,"It is
as I say. You got a good sum then as blackmail, and Major Ellerby went
on paying you until he died. Now I want to hear about your latest
experiment."
803,poirot,"If it is not in Madame Doyles cabin, there is, logically, only one other place where it could be."
804,poirot,"What exactly do you mean by that phrase, M. MacQueen?"
805,poirot,"It
will be a great privilege to watch you at work——Hallo, whats this?"
806,poirot,"Lies—and again lies—it amazes me, the amount of lies we had told to us this morning."
807,poirot,"Oh, yes—I agree with that which you have just this minute said. Arlena Marshall herself is the best, the only clue, to her own death."
808,poirot,"He has stood by me
through thick and thin. He did what he thought was the best. I see now,
from what M. I
should have come forward and faced the music. You see, in the home, we
never saw a newspaper. I knew nothing of what was going on."
809,poirot,"From Inspector Glen? What can I do for you, Mr."
810,poirot,"There is no mistake. Here is our missing weapon all right—eh, docteur?"
811,poirot,I dont really know about Mr. Emmott. Hes always so quiet and never says much. She was very nice to him always. You know—friendly—called him David and used to tease him about Miss Reilly and things like that.
812,poirot,Sure. Get right on with it and let me clear my character if I can.
813,poirot,"From your point of view it would be regrettable, I agree. But nevertheless let us just for one moment suppose it. Then, perhaps, all these here are linked together—by death."
814,poirot,"Whys that? Because of my name? Whats that to do with it? Is a man
whose name is Kent bound to be born in that particular county?"
815,poirot,"You have not got rid of me so easily, you see!"
816,poirot,"I understood, sir, that you wished to ask me a few questions about my
late master—private like."
817,poirot,"Then let us continue our conversation. I have formed the idea that this Donald Fraser has, perhaps, a violent and jealous temper, is that right?"
818,poirot,"Its difficult, sir. Theres not the least clue towards whom the victim may be. Speaking fair and square, what steps can we take?"
819,poirot,"Something has occurred to worry you. That is right, is it not?"
820,poirot,He laughed and said a few words. I—I did not quite catch them.
821,poirot,"No, no, I had nothing to do with this business last night. I never left my carriage. The long-faced Englishman, he can tell you so. It was not I who killed this pig—this Ratchett. You cannot prove anything against me."
822,poirot,"It strikes me, M."
823,poirot,Cromes in a fog. Exert those cellular arrangements of yours I used to hear so much about. Show us the way he did it.
824,poirot,Did she know he was going to be down here?
825,poirot,"I will help you. I heard what you said to Hastings. That your sister was a bright, happy girl with no men friends. It was—un peu—the opposite that was true, was it not?"
826,poirot,"I see. With the right hand it is exceedingly difficult—almost impossible. One would have to strike backhanded, as it were. But if the blow were struck with the left hand—"
827,poirot,"This morning fresh
developments have arisen. It seems now that Mr. Ackroyd was murdered,
not at a quarter to ten, but _before_. Between ten minutes to nine,
when Dr. Sheppard left, and a quarter to ten."
828,poirot,It can do no harm to try. I think myself that A B C will be too cunning to reply.
829,poirot,"You were very obviously upset and surprised by her nonappearance. Almost too obviously, perhaps. It is my theory, Mr. Redfern, that she went to Pixy Cove to meet you, and that she did meet you, and that you killed her there as you had planned to do."
830,poirot,I suppose the stewardess is in attendance to see I dont hang myself or swallow a miraculous capsule of prussic acid as people always do in books. You neednt be afraid! I shant do that. It will be easier for Simon if Im standing by.
831,poirot,Now what do I see? I see half the courtyard—and the archway—and the doors of the drawing office and the photographic room and the laboratory. Was there anyone in the courtyard?
832,poirot,"Well, Ive taken the prints of every member of the household, every
one, mind you, from the old lady down to the kitchenmaid."
833,poirot,But there is still some information that I think you might be able to give us.
834,poirot,"Let us get back to the culpable conduct of Dr. Sheppard,"
835,poirot,"I think there were. Is—is that
the object of your experiment?"
836,poirot,Unless our murderer figured to himself that he had not accomplished his job properly and came back to make quite sure; but that is manifestly absurd! Anything else?
837,poirot,"You do not understand, Monsieur. I have been very fortunate in my profession. I have made enough money to satisfy both my needs and my caprices. I take now only such cases as—interest me."
838,poirot,"I am sure Im sorry I spoke so sharp just now, but youd hardly believe the worry one has to put up with—fellows coming along selling this, that and the other—vacuum cleaners, stockings, lavender bags and such-like foolery—and all so plausible and civil spoken. Got your name, too, pat they have. Its Mrs. Fowler this, that and the other."
839,poirot,Assuredly they are Americans. I meant what did you think of their personalities?
840,poirot,No more did M. Verrier when he went there that same afternoon.
841,poirot,I havent any trouble. There is nothing you can do for me. I dont know what you are talking about.
842,poirot,"They said I must come to the inquest—thats on Monday, sir. But Ive nowhere to go there—I couldnt fancy being over the shop—now—and what with the housemaid being away, I didnt want to put the mistress out more than may be."
843,poirot,"Listen, my friend. Last night I had been talking with Mrs. Redfern on Sunny Ledge. I came down from there to the hotel and on my way I saw those two together—Mrs. Marshall and Patrick Redfern. And a moment or two after I met Captain Marshall. His face was very stiff. It says nothing—but nothing at all! It is almost too blank, if you understand me. Oh! he knew all right."
844,poirot,"Some day, I feel, weve got to make a stand and fight it out. Her attitude isnt reasonable."
845,poirot,"For the moment we still concern ourselves with Mademoiselle de Bellefort. We must speak to Mademoiselle Bowers. But first, before you go"
846,poirot,"I think that when the moment comes—that is, when the fourth letter arrives—we ought to join forces. Until then, perhaps we might each try our luck on our own. I dont know whether there are any points M."
847,poirot,he wont get there. Not nearly. Youll have him by the heels long before that. Interesting to know how hed have dealt with the letter X.
848,poirot,It is not my desire to speak technically—that is only confusing—but I can assure you that one or two of the blows were delivered with such force as to drive them through hard belts of bone and muscle.
849,poirot,"a _bagatelle_,
mademoiselle. A _rien du tout_. Not for a moment do I believe that
Ralph Paton has been arrested."
850,poirot,"The cook has been here seven years, the parlormaid eighteen months,
and Parker just over a year. The others are new. Except for something
fishy about Parker, they all seem quite all right."
851,poirot,No. Hes got his rules—crazy rules—and abides by them. Fair warning. He makes a point of that. Thats where his boastfulness comes in. I wonder now—Id almost bet the chap drinks White Horse whisky.
852,poirot,"Colonel Race and I must interview all the passengers. Until we have got their stories it would be unwise to form theories. Then there is the maid. We ought to interview her first of all. It would, perhaps, be as well if we did that here. Monsieur Doyles presence might be helpful."
853,poirot,"I wonder. There are, you know, several possibilities about Mrs. Marshalls death. There is the theory that she was being blackmailed, that she went that morning to meet the blackmailer and that the blackmailer killed her. There is the theory that Pixy Cove and Cave were being used for drug running, and that she was killed because she accidentally learned something about that. There is a third possibility—that she was killed by a religious maniac. And there is a fourth possibility—you stood to gain a lot of money by your wifes death, Captain Marshall?"
854,poirot,"I am
quite sure that Parker did not do the murder,"
855,poirot,"You heard nothing else—the opening or shutting of a door, for instance?"
856,poirot,"Well, that was pretty natural under the circumstances, dont you think?"
857,poirot,Not in the least. I puzzled and puzzled over it but I couldnt even get a glimmering.
858,poirot,"I expect you are all glad to get back to work again,"
859,poirot,Sailing? Its the best fun in the world. Wish I could do more of it. Used to spend most of my time as a boy in a sailing dinghy round this coast.
860,poirot,"Im trying to judge the thing
fair and square. Im a local man, and Ive seen Captain Paton many
times in Cranchester. Im not wanting him to be the guilty one—but its
bad whichever way you look at it. If hes innocent, why doesnt he come
forward? Weve got evidence against him, but its just possible that
that evidence could be explained away. Then why doesnt he give an
explanation?"
861,poirot,Alas! I have shocked you. First my inertia—and then my views.
862,poirot,"Would you like to go with the inspector, M."
863,poirot,"That is what I seek to arrive at. Would any
man use such a phrase in _talking_ to another? Impossible that that
should be part of a real conversation. Now, if he had been dictating a
letter——"
864,poirot,that in view of what has occurred I am obliged to put certain questions to all the passengers.
865,poirot,"Theres jealousy and theres the money motive. Of course, in a way, a husbands the obvious suspect. One naturally thinks of him first. If he knew his missus was carrying on with the other chap—"
866,poirot,"Ah, but ladies first—this time it would not be the politeness. We will start elsewhere."
867,poirot,"No, my friend, it is empty. It lay
where you dropped it in the summer-house that night."
868,poirot,"Do you remember when I said I must follow my star? You said it might be a false star. And I said: That very bad star, that star fell down."
869,poirot,"Good-looking fillies, some of em. Bit on the thin side, perhaps."
870,poirot,"No, of course not. I understand that. But you see, it is of importance to me, because I feel I might have done something."
871,poirot,"Oh, poor child, poor child. And I thought—I imagined—something quite different—that she knew something which would—"
872,poirot,"The girl in the restaurant mentioned a friend—a friend who, she was very positive, would not let her down. That friend, I think, was you, Madame."
873,poirot,Certainly I did. As soon as I heard of the shocking occurrence I perceived that my statement might be helpful and came forward accordingly.
874,poirot,Theres the café and theres the girls home. Id better go to both of them. Kelsey can come with me.
875,poirot,"And unluckily I didnt hear anything at all. I cant think why not. After all, Linnets cabin is only one away from mine. I should think Id have been bound to hear the shot. Go along, Tim; theyre waiting for you."
876,poirot,An old woman of the name of Ascher who keeps a little tobacco and newspaper shop has been found murdered.
877,poirot,"Description was circulated, as you know. In the press and privately. Not much to go on, I admit. This fellow has an American accent all
right, and he doesnt deny that he was near Kings Abbot that night. Just asks what the hell it is to do with us, and that hell see us in
—— before he answers any questions."
878,poirot,Yes. A B Cs slipped up for once—if thats any satisfaction to us. Deceaseds a man called Earlsfield—George Earlsfield. Barber by profession.
879,poirot,"Didnt you? Oh, he told me all about it. Poor lad. Its a great grief
to all the family. Theyve kept him at home so far, but its getting
to such a pitch that theyre afraid hell have to go into some kind of
institution."
880,poirot,"Quite frankly, I should have jumped to the conclusion that it was suicide,"
881,poirot,There has been a murder—the police want to know who has been in the shop—I myself think it would have—what shall I say?—looked more natural if you had come forward.
882,poirot,"You are a man of the world—a man, I think, of considerable acumen. What, frankly, was your opinion of the late Mrs. Marshall?"
883,poirot,"Ive just got to confess one thing, M. It gave me a kind of a turn meeting you here—not that I wasnt just thrilled to meet you, because I was. Mr. Gardener knows that. But it just came to me that you might be here—well, professionally. You know what I mean? Well, Im just terribly sensitive, as Mr. Gardener will tell you, and I just couldnt bear it if I was to be mixed up in crime of any kind. You see—"
884,poirot,"Very glad to have you, sir. Youve got permission to do anything you
please. Inspector Japp of Scotland Yard was asking after you the other
day. Said hed heard you were connected unofficially with this case. Wheres Captain Paton hiding, sir, can you tell me that?"
885,poirot,"Its possible, all right. And if its true, it ought to be easy to prove. Did he come on foot or in a boat? The latter seems more likely. If so, he must have hired a boat somewhere. Youd better make inquiries."
886,poirot,"Havent got the fancy manner for a place like that. No, I never had any connection with the Armstrong house—but Im beginning to believe Im about the only one on this train who hadnt! Can you beat it—thats what I say? Can you beat it?"
887,poirot,"Put it on to a poor devil like Fleetwood, who cant defend himself, whos got no money to hire lawyers. But I tell you this—if you try and saddle Fleetwood with this business youll have me to deal with."
888,poirot,"I shall be glad to get Mrs. Gardener away. Shes a very, very sensitive woman, and this affair has got on her nerves. Shes very highly strung."
889,poirot,I feel as though I shall never escape from her.
890,poirot,What was her manner—when the string broke and the candles fell out of the parcel?
891,poirot,"I am not mad. It was the little
discrepancy in time that first drew my attention to you—right at the
beginning."
892,poirot,"Of course. De mortuis nil nisi bonum and all that, but you cant get away from facts. That woman was a bad lot through and through. Youve only got to hunt round a bit in her unsavoury past."
893,poirot,"Certainly, my dear doctor. Unless M."
894,poirot,"Yes, I do. But if she did, the reason arose out of her instinct to dramatize herself. Mrs. Leidner was a bit of a film star in private life! She had to be the centre of things—in the limelight. By the law of opposites she married Leidner, whos about the most retiring and modest man I know. He adored her—but adoration by the fireside wasnt enough for her. She had to be the persecuted heroine as well."
895,poirot,"Thats rather difficult to say, too. It wasnt easy to know what Mrs. Leidner thought of people. Sometimes, I fancy, he puzzled her. I remember her saying to Dr. Leidner that he was unlike any priest she had ever known."
896,poirot,"You dont understand. Hes just sorry for me—awfully sorry for me, because he knows how terrible it is for me to know Ive hurt him so badly."
897,poirot,"Thank you, Mr. Partridge, for answering these questions. Have you, by any chance, an A B C in the house? I want to look up my return train to London."
898,poirot,"I exaggerate, perhaps. The American, Hardman, and the German maid—yes, they have added something to our knowledge. That is to say, they have made the whole business more unintelligible than it was."
899,poirot,"You have been very
kind—very kind indeed. You—you do believe me, dont you? That Charles
had nothing to do with this wicked murder!"
900,poirot,"In truth I sympathize with you, but what will you? It is a question of murder, is it not? One has to be very, very careful."
901,poirot,"Not exactly hanging about. Of course, there are a lot of people what you might call wandering about at this time of year. One often meets people strolling with an aimless look across the golf links or down the lanes to the sea. In the same way, practically everyone one sees this time of year is a stranger."
902,poirot,"But that is because he is a director of the line, not because he has a masterful character."
903,poirot,Not at all. Ive got to hand it to you.
904,poirot,"Yes, but the question Was it later? can also be answered in the affirmative. I agree with your theory, M. Bouc, and so, I think, does M. The First Murderer came earlier than 1:15, the Second Murderer came after 1:15. And as regards the question of left-handedness, ought we not to take steps to ascertain which of the passengers is left-handed?"
905,poirot,The cool way she answered you this morning about these same letters!
906,poirot,"He will examine those notes, and will probably notice the tear. Of course if he were of a parsimonious disposition he would not be able to bring himself to destroy a mille note—but I very much fear that his temperament is just the opposite."
907,poirot,You went to this inn—this Three Boars—last night on your way home?
908,poirot,"Will you allow me to tell you something, Madame? Something that is as true as the stars above us? The Arlena Stuarts—or Arlena Marshalls—of this world—do not count."
909,poirot,"that somewhere, at some time, I have heard that voice before—the voice of Monsieur Doyle—and I wish I could remember where."
910,poirot,But I guess every nation likes its own girls best.
911,poirot,"This button, Madame, may have dropped from the conductors uniform, either when he searched your cabin, or when he was making the bed up last night."
912,poirot,"I know what it was you thought. Actually your manner frightened Linda still further. She believed that her action had really brought about Arlenas death and that you knew it. Christine Redfern worked on her too, introducing the idea of the sleeping tablets to her mind, showing her the way to a speedy and painless expiation of her crime. You see, once Captain Marshall was proved to have an alibi, it was vital for a new suspect to be found. Neither she nor her husband knew about the dope smuggling. They fixed on Linda to be the scapegoat."
913,poirot,"Look round you, my good Parker. Is this room exactly as it was then?"
914,poirot,"Let me congratulate you, Madame, on a very lovely daughter,"
915,poirot,"I wondered whether you would remember that. By the way, I was awakened by what sounded like something heavy falling against my door. Have you any idea what that could have been?"
916,poirot,"But Major Blunt was under the
impression that it was _you_ to whom Mr. Ackroyd was speaking."
917,poirot,"See you, I recognize my own weaknesses. It has been said of me that I like to make a case difficult. This solution that you put to me—it is too simple, too easy. I cannot feel that it really happened. And yet, that may be the sheer prejudice on my part."
918,poirot,"two clues is too much carelessness. I agree with M. Bouc. The handkerchief was a genuine oversight—hence no one will admit that it is theirs. The pipe cleaner is a faked clue. In support of that theory, you notice that Colonel Arbuthnot shows no embarrassment and admits freely to smoking a pipe and using that type of cleaner."
919,poirot,"whatever else I may be, I
am not a fool."
920,poirot,Your evidence gave her an alibi—yes. But what was your evidence based on? It was based on Linda Marshalls own wristwatch. You do not know of your own knowledge that it was a quarter to twelve when you left her—you only know that she told you so. You said yourself the time seemed to have gone very fast.
921,poirot,"Even if I were to—kill her, you couldnt stop me."
922,poirot,But nobody else has had a murderer walking right through their compartment in the middle of the night.
923,poirot,"Im sure Im right. When a womans neither more nor less than a nasty mess, then she herself will provide the best possible clue. Dont you agree with me, M."
924,poirot,"Yes, I will do that. But it is my opinion that I shall not be able to accomplish anything."
925,poirot,"The secretary said there were no papers of particular importance on
the desk,"
926,poirot,"But yes, Monsieur. Monsieur has not noticed? The train has stopped. We have run into a snowdrift. Heaven knows how long we shall be here. I remember once being snowed up for seven days."
927,poirot,Good man. And Im pretty certain who our dope smuggler is. Horace Blatt.
928,poirot,"Can you say or suggest anything at all that might throw light on this business? Did you, for instance, notice anything in the days preceding the murder?"
929,poirot,"When I taxed her with it, do you know what she said? She said: I saw nobody. And she lied."
930,poirot,"She, certainly. But it is not of her I speak. There was someone else on this boat who disliked Madame, who was very angry because of the way Madame had injured him."
931,poirot,"Your full Christian names and address, Madame. Perhaps you would prefer to write them yourself?"
932,poirot,But this is a button from the tunic of a Wagon Lit attendant!
933,poirot,Some of them were simplement une blague. But I learnt one thing that I wanted to know—that Franklin Clarke was in London when the first letter was posted—and also I wanted to see his face when I asked my question of Mademoiselle Thora. He was off his guard. I saw all the malice and anger in his eyes.
934,poirot,"I swear to you—swear
solemnly—that I have no idea where Ralph is, and that I have neither
seen him nor heard from him either on the day of—of the murder, or
since."
935,poirot,"Yes. And after all, in view of the circumstances, its not fantastic. Her fear might have led her to kneel in supplication rather than to scream when her instinct would tell her it was too late—that nobody could get there in time."
936,poirot,"And you, mademoiselle? Do you consider such a hypothesis feasible?"
937,poirot,"Oh, I dare say she was innocent. Nobody really knows! But there are plenty of women to marry in the world without going out of your way to marry one whos stood her trial for murder."
938,poirot,You thought there might be something in it for you?
939,poirot,"I shouldnt wonder if you ended by detecting your own death,"
940,poirot,"Oh, a great many reasons—for one, because the red succeeds the black."
941,poirot,That woman is evil through and through. Do you doubt it?
942,poirot,"So did the late Mrs. Marshall. It is chic, eh? And very expensive?"
943,poirot,"Mrs. Marshall never, sir. Miss Darnley has once or twice, I think. Mrs. Redfern doesnt often bathe before breakfast—only when its very hot, but she didnt this morning."
944,poirot,It is a terrible thing that has happened. I hope Monsieur does not think that it reflects on me in any way?
945,poirot,"Every time we come back to Ralph Paton. How
did you manage to spot Miss Russell as the person Charles Kent came to
meet? Did you notice the resemblance?"
946,poirot,"to the information for which I am
asking. If any one can give us an idea of the actual sums paid, you are
the man, monsieur."
947,poirot,Did you see anyone going away from you down the corridor in the other direction?
948,poirot,I understand your meaning. Up to a point I agree with you. Evil does walk the earth and can be recognized as such.
949,poirot,"That oughtnt to be difficult. Hes a Britisher, and does what he calls Keeps himself to himself. Hes a low opinion of Americans and no opinion at all of any other nationality."
950,poirot,"Yes, its much the best thing. Its not been any too easy loafing about the house and making conversation."
951,poirot,"Five first-class passengers—Princess Dragomiroff, Count and Countess Andrenyi, Colonel Arbuthnot and Mr. Hardman. Three second-class passengers—Miss Debenham, Antonio Foscarelli and the ladys maid, Fräulein Schmidt."
952,poirot,the problem is not yet quite solved. Can we say with authority that we know who killed M. Ratchett?
953,poirot,is how the man got into your compartment if the communicating door was bolted as you say. You are sure that it was bolted?
954,poirot,"Well, I do assure you that theyre very, very interesting. What with Moscow being exactly a thousand miles due north of—now what was it?—would it be Nineveh?—but anyway you take a circle and it just shows the most surprising things—and one can just see that there must have been special guidance, and that those ancient Egyptians couldnt have thought of what they did all by themselves. And when youve gone into the theory of the numbers and their repetition, why its all just so clear that I cant see how anyone can doubt the truth of it for a moment."
955,poirot,"Oh, yes. That I do know. To that question I can answer Yes most emphatically."
956,poirot,"But no matter. What we have to look at is this—Captain Paton is missing, under
circumstances which call for an explanation. I will not hide from you
that the matter looks grave. Still, it may admit of a perfectly simple
explanation."
957,poirot,"She is an angel, is she not? From Eden, by way of Sweden…."
958,poirot,"And now, Doctor, we will go and have a word with your patient."
959,poirot,How do you know the murderer is of the first class?
960,poirot,"that reaction came pretty quickly. Thats a very coolheaded and astute young woman—perfectly capable of holding out on us and still further if she thinks it suits her book. What about Miss Marie Van Schuyler now? I dont think we can eliminate her from the possible suspects. You know, she might have committed murder to get hold of those jewels. We cant take the nurses word for it. Shes all out to do the best for the family."
961,poirot,"Yes. It is not pleasant to think, is it, that now, at this very moment, someone is rejoicing at the successful carrying out of his or her plan."
962,poirot,Id rather see a well fed worker than any so-called work of art. What matters is the future—not the past.
963,poirot,Ill be quiet. But I must leave this place. Joseph and I can go in and sleep at the Rest House.
964,poirot,"Think so? Well, its possible. Damn it all, hasnt anyone got eyes in their head?"
965,poirot,"Because she is. She told you no strangers came to the house, didnt she?"
966,poirot,"Ah, pardon—I was confused. She is a young lady much in the news, that. I have been interested in her for some time."
967,poirot,There will be no fingerprints on it save those of Mrs. Hubbard.
968,poirot,"I should like you to
meet my mother. She is—very fond of Ralph."
969,poirot,"Now let us go on with the story. He came that
night to the summer-house?"
970,poirot,"Oh, I oiled myself and sunbathed and Mrs. Redfern sketched. Then, later, I went into the sea and Christine went back to the hotel to get changed for tennis."
971,poirot,"But has this any bearing on the crime, M."
972,poirot,She said she wanted to think it over—eh? That is what signed her death warrant. If she had only spoken out—then—at once.
973,poirot,"As a matter of fact—my last case—I dont know whether you read about it—the Mabel Homer case, the Muswell Hill schoolgirl, you know—that man Capper was extraordinary. Amazingly difficult to pin the crime on to him—it was his third, too! Looked as sane as you or I. But there are various tests—verbal traps, you know—quite modern, of course, there was nothing of that kind in your day. Once you can induce a man to give himself away, youve got him! He knows that you know and his nerve goes. He starts giving himself away right and left."
974,poirot,"It seems the most probable solution. Of course its possible that Arlena might have got on to the truth earlier, said something to Blatt about it, and some other member of the gang fixed a fake appointment with her and did her in. As I say, I think the best course is to hand the case over to Scotland Yard. Theyve a far better chance than we have of proving Blatts connection with the gang."
975,poirot,"Oh! I wouldnt like to think so. Hes such a nice gentleman, Captain Marshall. He couldnt do a thing like that—Im sure he couldnt."
976,poirot,"We know now all that we can know. We have the evidence of the passengers, the evidence of their baggage, the evidence of our eyes. We can expect no further help. It must be our part now to use our brains."
977,poirot,"she counts it. Oh, yes, I know that class. She would count the money, and while she counted it she was completely off her guard. The murderer struck. Having done so successfully, he gathered up the money and fled—not noticing that the corner of one of the notes was torn."
978,poirot,"Ah! but that raises rather an interesting question. They would notice a stranger undoubtedly—but would they have even noticed a member of the expedition? The members of the staff are passing in and out all day. The servants would hardly notice their going and coming. It is possible, I think, that either Mr. Carey or Mr. Coleman might have entered and the servants minds would have no remembrance of such an event."
979,poirot,"I said—the magnanimous murderer! Franz Ascher would have been arrested for the murder of his wife—Donald Fraser might have been arrested for the murder of Betty Barnard—if it had not been for the warning letters of A B C. Is he, then, so soft-hearted that he cannot bear others to suffer for something they did not do?"
980,poirot,"But its so easy, isnt it, to make a mistake of one day? And if youre an obstinate, positive man, like Mr. Strange, youll never consider the possibility of having been mistaken. What youve said youll stick to…Hes that kind of man. And the hotel register—its very easy to put down the wrong date when youre signing it—probably no one will notice it at the time."
981,poirot,Perhaps you can guess. The usual sort of story—about you and Mrs. Leidner.
982,poirot,"Well, let us proceed. Under the heading of means and opportunity we have seven names. Nurse Leatheran, Miss Johnson, Mrs. Mercado, Mr. Mercado, Mr. Reiter, Mr. Emmott and Father Lavigny."
983,poirot,"Thats the jargon thats talked nowadays. In my day if a man was mad he was mad and we didnt look about for scientific terms to soften it down. I suppose a thoroughly up-to-date doctor would suggest putting a man like A B C in a nursing home, telling him what a fine fellow he was for forty-five days on end and then letting him out as a responsible member of society."
984,poirot,I hope hes not too angry with that poor child.
985,poirot,Nurse Leatheran will be so kind as to remain. I think her assistance will be valuable to us.
986,poirot,"Two of the public bathrooms look out that way—north—and the staff bathroom, and the cloakrooms on the ground floor. Also the billiard room."
987,poirot,"Yes, sir. Your Inspector Rice has made arrangements. The house will be watched."
988,poirot,"But you can never be alone anywhere. Someone is always pestering you for money, or offering you donkeys, or beads, or expeditions to native villages, or duck shooting."
989,poirot,"Ah! And yet it is so simple. The true explanation leapt to the eye,
did it not?"
990,poirot,"Sometimes, you know, I do think that maybe were going a little too far nowadays. What with all our great discoveries and all the electrical waves there must be in the atmosphere, I do think it leads to a great deal of mental unrest, and I just feel that maybe the time has come for a new message to humanity. I dont know, M."
991,poirot,"I doubt if youd know the truth if you heard it,"
992,poirot,"I do not fancy you returned me a truthful answer, mademoiselle,"
993,poirot,You know perfectly. I am not so foolish as to argue with an infatuated man. I utter only the word of caution.
994,poirot,And the husband? Did he know about it? What did he feel?
995,poirot,"No, he was kinder reticent about that part of it. Just said the fellow was out for his blood and meant to get it."
996,poirot,I have made the economies in my time and I have now the means to enjoy the life of idleness.
997,poirot,"Precisely, Mademoiselle. That is why we wish to free you from unpleasantness as quickly as possible. Now you went to bed last night—at what time?"
998,poirot,"Can I discuss in the presence of Dr. Leidner the motives likely to lead to the murder of his wife by a member of the expedition? That would not have been delicate at all. I had to sustain the fiction that his wife was adorable and that everyone adored her! But naturally it was not like that at all. Now we can be brutal and impersonal and say what we think. We have no longer to consider peoples feelings. And that is where Nurse Leatheran is going to help us. She is, I am sure, a very good observer."
999,poirot,And you? Is it not that you are on holiday also?
1000,poirot,"You know, there is a good deal in what you have just said."
1001,poirot,"You saw Mr. Ackroyd put this money away last night when he was
dressing for dinner? You are sure he had not paid away any of it
already?"
1002,poirot,"She did not seem excited, or depressed, or upset in any way?"
1003,poirot,I do not understand in the least of what you are talking.
1004,poirot,"I would say it and I do say it. It is my business, you see, to find out who killed Arlena Marshall."
1005,poirot,"Yes, Mademoiselle. I believe it is the unforgivable offence—to kill."
1006,poirot,"she stabbed him in the dark, not realizing that he was dead already, but somehow deduced that he had a watch in his pyjama pocket, took it out, put back the hands blindly and gave it the requisite dent."
1007,poirot,"My God, Im sick of answering questions. Ive answered the police questions. I dont feel called upon to answer yours."
1008,poirot,"Yes, that letter is important. I find it very important."
1009,poirot,Kens a dear. One of the best. Frightfully quiet and reserved. Id say his only fault is a penchant for making unfortunate marriages.
1010,poirot,I know. We all have a bit of trouble keeping out of his way. Hed like to turn this place into a cross between Margate and Le Touquet.
1011,poirot,All along—ever since I arrived here—I have been conscious—very conscious—of the forces of evil close at hand.
1012,poirot,"But Parker
is the most likely. It is in my mind to try a little experiment with
Parker. How say you, my friend, will you accompany me to Fernly?"
1013,poirot,"He has frequently dictated letters
to me, using almost exactly those same words."
1014,poirot,"It was back in position when I arrived with the police, sir,"
1015,poirot,Move this baggage into a vacant compartment in the Athens-Paris coach.
1016,poirot,It was just the feeling that everybody else thought me stupid. Very paralyzing. It was the same thing later in the office.
1017,poirot,"Most of that family are. Spoilt, of course. Always inclined to tilt at windmills."
1018,poirot,"To questions Nos. 9 and 10. Can we be sure that Ratchett was stabbed by more than one person, and what other explanation of the wounds can there be? In my opinion, medically speaking, there can be no other explanation of those wounds. To suggest that one man struck first feebly and then with violence, first with the right hand and then with the left, and after an interval of perhaps half an hour inflicted fresh wounds on a dead body—well, it does not make sense."
1019,poirot,"That woman is one of the most utter liars Ive ever known,"
1020,poirot,"That is where we disagree, you and I. Three
motives—it is almost too much. I am inclined to believe that, after
all, Ralph Paton is innocent."
1021,poirot,
1022,poirot,"Well, you seem to be doing all that can be done, Crome,"
1023,poirot,Thats right. Between a quarter to ten and ten oclock.
1024,poirot,"If you solve this case, mon cher, I shall indeed believe in miracles!"
1025,poirot,"After Madame Doyle left the saloon, did any of you four leave it?"
1026,poirot,"we handle him with the gloves of kid, is it not so?"
1027,poirot,"No, Monsieur. I have only two other passengers—both English. A Colonel from India, and a young English lady from Baghdad. Monsieur requires anything?"
1028,poirot,"There was nothing, Monsieur. Nothing, I am positive of it."
1029,poirot,"Well, what do we do about it? That is my problem."
1030,poirot,"I mean that all is not the gold that glitters. I mean that, though this lady is rich and beautiful and beloved, there is all the same something that is not right. And I know something else."
1031,poirot,you dont subscribe to his theory that she wrote them and retained no memory of her act?
1032,poirot,I demand only your account of your visit. That you refuse it seems to me—what shall we say—a little odd?
1033,poirot,"No, I didnt kill her. Im a thief, not a murderer. Its all going to come out, so you might as well know. I was after her pearls."
1034,poirot,"He is known to have been alive at about twenty minutes to one, when he spoke to the conductor,"
1035,poirot,And think of the place chosen. The very spot for the purpose. The lady goes off in her float. Thats natural enough. Its what she does every day. She goes round to Pixy Cove where no one ever goes in the morning and which will be a nice quiet place for an interview.
1036,poirot,"Mine is a very simple one. Only this. On the morning of your wifes death, did you have a bath after you finished typing and before you went out to play tennis?"
1037,poirot,Kenneths a fool—an utter fool where women are concerned! Do you remember the Martingdale case?
1038,poirot,Not at all. I hope youll sleep well and that your head will be better in the morning.
1039,poirot,Damn the girl! I believe she really means it. She wants a man to be reliable. Reliable—ye gods!
1040,poirot,"It really seems a little too much for one person. Money, good looks, marvellous figure and—"
1041,poirot,"Shes not very young, and shes nervous about herself, and she likes to have a nurse around handy. Theres nothing serious the matter with her. She just likes plenty of attention, and shes willing to pay for it."
1042,poirot,"the stranger
who called at the house the preceding Wednesday."
1043,poirot,"I have no connection whatever with Monsieur and Madame Doyle,"
1044,poirot,"Theres a lot of pixy lore on Dartmoor still. There are tors that are said to pixy-ridden, and I expect that farmers coming home after a thick night still complain of being pixy-led."
1045,poirot,"I believed her when she said it. Never thought of doing anything else. Afterwards—perhaps it was something in her manner. I—I, well, I began to wonder."
1046,poirot,"The human drama, Hastings! Reflect a little minute. Here are three sets of human beings brought together by a common tragedy. Immediately a second drama commences—tout à fait à part. Do you remember my first case in England? Oh, so many years ago now. I brought together two people who loved one another—by the simple method of having one of them arrested for murder! Nothing less would have done it! In the midst of death we are in life, Hastings…Murder, I have often noticed, is a great matchmaker."
1047,poirot,"It is that you have really the love of the machinery,"
1048,poirot,"One of my bells rang, Monsieur—I remember—I told you. It was the American lady. She had rung several times."
1049,poirot,"having placed my solution before you, I have the honour to retire from the case…."
1050,poirot,that Miss Debenhams father and brothers were at the same kind of school as Colonel Arbuthnot.
1051,poirot,"Nurse Leatheran has been giving me valuable information about the various members of the expedition. Incidentally I have learnt a good deal—about the victim. And the victim, mademoiselle, is very often the clue to the mystery."
1052,poirot,"Either he paid out
that forty pounds sometime last evening, or else it has been stolen."
1053,poirot,"I would not seek to entrap you, mademoiselle. Will you not
trust me—and tell me where Ralph Paton is hiding?"
1054,poirot,They are very amusing. The more emotional they feel the less command they have of language.
1055,poirot,"Trust is indeed something in these days. It is, perhaps, better to have a homely woman whom one can trust than a more chic maid—for example, some smart Parisienne."
1056,poirot,Yes—yes…And very chivalrous. Men are so foolish that way. Even Car—
1057,poirot,"What did nurse think of her? Women are said to sum up other women quickly enough, and a nurse has a wide experience of types."
1058,poirot,"One wrote the answer in young ladies albums. They had gold edges and were bound in blue leather. The answer? Mademoiselle, is not really very easy to find."
1059,poirot,"Perhaps it is that I like to mount you on your romantic high horse, Hastings. You are always the true knight—ready to come to the rescue of damsels in distress—good-looking damsels, bien entendu."
1060,poirot,"will you let an old man congratulate you
on your courage and your loyalty? And will you not misunderstand me if
I ask you—ask you most solemnly—to postpone the announcement you speak
of for at least two days more?"
1061,poirot,"There are better reasons than that for leaving Mrs. Redfern out of it. It would, I am convinced, be physically impossible and mentally impossible for her to strangle anyone. She is cold rather than warm blooded, capable of deep devotion and unswerving constancy, but not of hot-blooded passion or rage. Moreover, her hands are far too small and delicate."
1062,poirot,That is what I heard. And then you went away?
1063,poirot,Why did you say that Miss Grey was a liar?
1064,poirot,It is difficult to say. You see it is turned off by the conductor every morning about ten oclock.
1065,poirot,Naturally it worries me. I cannot make head or tail of it.
1066,poirot,"Yes, during her lifetime. Her father left her a considerable sum of money in trust. She could not touch the principal. At her death it was to pass to any children she might have—and failing children to the Pittstown Museum."
1067,poirot,You will remember that Mrs. Ackroyd and her daughter came over from Canada to live here?
1068,poirot,And it really wasnt true! We were a thoroughly happy family here.
1069,poirot,"You will excuse me, Madame, but how much can we rely upon the truthfulness of your replies?"
1070,poirot,"It is true that I have retired from the world,"
1071,poirot,Dislike? I should say so. What good has that woman ever been to anyone or anything? Shes never worked or lifted a finger. Shes just battened on other people. Shes a parasite—and a damned unpleasant parasite. There are a lot of people on this boat Id say the world could do without.
1072,poirot,"to the final name on our list. Hildegarde Schmidt, ladys maid."
1073,poirot,"Ach, but I can have a guess. There is certainly a young man with a grievance on board."
1074,poirot,"He doesnt give himself
away. But theyre wonderful fellows, these foreign detectives. Up to
all sorts of dodges, I believe."
1075,poirot,"This alters everything, this does."
1076,poirot,"You see what I mean? No? Just this—to save Captain Paton the real
criminal must confess."
1077,poirot,it was something in the compartment next door that you heard.
1078,poirot,"Yes, it would have been better for him that way."
1079,poirot,"You have not
the nerve—the courage. But I must have the truth."
1080,poirot,Why? But its maddening! Irritating to the last degree! Ive told you why!
1081,poirot,"I always thought there was something wrong about him. He was almost too word-perfect in his rôle; he was all archæologist, not enough human being."
1082,poirot,"I am Helena Goldenberg, the younger sister of Mrs. Armstrong."
1083,poirot,there is no proof. But that does not matter. You knew that I would not deny truth . . . I have never denied truth . . . I think—really—I am rather glad . . . Im so tired. . . .
1084,poirot,And it is like that that you felt with Mademoiselle Jacqueline?
1085,poirot,"It sounds to you, does it not, very outrageous? But indeed it seems to me a most admirable idea. We need something of the every day, the usual, to restore life to the normal. I am most anxious to see something of Dartmoor, the weather is good. It will—how shall I say, it will cheer everybody up! So aid me in this matter. Persuade everyone."
1086,poirot,The hands of the watch pointed to 1:15—the exact time when the intruder actually left the scene of the crime.
1087,poirot,"Thats just what I did think. Do you mean he just died in his sleep? Why, the old man was as tough as—as tough—"
1088,poirot,"It would be as well if some of that gaping crowd cleared off. What is there to look at, Id like to know?"
1089,poirot,"Ah! I think it is you who are Miss Mary Drower, the parlour-maid here?"
1090,poirot,It is a danger—yes—a great danger—and what can one do? How can one guard against it?
1091,poirot,And the letter reached New York after the Carmanic sailed?
1092,poirot,I am Nurse Capstick. I got Mr. Clarkes letter saying you were coming.
1093,poirot,"Oh, come now—dont go looking for trouble—thats my motto! But you cant fasten anything on me. I never went into the courtyard, and you cant find anyone wholl say I did."
1094,poirot,"Oh Ive had my morning dip before breakfast. Somebody nearly brained me with a bottle, too. Chucked it out of one of the hotel windows."
1095,poirot,"He is anxious to know if
he can be of any service, and he would be glad to have a word with you."
1096,poirot,"Captain Marshall, Mr. Gardener and Miss Darnley. We played two sets. We were just going in again when the news came about—about Mrs. Marshall."
1097,poirot,"Yes, you make one see it all. But thats the story from the other side. You havent told us how you came to get at the truth?"
1098,poirot,Anyone would think you were ordering a dinner at the Ritz.
1099,poirot,"But do not worry yourself. All this is of no importance. These imbecilities, even, may help."
1100,poirot,"Yes, but is it really so? Thats what Im getting at."
1101,poirot,"Yes. Because, you see, when Mrs. Marshall went off this morning and asked me not to tell anyone I had seen her, I jumped at once in my own mind to a certain conclusion. I thought that her friendship with Patrick Redfern had made trouble between her and her husband. I thought that she was going to meet Patrick Redfern somewhere, and that she did not want her husband to know where she was."
1102,poirot,"Surely a man wouldnt read letters of that type aloud to himself—not
unless he was—well—going balmy."
1103,poirot,Thousands of these sham Eastern daggers are made and shipped to the bazaars of Constantinople.
1104,poirot,"We can open our Court of Inquiry without more ado. First, I think, we should take the evidence of the Wagon Lit conductor. You probably know something about the man. What character has he? Is he a man in whose word you would place reliance?"
1105,poirot,"youve been brooding over this case too long. What on
earth had I to gain by murdering Ackroyd?"
1106,poirot,"As yet I am only taking you all on a journey—my journey towards the truth. I had now established one fact—that all the members of the expedition staff, and also Nurse Leatheran, could in actual fact have committed the murder. That there was very little likelihood of some of them having committed it was a secondary matter. I had examined means and opportunity. I next passed to motive. I discovered that one and all of you could be credited with a motive!"
1107,poirot,"Yes, she is beautiful. But it is not beauty that counts in the end."
1108,poirot,"Oh, I believe you. Dr. Leidner did not leave the roof. That is an undisputed fact. But what I saw—and what Miss Johnson had seen—was that Dr. Leidner could murder his wife from the roof without leaving it."
1109,poirot,"She? Shes the worlds first gold digger. And a man-eater as well! If anything personable in trousers comes within a hundred yards of her, its fresh sport for Arlena! Shes that kind."
1110,poirot,"It will be simpler to say who it could not have been. Neither Monsieur Doyle, Madame Allerton, Monsieur Allerton, Mademoiselle Van Schuyler, nor Mademoiselle Bowers could have had anything to do with it. They were all within my sight."
1111,poirot,"What can one do? I showed it to Japp. He was of the same opinion as you—a stupid hoax—that was the expression he used. They get these things every day at Scotland Yard. I, too, have had my share…."
1112,poirot,No news as yet. All men available are on the lookout. All persons whose name begins with C are being warned by phone when possible. Theres just a chance. Wheres the letter?
1113,poirot,I felt that there was a good deal going on underneath the quietness.
1114,poirot,And supposing that it was not so much that she thought that you were suspected as that she knew you were guilty.
1115,poirot,But it wouldnt have occurred to you to let me off?
1116,poirot,I havent either. Ive been out sailing with him once or twice—but he doesnt really like having anyone with him. He prefers to be on his own.
1117,poirot,"How very few young people there are out here! That pretty girl with the chestnut hair and the appalling mother in the turban is almost the only young creature in the place. You have talked to her a good deal, I notice. She interests me, that child."
1118,poirot,"Always you ask me that. The idea of Cranchester it is with you an
_idée fixe_. No, he is not in Cranchester. He is—_there_!"
1119,poirot,Of course. The divine right of monarchy! Just a little bit of the Naboths vineyard touch. And the dangerous girl—Jacqueline de Bellefort—could she do a murder?
1120,poirot,"Yes, indeed. I cannot think of any detail that has escaped me."
1121,poirot,"J stands for Jacqueline de Bellefort, a young lady who declared to me less than a week ago that she would like nothing better than to—"
1122,poirot,"I have not the least idea where Ralph Paton
is at the present moment."
1123,poirot,"Of course Im glad I didnt die after all. But you know, M. I meant to."
1124,poirot,"Yes. Hasnt he ever mentioned him to you? Quite docile, I believe, and
all that, but mad as a hatter, poor lad."
1125,poirot,"Strangled with her own belt—a thick, knitted affair, I gather."
1126,poirot,"At last we have a piece of information that is very definite. That tells one something, does it not?"
1127,poirot,You killed her after Miss Brewster had gone off in the boat to fetch the police. Arlena Marshall was not dead when you got to the beach. She was waiting hidden in the cave until the coast could be clear.
1128,poirot,"I dont. Where could anyone hide? The bedrooms are all in use and, in any case, are sparsely furnished. The darkroom, the drawing office and the laboratory were all in use the next day—so were all these rooms. There are no cupboards or corners. Perhaps, if the servants were in collusion—"
1129,poirot,"It will be Hastings who will have to do that,"
1130,poirot,"when you broke down the door with Dr. Sheppard last night, and found your master dead, what was the state of
the fire?"
1131,poirot,"Dr. Sheppard consented to do what he could to help him. He was
successful in hiding Captain Paton from the police."
1132,poirot,Man with a squint? Man with a squint? Theres more in this tale of that fellow with a squint than meets the eye. I dont know why the devil my fellows cant lay hold of him!
1133,poirot,"Monsieur Pennington, I would like to discuss certain aspects of the case with you. Will you come to my cabin in half an hours time?"
1134,poirot,"It is very respectable, very well dressed, but underneath it is all wrong. Out of my experience, I should say he was the big crook. I give you my opinion for what it is worth."
1135,poirot,There is another thing I want to know. What people bathed before breakfast this morning?
1136,poirot,"Mais oui, that is so. Arlena Marshall would make enemies. But in my opinion, the enemy theory is not tenable, for you see, Inspector, Arlena Marshalls enemies would, I think, as I said just now, always be women."
1137,poirot,"You remember, M. Our conversation some days ago? About the reality of evil?"
1138,poirot,"You sat here where we are now, Mademoiselle, on the morning of the crime. You were seen here, or at least your sunshade was seen by Miss Brewster and Mr. Redfern as they passed on the sea. During the morning, Mademoiselle, are you sure you did not happen to go down to Pixy Cove and enter the cave there—the famous Pixys Cave?"
1139,poirot,"Air quite fresh, not fishy or seaweedy, but of course this place is well above high water mark."
1140,poirot,The conductor often has to answer bells at night. Do you remember which compartment it was?
1141,poirot,If I had but the pen of a Balzac! I would depict this scene.
1142,poirot,"Seemed kind of indeterminate to me. Your police, I gather, have got something up their sleeves."
1143,poirot,That is true what you say… Her eyes look for one thing only—men.
1144,poirot,"Well, not exactly. Ill tell you about it. You know that big map of
the county we have in the hall?"
1145,poirot,"It is very evident that you never met the dead woman. Somebody once wrote a learned treatise on the difference that solitary confinement would mean to Beau Brummel or to a man like Newton. Arlena Marshall, my dear friend, would practically not exist in solitude. She only lived in the light of a mans admiration. No, Arlena Marshall went to meet someone this morning. Who was it?"
1146,poirot,"that after an event of this kind, everyone always pretends a lot of things that never were? You know—tension, atmosphere, a feeling that something was going to happen? I think people just make up these things afterwards."
1147,poirot,"Its a suggestion. After all, the pistol wasnt anywhere in the cabin. First thing I looked for."
1148,poirot,"You see Im old-fashioned. I dont like her much. Tim and she are the greatest of friends, though."
1149,poirot,"She was lying on the bed, asleep or resting—someone opens the door, she looks up, rises to her feet—"
1150,poirot,True. And these last two compartments are occupied by men.
1151,poirot,"As soon as I heard you were coming over I said to myself: something will arise. As in former days we will hunt together, we two. But if so it must be no common affair. It must be something"
1152,poirot,"There is something about that letter, Hastings, that I do not like…."
1153,poirot,She saw someone enter and leave Linnet Doyles cabin on that fatal night.
1154,poirot,"The evidence of the servants that no one entered the courtyard from outside. But it occurred to me, upon reflection, that that was really not what they had said. They had sworn that no stranger had entered the premises. They had not been asked if a member of the expedition had done so."
1155,poirot,"It leaves, somehow, too much to chance. And besides—somewhere the picture is not true. I cannot, you see, imagine this man…the man who is mad with rage and jealousy."
1156,poirot,"Yes. The day of the murder was a glorious day, but the day before, remember, there was rain and thick mist. Anyone could come on to the island then without being seen. He had only to go down to the beach and spend the night in the cave. That mist, M."
1157,poirot,"weve done our job. Ive arranged for Richetti to be taken ashore first. Glad weve got him. Hes been a slippery customer, I can tell you. Given us the slip dozens of times."
1158,poirot,"You have, M. le Comte, the makings of a very fine criminal,"
1159,poirot,"As you yourself have said, what other explanation can there be?"
1160,poirot,"It is hardly necessary to ask you, Mr. Emmott, whether you saw anyone enter or leave Mrs. Leidners room during that time?"
1161,poirot,"I can hardly believe it. That lovely creature, with everything to live for—dead. I almost feel I cant believe it."
1162,poirot,"Thats what Dr. Kerr says. Im glad it was that way, poor old soul. A decent woman she was."
1163,poirot,"Your mind works a funny way, doesnt it, sir? But I dare say it comes out all right in the end. If youll excuse me asking, what put you on to asking about strangulation cases in general?"
1164,poirot,it is incredible that it should have been thrown overboard.
1165,poirot,"Yes. It suddenly came to me, when Fanthorp mentioned thinking he had heard a splash. Its perfectly possible that after the murder, the murderer threw the pistol overboard."
1166,poirot,Not at all. It is a duty. What do you wish to know?
1167,poirot,Be quiet. I am telling you what I thought at the time. Let us remain impersonal.
1168,poirot,I shall be very disappointed if it is not so.
1169,poirot,What are you looking at my hands for? Do you think—do you think—?
1170,poirot,"It strikes you as odd that Ackroyd should have flown into a rage about
so trivial a matter?"
1171,poirot,"Its—its infamous that she should be victimized like this! Shes done nothing! If anyone likes to say I behaved like a cad, theyre welcome to say so! I suppose I did. But I wont have the whole thing visited on Linnet. She had nothing whatever to do with it."
1172,poirot,Let me see. On my way down to breakfast I went into Linda Marshalls room and fixed up with her to go to Gull Cove this morning. We agreed to meet in the lounge at half past ten.
1173,poirot,Ill never forget this trip as long as I live. Three deaths…Its just like living in a nightmare.
1174,poirot,"But there, thats a man all over. Not one in a hundred considers suitability. And one cant really blame Dr. Leidner. Miss Johnson, poor soul, isnt so much to look at. Now Mrs. Leidner was really beautiful—not young, of course—but oh! I wish youd known her. There was something about her . . . I remember Mr. Coleman saying she was like a thingummyjig that came to lure people into marshes. That wasnt a very good way of putting it, but—oh, well—youll laugh at me, but there was something about her that was—well—unearthly."
1175,poirot,The hub of the case is Mrs. Leidner. I want to know about Mrs. Leidner.
1176,poirot,"No. Theres a niece. Shes in service near Overton. Very superior, steady young woman."
1177,poirot,Well—naturally—my husband and I cannot continue being subjected to this annoyance. There must be some kind of legal redress against such a thing.
1178,poirot,Not at all. Never said anything of the sort. Just letting you know that hes the sort of fellow who could go berserk on occasions.
1179,poirot,"No, they dont. And thats another point in his favour. Ive just told the Chief Constable that I think this is a job for Scotland Yard. I dont believe its a local crime."
1180,poirot,"Therefore if he had come across some of the old threatening letters, he could have copied them without difficulty."
1181,poirot,"It should be easier to discover because it is mad. A crime committed by someone shrewd and sane would be far more complicated. Here, if one could but hit on the idea…This alphabetical business, it has discrepancies. If I could once see the idea—then everything would be clear and simple…."
1182,poirot,"Especially in the heat of a quarrel. But this—this is a different kind of crime. I have the little idea, my friend, that this is a crime very carefully planned and staged. It is a far-sighted, long-headed crime. It is not—how shall I express it?—a Latin crime. It is a crime that shows traces of a cool, resourceful, deliberate brain—I think an Anglo-Saxon brain."
1183,poirot,"Whats it to do with me, anyway? Told it to the blarsted police, I ave, and now Ive got to spit it all out again to a couple of blarsted foreigners."
1184,poirot,"I am glad to
have encountered you, monsieur. I am in need of some information that
you can give me."
1185,poirot,"This stranger hanging about, he may be important—he may not. At any rate he must be found. Let us continue our inquiry."
1186,poirot,"I did correspondence with Sir Carmichael in the morning—saw the housekeeper. I wrote letters and did needlework in the afternoon, I fancy. It is difficult to remember. It was quite an ordinary day. I went to bed early."
1187,poirot,"Your hand was still on the handle as it is
now."
1188,poirot,"You see, this maid she saw something she was not intended to see. And so—she was silenced, in case she should not hold her tongue."
1189,poirot,"Theyre getting to look blacker and blacker against Ralph Paton,"
1190,poirot,And this is Mr.
1191,poirot,"Very well, Monsieur Fanthorp. Will you give me a brief account of your own movements last night after the events we have just been narrating?"
1192,poirot,"you should be an inventor by trade, not a
doctor. But I hear the bell—that is your patient. Let us go into the
surgery."
1193,poirot,"After that, Monsieur? I answered your bell and brought you some mineral water. Then, about half an hour later, I made up the bed in one of the other compartments—that of the young American gentleman, M. Ratchetts secretary."
1194,poirot,There is not one first-class sleeping berth to be had on the train.
1195,poirot,Exactly. To steal the pearls at such a moment invites a close search of everybody on board. How then could the thief hope to get away with his booty?
1196,poirot,"Yes. I wondered if something could be done. He was not a bad
boy—before he took to drugs."
1197,poirot,"But yes, I too was struck by that point. It is as you say, an ideal spot for a rendezvous. It is deserted, it is only accessible from the land side by descending a vertical steel ladder which is not everybodys money, bien entendu. Moreover most of the beach is invisible from above because of the overhanging cliff. And it has another advantage. Mr. Redfern told me of that one day. There is a cave on it, the entrance to which is not easy to find but where anyone could wait unseen."
1198,poirot,She did. She commented at once upon his somewhat unpleasant appearance.
1199,poirot,"Hed just come from The
Larches. M. Mr. Raymond thought that he might be here,
or that you might know where he was."
1200,poirot,What are you thinking about? Youve not opened your mouth. What do you think of the siren? Pretty hot?
1201,poirot,"Me, I am like Miss Brewster and Mrs. Redfern, I do not like to descend perpendicular ladders."
1202,poirot,"we must
put you wise to the latest developments, M."
1203,poirot,I am delighted to learn that you have no guilty secret to hide.
1204,poirot,"My dear Inspector, she came down to the beach before Mrs. Marshall could have reached Pixy Cove and she was within my sight until she set off with Mr. Redfern in the boat."
1205,poirot,"Well, its true enough. Kenneth Marshall and I were more or less children together. The Marshalls lived next door to us. Ken was always nice to me—although condescending, of course, since he was four years older. Ive not seen anything of him for a long time. It must be—fifteen years at least."
1206,japp,"Well, you know, sir, I rather fancy that alibi. Its not too good, if you know what I mean. Its—well, its natural. And if we find the chambermaid was about, and did hear the typewriter going, well then, it seems to me that its all right and that well have to look elsewhere."
1207,japp,"This the husband? Oh! I see, my mistake. Thought it might be. He seems rather done in over it."
1208,japp,"No, sir, I cant say that I do really. Unless its that in each case the husband has got a cast-iron alibi."
1209,watson,"I asked, eagerly,
     when we had regained the lower room once more."
1210,watson,"I believe your revolver is going to
     have a very intimate connection with the mystery which we are
     investigating."
1211,watson,"you do not propose to invest in
     South African securities?"
1212,hastings,Have you ever heard of a man called Hercule Poirot Leidner?
1213,watson,"If this paper remains blue,
     all is well. If it turns red, it means a mans life."
1214,hastings,Havent the least idea. Might have been the weather—extra fine day and all that.
1215,watson,"not to me, but to my friend Sherlock Holmes. With all the will in the world, I could never have followed up a clue
     which has taxed even his analytical genius. As it was, we very
     nearly lost it at the last moment."
1216,hastings,"I shouldnt put so much
stress on the footmarks if it wasnt for everything else."
1217,japp,"I didnt recognize you for the moment, but you were staying with Mr. Ackroyd a year ago last May."
1218,watson,"Let us walk along the
     cliffs together and search for flint arrows. We are more likely to
     find them than clues to this problem. To let the brain work without
     sufficient material is like racing an engine. It racks itself to
     pieces."
1219,watson,"I do not know how far Sherlock Holmes took any sleep that night, but
     when I came down to breakfast I found him pale and harassed, his
     bright eyes the brighter for the dark shadows round them. The carpet
     round his chair was littered with cigarette-ends and with the early
     editions of the morning papers. An open telegram lay upon the table."
1220,hastings,It is no question of suspicion. Everyone on the island will be asked to account for his or her movements between a quarter to eleven and twenty minutes to twelve this morning.
1221,japp,Ive got those times worked out. From the hotel to the ladder down to Pixy Cove three minutes. Thats walking till you are out of sight of the hotel and then running like hell.
1222,hastings,"She took them out of the attaché case on her table,"
1223,watson,"It was just growing dusk at the time. They were lighting the lamps
     as I came back with the brandy."
1224,japp,There was a case—body of a young woman found somewhere near Bagshot. Going to meet her husband somewhere and never turned up. And there was what the papers called the Lonely Copse Mystery. Both in Surrey if I remember rightly.
1225,watson,"Even in his chastened frame of mind the noble miser could give us no
     information which could help us, for he knew little of the private
     life of his nephew. Our only clue lay in the truncated telegram, and
     with a copy of this in his hand Holmes set forth to find a second
     link for his chain. We had shaken off Lord Mount-James, and Overton
     had gone to consult with the other members of his team over the
     misfortune which had befallen them. There was a telegraph-office at a short distance from the hotel. We
     halted outside it."
1226,watson,"It does seem a most preposterous
     way of settling a dispute."
1227,watson,"My constitution has not got
     over the Afghan campaign yet. I cannot afford to throw any extra
     strain upon it."
1228,japp,"Independent, thats what they are. These summer evenings theyre not going to rush home. All the same, Betty was usually in by eleven."
1229,watson,"As he spoke there was a sharp ring at the bell. Sherlock Holmes rose
     softly and moved his chair in the direction of the door. We heard the
     servant pass along the hall, and the sharp click of the latch as she
     opened it."
1230,watson,"If its a local villain there should not be much difficulty in
     running him down,"
1231,japp,"There may be something in that. Nothing to it at the time—but its possible that the idea of the modus operandi for his next crime occurred to our man then. Weve got Hills name and address, I see. His description of the man is vague but it links up well enough with the descriptions of Mary Stroud and this Tom Hartigan…."
1232,watson,"our ways lie elsewhere. Our next station
     must be the office from which the papers were taken."
1233,hastings,"To begin with, I want to make a very special plea
to mademoiselle."
1234,watson,"but its the common
     lot this morning. Mrs. Hudson has been knocked up, she retorted upon
     me, and I on you."
1235,watson,Perhaps some day you will do me justice. If you only realized--
1236,japp,"Its all graveled again here, and hard as it can be."
1237,watson,"He had started running swiftly over the moor, and I had followed at
     his heels. But now from somewhere among the broken ground immediately
     in front of us there came one last despairing yell, and then a dull,
     heavy thud. We halted and listened. Not another sound broke the heavy
     silence of the windless night. I saw Holmes put his hand to his forehead like a man distracted. He
     stamped his feet upon the ground."
1238,japp,—so difficult to know which pieces are part of the fur rug and which are the cats tail.
1239,watson,I should think you had better see the young lady herself.
1240,watson,"We were
     chatting about the matter when you came in, Inspector. Perhaps you
     can let us have a few details."
1241,watson,"I feel twenty years younger, Holmes. I have seldom felt so happy as
     when I got your wire asking me to meet you at Harwich with the car. But you, Holmes--you have changed very little--save for that horrible
     goatee."
1242,watson,"If you will take one elbow of the too faithful Dolores, I
     will take the other. There, now,"
1243,hastings,Arlena Marshall wasnt killed by a woman. Its a man weve got to look for. Weve got to stick to the men in the case.
1244,watson,"It is satisfactory to know that there can be no difference of
     opinion upon this case, since Mr. Lestrade, one of the most
     experienced members of the official force, and Mr. Sherlock Holmes,
     the well-known consulting expert, have each come to the conclusion
     that the grotesque series of incidents, which have ended in so tragic
     a fashion, arise from lunacy rather than from deliberate crime. No
     explanation save mental aberration can cover the facts."
1245,watson,"And then again, there is the friends of the C.C.H. I should guess
     that to be the Something Hunt, the local hunt to whose members he has
     possibly given some surgical assistance, and which has made him a
     small presentation in return."
1246,japp,"Ive known Ralph Paton from a boy upward. Hed never
stoop to murder."
1247,watson,"All my instincts are against this explanation. Use your powers! Go
     to the scene of the crime! See the people concerned! Leave no stone
     unturned! In all your career you have never had so great a chance of
     serving your country."
1248,watson,"said he. There was a whisk of feminine
     skirts down the passage, and the hall door was opened and shut."
1249,watson,"He flattened it out upon the table, and a cry of triumph
     burst from his lips."
1250,japp,"How exactly
did you go to work, if I may ask?"
1251,watson,"We thought that perhaps you would care to step across, Mr. Holmes."
1252,watson,"To tell the truth, my desire to fetch a doctor had somewhat weakened,
     for poor Holmes was so obviously delirious that it seemed dangerous
     to leave him. However, he was as eager now to consult the person
     named as he had been obstinate in refusing."
1253,watson,"Here it is. Now, officer, can you give me ten yards of
     string?"
1254,hastings,"You and I, M. le docteur, we
investigate this affair side by side. Without you I should be lost. I
desire a little information from the good Mr. Hammond."
1255,watson,"that you will not improve any reputation
     which I may have acquired by adding the case of the Thor Bridge
     mystery to your annals. I have been sluggish in mind and wanting in
     that mixture of imagination and reality which is the basis of my art. I confess that the chip in the stonework was a sufficient clue to
     suggest the true solution, and that I blame myself for not having
     attained it sooner."
1256,watson,and so I will beg leave to resume my walk.
1257,hastings,"however strong the circumstantial evidence against
him may be. The mere fact that he was hard pressed for money——"
1258,japp,Arlena Marshall wasnt killed by a woman. Its a man weve got to look for. Weve got to stick to the men in the case.
1259,japp,"Brains dont count for much when it comes to an infatuation, sir."
1260,watson,"just sit
     down in this chair and let me preach to you for a little. I dont
     know quite what to do, and I should value your advice. Light a cigar
     and let me expound."
1261,japp,"And weve every sympathy for you, but we want to know all the facts we can so as to get to work as quick as possible."
1262,watson,"You dont look quite the man you did when I threw you over the ropes
     into the crowd at the Old Deer Park. I expect I have changed a bit
     also. But its this last day or two that has aged me. I see by your
     telegram, Mr. Holmes, that it is no use my pretending to be anyones
     deputy."
1263,hastings,"Coincidence—eh? What do you say, Maitland? Are you in favour of the idea? Shall we put it up to Leidner?"
1264,watson,"There was a pause after the stock-brokers clerk had concluded his
     surprising experience. Then Sherlock Holmes cocked his eye at me,
     leaning back on the cushions with a pleased and yet critical face,
     like a connoisseur who has just taken his first sip of a comet
     vintage."
1265,watson,"He had spoken in jesting vein, but the twitching of his bushy
     eyebrows bespoke his disappointment and irritation. I sat helpless
     and unhappy, staring into the fire. A long silence was broken by a
     sudden exclamation from Holmes, who dashed at a cupboard, from which
     he emerged with a second yellow-covered volume in his hand."
1266,japp,I dont admit anything. Not till I know what youve got on me.
1267,japp,"Which letter of the alphabet do you place it at, inspector?"
1268,hastings,"I dont know where she hid this to begin with,"
1269,japp,"And there are, too,
differences in quality. Then there is the psychology of a crime. One
must study that."
1270,japp,"That is, if the facts are as the boy stated them. Weve had no luck with the stocking manufacturers yet. It was time we got hold of something. By the way, give me that file of the Churston case."
1271,watson,"That will do, Mr. Wilson. I shall be happy to give you an opinion
     upon the subject in the course of a day or two. To-day is Saturday,
     and I hope that by Monday we may come to a conclusion."
1272,japp,"There is one thing I should like to know from you, mademoiselle. When
you were examining the things in the silver table with Dr. Sheppard,
was the dagger in its place, or was it not?"
1273,watson,"As this is an express, and as the boat runs in connection with it, I
     should think we have shaken him off very effectively."
1274,japp,"I didnt stop to look. I knew
the family would be down any minute, and I wanted to get away."
1275,japp,"No, they dont. And thats another point in his favour. Ive just told the Chief Constable that I think this is a job for Scotland Yard. I dont believe its a local crime."
1276,watson,"THE ADVENTURE OF SHOSCOMBE OLD PLACE

     Sherlock Holmes had been bending for a long time over a low-power
     microscope. Now he straightened himself up and looked round at me in
     triumph."
1277,japp,"Ive
told him, and Ill tell you. Im perfectly certain the dagger was _not_
there. He thinks it was and that Ralph sneaked it later in the evening. And—and he doesnt believe me. He thinks Im saying it to—to shield
Ralph."
1278,japp,"Not exactly hanging about. Of course, there are a lot of people what you might call wandering about at this time of year. One often meets people strolling with an aimless look across the golf links or down the lanes to the sea. In the same way, practically everyone one sees this time of year is a stranger."
1279,japp,"Now were getting places, all right! Depend upon it, this dope stunt is at the bottom of the whole business."
1280,watson,"Not a word! Into
     your clothes and come!"
1281,hastings,"And this is Mr. Hercule Poirot, also from London, and er—"
1282,watson,"It died away, and an absolute silence closed in upon us. We stood
     straining our ears, but nothing came."
1283,watson,"Holmes had not said one word to me about the tragedy which we had
     witnessed, but I observed all the morning that he was in his most
     thoughtful mood, and he gave me the impression, from his vacant eyes
     and his abstracted manner, of a man who is striving to recall
     something to his memory. We were in the middle of our lunch when he
     suddenly sprang to his feet."
1284,japp,"With a first-class alibi for the Bexhill murder, the whole case might be weakened. I dont think he realized how strong our case is. Anyway, Lucas goes in for originality. Hes a young man, and he wants to hit the public eye."
1285,japp,if he wasnt so ordinary-looking. Weve worried enough perfectly inoffensive citizens as it is.
1286,japp,"I cant say I remember noticing it—but, of
course, it may have been there all the time."
1287,hastings,Ill be quiet. But I must leave this place. Joseph and I can go in and sleep at the Rest House.
1288,japp,"Havent heard it spoken of for years, though. Wed better have a look inside it. Never know, we might find a pointer of some kind."
1289,watson,"But there are some pretty little problems among them. Heres the
     record of the Tarleton murders, and the case of Vamberry, the wine
     merchant, and the adventure of the old Russian woman, and the
     singular affair of the aluminium crutch, as well as a full account of
     Ricoletti of the club-foot, and his abominable wife. And here--ah,
     now, this really is something a little recherché."
1290,japp,"We know some one was with him at half-past nine. If
that visitor turned up as soon as you left, and after he went, Miss
Ackroyd came in to say good-night—well, he wouldnt be able to go on
with the letter until close upon ten oclock."
1291,watson,I ought to make you sign a paper to that effect.
1292,watson,"Yes, sir; prints it in pencil. Just the word, nothing more. Heres
     the one I brought to show you--soap. Heres another--match. This is
     one he left the first morning--daily gazette. I leave that paper with
     his breakfast every morning."
1293,watson,"We have quite come to the conclusion that he wounded himself in his
     fall."
1294,hastings,"One prefers to remain incognito. I am not anxious for notoriety. I
have not even troubled to correct the local version of my name."
1295,watson,"There was a movement and an exclamation from my right, and peering
     through the gloom, I saw Whitney, pale, haggard, and unkempt, staring
     out at me."
1296,japp,"Just a couple of proverbs. Well, I must be off. Got a little business in the next street to see to—receiving stolen jewellery. I thought Id just drop in on my way and put your mind at rest. Pity to let those grey cells function unnecessarily."
1297,watson,"but a country doctor, as you very astutely
     observed. I think that I am fairly justified in my inferences. As to
     the adjectives, I said, if I remember right, amiable, unambitious,
     and absent-minded. It is my experience that it is only an amiable man
     in this world who receives testimonials, only an unambitious one who
     abandons a London career for the country, and only an absent-minded
     one who leaves his stick and not his visiting-card after waiting an
     hour in your room."
1298,hastings,well make a note of that. It will be something for the police to go on. The man may have some connection with the case.
1299,hastings,"Thats an idea, that is. Ought to be put in a book."
1300,japp,"Weve found a man who went in and bought some tobacco at 5:30. And a second man went in and found the shop empty, as he thought, at five minutes past six. That puts the time at between 5:30 and 6:5. So far I havent been able to find anyone who saw this man Ascher in the neighbourhood, but, of course, its early as yet. He was in the Three Crowns at nine oclock pretty far gone in drink. When we get hold of him hell be detained on suspicion."
1301,japp,"Were you informed, by any chance, how and with what the girl was strangled?"
1302,japp,Just about twenty past eleven. I noticed the clock in the hall as I went out again.
1303,japp,"is very interesting—but hardly in the sphere of
practical politics."
1304,watson,"I take it, Miss Presbury, that there
     is some fresh development in the case, and that you thought we should
     know?"
1305,hastings,And the husband? Did he know about it? What did he feel?
1306,hastings,Is that right?
1307,hastings,I dont know whether he knew about it or not.
1308,hastings,Hed been cross-questioning me about the man with a squint who was looking in at the window that day. He asked me just where hed stood on the path and then he said he was going out to have a look round. He said in detective stories the criminal always dropped a convenient clue.
1309,hastings,Am I correct in supposing that you intend to be a cavalier to one of the ladies?
1310,watson,"But why? What can it matter to him that his landlady should have a
     word of his writing? Still, it may be as you say. Then, again, why
     such laconic messages?"
1311,japp,"Bless you, we get dozens of letters like that coming in every day! People with nothing better to do and a bit weak in the top storey sit down and write em. They dont mean any harm! Just a kind of excitement."
1312,watson,"He gave an exclamation; that was all. I waited but he never
     returned. Then I walked home. Next morning, after the office opened,
     they came to inquire. About twelve oclock we heard the terrible
     news. Oh, Mr. Holmes, if you could only, only save his honour! It was
     so much to him."
1313,watson,"He chuckled and
     rubbed his hands when we found ourselves in the street once more."
1314,hastings,The sanity of a city full of men against the insanity of one man? Remember the long-continued successes of Jack the Ripper.
1315,watson,"I never saw a Devonshire man who did not swear by his county,"
1316,japp,"I was looking to see that all the
flowers were fresh. Oh! yes, I remember now. The silver table was
open—which it had no business to be, and I shut the lid down as I
passed."
1317,japp,"Went out just on nine oclock last night. Was seen in neighborhood of
Fernly Park somewhere about nine-thirty. Not been seen since. Believed
to be in serious money difficulties. Ive got a pair of his shoes
here—shoes with rubber studs in them. He had two pairs, almost exactly
alike. Im going up now to compare them with those footmarks. The
constable is up there seeing that no one tampers with them."
1318,japp,With the schools breaking up and the holidays beginning? People are fairly flooding into the place this week.
1319,japp,"That is to say, theyre not
the same pair that actually made these prints. He went away in those. This is a pair just like them, but older—see how the studs are worn
down."
1320,hastings,"Yes. Blackmail, or no blackmail. I still feel it points to him. And his manner—well, his manner is unfortunate."
1321,japp,"Excuse me, sir, Ive been thinking about that alibi. Its possible, you know, if hed thought this thing out, that those letters were got ready beforehand."
1322,japp,"Theres not going to be much mystery about this crime. Take a look at
the hilt of that dagger."
1323,japp,Lets put it at twenty minutes to twelve. She cannot have been killed very long before that. Say between then and eleven—quarter to eleven at the earliest outside limit.
1324,japp,"As a matter of fact—my last case—I dont know whether you read about it—the Mabel Homer case, the Muswell Hill schoolgirl, you know—that man Capper was extraordinary. Amazingly difficult to pin the crime on to him—it was his third, too! Looked as sane as you or I. But there are various tests—verbal traps, you know—quite modern, of course, there was nothing of that kind in your day. Once you can induce a man to give himself away, youve got him! He knows that you know and his nerve goes. He starts giving himself away right and left."
1325,hastings,"And so he is engaged to Mr. Ackroyds niece, the charming Miss Flora."
1326,watson,"There
     is one question which you can answer with more authority than anyone
     else in the world, and it may make a very great difference to me. You
     know Mr. Holmes and his relations with the police better than anyone
     else can. Supposing that a matter were brought confidentially to his
     knowledge, is it absolutely necessary that he should pass it on to
     the detectives?"
1327,japp,"Im trying to judge the thing
fair and square. Im a local man, and Ive seen Captain Paton many
times in Cranchester. Im not wanting him to be the guilty one—but its
bad whichever way you look at it. If hes innocent, why doesnt he come
forward? Weve got evidence against him, but its just possible that
that evidence could be explained away. Then why doesnt he give an
explanation?"
1328,japp,"Mind you, I dont believe in it, because I know it isnt true. But it is going to be the deuce to break it. This man Strange is a tough character."
1329,watson,"So it proved; for in the morning I found my friend standing on the
     hearthrug with his back to the fire and a smile of complete
     satisfaction upon his face."
1330,japp,"beware of the blind—the blind—_comment
dire?_—the little street that has no end to it."
1331,watson,"It is an interesting case, too, at the bottom of it."
1332,japp,"That is just what I cannot imagine. We have just read through the list of hotel guests. They are all middle-aged—dull. Which of them would Arlena Marshall prefer to Patrick Redfern? No, that is impossible. And yet, all the same, she did go to meet someone—and that someone was not Patrick Redfern."
1333,watson,"Exactly. There was evidently some mark, some thumbprint, something
     which might give a clue to the persons identity. Now. Mrs. Warren,
     you say that the man was of middle size, dark, and bearded. What age
     would he be?"
1334,watson,"Again the agonized cry swept through the silent night, louder and
     much nearer than ever. And a new sound mingled with it, a deep,
     muttered rumble, musical and yet menacing, rising and falling like
     the low, constant murmur of the sea."
1335,japp,"Next—the Redferns. Mr. Redfern is young, attractive to women, a magnificent swimmer, a good tennis player and accomplished dancer. His wife I have already spoken of to you. She is quiet, pretty in a washed-out way. She is, I think, devoted to her husband. She has something that Arlena Marshall did not have."
1336,watson,"A candid
     observer would certainly declare that we were so already before we
     embarked upon so wild an experiment. I confess that I never imagined
     that the effect could be so sudden and so severe."
1337,japp,"Can we have a word
or two alone with you?"
1338,japp,"it was a dry, fine night, you know. He
left no prints on the terrace or on the graveled path. But, unluckily
for him, a spring must have welled up just lately at the end of the
path from the drive. See here."
1339,japp,"Thats a matter for an alienist—though I may say that Ive had a certain experience of criminal lunacy and that the motives are usually grossly inadequate. There is a desire to assert ones personality, to make a splash in the public eye—in fact, to be a somebody instead of a nonentity."
1340,japp,"At any rate such a man cannot escape detection long,"
1341,watson,"it appears to be a case for an
     alienist. The old gentlemans cerebral processes were disturbed by
     the love affair. He made a journey abroad in the hope of breaking
     himself of the passion. His letters and the box may be connected with
     some other private transaction--a loan, perhaps, or share
     certificates, which are in the box."
1342,watson,"We have got our case--one of the
     most remarkable in our collection. But, dear me, how slow-witted I
     have been, and how nearly I have committed the blunder of my
     lifetime! Now, I think that with a few missing links my chain is
     almost complete."
1343,japp,"that money was given to me by Mr. Ackroyd for a special purpose. Miss Ackroyd never touched it. When she
says she did, she is lying with the idea of shielding Captain Paton. The truth is as I said, and I am prepared to go into the witness box
and swear to it."
1344,watson,"We sat in silence for some minutes, Holmes more depressed and shaken
     than I had ever seen him."
1345,japp,"He says he went there because he was born
in Kent."
1346,japp,What is it? Diamorphine Hydrochloride. Stuff thats usually called Heroin.
1347,watson,"She dropped her thick black veil over her face and glided
     from the room."
1348,japp,"My God, are you telling me were going to have five more murders?"
1349,watson,"and the contents of the
     paper showed that Mr. Horace Harker had got his account into print
     after all. Two columns were occupied with a highly sensational and
     flowery rendering of the whole incident. Holmes propped it against
     the cruet-stand and read it while he ate. Once or twice he chuckled."
1350,watson,"As we walked home together, Holmes stopped at a telegraph office and
     sent off several wires."
1351,hastings,"even if they had been open, no one could have entered or left the room that way. My fellows and I have assured ourselves of that. It is the same with all the other windows giving on the open country. They all have iron bars and all the bars are in good condition. To have got into your wifes room, a stranger must have come through the arched doorway into the courtyard. But we have the united assurance of the guard, the cook and the houseboy that nobody did so."
1352,japp,"He kept his money like that, in an unlocked drawer. Just fancy,"
1353,hastings,"You have not the trust in me of Miss Flora,"
1354,japp,What place in the house would he be likely to select? I got it straight away. The hall stand—no one ever moves a hall stand. With a lot of trouble I got it moved out from the wall—and there it was!
1355,japp,Thats what I dropped in about. Yesterday was the 21st and just out of curiosity I rang up Andover last night. It was a hoax all right. Nothing doing. One broken shop window—kid throwing stones—and a couple of drunk and disorderlies. So just for once our Belgian friend was barking up the wrong tree.
1356,japp,"It had quite slipped my memory. Let me see, what was the date mentioned?"
1357,watson,"When the detective departed my friend rose and made his preparations
     for the days work with the alert air of a man who has a congenial
     task before him."
1358,japp,"While you pursued your investigations upstairs I have been conversing with Miss Barnard and Mr. Fraser, endeavouring if I could to find something that will throw light upon the matter."
1359,watson,"I have been turning it
     over in my mind, and I can see only one way out of it. It is worth
     trying, at all events."
1360,japp,"——Does not ask for loans for himself or subscriptions for others,"
1361,watson,"I think it is time now that we took our friend Lestrade
     into our confidence. He has had his little smile at our expense, and
     perhaps we may do as much by him if my reading of this problem proves
     to be correct. Yes, yes; I think I see how we should approach it."
1362,watson,"In that case I shall come out to-morrow and talk it over with you. Good-bye, and, above all, do not fret until you know that you really
     have a cause for it."
1363,watson,"I have, at least, a well-polished, silver-plated coffee-pot in front
     of me,"
1364,watson,Holmes rose and tossed the end of his cigarette into the grate.
1365,watson,"Have you your stethoscope? Might I ask you--would you have the kindness? I have grave doubts as
     to my mitral valve, if you would be so very good. The aortic I may
     rely upon, but I should value your opinion upon the mitral."
1366,japp,"Now then, I think its all clear so far. Youre Miss Emily Brewster and this is Mr. Patrick Redfern, both staying at the Jolly Roger Hotel. You identify this lady as a fellow guest of yours at the hotel—the wife of a Captain Marshall?"
1367,watson,"The greatest and perhaps the wealthiest. I am aware, Mr. Holmes,
     that you take a very high line in professional matters, and that you
     are prepared to work for the works sake. I may tell you, however,
     that his Grace has already intimated that a cheque for five thousand
     pounds will be handed over to the person who can tell him where his
     son is, and another thousand to him who can name the man, or men, who
     have taken him."
1368,japp,"Excluding the waiters, boots, etc., whom I dont think likely, weve got the following. The American—Gardener, Major Barry, Mr. Horace Blatt, and the Reverend Stephen Lane."
1369,watson,"Gregory, let me recommend to your attention this singular epidemic
     among the sheep. Drive on, coachman!"
1370,watson,"We certainly owe Brother Mycroft a debt for
     having introduced us to what promises to be a really very remarkable
     case."
1371,watson,"Some fumes which are not poisonous would be a welcome change,"
1372,watson,"The little man obeyed in a half-stupefied fashion, and we heard him
     stumbling down the stairs in the dark."
1373,watson,"said this singular
     epistle. There was neither superscription nor signature. I laughed at
     the quaint message; but Holmes showed unwonted seriousness."
1374,watson,"You have
     saved us a long walk, which would have brought us back on our own
     traces. Let us follow the return track."
1375,japp,"I shouldnt put so much
stress on the footmarks if it wasnt for everything else."
1376,japp,"Man found an open window. Climbed in, saw
Mr. Ackroyd sitting there—maybe hed fallen asleep. Man stabbed him
from behind, then lost his nerve and made off. But hes left his tracks
pretty clearly. We ought to get hold of _him_ without much difficulty. No suspicious strangers been hanging about anywhere?"
1377,japp,"Youll remember what the American lady, Mrs. Gardener, said. She sort of hinted that Miss Darnley was sweet on Captain Marshall. Thered be a motive there, sir."
1378,japp,But it is not the wicked blackmailer who lies dead. It is the victim.
1379,japp,"Only found it this morning, sir. Not had time to report yet. There was no sign of the knife in his room—"
1380,watson,"Mortimer, James, M.R.C.S., 1882, Grimpen, Dartmoor, Devon. House-surgeon, from 1882 to 1884, at Charing Cross Hospital. Winner
     of the Jackson prize for Comparative Pathology, with essay entitled
     Is Disease a Reversion? Corresponding member of the Swedish
     Pathological Society. Do We Progress? Medical Officer for the parishes of Grimpen, Thorsley, and High
     Barrow."
1381,watson,"By the time that I got out into the grounds Sherlock Holmes was on
     the roof, and I could see him like an enormous glow-worm crawling
     very slowly along the ridge. I lost sight of him behind a stack of
     chimneys, but he presently reappeared, and then vanished once more
     upon the opposite side. When I made my way round there I found him
     seated at one of the corner eaves."
1382,japp,"You have a word in your language—slick. This crime seemed to me a very slick crime! It made me wonder if, perhaps, it was not a first attempt."
1383,watson,"It is no joke when a
     tall man has to take a foot off his stature for several hours on end. Now, my dear fellow, in the matter of these explanations we have, if
     I may ask for your co-operation, a hard and dangerous nights work in
     front of us. Perhaps it would be better if I gave you an account of
     the whole situation when that work is finished."
1384,japp,"If the Marshall womans death is the result of her getting mixed-up, innocently or otherwise, with the dope-running stunt, then wed better hand the whole thing over to Scotland Yard. Its their pigeon. Eh? What do you say?"
1385,hastings,He may have been. I cant really tell you anything about that.
1386,hastings,My wife receives threatening letters. She has reason to fear a certain person. Then she is—killed. And you ask me to believe that she is killed—not by that person—but by someone entirely different! I say that that is ridiculous.
1387,japp,"Were naturally anxious not to have to call in
Scotland Yard. Raglan seems very sure of himself, but Im not quite
certain that I agree with him. You see, I—er—know the parties concerned
better than he does. This fellow doesnt seem out after kudos, does he? Would work in with us unobtrusively, eh?"
1388,japp,That ought to help us considerably. Puts it within very narrow limits—less than an hour all told.
1389,japp,"Ill take this with me, M. Poirot. If you care to take a copy of it—"
1390,japp,"That, too, is my watchword. Method, order, and
the little gray cells."
1391,japp,"I admit everything; I was at my wits end for money. I never saw my
uncle that evening after he left the dinner-table. As to the money, you
can take what steps you please. Nothing could be worse than it is now!"
1392,japp,"I went to the address given me by Hartigan, but found that Cust had left the house about half an hour previously. He received a telephone message, Im told. First time such a thing had happened to him, so his landlady told me."
1393,japp,"Hes a wary bird,
I gather. A lot of abuse, but very little more."
1394,watson,"I feel a foil as
     quick and supple as my own. He got home upon me very prettily that
     time. So his name was Sherlock Holmes, was it?"
1395,watson,"Our investigation has been
     independent, and our action shall be so also. You would not denounce
     the man?"
1396,watson,"perhaps you would not be very
     gracious either, if, after all the trouble of wooing and wedding, you
     found yourself deprived in an instant of wife and of fortune. I think
     that we may judge Lord St. Simon very mercifully and thank our stars
     that we are never likely to find ourselves in the same position. Draw
     your chair up and hand me my violin, for the only problem we have
     still to solve is how to while away these bleak autumnal evenings."
1397,japp,"That is it—the blind street that leads nowhere. So it may be with
those fingerprints—they may lead you nowhere."
1398,japp,"The fool has given us ample warning. The 11th isnt till Wednesday of next week. That gives ample time for a publicity campaign in the press. Doncaster will be thoroughly warned. Every soul whose name begins with a D will be on his or her guard—thats so much to the good. Also, well draft police into the town on a fairly large scale. Thats already been arranged for by consent of all the Chief Constables in England. The whole of Doncaster, police and civilians, will be out to catch one man—and with reasonable luck, we ought to get him!"
1399,japp,"It may be that here
we have a very important clew."
1400,watson,"Once that warrant was made out nothing on earth would save him. Once
     or twice in my career I feel that I have done more real harm by my
     discovery of the criminal than ever he had done by his crime. I have
     learned caution now, and I had rather play tricks with the law of
     England than with my own conscience. Let us know a little more before
     we act."
1401,japp,"Its not much good looking for motives at this stage, Mr. Clarke,"
1402,japp,"She, too, was a most superior girl. Very quiet and ladylike. An
excellent worker."
1403,japp,"I know nothing about any money. If you think I took it, and that that
is why Mr. Ackroyd dismissed me, you are wrong."
1404,watson,"As he has himself said, it is no possible business of his."
1405,hastings,Can you tell me what arrangements I can make about the funeral?
1406,hastings,Linda? I dont know. I expect shes mooning round the island somewhere.
1407,japp,"Hercule Poirot says he knows the reason the man went there that
night,"
1408,hastings,"My fellows are good scouts at scouring the countryside and investigating Arab blood feuds, but frankly, Leidner, this business of your wifes seems to me rather out of my class. The whole thing looks confoundedly fishy. Im more than willing to have the fellow take a look at the case."
1409,japp,"You know, Monsieur Poirot, its a nasty business—a nasty business…I dont like it…."
1410,japp,"I see you dont let the grass grow under your feet, Mr. Poirot. It
will be a pleasure to work with you, Im sure. Were going to take that
young gentlemans fingerprints as soon as we can lay hands upon him."
1411,watson,"I had not even time to put on my hat. I must not stop, or my
     brother may miss me. I wanted to say to you how sorry I am about the
     stupid mistake I made in thinking that you were Sir Henry. Please
     forget the words I said, which have no application whatever to you."
1412,japp,"Youd quite got the wind up about it, hadnt you?"
1413,japp,for a defence to be offered at this stage? I thought prisoners always reserved their defence.
1414,japp,"As you say, Crome, pulling him in is only a matter of time."
1415,hastings,"What about her husband? Did he mind, do you think?"
1416,watson,"that I make a mistake in
     explaining. Omne ignotum pro magnifico, you know, and my poor
     little reputation, such as it is, will suffer shipwreck if I am so
     candid. Can you not find the advertisement, Mr. Wilson?"
1417,japp,"Yes. Hes an obstinate devil. And its difficult to see just where the flaw is. Supposing Strange is making a mistake and the man wasnt Cust—why on earth should he say his name is Cust? And the writing in the hotel register is his all right. You cant say hes an accomplice—homicidal lunatics dont have accomplices! Did the girl die later? The doctor was quite firm in his evidence, and anyway it would take some time for Cust to get out of the hotel at Eastbourne without being seen and get over to Bexhill—about fourteen miles away—"
1418,watson,"I am sure we are honoured by your presence and to show you all we
     know,"
1419,japp,"Mightnt have had time to go on with the letter just then,"
1420,japp,"Looked as though he wanted to conceal his
face. Sure it was no one you know?"
1421,watson,A masterpiece. You have never risen to a greater height.
1422,watson,"You think then, definitely, that Barker and Mrs. Douglas are guilty
     of the murder?"
1423,japp,"I think, sir, that we can wash out the first two entries. Mrs. Castle tells me that the Mastermans and the Cowans come here regularly every summer with their children. This morning they went off on an all-day excursion sailing, taking lunch with them. They left just after nine oclock. A man called Andrew Baston took them. We can check up from him, but I think we can put them right out of it."
1424,japp,"Lot of harm done by blurting out things at
the wrong time."
1425,japp,Yes. Oh! she didnt do it! She couldnt have done it—physically impossible as you said. Marshall could have done it—but apparently he didnt.
1426,japp,"I said to myself, let us examine past crimes of a similar kind and if there is a crime that closely resembles this one—eh bien, we shall have there a very valuable clue."
1427,watson,"I suppose it is pretty thick, now that you mention it."
1428,watson,"I think that if you knew all that I had in this
     box you would ask me to pull some out instead of putting others in."
1429,japp,"And you say she never left the beach this morning, M. Poirot?"
1430,watson,"The incident left a most unpleasant impression upon my mind. The
     violent and causeless excitement, followed by this brutality of
     speech, so far removed from his usual suavity, showed me how deep was
     the disorganization of his mind. Of all ruins, that of a noble mind
     is the most deplorable. I sat in silent dejection until the
     stipulated time had passed. He seemed to have been watching the clock
     as well as I, for it was hardly six before he began to talk with the
     same feverish animation as before."
1431,watson,"I should never have known you under that moustache, and I
     dare say you would not be prepared to swear to me. This I presume is
     your celebrated friend, Mr. Sherlock Holmes?"
1432,japp,"Yes, thats true, sir. We always come back to that, dont we?"
1433,watson,"said he, throwing them
     down again with a shrug of disappointment."
1434,japp,"Its going to be
an important piece of evidence in more ways than one."
1435,japp,"Naturally. But several different women have walked this way—and men
as well. Its a regular short cut to the house, you see. It would be
impossible to sort out all the footsteps. After all, its the ones on
the window-sill that are really important."
1436,watson,"Here on the moor we are homely
     folk and do not wait for formal introductions. You may possibly have
     heard my name from our mutual friend, Mortimer. I am Stapleton, of
     Merripit House."
1437,japp,"I may tell you, inspector, that weve formed an association of our own to deal with the matter. A legion of interested parties."
1438,japp,"A
chap cant be murdering some one in one place when hes drinking in the
bar in another place a mile away."
1439,watson,"There are unexplored
     possibilities about you. Take a wire down, like a good fellow. Will
     examine your case with pleasure."
1440,hastings,A person who is sleeping quite soundly will often wake up at the sound of a footfall. If the table could be reached from the window it would be the safer way.
1441,watson,"I should be most happy to go down with you if I should not be in the
     way,"
1442,japp,"For the moment, yes. And you, you have seen all the patients?"
1443,watson,"I owe you a
     thousand apologies. I had no idea that you would be so affected."
1444,japp,"Get me out a list of all stocking manufacturing firms and circularize them. I want a list of all their agents—you know, fellows who sell on commission and tout for orders."
1445,watson,"Not another word did he say of the case until late that night, when
     he was turning away, with his lighted candle, for his bedroom."
1446,japp,"No, no, I do not mean that—you would not hurt a poor old man—not be hard on him. Everyone is hard on poor old Franz. Poor old Franz."
1447,watson,"I cried with all the enthusiasm
     of a man fresh from the fogs of Baker Street. But Holmes shook his head gravely."
1448,watson,"I owe you both my thanks and an apology. It was an unjustifiable
     experiment even for ones self, and doubly so for a friend. I am
     really very sorry."
1449,watson,"He was indeed a deplorable spectacle. In the dim light of a foggy
     November day the sick room was a gloomy spot, but it was that gaunt,
     wasted face staring at me from the bed which sent a chill to my
     heart. His eyes had the brightness of fever, there was a hectic flush
     upon either cheek, and dark crusts clung to his lips; the thin hands
     upon the coverlet twitched incessantly, his voice was croaking and
     spasmodic. He lay listlessly as I entered the room, but the sight of
     me brought a gleam of recognition to his eyes."
1450,japp,"At last we have a piece of information that is very definite. That tells one something, does it not?"
1451,watson,"I suppose that its influence is physically a bad one. I find it,
     however, so transcendently stimulating and clarifying to the mind
     that its secondary action is a matter of small moment."
1452,japp,"Blackmailers arent in the habit of bumping off their victims. But what it does give us is this, it suggests a reason for Mrs. Marshalls curious behaviour this morning. Shed got a rendezvous with this fellow who was blackmailing her, and she didnt want either her husband or Redfern to know about it."
1453,japp,"its an idea. Ill look into it all right,
but dont you be disappointed if nothing comes of it."
1454,japp,"I shouldnt wonder if you ended by detecting your own death,"
1455,japp,"Let me see. This silver table is in front of one of the
windows, I think you said, doctor?"
1456,japp,"Well keep that
for the inquest. The blow was delivered by a right-handed man
standing behind him, and death must have been instantaneous. By the
expression on the dead mans face, I should say that the blow was quite
unexpected. He probably died without knowing who his assailant was."
1457,watson,but I have never seen a place to compare with it.
1458,watson,"His revolver cracked, and I saw the blood spurt from the front of
     Woodleys waistcoat. He spun round with a scream and fell upon his
     back, his hideous red face turning suddenly to a dreadful mottled
     pallor. The old man, still clad in his surplice, burst into such a
     string of foul oaths as I have never heard, and pulled out a revolver
     of his own, but before he could raise it he was looking down the
     barrel of Holmess weapon."
1459,hastings,"So thats what he was after, was it? By Jove, I wonder if he did find anything. A bit of a coincidence if both he and Miss Johnson discovered a clue to the identity of the murderer at practically the same time."
1460,watson,"Well, Holmes, I must confess that when I consider that this is a man
     who would certainly brush any obstacle from his path, and when I
     remember that his wife may have been an obstacle and an object of
     dislike, as that man Bates plainly told us, it seems to me--"
1461,japp,"youve been bitten with all this
psychoanalysis stuff? Now, Im a plain man——"
1462,japp,"Cant say definitely without knowing more about her. Lots of factors to take into account. Lets see, its quarter to one now. What time was it when you found her?"
1463,japp,"Sometimes these quiet ones are the most violent underneath, so to speak. Its all bottled up. He may have been madly fond of her—and madly jealous. But hes not the kind to show it."
1464,japp,No news as yet. All men available are on the lookout. All persons whose name begins with C are being warned by phone when possible. Theres just a chance. Wheres the letter?
1465,watson,"His collaboration may be very necessary, for we are
     dealing on this occasion, Mr. Holmes, with a man to whom violence is
     familiar and who will, literally, stick at nothing. I should say that
     there is no more dangerous man in Europe."
1466,japp,"I can only tell you one thing. He is a man who is in a condition of great nervous tension. Also he is, I think, a fanatic."
1467,japp,"Im terribly sorry for
this! A good kind gentleman like Mr. Ackroyd. The butler says it is
murder. No possibility of accident or suicide, doctor?"
1468,japp,"It was none of my doing. I understand Mr. Ackroyd found fault with
her yesterday afternoon. It was her duty to do the study, and she
disarranged some of the papers on his desk, I believe. He was very
annoyed about it, and she gave notice. At least, that is what I
understood from her, but perhaps youd like to see her yourselves?"
1469,hastings,"No, he has not been here for some time. But he is the son—adopted son,
rather—of Mr. Ackroyd of Fernly Park."
1470,watson,"My experience of camp life in Afghanistan had at least had the effect
     of making me a prompt and ready traveller. My wants were few and
     simple, so that in less than the time stated I was in a cab with my
     valise, rattling away to Paddington Station. Sherlock Holmes was
     pacing up and down the platform, his tall, gaunt figure made even
     gaunter and taller by his long grey travelling-cloak and
     close-fitting cloth cap."
1471,japp,"Reads all right. Mrs. Richard Folliott, Marby Grange,
Marby. Whos this woman?"
1472,hastings,"Facts? Facts? Lies told by an Indian cook and a couple of Arab house-boys. You know these fellows as well as I do, Reilly, so do you, Maitland. Truth as truth means nothing to them. They say what you want them to say as a mere matter of politeness."
1473,watson,"Yes, yes,
     it must be so."
1474,japp,"Can you tell me if this dagger was in its
place then?"
1475,japp,I apologize. I was following a train of thought of my own.
1476,japp,"I must see Miss Ackroyd at once. For the
moment well leave this room exactly as it is. I can return here after
Ive heard what Miss Ackroyd has to tell me. I shall just take the
precaution of shutting and bolting the window."
1477,japp,Youll see! You wont be able to serve teas fast enough!
1478,watson,"My own inclinations are to push this inquiry on, for we have
     already lost so much time that we cannot afford to waste another
     hour. On the other hand, we are bound to inform the police of the
     discovery, and to see that this poor fellows body is looked after."
1479,japp,"Oh! yes, I forgot. He said: Tell Parker I dont want anything more
to-night, and that hes not to disturb me. I met Parker just outside
the door and gave him uncles message."
1480,watson,"I dont think you have anything to fear now for a week at least,"
1481,watson,"This gentleman is also in the
     plot already, though I certainly did not expect to see him this
     morning. However, he is in a position to tell us a good deal which I
     want to know."
1482,watson,"The authority in Holmess voice had its effect upon the bearers. Peters had suddenly vanished into the house, and they obeyed these
     new orders."
1483,japp,"On Friday evening last, outside the gates of Fernly Park. You asked me
the way there."
1484,japp,"I suppose young Lucas thought he might rush it through. Hes a trier, I will say. Insanitys the only defence possible."
1485,hastings,"Look here, Leidner, Im going to read to you exactly what every member of your expedition was doing between one and two this afternoon."
1486,watson,"This was
     not the bird that I was looking for."
1487,japp,That fits in with my idea. A man from London or somewhere.
1488,japp,"No. 1, Dr. Sheppard; No. 2, my humble self. One
from Major Blunt will be forthcoming in the morning."
1489,japp,"Do you really think
thats the explanation of the telephone call?"
1490,japp,Yes. It was open and turned face downward on the counter. Looked as though someone had been looking up the trains from Andover. Either the old woman or a customer.
1491,japp,"Surrey? My word, sir, it fits, doesnt it? I wonder…."
1492,watson,"My blood ran cold in my veins, for there was a break in his voice
     which told of the sudden horror which had seized him."
1493,watson,Holmes looked thoughtful and remained in silence for some moments.
1494,watson,"It cannot much matter to him whether it is early
     or late for the orchids. But you will come on, will you not, and see
     Merripit House?"
1495,watson,"You see
     how it is with me, and you know just as much about the matter as I
     do. If you will come down to Baskerville Hall and see me through Ill
     never forget it."
1496,watson,"He put his two forefingers between his teeth and whistled shrilly--a
     signal which was answered by a similar whistle from the distance,
     followed shortly by the rattle of wheels and the clink of horses
     hoofs."
1497,watson,"It was burned to a black cinder, but there could be no question as to
     its anatomical significance."
1498,watson,"Theyve gone, Mr. Holmes. They went by the last train. The lady
     broke away, and Ive got her in a cab downstairs."
1499,japp,It is the nest of the horse that I put my nose into there.
1500,watson,"To-morrow it will be but a
     dreadful memory."
1501,hastings,Not in the least. I puzzled and puzzled over it but I couldnt even get a glimmering.
1502,japp,"My dear Inspector, she came down to the beach before Mrs. Marshall could have reached Pixy Cove and she was within my sight until she set off with Mr. Redfern in the boat."
1503,japp,Wont you tell me what it is that has been stolen?
1504,japp,"You have not got rid of me so easily, you see!"
1505,japp,"No, no, I mean more than that. The death of Nellie Parsons for instance tells me nothing. But the death of Alice Corrigan—tell me, Inspector Colgate, do you not notice one striking form of similarity in this crime?"
1506,japp,"Though we dont
have murders every day in this quiet little corner of the world."
1507,japp,"Not so that we can discover. Mr. Ackroyd never kept anything of
particular value in this room."
1508,japp,"If youll excuse me, sir, Miss Flora saw him after that."
1509,japp,"But, my friend, according to your theory, Arlena Marshall had broken with this mythical man. Why, then, should she take such trouble and pains to meet him?"
1510,hastings,Theres the French Fathers disappearance to be cleared up too. My men are out hunting around in case hes been knocked on the head and his body rolled into a convenient irrigation ditch.
1511,japp,"Mr. Ackroyd had perfect faith in the honesty of all the servants,"
1512,hastings,Well—not exactly. As a matter of fact I saw a fair amount of her one way and another.
1513,hastings,"Is it your opinion, nurse, that Miss Johnson deliberately administered this stuff to herself?"
1514,japp,"We can narrow it down a bit, sir. We might almost rule out the American, I think. He was on the beach all the morning. Thats so, isnt it, M. Poirot?"
1515,japp,"Yes, but is it really so? Thats what Im getting at."
1516,japp,With insanity there can be no acquittal. Imprisonment during His Majestys pleasure is hardly preferable to death.
1517,japp,And there was nothing—how shall I put it—introduced into the shop? Nothing that was odd there—incongruous?
1518,watson,"I read as follows:

     46, Old Jewry,
     Nov. 19th. Re Vampires
     Sir:
     Our client, Mr. Robert Ferguson, of Ferguson and Muirhead, tea
     brokers, of Mincing Lane, has made some inquiry from us in a
     communication of even date concerning vampires. As our firm
     specializes entirely upon the assessment of machinery the matter
     hardly comes within our purview, and we have therefore recommended
     Mr. Ferguson to call upon you and lay the matter before you. We have
     not forgotten your successful action in the case of Matilda Briggs. We are, sir,
     Faithfully yours,
     Morrison, Morrison, and Dodd. per E. J. C."
1519,japp,"It was a dark night, you see,
and the fellow had his coat collar well pulled up and his hat squashed
down over his eyes."
1520,japp,"Yes—yes, now you come to speak of it I think he did limp. Very dark, he might have been some kind of half-caste."
1521,japp,"Are you suggesting that Miss Darnleys mixed up in this? Nonsense, seems absurd to me. Why should she be?"
1522,japp,"Unless it was deliberately intended to throw you off the scent. That
might just possibly be the point of the telephone message."
1523,watson,"and get out the papers of the Conk-Singleton forgery case. Good-bye, Lestrade. If any little problem comes your way I shall be
     happy, if I can, to give you a hint or two as to its solution."
1524,watson,"Never mind, my dear lady. You will hear from me, Mr. Cummings. With
     the help of the god of justice I will give you a case which will make
     England ring. You will get news by to-morrow, Miss Dunbar, and
     meanwhile take my assurance that the clouds are lifting and that I
     have every hope that the light of truth is breaking through."
1525,watson,"I
     thought at first that you had done something clever, but I see that
     there was nothing in it, after all."
1526,watson,"It is fair to tell you so, though I know it will only be an
     additional reason to you for running your head into danger. But there is danger, and you should know it."
1527,watson,"This was news to me indeed. If there were another man with such
     singular powers in England, how was it that neither police nor public
     had heard of him? I put the question, with a hint that it was my
     companions modesty which made him acknowledge his brother as his
     superior. Holmes laughed at my suggestion."
1528,japp,Cromes in a fog. Exert those cellular arrangements of yours I used to hear so much about. Show us the way he did it.
1529,watson,"The
     famous doctor strode out of our cottage in considerable ill-humour,
     and within five minutes Holmes had followed him. I saw him no more
     until the evening, when he returned with a slow step and haggard face
     which assured me that he had made no great progress with his
     investigation. He glanced at a telegram which awaited him and threw
     it into the grate."
1530,japp,"Very well. None of them correspond. That leaves us two alternatives. Ralph Paton, or the mysterious stranger the doctor here tells us about. When we get hold of those two——"
1531,watson,"And yet there are singular points about it which hold out some
     hopes for our client."
1532,watson,"Our millionaire does not seem to shine in private life,"
1533,japp,"Ill look into it. What gave you the idea
in the first place?"
1534,japp,"Mrs. Raglan would not agree, I am sure, to that,"
1535,watson,"We sat for some time in silence after our visitors had left. Holmes
     smoked hard, with his browns drawn down over his keen eyes, and his
     head thrust forward in the eager way characteristic of the man."
1536,japp,"I think we shall manage the inquest for the day after tomorrow, Captain Marshall."
1537,watson,"He wrung his hands in an agony of
     apprehension, and swayed backwards and forwards in his chair. I looked with interest upon this man, who was accused of being the
     perpetrator of a crime of violence. He was flaxen-haired and handsome
     in a washed-out negative fashion, with frightened blue eyes and a
     clean-shaven face, with a weak, sensitive mouth. His age may have
     been about twenty-seven; his dress and bearing that of a gentleman. From the pocket of his light summer overcoat protruded the bundle of
     endorsed papers which proclaimed his profession."
1538,japp,"Well go
up to The Larches together, and acquaint our Belgian friend with the
latest news."
1539,japp,"Ill have a watch kept on anyone connected with the Ascher business. Those two witnesses, Partridge and Riddell, and of course Ascher himself. If they show any sign of leaving Andover theyll be followed."
1540,hastings,"You are in error, my friend. You do not understand my meaning. A robbery would be a relief since it would dispossess my mind of the fear of something else."
1541,hastings,"Well, what I mean to say—strangled, you know. Same idea. Feller suddenly sees red!"
1542,watson,"The records of your detective have reached us
     here, and you could not celebrate him without being known yourself. When Mortimer told me your name he could not deny your identity. If
     you are here, then it follows that Mr. Sherlock Holmes is interesting
     himself in the matter, and I am naturally curious to know what view
     he may take."
1543,japp,"Might be worth while to find out if J.N. really did go to China. Otherwise—well, he might be the person were looking for. Crazy about the woman, idealizing her, suddenly finding out hed been played for a sucker. It sounds to me as though this is the boy Miss Brewster mentioned. Yes, I think this might be useful."
1544,hastings,"On every page,
many, many times was the word I. What _he_ thought—what _he_ did. But you—you have kept your personality in the background; only once or
twice does it obtrude—in scenes of home life, shall we say?"
1545,japp,"Im afraid youre right, sir. If its dope, then its a case for the Yard."
1546,japp,Surely a great many people wear shoes with rubber studs in them?
1547,watson,"I have some recollection that you go armed upon
     these excursions of ours."
1548,watson,"It has enabled you to probe my secret. Yes, I have a case. After a month of trivialities and stagnation the wheels move once
     more."
1549,japp,I dont know. I walked. It must have been midnight or after when I got home.
1550,japp,I—well—Im not exactly sure. I think he was bald. A sinister-looking fellow.
1551,hastings,Not at all. Never said anything of the sort. Just letting you know that hes the sort of fellow who could go berserk on occasions.
1552,japp,"Right, sir. Mr. Poirots done some good stuff in his time, but I think hes a bit gaga now, sir."
1553,japp,"Strangled with her own belt—a thick, knitted affair, I gather."
1554,watson,"I sank back in my chair in some disappointment. Was it for so trivial
     a question as this that I had been summoned from my work? Holmes
     glanced across at me."
1555,watson,"With this assurance our American bowed and departed. Holmes had lit his pipe, and he sat for some time with a curious
     smile upon his face."
1556,hastings,"No—but I could see, of course, that it was a corrosive acid."
1557,japp,"Im afraid I shall not be able to be of much aid to you, then?"
1558,japp,"If
Mr. Ackroyd paid that money away himself, it may have a bearing on the
mystery of the crime. The other servants all right, as far as you know?"
1559,watson,"There is some devilry going
     forward! Why should such a message stop in such a way? I should put
     Scotland Yard in touch with this business--and yet, it is too
     pressing for us to leave."
1560,japp,Better put a constable on to timing one or two things. From the hotel across the island to the top of the ladder. Let him do it running and walking. Same thing with the ladder itself. And somebody had better check the time it takes to go on a float from the bathing beach to the cove.
1561,japp,"Pull yourself together. Im not charging you with anything—yet. And youre not bound to make a statement unless you like. On the other hand, if youre not concerned in the murder of your wife—"
1562,japp,"Theres a question
or two its my duty to put to you, miss, but Id prefer to do so
privately, and I dare say youd prefer it also."
1563,japp,"I have a weak heart, sir—a very weak heart, it might have been the death of me."
1564,japp,"But that, you see, was where I was wrong. Because, although her husband appeared almost immediately on the beach and asked if I had seen her, Patrick Redfern arrived also—and was most patently and obviously looking for her! And therefore, my friends, I am asking myself, who was it that Arlena Marshall went off to meet?"
1565,hastings,Nothing to show whether she took it herself from the laboratory?
1566,japp,"lets have a look at the
other one, Elsie Dale."
1567,japp,"The chambermaid heard him typing up till five minutes to eleven. Miss Darnley saw him at twenty minutes past, and the woman was dead at a quarter to twelve. He says he spent that hour typing in his room, and it seems quite clear that he was typing in his room. That washes Captain Marshall right out."
1568,japp,"Quite a good advertisement for a hair tonic, hed be. Face fungus sprouting finer than ever. Coming out into the limelight, too, in his old age. Mixed up in all the celebrated cases of the day. Train mysteries, air mysteries, high society deaths—oh, hes here, there and everywhere. Never been so celebrated as since he retired."
1569,watson,"I wish you simply to report facts in the fullest
     possible manner to me, and you can leave me to do the theorizing."
1570,japp,"Thats an idea, that is. Ought to be put in a book."
1571,hastings,"I observe that you do not
quit my side. How say you, Dr. Sheppard, shall we investigate that
summer-house? It interests me."
1572,watson,"we have picked up two clues this morning. One is the bicycle with the Palmer tyre, and we see what that has led
     to. The other is the bicycle with the patched Dunlop. Before we start
     to investigate that, let us try to realize what we do know so as to
     make the most of it, and to separate the essential from the
     accidental."
1573,watson,"and I have
     a piece of work for us both to-night which, if we can bring it to a
     successful conclusion, will in itself justify a mans life on this
     planet."
1574,hastings,"It had quite slipped my memory. Let me see, what was the date mentioned?"
1575,japp,"Were afraid theres
been an attempt at robbery, and we want you to help us. Whats this
room—the billiard room? Come in here and sit down."
1576,watson,"They come at me like bullets. If you
     put it that Mrs. Douglas and Barker know the truth about the murder,
     and are conspiring to conceal it, then I can give you a whole-souled
     answer. I am sure they do. But your more deadly proposition is not so
     clear. Let us for a moment consider the difficulties which stand in
     the way."
1577,hastings,Has the police department been testing the speed of my typing? I hope my character is cleared.
1578,watson,"At half-past twelve we found ourselves upon the steps of Mrs. Warrens house--a high, thin, yellow-brick edifice in Great Orme
     Street, a narrow thoroughfare at the northeast side of the British
     Museum. Standing as it does near the corner of the street, it
     commands a view down Howe Street, with its ore pretentious houses. Holmes pointed with a chuckle to one of these, a row of residential
     flats, which projected so that they could not fail to catch the eye."
1579,japp,"Always posing. Takes in some people. It doesnt take in me. Now then, about the arrangement for Doncaster…."
1580,watson,"Sherlock Holmes rubbed his hands with delight, and I stared with
     astonishment at our client."
1581,watson,"it is time we went down to St. Lukes. Can
     you do without breakfast?"
1582,japp,"If youve spoken the
truth, you wont have anything to complain about. What were you doing
at Fernly Park anyway?"
1583,hastings,But I shouldnt say that theres much doubt about this being the instrument with which Mrs. Leidner was killed!
1584,watson,"Sherlock Holmes and I walked together to the High Street, where he
     stopped at the shop of Harding Brothers, whence the bust had been
     purchased. A young assistant informed us that Mr. Harding would be
     absent until after noon, and that he was himself a newcomer who could
     give us no information. Holmess face showed his disappointment and
     annoyance."
