number,character,quote
1,sh,"It was evidently taken by a snap-shot from a small camera. It
     represented an alert, sharp-featured simian man with thick eyebrows,
     and a very peculiar projection of the lower part of the face like the
     muzzle of a baboon."
2,hp,"In all, I should say the various sums totaled at least twenty thousand
pounds."
3,sh,"Well, that is the curious part of it. You could have got fifteen to
     one yesterday, but the price has become shorter and shorter, until
     you can hardly get three to one now."
4,hp,"I quite understand. And the three young men? Coleman, you say, was inclined to be poetic about her."
5,mm,"I would suggest—this is just a mere suggestion—that the warning should come from somebody who is known to have rather unusual views on these matters. Dr. Haydock’s conversation would lead anyone to suppose that he might view such a thing as murder from an unusual angle. If he were to hint that somebody—Mrs. Sadler—or one of her children—had actually happened to see the transposing of the cachets—well, of course, if Mr. Redding is an innocent man, that statement will mean nothing to him, but if he isn’t—"
6,hp,Why did you say that Miss Grey was a liar?
7,hp,"Didn’t catch his name properly. Oh yes, I’ve heard of him. But I thought he was dead. Dash it, he ought to be dead. What’s he after down here?"
8,mm,I’m going to get a bottle of champagne. We’ll all drink the health of your Uncle Henry.
9,mm,He had a very high opinion of you.
10,sh,"Mr. Holmes, the envelope is a long, thin one of pale blue colour.
     There is a seal of red wax stamped with a crouching lion. It is
     addressed in large, bold handwriting to--"
11,sh,"I think your idea is
     an excellent one."
12,sh,"If they are not worth more than the last ones they are not of much
     use,"
13,sh,"Here is the candle in the window, Mr. Holmes,"
14,sh,"He had lost them all, sir, except the one which was in his blow-pipe
     at the time."
15,mm,"She wouldn’t listen. I—I tried to keep him away from the house. I told him he was not to come here any more. That of course was stupid. I realized that afterwards. It only meant that she went and met him outside the house. I don’t know where. They had various meeting places. He used to call for her in his car at an agreed spot and bring her home late at night. Once or twice he didn’t bring her home until the next day. I tried to tell them it must stop, that it must all cease, but they wouldn’t listen. Verity wouldn’t listen. I didn’t expect him to, of course."
16,hp,Did she say who it was she saw?
17,sh,"Because this stick, though originally a very handsome one has been
     so knocked about that I can hardly imagine a town practitioner
     carrying it. The thick-iron ferrule is worn down, so it is evident
     that he has done a great amount of walking with it."
18,hp,"Well, that was pretty natural under the circumstances, don’t you think?"
19,sh,"Is this cove trying to be funny, or what? I'm not in the funny mood
     myself."
20,hp,"Mr. MacQueen, will you tell me, quite honestly, exactly how you regarded your employer? Did you like him?"
21,hp,"Did he tell you anything about this enemy of his? Did he, for instance, say why his life was threatened?"
22,hp,"See you, I recognize my own weaknesses. It has been said of me that I like to make a case difficult. This solution that you put to me—it is too simple, too easy. I cannot feel that it really happened. And yet, that may be the sheer prejudice on my part."
23,sh,"it's as
     workmanlike a job as I can remember."
24,sh,"You traced him through the telegram, no doubt,"
25,mm,I shall apologize to them for having used them as useful characters to distract attention from my real ideas.
26,hp,"Well, you see, she didn’t actually tell me. As a matter of fact I wasn’t even listening very carefully. I was going over the Jacqueline business in my mind. As far as I remember, Linnet said something about doing people down in business, and that it made her uncomfortable to meet anyone who had a grudge against her family. You see, although I don’t really know the family history very well, I gather that Linnet’s mother was a millionaire’s daughter. Her father was only just ordinary plain wealthy, but after his marriage he naturally began playing the markets or whatever you call it. And as a result of that, of course, several people got it in the neck. You know, affluence one day, the gutter the next. Well, I gather there was someone on board whose father had got up against Linnet’s father and taken a pretty hard knock. I remember Linnet saying: ‘It’s pretty awful when people hate you without even knowing you.’"
27,mm,"He had a very young housekeeper—young enough to be not only his daughter, but his granddaughter. Not a word to anyone, and his family, a lot of nephews and nieces, full of expectations. And when he died, would you believe it, he’d been secretly married to her for two years? Of course Mr. Badger was a chemist, and a very rude, common old man as well, and Sir Ambrose Bercy was a very courtly gentleman, so Mrs. Bantry says, but for all that human nature is much the same everywhere."
28,hp,"I know exactly what you mean, my child, and I agree with you. Mrs. Redfern is not of those who, as your saying goes, ‘sees red.’ She would not be"
29,mm,Was it a man or a woman they saw?
30,hp,"And I’ll tell you this, M. Poirot. Ruth—my wife—was innocent. That I know with complete and absolute certainty. In the intimacy of our life I could not have been deceived. She was an innocent victim of circumstances."
31,hp,An old woman of the name of Ascher who keeps a little tobacco and newspaper shop has been found murdered.
32,mm,"One never knows. His wife died young and I think it possible that her death saddened him very much, though he was never willing to show it. How much he cared for his son and daughters I don’t know. He provided for them. He did his best for them. He did his best for his son, but what his feelings were one cannot say. He was not an easy man to read that way. I think his whole life and interest lay in his profession of making money. It was the making of it, like all great financiers, that interested him. Not the actual money which he secured by it. That, as you might say, was sent out like a good servant to earn more money in more interesting and unexpected ways. He enjoyed finance. He loved finance. He thought of very little else.

“I think he did all that was possible for his son. He got him out of scrapes at school, he employed good lawyers to get him released from Court proceedings whenever possible, but the final blow came, perhaps presaged by some early happenings. The boy was taken to Court on a charge of assault against a young girl. It was said to be assault and rape and he suffered a term of imprisonment for it, with some leniency shown because of his youth. But later, a second and really serious charge was brought against him."
33,hp,Do you think men care for goodness or brains?
34,sh,"said
     my companion, gravely; and as he spoke there rushed into the room
     half a dozen of the dirtiest and most ragged street Arabs that ever I
     clapped eyes on."
35,sh,"And you will report very carefully to me,"
36,mm,"We wondered, you know. I thought you must have gone out for a walk somewhere and I did so hope you wouldn’t overtire yourself. If I had known you had come downstairs and gone out, I would have come with you to show anything there is to show. Not that there is very much."
37,mm,that you will be allowed to do that.
38,mm,"I see. At least—I hope I don’t see,"
39,hp,"I did correspondence with Sir Carmichael in the morning—saw the housekeeper. I wrote letters and did needlework in the afternoon, I fancy. It is difficult to remember. It was quite an ordinary day. I went to bed early."
40,hp,"I’m no end glad we came on this trip. It’s—well, it’s cleared things up. Amazing why it should—but there it is. Linnet’s got her nerve back. She say’s it’s because shes actually faced the business at last."
41,hp,you have just told us that the pistol was out of sight under the settee. Therefore it is hardly credible that it was discovered by accident. It was taken by someone who knew it was there. Therefore that someone must have assisted at the scene.
42,hp,"Well, it’s true enough. Kenneth Marshall and I were more or less children together. The Marshalls lived next door to us. Ken was always nice to me—although condescending, of course, since he was four years older. I’ve not seen anything of him for a long time. It must be—fifteen years at least."
43,hp,Look at Stoneman in 1929. He ended by trying to do away with anyone who annoyed him in the slightest degree.
44,sh,"He has been interesting
     himself also in your business, Mr. Josiah Amberley, though we have
     been working independently. But we both have the same question to ask
     you!"
45,hp,"Dr. Sheppard has been a model of discretion,"
46,hp,"Will you trust me, my child, to do the best I can for you in your bitter trouble?"
47,hp,"No, Monsieur. I have only two other passengers—both English. A Colonel from India, and a young English lady from Baghdad. Monsieur requires anything?"
48,sh,"Well, I couldn't be sure of that, but I dare say my fare knew all
     about it. We pulled up half-way down the street and waited an hour
     and a half. Then the two gentlemen passed us, walking, and we
     followed down Baker Street and along--"
49,mm,"we can’t help—well, thinking about that sort of thing. I mean, there must be some explanation. If the police seem sure it wasn’t an accident, well then it must have been done by somebody and—well, I mean, Miss Temple was a stranger to this place here. It doesn’t seem as if anyone could have done it—anyone local I mean. So it really comes back to—well, I mean, to all of us who were in the coach, doesn’t it?"
50,hp,"I am not mad. It was the little
discrepancy in time that first drew my attention to you—right at the
beginning."
51,mm,for you to give me an answer now.
52,mm,"Joanna’s had enough of that aunt of hers, bossing her around all the time."
53,sh,"Yet we added one more sheaf to our harvest before we left Woolwich
     Station. The clerk in the ticket office was able to say with
     confidence that he saw Cadogan West--whom he knew well by sight--upon
     the Monday night, and that he went to London by the 8.15 to London
     Bridge. He was alone and took a single third-class ticket. The clerk
     was struck at the time by his excited and nervous manner. So shaky
     was he that he could hardly pick up his change, and the clerk had
     helped him with it. A reference to the timetable showed that the 8.15
     was the first train which it was possible for West to take after he
     had left the lady about 7.30."
54,sh,"Here, Lestrade, your brandy-bottle! Put
     her in the chair! She has fainted from ill-usage and exhaustion."
55,mm,the people of St. Mary Mead react rather differently. Chinese philosophy does not appeal to them.
56,hp,"I hardly think so. I suppose he is on board. The information was very precise. Oh, well, one job at a time. Let’s have a go at Pennington."
57,hp,I do not think you have either of you appreciated the most interesting point about that watch.
58,mm,"but you do still know and believe one thing, don’t you?"
59,sh,"that someone is not ill-disposed towards
     you, since they warn you of danger."
60,mm,"Oh, but surely, dear, dear Vicar, you don’t think that he is guilty?"
61,hp,"Now let us go on with the story. He came that
night to the summer-house?"
62,mm,"Getting born, you know, and growing up—and coming into contact with other people—getting jostled—and then marriage and more babies—"
63,hp,"She did not seem excited, or depressed, or upset in any way?"
64,sh,"And now it is
     time that we arranged our little plans. I expect that within an hour
     matters will come to a head. In the meantime Mr. Merryweather, we
     must put the screen over that dark lantern."
65,mm,by the dying wishes of Michael Rafiel’s father. He asked me to do this for him.
66,mm,That makes all the difference in the world.
67,sh,"We were as good as our word, for it was just seven when we reached
     the Copper Beeches, having put up our trap at a wayside public-house.
     The group of trees, with their dark leaves shining like burnished
     metal in the light of the setting sun, were sufficient to mark the
     house even had Miss Hunter not been standing smiling on the
     door-step."
68,hp,I suppose this is the Sherlock Holmes touch!
69,sh,"Can a husband ever carry
     about a secret all his life and a woman who loves him have no
     suspicion of it? I knew it by his refusal to talk about some episodes
     in his American life. I knew it by certain precautions he took. I
     knew it by certain words he let fall. I knew it by the way he looked
     at unexpected strangers. I was perfectly certain that he had some
     powerful enemies, that he believed they were on his track, and that
     he was always on his guard against them. I was so sure of it that for
     years I have been terrified if ever he came home later than was
     expected."
70,hp,but I think I can say definitely that death occurred between midnight and two in the morning.
71,mm,"For myself, I would prefer to wait somewhere peacefully for the return of Mrs. Sandbourne. It is important, I think, that we should know exactly what we are in for."
72,sh,"It
     is certainly ten to one that they go down-stream, but we cannot be
     certain. From this point we can see the entrance of the yard, and
     they can hardly see us. It will be a clear night and plenty of light.
     We must stay where we are. See how the folk swarm over yonder in the
     gaslight."
73,sh,"because you once enabled
     my employer, Mrs. Cecil Forrester, to unravel a little domestic
     complication. She was much impressed by your kindness and skill."
74,sh,"Well, good-morning, Mr. Gibson. You have a good deal yet to learn."
75,sh,"I only wished to ask you how you would go
     from here to the Strand."
76,mm,"Yes indeed. It seems quite impossible to me. I don’t know how you did it, Miss Marple."
77,mm,"Do you know—it’s a curious thing your saying that. Now I come to think back, I believe you’re right. She—yes, she did seem, if anything, to be putting on weight."
78,sh,Mr. Nathan Garrideb shrugged his shoulders with a disconsolate air.
79,mm,"I’m not really as callous as I sound. One treats a thing lightly to take away from the—well, the horror of it."
80,hp,You think Major Blunt has something to conceal also?
81,sh,"I don't know that I have anything else to tell you. I had heard a
     waterman speak of the speed of Smith's launch, the Aurora, so I
     thought she would be a handy craft for our escape. I engaged with old
     Smith, and was to give him a big sum if he got us safe to our ship.
     He knew, no doubt, that there was some screw loose, but he was not in
     our secrets. All this is the truth, and if I tell it to you,
     gentlemen, it is not to amuse you,--for you have not done me a very
     good turn,--but it is because I believe the best defence I can make
     is just to hold back nothing, but let all the world know how badly I
     have myself been served by Major Sholto, and how innocent I am of the
     death of his son."
82,sh,"Mr. Henry Wood, late of India, I believe,"
83,hp,"She’s not very young, and she’s nervous about herself, and she likes to have a nurse around handy. There’s nothing serious the matter with her. She just likes plenty of attention, and she’s willing to pay for it."
84,mm,I am talking at much too great a length. I really must not inflict on you all that I thought and….
85,mm,I talked to Sister Barker on the telephone.
86,mm,You’ve got to go to London and set certain things moving.
87,hp,"You may have noticed I had a new manservant today—a friend of mine—an expert sneak thief. He removed your pistol from your pocket, unloaded it, and returned it, all without you being aware of the fact."
88,hp,"As yet I am only taking you all on a journey—my journey towards the truth. I had now established one fact—that all the members of the expedition staff, and also Nurse Leatheran, could in actual fact have committed the murder. That there was very little likelihood of some of them having committed it was a secondary matter.

“I had examined means and opportunity. I next passed to motive. I discovered that one and all of you could be credited with a motive!"
89,mm,"that I’ve got wasps on the brain. Poor things, destroyed in their thousands—and usually on such a beautiful summer’s day. But I remember thinking, when I saw the gardener shaking up the cyanide of potassium in a bottle with water, how like smelling salts it looked. And if it were put in a smelling salt bottle and substituted for the real one—well, the poor lady was in the habit of using her smelling salts. Indeed you said they were found by her hand. Then, of course, while Mr. Pritchard went to telephone to the doctor, the nurse would change it for the real bottle, and she’d just turn on the gas a little bit to mask any smell of almonds and in case anyone felt queer, and I always have heard that cyanide leaves no trace if you wait long enough. But, of course I may be wrong, and it may have been something entirely different in the bottle; but that doesn’t really matter, does it?"
90,hp,"There may be a natural explanation for that,"
91,mm,"They’d expect to buy it for a song,"
92,sh,"Well, we may save the police some little trouble in that direction,"
93,hp,Yes. He probably hid in that cave until he got his chance.
94,sh,"having secured the future, we can afford to be more lenient with the
     past. I am not in an official position, and there is no reason, so
     long as the ends of justice are served, why I should disclose all
     that I know. As to Hayes I say nothing. The gallows awaits him, and I
     would do nothing to save him from it. What he will divulge I cannot
     tell, but I have no doubt that your Grace could make him understand
     that it is to his interest to be silent. From the police point of
     view he will have kidnapped the boy for the purpose of ransom. If
     they do not themselves find it out I see no reason why I should
     prompt them to take a broader point of view. I would warn your Grace,
     however, that the continued presence of Mr. James Wilder in your
     household can only lead to misfortune."
95,mm,"I want you to make enquiries there about a parcel which was sent from here two days ago, posted from this post office."
96,hp,"I wish, though, M. Poirot, that you’d played up to her a bit. Why didn’t you? Why didn’t you tell her that you were down here investigating a particularly gruesome murder, and that the murderer, a homicidal maniac, was certainly to be found among the guests of the hotel?"
97,hp,"Faith, I’d like to see the old boy pixy-led himself!"
98,sh,"If it's a local villain there should not be much difficulty in
     running him down,"
99,hp,you may not want the truth but—ma foi—you can speak it!
100,mm,"Now, who has been talking? I suppose the girl has. Quite frankly, I’m almost certain she took it. And then got frightened and put it back—but, of course, one can’t say anything unless one is sure."
101,sh,"I confess that you had one small surprise for me,"
102,sh,"My cab's at the door. If you'll loose my legs I'll walk down to it.
     I'm not so light to lift as I used to be."
103,mm,"Nothing professional, that is to say. I have never been a probation officer or indeed sat as a magistrate on a Bench or been connected in any way with a detective agency. To explain to you, Mr. Broadribb, which I think it is only fair for me to do and which I think Mr. Rafiel ought to have done, to explain it in any way all I can say is that during our stay in the West Indies, we both, Mr. Rafiel and myself, had a certain connection with a crime that took place there. A rather unlikely and perplexing murder."
104,mm,"Well, I don’t know that it affected her appearance at all,"
105,hp,"I don’t know why I’ve come to you,"
106,mm,More difficult than the problem of the blue geranium?
107,hp,"It leaves, somehow, too much to chance. And besides—somewhere the picture is not true. I cannot, you see, imagine this man…the man who is mad with rage and jealousy."
108,mm,"Victorian glass of a most hideous kind, I think myself. No expense spared. I’m afraid my uncle was partly to blame. He was very pleased with those rather crude reds and blues."
109,hp,"What are you hinting at, M. Poirot? What is the meaning of all this?"
110,sh,"The old hall, oak-panelled and high-windowed, had been turned into a
     court of investigation. Holmes sat in a great, old-fashioned chair,
     his inexorable eyes gleaming out of his haggard face. I could read in
     them a set purpose to devote his life to this quest until the client
     whom he had failed to save should at last be avenged. The trim
     Inspector Martin, the old, grey-headed country doctor, myself, and a
     stolid village policeman made up the rest of that strange company.

     The two women told their story clearly enough. They had been aroused
     from their sleep by the sound of an explosion, which had been
     followed a minute later by a second one. They slept in adjoining
     rooms, and Mrs. King had rushed in to Saunders. Together they had
     descended the stairs. The door of the study was open and a candle was
     burning upon the table. Their master lay upon his face in the centre
     of the room. He was quite dead. Near the window his wife was
     crouching, her head leaning against the wall. She was horribly
     wounded, and the side of her face was red with blood. She breathed
     heavily, but was incapable of saying anything. The passage, as well
     as the room, was full of smoke and the smell of powder. The window
     was certainly shut and fastened upon the inside. Both women were
     positive upon the point. They had at once sent for the doctor and for
     the constable. Then, with the aid of the groom and the stable-boy,
     they had conveyed their injured mistress to her room. Both she and
     her husband had occupied the bed. She was clad in her dress--he in
     his dressing-gown, over his night clothes. Nothing had been moved in
     the study. So far as they knew there had never been any quarrel
     between husband and wife. They had always looked upon them as a very
     united couple.

     These were the main points of the servants' evidence. In answer to
     Inspector Martin they were clear that every door was fastened upon
     the inside, and that no one could have escaped from the house. In
     answer to Holmes they both remembered that they were conscious of the
     smell of powder from the moment that they ran out of their rooms upon
     the top floor."
111,sh,"She hated me, Mr. Holmes. She hated me with all the fervour of her
     tropical nature. She was a woman who would do nothing by halves, and
     the measure of her love for her husband was the measure also of her
     hatred for me. It is probable that she misunderstood our relations. I
     would not wish to wrong her, but she loved so vividly in a physical
     sense that she could hardly understand the mental, and even
     spiritual, tie which held her husband to me, or imagine that it was
     only my desire to influence his power to good ends which kept me
     under his roof. I can see now that I was wrong. Nothing could justify
     me in remaining where I was a cause of unhappiness, and yet it is
     certain that the unhappiness would have remained even if I had left
     the house."
112,sh,No one could have known. We only decided after I met Dr. Mortimer.
113,mm,"I thought they would be at hand somewhere after they’d given me the whistle. I do not think it was a difficult house to which to gain access, there were no shuttered windows or burglar alarms or anything of that kind. One of them came back on the pretext of having left a handbag and a scarf. Between them they probably managed to leave a window unfastened, and I should imagine they came back into the house almost as soon as they left it, while the inhabitants inside were going up to bed."
114,mm,"Well, really, my dear, that’s very kind of you. I’ve always wanted to have the chance of looking for buried treasure. And,"
115,mm,"She talks of going to live abroad again. At Taormina, I think. She was there with her husband a lot and they were very happy. She’s been at home with us now for many years, but she seems to have this longing to get away and to travel. Sometimes I think—sometimes I think she doesn’t like being in the same house as Anthea."
116,hp,That fits in with my idea. A man from London or somewhere.
117,sh,"There was a paragraph amplifying this in one of the society papers
     of the same week. Ah, here it is:"
118,sh,"But
     I would not have let the young man come to harm. I give you my word
     that I would have spoken out if it went against him at the Assizes."
119,mm,Because the interpretation is up to you. I want to see if you’re as clever as you always make out.
120,hp,"And unluckily I didn’t hear anything at all. I can’t think why not. After all, Linnet’s cabin is only one away from mine. I should think I’d have been bound to hear the shot. Go along, Tim; they’re waiting for you."
121,mm,"No, no, my dear young lady. You need have no fears on that score. The story I am about to tell is a perfectly simple and straightforward one and can be followed by any layman."
122,hp,"To Let’ sign appeared in the windows. On the other side was a house with somewhat grimy muslin curtains.

To this house Poirot betook himself and, there being no bell, executed a series of sharp flourishes with the knocker.

The door was opened after some delay by a very dirty child with a nose that needed attention.

“Good evening,"
123,hp,"Your full Christian names and address, Madame. Perhaps you would prefer to write them yourself?"
124,mm,"It’s a nice day, it is. I see you’ve got your curtains drawn back already. You’ve slept well then?"
125,sh,"were scrawled upon one
     side. It was pierced in the brim for a hat-securer, but the elastic
     was missing. For the rest, it was cracked, exceedingly dusty, and
     spotted in several places, although there seemed to have been some
     attempt to hide the discoloured patches by smearing them with ink."
126,mm,"He told me, you know, when I first worked for him, that he was going to give me a very good salary but that I would have to save out of it because I needn’t expect to have anything more from him. Well, I certainly didn’t expect to have anything more from him. He was very much a man of his word, wasn’t he? But apparently he changed his mind."
127,mm,"I know just the sort of thing you mean, dear,"
128,sh,"Inspector Martin had the good sense to allow my friend to do things
     in his own fashion, and contented himself with carefully noting the
     results. The local surgeon, an old, white-haired man, had just come
     down from Mrs. Hilton Cubitt's room, and he reported that her
     injuries were serious, but not necessarily fatal. The bullet had
     passed through the front of her brain, and it would probably be some
     time before she could regain consciousness. On the question of
     whether she had been shot or had shot herself he would not venture to
     express any decided opinion. Certainly the bullet had been discharged
     at very close quarters. There was only the one pistol found in the
     room, two barrels of which had been emptied. Mr. Hilton Cubitt had
     been shot through the heart. It was equally conceivable that he had
     shot her and then himself, or that she had been the criminal, for the
     revolver lay upon the floor midway between them."
129,sh,"We got off, paid our fare, and the trap rattled back on its way to
     Leatherhead."
130,sh,"I could see that the end had not been in his mouth. Therefore he
     used a holder. The tip had been cut off, not bitten off, but the cut
     was not a clean one, so I deduced a blunt pen-knife."
131,sh,"I have to thank you for a good deal,"
132,hp,"Now then, you old dog. I know you Frenchmen!"
133,sh,"Mrs. Lyons had resumed her seat. Her hands were grasping the arms of
     her chair, and I saw that the pink nails had turned white with the
     pressure of her grip."
134,mm,"About a very beautiful girl whom you killed,"
135,mm,"I haven’t told you that yet. The day was fixed. The time, the hour and the place, and I waited. Waited for a bride and bridegroom who didn’t come, who sent no word, no excuse, nothing. I didn’t know why! I never have known why. It still seems to me unbelievable. Unbelievable, I mean, not that they did not come, that could be explicable easily enough, but that they sent no word. Some scrawled line of writing. And that is why I wondered and hoped that Elizabeth Temple, before she died, might have told you something. Given you some message perhaps for me. If she knew or had any idea that she was dying, she might have wanted to get a message to me."
136,sh,that you left your key in the door?
137,sh,"this is surely most unfair and ungenerous upon your
     part. I desired, as I have explained, to keep my visit to you a
     secret, lest my husband should think that I was intruding into his
     affairs. And yet you compromise me by coming here and so showing that
     there are business relations between us."
138,hp,"Now, may I ask you a few questions?"
139,mm,"I really feel I owe a great deal to Mary, I am so thankful I had the resolution to get rid of that other girl. Mary is really invaluable. Cooks nicely and waits beautifully and keeps our little flat scrupulously clean—mattresses turned over every day. And she is really wonderful with Emily!"
140,hp,Sure. Get right on with it and let me clear my character if I can.
141,mm,keep your beliefs. Heaven forbid that I should in any way shatter them.
142,hp,"that proves at least that Cassetti—or Ratchett, as I shall continue to call him—was certainly alive at twenty minutes to one."
143,hp,"Ah! but that raises rather an interesting question. They would notice a stranger undoubtedly—but would they have even noticed a member of the expedition? The members of the staff are passing in and out all day. The servants would hardly notice their going and coming. It is possible, I think, that either Mr. Carey or Mr. Coleman might have entered and the servants’ minds would have no remembrance of such an event."
144,hp,"Oh yes, I do. The string broke. It was loosely done up in the way they do in the village. It was candles—they were scattered on the floor. I helped her to pick them up."
145,sh,"Have you, though? You haven't been slow on the job if you only
     started this morning. Maybe dear Adelbert has met his match this
     time. The outer study is the one with the Chinese crockery in it--big
     glass cupboard between the windows. Then behind his desk is the door
     that leads to the inner study--a small room where he keeps papers and
     things."
146,mm,I had rather an unusual letter from a firm of solicitors.
147,sh,"Ah, yes, the box. The professor brought back a little wooden box
     from his travels. It was the one thing which suggested a Continental
     tour, for it was one of those quaint carved things which one
     associates with Germany. This he placed in his instrument cupboard.
     One day, in looking for a canula, I took up the box. To my surprise
     he was very angry, and reproved me in words which were quite savage
     for my curiosity. It was the first time such a thing had happened,
     and I was deeply hurt. I endeavoured to explain that it was a mere
     accident that I had touched the box, but all the evening I was
     conscious that he looked at me harshly and that the incident was
     rankling in his mind."
148,hp,"I don’t see how you make that out,"
149,mm,"I thought this might have been something to do with her or something she knew about,"
150,hp,"You think that this girl, Jacqueline de Bellefort, is incapable of a premeditated cold-blooded murder?"
151,sh,"The Inspector here has done all that could possibly be
     suggested, but I wish to leave no stone unturned in trying to avenge
     poor Straker and in recovering my horse."
152,hp,"Yes, it’s much the best thing. It’s not been any too easy loafing about the house and making conversation."
153,hp,And I don’t believe that Linda killed Arlena. It’s ridiculous—absurd!
154,mm,"but you don’t know as much of life as I do. A man of that Jones’s type—coarse and jovial. As soon as I heard there was a pretty young girl in the house I felt sure that he would not have left her alone. It is all very distressing and painful, and not a very nice thing to talk about. I can’t tell you the shock it was to Mrs. Hargraves, and a nine days’ wonder in the village."
155,hp,"Yes, you are right. A cold-blooded and cruel woman. For me, I was in great difficulty. Was Linda guilty only of the childish attempt at witchcraft, or had her hate carried her still further—to the actual act? I tried to get her to confess to me. But it was no good. At that moment I was in grave uncertainty. The Chief Constable was inclined to accept the dope smuggling explanation. I couldn’t let it go at that. I went over the facts again very carefully. I had, you see, a collection of jig-saw puzzle pieces, isolated happenings—plain facts. The whole must fit into a complete and harmonious pattern. There were the scissors found on the beach—a bottle thrown from a window—a bath that no one would admit to having taken—all perfectly harmless occurrences in themselves, but rendered significant by the fact that no one would admit to them. Therefore, they must be of significance. Nothing about them fitted in with the theories of either Captain Marshall’s or Linda’s, or of a dope gang’s being responsible. And yet they must have meaning. I went back again to my first solution—that Patrick Redfern had committed the murder. Was there anything in support of that? Yes, the fact that a very large sum of money was missing from Arlena’s account. Who had got that money? Patrick Redfern of course. She was the type of woman easily swindled by a handsome young man—but she was not at all the type of woman to be blackmailed. She was far too transparent, not good enough at keeping a secret. The blackmailer story had never rung true to my mind. And yet there had been that conversation overheard—ah, but overheard by whom? Patrick Redfern’s wife. It was her story—unsupported by any outside evidence. Why was it invented? The answer came to me like lightning. To account for the absence of Arlena’s money!

“Patrick and Christine Redfern. The two of them were in it together. Christine hadn’t got the physical strength to strangle her or the mental makeup. No, it was Patrick who had done it—but that was impossible! Every minute of his time was accounted for until the body was found.

“Body—the word stirred something in my mind—bodies lying on the beach—all alike. Patrick Redfern and Emily Brewster had got to the Cove and seen a body lying there. A body—suppose it was not Arlena’s body but somebody else’s? The face was hidden by the great Chinese hat.

“But there was only one dead body—Arlena’s. Then, could it be—a live body—someone pretending to be dead? Could it be Arlena herself, inspired by Patrick to play some kind of a joke. I shook my head—no, too risky. A live body—whose? Was there any woman who would help Redfern? Of course—his wife. But she was a white-skinned delicate creature. Ah yes, but suntan can be applied out of bottles—bottles—I had one of my jig-saw pieces. Yes, and afterwards, of course, a bath—to wash that telltale stain off before she went out to play tennis. And the scissors? Why, to cut up that duplicate cardboard hat—an unwieldy thing that must be got out of the way, and in the haste the scissors were left behind—the one thing that the pair of murderers forgot.

“But where was Arlena all the time? That again was perfectly clear. Either Rosamund Darnley or Arlena Marshall had been in the Pixy’s Cave, the scent they both used told me that. It was certainly not Rosamund Darnley. Then it was Arlena, hiding till the coast should clear.

“When Emily Brewster went off in the boat, Patrick had the beach to himself and full opportunity to commit the crime. Arlena Marshall was killed after a quarter to twelve, but the medical evidence was only concerned with the earliest possible time the crime could have been committed. That Arlena was dead at a quarter to twelve was what was told to the doctor, not what he told the police.

“Two more points had to be settled. Linda Marshall’s evidence gave Christine Redfern an alibi. Yes, but that evidence depended on Linda Marshall’s wristwatch. All that was needed was to prove that Christine had had two opportunities of tampering with the watch. I found those easily enough. She had been alone in Linda’s room that morning—and there was an indirect proof. Linda was heard to say that she was ‘afraid she was going to be late,’ but when she got down it was only twenty-five past ten by the lounge clock. The second opportunity was easy—she could alter the watch back again as soon as Linda turned her back and went down to bathe.

“Then there was the question of the ladder. Christine had always declared she had no head for heights. Another carefully prepared lie.

“I had my mosaic now—each piece beautifully fitted into its place. But, unfortunately, I had no definite proof. It was all in my mind.

“It was then that an idea came to me. There was an assurance—a slickness about the crime. I had no doubt that in the future Patrick Redfern would repeat his crime. What about the past? It was remotely possible that this was not his first killing. The method employed, strangulation, was in harmony with his nature—a killer for pleasure as well as for profit. If he was already a murderer I was sure that he would have used the same means. I asked Inspector Colgate for a list of women victims of strangulation. The result filled me with joy. The death of Nellie Parson found strangled in a lonely copse might or might not be Patrick Redfern’s work—it might merely have suggested choice of locality to him, but in Alice Corrigan’s death I found exactly what I was looking for. In essence the same method. Juggling with time—a murder committed not, as is the usual way, before it is supposed to have happened, but afterwards. A body supposedly discovered at a quarter past four. A husband with an alibi up to twenty-five past four.

“What really happened? It was said that Edward Corrigan arrived at the Pine Ridge, found his wife not there, and went out and walked up and down. Actually, of course, he ran full speed to the rendezvous, Caesar’s Grove (which you will remember was quite nearby), killed her and returned to the café. The girl hiker who reported the crime was a most respectable young lady, games mistress in a well-known girls’ school. Apparently she had no connection with Edward Corrigan. She had to walk some way to report the death. The police surgeon only examined the body at a quarter to six. As in this case the time of death was accepted without question.

“I made one final test. I must know definitely if Mrs. Redfern was a liar. I arranged our little excursion to Dartmoor. If anyone has a bad head for heights, they are never comfortable crossing a narrow bridge over running water. Miss Brewster, a genuine sufferer, showed giddiness. But Christine Redfern, unconcerned, ran across without a qualm. It was a small point, but it was a definite test. If she had told one unnecessary lie—then all the other lies were possible. In the meantime Colgate had got the photograph identified by the Surrey Police. I played my hand in the only way I thought likely to succeed. Having lulled Patrick Redfern into security, I turned on him and did my utmost to make him lose his self-control. The knowledge that he had been identified with Corrigan caused him to lose his head completely."
156,hp,Alas! I have shocked you. First my inertia—and then my views.
157,sh,"I was lying awake about two in the morning, when I was
     aware of a dull muffled sound coming from the passage. I opened my
     door and peeped out. I should explain that the professor sleeps at
     the end of the passage--"
158,sh,"We had reached our house in Baker Street while we had been talking. 
     Holmes ascended the stair first, and as he opened the door of our
     room he gave a start of surprise.  Looking over his shoulder, I was
     equally astonished.  His brother Mycroft was sitting smoking in the
     arm-chair."
159,mm,"Oh yes. Well, if I did, I shouldn’t be at all satisfied to trust to fright. I know one reads of people dying of it, but it seems a very uncertain sort of thing, and the most nervous people are far more brave than one really thinks they are. I should like something definite and certain, and make a thoroughly good plan about it."
160,sh,"No, he was averse to it also. No one but Mr. McCarthy was in favour
     of it."
161,mm,That’s the point of the telephone call. Kind of alibi. Knew we’d connect it with the first one. I’m going to look into this. She may have bribed some village lad to do the phoning for her. He’d never think of connecting it with the murder.
162,sh,"I went home to Saxe-Coburg Square, and I took the advice of my
     assistant. But he could not help me in any way. He could only say
     that if I waited I should hear by post. But that was not quite good
     enough, Mr. Holmes. I did not wish to lose such a place without a
     struggle, so, as I had heard that you were good enough to give advice
     to poor folk who were in need of it, I came right away to you."
163,sh,"I have so deep a respect for the extraordinary qualities of Holmes
     that I have always deferred to his wishes, even when I least
     understood them. But now all my professional instincts were aroused.
     Let him be my master elsewhere, I at least was his in a sick room."
164,sh,"That is
     very fortunate, as I have one or two matters of importance to look
     into just at present. Your Majesty will, of course, stay in London
     for the present?"
165,mm,"You must go on believing as you do,"
166,hp,"That’s the jargon that’s talked nowadays. In my day if a man was mad he was mad and we didn’t look about for scientific terms to soften it down. I suppose a thoroughly up-to-date doctor would suggest putting a man like A B C in a nursing home, telling him what a fine fellow he was for forty-five days on end and then letting him out as a responsible member of society."
167,hp,I’ll never forget this trip as long as I live. Three deaths…It’s just like living in a nightmare.
168,sh,"I trust that you are as comfortable as circumstances permit,"
169,hp,You think she had something to do with the murder?
170,mm,Very curious indeed. But the note seems to me even more curious still. I mean—
171,sh,"What is it worth? What have
     I done? It is my ruin forever!"
172,sh,"said he, putting a new wedding-ring upon the top of the
     pile."
173,sh,"And yet the next day brought us no nearer to the solution of the
     mystery. A note was handed in after breakfast, which Holmes passed
     across to me with a smile.

     Sir [it ran]:
     I can assure you that you are wasting your time in dogging my
     movements. I have, as you discovered last night, a window at the back
     of my brougham, and if you desire a twenty-mile ride which will lead
     you to the spot from which you started, you have only to follow me.
     Meanwhile, I can inform you that no spying upon me can in any way
     help Mr. Godfrey Staunton, and I am convinced that the best service
     you can do to that gentleman is to return at once to London and to
     report to your employer that you are unable to trace him. Your time
     in Cambridge will certainly be wasted.
     Yours faithfully,
     Leslie Armstrong."
174,hp,"There was nothing, Monsieur. Nothing, I am positive of it."
175,mm,"perhaps she wasn’t so far wrong. And mind you, a nurse often knows. She can’t say—she’s got no proof—but she knows."
176,hp,I don’t know at all. Which of them was it?
177,hp,"We’ve found a man who went in and bought some tobacco at 5:30. And a second man went in and found the shop empty, as he thought, at five minutes past six. That puts the time at between 5:30 and 6:5. So far I haven’t been able to find anyone who saw this man Ascher in the neighbourhood, but, of course, it’s early as yet. He was in the Three Crowns at nine o’clock pretty far gone in drink. When we get hold of him he’ll be detained on suspicion."
178,hp,"No, Mr. Clarke. You were safe enough so long as no one suspected you. Once you were suspected proofs were easy to obtain."
179,mm,"Oh, much better, my dear. In these days men age so much quicker than women. I know it used not to be said so, but actually it’s true. I mean, they get more things the matter with them. I think, perhaps, they worry and work too much. And then they get high blood pressure or low blood pressure or sometimes a little heart trouble. They’re rather prone to gastric ulcers, too. I don’t think we worry so much, you know. I think we’re a tougher sex."
180,hp,"It fits, Madame, here. It is part of the cat."
181,sh,A flush sprang to the white cheeks of the stranger.
182,sh,"My own idea of the game, at any rate,"
183,sh,"I've seen you handle a good many cases, Mr.
     Holmes, but I don't know that I ever knew a more workmanlike one than
     that. We're not jealous of you at Scotland Yard. No, sir, we are very
     proud of you, and if you come down to-morrow there's not a man, from
     the oldest inspector to the youngest constable, who wouldn't be glad
     to shake you by the hand."
184,sh,"It is
     entirely a question of barometric pressure."
185,mm,"Miss Marple, I mean, I believe—I do really believe you know the truth."
186,hp,"Oh! that’s typically Devonshire. There’s the pixy’s cave at Sheepstor on the Moor. You’re supposed to leave a pin, you know, as a present for the pixy. A pixy is a kind of moor spirit."
187,hp,"That’s just what I did think. Do you mean he just died in his sleep? Why, the old man was as tough as—as tough—"
188,mm,"Oh no, she’s clever, she is. Knows Latin and Greek, I believe. Would have liked to go to university but she had to look after her mother who was an invalid for a long time. But she was very fond of Miss—now, what was her name?—Faith perhaps. She was very fond of her and treated her like a daughter. And then along comes this young what’s-his-name, Michael I think it was—and then one day the girl just goes off without saying a word to anyone. I don’t know if Miss Clotilde knew as she was in the family way."
189,mm,"I agree with Clotilde that those two don’t seem real, if you know what I mean,"
190,mm,"Very like Colonel Protheroe, but I don’t know about it being absurd,"
191,mm,"It’s all very well, but they are the only two people who had a motive for making away with Protheroe."
192,hp,"Oh, no. No, indeed. I know one far far stronger than I am."
193,hp,"You knew who he really was, of course?"
194,sh,"When our hansom deposited us at the house of Mrs. Merrilow, we found
     that plump lady blocking up the open door of her humble but retired
     abode. It was very clear that her chief preoccupation was lest she
     should lose a valuable lodger, and she implored us, before showing us
     up, to say and do nothing which could lead to so undesirable an end.
     Then, having reassured her, we followed her up the straight, badly
     carpeted staircase and were shown into the room of the mysterious
     lodger.

     It was a close, musty, ill-ventilated place, as might be expected,
     since its inmate seldom left it. From keeping beasts in a cage, the
     woman seemed, by some retribution of fate, to have become herself a
     beast in a cage. She sat now in a broken armchair in the shadowy
     corner of the room. Long years of inaction had coarsened the lines of
     her figure, but at some period it must have been beautiful, and was
     still full and voluptuous. A thick dark veil covered her face, but it
     was cut off close at her upper lip and disclosed a perfectly shaped
     mouth and a delicately rounded chin. I could well conceive that she
     had indeed been a very remarkable woman. Her voice, too, was well
     modulated and pleasing."
195,mm,"It’s like this, you see. As Uncle Mathew grew older, he got more and more suspicious. He didn’t trust anybody."
196,hp,I’ve never known her anything but sweet to him. I suppose she was fond of him. He’s a dear—wrapped up in his own world—his digging and his theories. And he worshipped her and thought her perfection. That might have annoyed some women. It didn’t annoy her. In a sense he lived in a fool’s paradise—and yet it wasn’t a fool’s paradise because to him she was what he thought her. Though it’s hard to reconcile that with—
197,hp,"You comprehend what I am about to ask of you. I know your powers. Take command of this investigation! No, no, do not refuse. See, to us it is serious—I speak for the Compagnie Internationale des Wagons Lits. By the time the Yugo-Slavian police arrive, how simple if we can present them with the solution! Otherwise delays, annoyances, a million and one inconveniences. Perhaps, who knows, serious annoyance to innocent persons. Instead—you solve the mystery! We say, ‘A murder has occurred—this is the criminal!’"
198,hp,a person A who has grievously wronged a person B. The person B desires the revenge. The person B makes the threats.
199,hp,She knew something—and she was blackmailing the murderer with her knowledge. We thought she wasn’t being quite straight this morning.
200,mm,Oh! I’ve been so stupid. May I guess again? Of course it must have been that. Blackmail! The companion woman was blackmailing her. Only I don’t see why Miss Marple says it was clever of her to kill herself. I can’t see that at all.
201,mm,"I have done something extremely stupid. Of late years I make so many mistakes. This was a parcel addressed to a charity. I send them clothes—pullovers and children’s woollies, and I did it up and addressed it and it was sent off—and only this morning it came to me suddenly that I’d made a mistake and written the wrong address. I don’t suppose any list is kept of the address of parcels—but I thought someone might have just happened to remember it. The address I meant to put was The Dockyard and Thames Side Welfare Association."
202,hp,"My orderly mind, that is vexed by trifles! Miss Brewster, this morning, was bathing off the rocks before breakfast, and she says that a bottle was thrown from above and nearly hit her. Eh bien, I want to know who threw that bottle and why?"
203,hp,She mayn’t have known she was going to meet him. He may have sent her a message in some other person’s name.
204,mm,"Go on, Aunt Jane, and tell us what was so startlingly clear to you."
205,sh,"We have no right to take anything for granted,"
206,hp,"The secretary said there were no papers of particular importance on
the desk,"
207,mm,"You suggested, I suppose, that it might be better if he did,"
208,mm,"A golden crested wren, I think he was. A sweet little fellow. I had my glasses out, and that’s how I happened to see Miss Cram (if it was Miss Cram, and I think so), join them."
209,mm,"When anything is possible, I think we ought to take precautions."
210,hp,"Well, you see, Cousin Marie—that’s Miss Van Schuyler—never gets up very early. She has to be very, very careful of her health. And of course she wanted Miss Bowers, that’s her hospital nurse, to do things for her. And she said, too, that this isn’t one of the best temples—but she was frightfully kind and said it would be quite all right for me to come."
211,mm,So you are not going to tell me anything either?
212,sh,"My old friend
     here will tell you that I have an impish habit of practical joking.
     Also that I can never resist a dramatic situation. I took the
     liberty--the very great liberty, I admit--of putting the stone into
     your pocket at the beginning of our interview."
213,mm,"No, no, I didn’t mean that. But either you know too much—which might be dangerous … I think I am going to stay here to keep an eye on you."
214,sh,"CHAPTER XII
          Death on the Moor


     For a moment or two I sat breathless, hardly able to believe my ears.
     Then my senses and my voice came back to me, while a crushing weight
     of responsibility seemed in an instant to be lifted from my soul.
     That cold, incisive, ironical voice could belong to but one man in
     all the world."
215,mm,"I think, you know, that I believe it too."
216,mm,I wondered if any of you could guess.
217,sh,"We were
     chatting about the matter when you came in, Inspector. Perhaps you
     can let us have a few details."
218,sh,"we are all ready to acknowledge that you are a
     smart man, and that you have your own methods of working. We want
     something more than mere theory and preaching now, though. It is a
     case of taking the man. I have made my case out, and it seems I was
     wrong. Young Charpentier could not have been engaged in this second
     affair. Lestrade went after his man, Stangerson, and it appears that
     he was wrong too. You have thrown out hints here, and hints there,
     and seem to know more than we do, but the time has come when we feel
     that we have a right to ask you straight how much you do know of the
     business. Can you name the man who did it?"
219,hp,"I, Mademoiselle? Why, to minister to the American lady."
220,mm,"I incline to suspicion of the city gentleman. He’d know the sort of telegram to get the lady out of the way, and he could manage the rest easily enough with the help of a new lady friend. Nobody seems to have thought of asking him for an alibi."
221,hp,"It is very respectable, very well dressed, but underneath it is all wrong. Out of my experience, I should say he was the big crook. I give you my opinion for what it is worth."
222,hp,"You heard nothing else—the opening or shutting of a door, for instance?"
223,hp,"That’s rather difficult to say, too. It wasn’t easy to know what Mrs. Leidner thought of people. Sometimes, I fancy, he puzzled her. I remember her saying to Dr. Leidner that he was unlike any priest she had ever known."
224,mm,"We were bound to guess, you know. And you haven’t given us the name of the place or anything that really matters."
225,hp,"So did the late Mrs. Marshall. It is chic, eh? And very expensive?"
226,mm,"I think he said pile. But there, I really can’t be sure—it’s so hard to remember the actual words, isn’t it, Miss, especially when they don’t seem to make sense. But now I come to think of it, I am pretty sure that it was a pile, and the fish began with C; but it wasn’t a cod or a crayfish."
227,hp,"James sticks to it that you believe some one in the house committed
the murder. All I can say is, you’re wrong."
228,sh,"There was some delay in the official pass, and instead of reaching
     Winchester that day we went down to Thor Place, the Hampshire estate
     of Mr. Neil Gibson. He did not accompany us himself, but we had the
     address of Sergeant Coventry, of the local police, who had first
     examined into the affair. He was a tall, thin, cadaverous man, with a
     secretive and mysterious manner which conveyed the idea that he knew
     or suspected a very great deal more than he dared say. He had a
     trick, too, of suddenly sinking his voice to a whisper as if he had
     come upon something of vital importance, though the information was
     usually commonplace enough. Behind these tricks of manner he soon
     showed himself to be a decent, honest fellow who was not too proud to
     admit that he was out of his depth and would welcome any help."
229,hp,Do you remember much about that walk back?
230,hp,"I am sure that would be your view. Well, Colonel Arbuthnot, I do not think there is anything more I have to ask you. There is nothing you yourself can recall last night that in any way struck you—or shall we say strikes you now looking back—as suspicious?"
231,sh,"Do you not
     think that we might drive to him now, Sherlock, and learn these
     particulars?"
232,mm,"No. I suppose it might some day, but they think on the whole it was pushed into the river. Ah well, you never know, do you? You never know what you may dig up off a ploughed field or something like that. I was taken once to see all that treasure. Luton Loo was it—some name like that? Somewhere in the East Counties. Under a ploughed field it was. Beautiful. Gold ships and Viking ships and gold plate, enormous great platters. Well, you never know. Any day you may turn up a dead body or you may turn up a gold platter. And it may be hundreds of years old like that gold plate was, or it may be a three-or four-years-old body, like Mary Lucas who’d been missing for four years, they say. Somewhere near Reigate she was found. Ah well, all these things! It’s a sad life. Yes, it’s a very sad life. You never know what’s coming."
233,hp,There is an alphabetical complex. But why an alphabetical complex? A madman in particular has always a very strong reason for the crimes he commits.
234,mm,The maid’s prints are on it. I think they should be satisfactory—she touched an extremely sticky substance a moment previously.
235,sh,"I have said, sir, that it was the night before last--that is,
     September 4th."
236,hp,Your evidence gave her an alibi—yes. But what was your evidence based on? It was based on Linda Marshall’s own wristwatch. You do not know of your own knowledge that it was a quarter to twelve when you left her—you only know that she told you so. You said yourself the time seemed to have gone very fast.
237,mm,But you went to the post office and represented that the parcel was yours.
238,hp,"You and I, M. le docteur, we
investigate this affair side by side. Without you I should be lost. I
desire a little information from the good Mr. Hammond."
239,hp,"I can hardly say that I am surprised. I have
suspected something of the kind for some time."
240,mm,"that if it’s the same person, that she’d be very suitable for my friend."
241,hp,You can at least tell me whether you liked or disliked her?
242,hp,"It sounds horrible, the way you put it."
243,sh,"Your cipher was not difficult, madam. Your presence here was
     desirable. I knew that I had only to flash 'Vieni' and you would
     surely come."
244,mm,Can we go somewhere where we can talk?
245,hp,"But already, mon cher, it was very clearly indicated."
246,mm,"Middleton’s Bank, 132 High Street, St. Mary Mead,"
247,mm,"Her husband was a missionary. Terrible story. He was eaten, you know. Actually eaten. And she was forced to become the chief’s head wife. Dr. Haydock was with an expedition and rescued her."
248,sh,"We'll have some food first. Then you can
     bring round the bicycle."
249,hp,Does Miss Van Schuyler suffer at all from deafness?
250,mm,Built I suppose in the 1700s. Am I right?
251,mm,"Even if you brought it me, I should not drink it."
252,hp,I was wondering why Miss Darnley suddenly volunteered this extra evidence.
253,hp,"Mrs. Gardener’s been in grand form this morning. Absolutely nonstop. ‘Isn’t that so, Odell?’ ‘Yes, darling.’"
254,mm,"if she’d lived just a little longer and not been so weak, she might have told me. But unfortunately, death came a little too soon."
255,mm,"It wouldn’t—to you. But some of the families were very poor, and the old age pension was a great boon to the children. I know it’s difficult for anyone outside to understand. But what I really meant was that the whole thing hinged upon one old woman being so like any other old woman."
256,sh,"I have a small pawnbroker's
     business at Coburg Square, near the City. It's not a very large
     affair, and of late years it has not done more than just give me a
     living. I used to be able to keep two assistants, but now I only keep
     one; and I would have a job to pay him but that he is willing to come
     for half wages so as to learn the business."
257,hp,"And for you love would have been enough, but not for him."
258,hp,"Of the twelve passengers in that coach, nine have been proved to have had a connection with the Armstrong case. What next, I ask you? Or, should I say, who next?"
259,mm,"Actually the next thing was my arrival at The Old Manor House. The kindness of my reception and taking up my stay there under their hospitable roof. That again had been arranged by Mr. Rafiel. So I knew that I must go there, but not for what reason I was to go there. It might be merely a place where more information would come to me to lead me onwards in my quest. I am sorry,"
260,mm,"that you shouldn’t joke about these things as much as you do, Raymond. Arsenic is, of course, quite a possibility. So easy to obtain. Probably present in the toolshed already in the form of weed killer."
261,mm,"I just came to see if you wanted anything,"
262,hp,"Me, I would much like to go to America,"
263,mm,"I haven’t begun yet. ‘First catch your hare—’ as Mrs. Beaton says in her cookery book—a wonderful book but terribly expensive; most of the recipes begin, ‘Take a quart of cream and a dozen eggs.’ Let me see, where was I? Oh, yes. Well, we have, so to speak, caught our hare—the hare being, of course, your Uncle Mathew, and we’ve only got to decide now where he would have hidden the money. It ought to be quite simple."
264,mm,"Julian’s got the intellect, but on the other hand, I’ve got the sense."
265,sh,"this is too much. You would certainly have
     been burned, had you lived a few centuries ago. It is true that I had
     a country walk on Thursday and came home in a dreadful mess, but as I
     have changed my clothes I can't imagine how you deduce it. As to Mary
     Jane, she is incorrigible, and my wife has given her notice, but
     there, again, I fail to see how you work it out."
266,hp,"No, the blood escaped internally into the brain."
267,mm,I don’t feel quite equal to going on travelling and all that. I think a day or two’s rest would be helpful to me after what’s happened.
268,hp,"From Inspector Glen? What can I do for you, Mr. Poirot?"
269,hp,"Some day, I feel, we’ve got to make a stand and fight it out. Her attitude isn’t reasonable."
270,sh,We have been following you about all the morning.
271,hp,"Only yesterday he looked such a happy boy, with everything in the world he wanted. And now his beautiful wife killed and he himself laid up and helpless. I do hope, though—"
272,mm,you ought to be grateful to your father.
273,sh,Perhaps she could not or would not have told you much.
274,mm,"she really radiates integrity. If she had committed a murder, it would be a very popular murder. Perhaps for some noble reason or for some reason that she thought noble?"
275,sh,"I think that my friend and I
     can congratulate ourselves upon several most happy results from our
     little visit to the North. There is one other small point upon which
     I desire some light. This fellow Hayes had shod his horses with shoes
     which counterfeited the tracks of cows. Was it from Mr. Wilder that
     he learned so extraordinary a device?"
276,mm,"I do not for one minute believe that Verity or Michael definitely parted, broke off."
277,mm,I want to find out something more about a girl called Nora Broad.
278,hp,The conductor often has to answer bells at night. Do you remember which compartment it was?
279,mm,"of writing a name—the name—on a piece of paper and giving it to you. Then if, on investigation, you decided that the—the person—is not involved in any way—well, I shall have been quite wrong."
280,mm,"Indeed I can’t. There is Lettice Protheroe, I suppose, since she probably comes into money on her father’s death. But it is absurd to think of her in such a connection, and outside her I can think of nobody."
281,sh,"And yet I question, sir, whether, in all your experience, you have
     ever listened to a more mysterious and inexplicable chain of events
     than those which have happened in my own family."
282,mm,Do you mean a second body connected with the particular crime that we have been considering? A crime that took place ten years ago?
283,sh,"As we left the room we heard his pen travelling shrilly over the
     foolscap.

     The spot where the fragments of the bust had been found was only a
     few hundred yards away. For the first time our eyes rested upon this
     presentment of the great Emperor, which seemed to raise such frantic
     and destructive hatred in the mind of the unknown. It lay scattered
     in splintered shards upon the grass. Holmes picked up several of them
     and examined them carefully. I was convinced from his intent face and
     his purposeful manner that at last he was upon a clue."
284,hp,"Quite frankly, I should have jumped to the conclusion that it was suicide,"
285,mm,"I mean what the young man’s mistake was, and about the burglary."
286,hp,Then do not repeat to yourself the imbecilities. Just make up your mind not to hate your next stepmother.
287,mm,"One of the most frightening words there is in the world,"
288,mm,"If you don’t mind, ma’am, I’ve a few questions to ask you."
289,mm,You think that because I have lived in this out-of-the-way spot all my life I am not likely to have had any very interesting experiences.
290,sh,"You work your own method,
     and I shall work mine. I shall be busy this afternoon, and shall
     probably return to London by the evening train."
291,mm,"Mr. Rafiel was a very shrewd and astute man, a good judge of people. He thought that you, too, were a good judge of people."
292,hp,"The cook has been here seven years, the parlormaid eighteen months,
and Parker just over a year. The others are new. Except for something
fishy about Parker, they all seem quite all right."
293,sh,"I should like you to offer a
     reward--coming from yourself, for the officials may take a little
     time before they would agree upon the sum, and these things cannot be
     done too promptly. I have jotted down the form here, if you would not
     mind signing it. Fifty pound was quite enough, I thought."
294,mm,"I’ve discovered the answers to a lot of things,"
295,sh,"I think a year at sea would be my prescription for Master Jacky,"
296,hp,"Are you suggesting that Miss Darnley’s mixed up in this? Nonsense, seems absurd to me. Why should she be?"
297,hp,How do you know the murderer is of the first class?
298,hp,"Is not that so?
But here we are at Mr. Hammond’s."
299,hp,"But I’m right about her. She was a clever woman and she was bored and she experimented—with people—like other people experiment with chemicals. She enjoyed working on poor old Johnson’s feelings and seeing her bite on the bullet and control herself like the old sport she is. She liked goading little Mercado into a white-hot frenzy. She liked flicking me on the raw—and she could do it too, every time! She liked finding out things about people and holding it over them. Oh, I don’t mean crude blackmail—I mean just letting them know that she knew—and leaving them uncertain what she meant to do about it. My God, though, that woman was an artist! There was nothing crude about her methods!"
300,sh,"He was a
     devil and a monster, and there can be no judge in the world who would
     punish my husband for having killed him."
301,sh,"what you can have to speak
     about which affects me personally in a very intimate fashion."
302,mm,a glass of water would put me right.
303,sh,"See here, Masser Holmes,
     you keep your hands out of other folks' business. Leave folks to
     manage their own affairs. Got that, Masser Holmes?"
304,sh,"Then I shall run over to Camberwell and call upon Mrs. Cecil
     Forrester. She asked me to, yesterday."
305,sh,"I have been on the turf for twenty
     years, and never was asked such a question as that before,"
306,mm,"A glass of hot milk when I go to bed would be very soothing indeed, and always gives one a good night."
307,hp,"Haven’t got the fancy manner for a place like that. No, I never had any connection with the Armstrong house—but I’m beginning to believe I’m about the only one on this train who hadn’t! Can you beat it—that’s what I say? Can you beat it?"
308,sh,"It was just growing dusk at the time. They were lighting the lamps
     as I came back with the brandy."
309,sh,"Appearances are
     against me, I'll admit, but I could act no otherwise."
310,hp,"Yes, I did. I had heard from him—saying he was coming. I dared not
let him come to the house. I wrote to the address he gave me and said
I would meet him in the summer-house, and described it to him so that
he would be able to find it. Then I was afraid he might not wait there
patiently, and I ran out and left a piece of paper to say I would be
there about ten minutes past nine. I didn’t want the servants to see
me, so I slipped out through the drawing-room window. As I came back, I
met Dr. Sheppard, and I fancied that he would think it queer. I was out
of breath, for I had been running. I had no idea that he was expected
to dinner that night."
311,mm,"You know one doesn’t stop at one murder. I have noticed that in the course of my life and in what I have observed of crime. You killed two girls, didn’t you? You killed the girl you loved and you killed a different girl."
312,hp,Quite frequently they do. That is even more upsetting!
313,sh,"Show him up, Billy. This is the eminent peer who represents the very
     highest interests,"
314,hp,"There’s no reason why women shouldn’t behave like rational beings,"
315,mm,"Mrs. Glynne and her two sisters have been very kind,"
316,hp,And what about the psychology? Do not Italians stab?
317,mm,"It will take a little getting used to, I expect,"
318,sh,"Exactly. And it looks out on an angle of the courtyard so as to be
     partly invisible. The man might have effected his entrance there,
     left traces as he passed through the bedroom, and, finally, finding
     the door open have escaped that way."
319,sh,Sir Henry put his hand upon my shoulder with a pleasant smile.
320,hp,It’s about as bad as it can be. Sir Carmichael Clarke has been found with his head bashed in.
321,sh,"What is the use of asking me questions when I tell you I know
     nothing whatever about it?"
322,mm,Now about the sum of money we are holding. It’s at your disposal at any time now. I don’t know whether you would like us to pay it into your bank or whether you would like to consult us possibly as to the investment of it? It’s quite a large sum.
323,hp,I can’t exactly say. He was always quite pleasant in his manner.
324,mm,"What I suffer in the course of my profession from people weeping and gnashing their teeth, and blaming everything on some happening in the past, you would hardly believe. If people knew the bad environments that people have had, the unkindness, the difficulties of their lives and the fact that nevertheless they can come through unscathed, I don’t think they would so often take the opposite point of view. The misfits are to be pitied, yes, they are to be pitied if I may say so for the genes with which they are born and over which they have no control themselves. I pity epileptics in the same way. If you know what genes are—"
325,hp,"Mademoiselle, if you are not married, it is because none of my sex have been sufficiently eloquent. It is from choice, not necessity, that you remain single."
326,mm,"No. My village is called Polperran. It is situated on the west coast of Cornwall; a very wild and rocky spot. I had been introduced a few weeks previously and had found him a most interesting companion. A man of intelligence and independent means, he was possessed of a romantic imagination. As a result of his latest hobby he had taken the lease of Pol House. He was an authority on Elizabethan times, and he described to me in vivid and graphic language the rout of the Spanish Armada. So enthusiastic was he that one could almost imagine that he had been an eyewitness at the scene. Is there anything in reincarnation? I wonder—I very much wonder."
327,mm,"I was extremely comfortable staying with you. Oh yes, I did enjoy it very much. Such a beautiful house. And all your things are so nice. You know, your china and glass and furniture. It’s such a pleasure to be in a home and not a hotel."
328,mm,"Statement was made to me by Mr. Arthur Spenlow, husband of the deceased. Mr. Spenlow says that at two thirty, as far as he can say, he was rung up by Miss Marple, and asked if he would come over at a quarter past three as she was anxious to consult him about something. Now, ma’am, is that true?"
329,hp,"You know, Monsieur Poirot, it’s a nasty business—a nasty business…I don’t like it…."
330,hp,"Well, this isn’t going to be
much of a case. I’m sorry, too. A nice enough young fellow gone wrong."
331,sh,"My professional charges are upon a fixed scale,"
332,hp,"Quite an old friend of yours, so somebody told me,"
333,mm,"He was the kind of man who would always decide to cut his losses. If his son turned out to be unsatisfactory, a burden instead of a blessing, I think he would just shrug the whole thing off. Do what was necessary perhaps in the way of sending him money for support, but never thinking of him again."
334,mm,… although of course I expect it would be nicer for you to be with the others and to—
335,hp,"I next considered Miss Johnson. Was she capable of murder?

“I thought she was. She was a person of strong will and iron self-control. Such people are constantly repressing themselves—and one day the dam bursts! But if Miss Johnson had committed the crime it could only be for some reason connected with Dr. Leidner. If in any way she felt convinced that Mrs. Leidner was spoiling her husband’s life, then the deep unacknowledged jealousy far down in her would leap at the chance of a plausible motive and give itself full rein.

“Yes, Miss Johnson was distinctly a possibility.

“Then there were the three young men.

“First Carl Reiter. If, by any chance, one of the expedition staff was William Bosner, then Reiter was by far the most likely person. But if he was William Bosner, then he was certainly a most accomplished actor! If he were merely himself, had he any reason for murder?

“Regarded from Mrs. Leidner’s point of view, Carl Reiter was far too easy a victim for good sport. He was prepared to fall on his face and worship immediately. Mrs. Leidner despised undiscriminating adoration—and the doormat attitude nearly always brings out the worst side of a woman. In her treatment of Carl Reiter Mrs. Leidner displayed really deliberate cruelty. She inserted a gibe here—a prick there. She made the poor young man’s life a hell to him."
336,sh,"answered my companion, looking at her with a
     questioning and rather startled gaze."
337,sh,"All great criminals have that. My old
     friend Charlie Peace was a violin virtuoso. Wainwright was no mean
     artist. I could quote many more. Well, Sir James, you will inform
     your client that I am turning my mind upon Baron Gruner. I can say no
     more. I have some sources of information of my own, and I dare say we
     may find some means of opening the matter up."
338,mm,"He took us all in that way—myself as much as anyone else. You will remember, dear Mr. Clement, that I was quite taken aback when I heard Mr. Redding had confessed to the crime. It upset all my ideas and made me think him innocent—when up to then I had felt convinced that he was guilty."
339,hp,"I know exactly how you feel. The head spins, does it not?"
340,hp,Whereas one cannot command a crime to order? Very true.
341,mm,"That was a piece of his work. He couldn’t afford to have the police on the spot too soon. When they did come, they spent some time in the manager’s office before going up to the bedroom. That was the weakest point—the chance that someone might notice the difference between a body that had been dead two hours and one that had been dead just over half an hour; but he counted on the fact that the people who first discovered the crime would have no expert knowledge."
342,hp,there’s poison—but that’s always so technical. Or a revolver shot echoing in the night. Then there must be a beautiful girl or two—
343,sh,"said he.

     I heard a click of steel and a bellow like an enraged bull. The next
     instant Holmes and the seaman were rolling on the ground together. He
     was a man of such gigantic strength that, even with the handcuffs
     which Holmes had so deftly fastened upon his wrists, he would have
     very quickly overpowered my friend had Hopkins and I not rushed to
     his rescue. Only when I pressed the cold muzzle of the revolver to
     his temple did he at last understand that resistance was vain. We
     lashed his ankles with cord and rose breathless from the struggle."
344,mm,One of these travel tours? You mean a package tour abroad?
345,hp,She prefers that pompous old bore to me?
346,hp,She’s handsome—yes. I think—she looks rather a beast!
347,hp,"I wondered whether you would remember that. By the way, I was awakened by what sounded like something heavy falling against my door. Have you any idea what that could have been?"
348,mm,"Absolute denial. And, of course, the old lady may have been mistaken. No jury would believe you could recognize anyone from that distance on a moonlit night. And, of course, as I say, the old lady may have made a mistake."
349,sh,"The greatest and perhaps the wealthiest. I am aware, Mr. Holmes,
     that you take a very high line in professional matters, and that you
     are prepared to work for the work's sake. I may tell you, however,
     that his Grace has already intimated that a cheque for five thousand
     pounds will be handed over to the person who can tell him where his
     son is, and another thousand to him who can name the man, or men, who
     have taken him."
350,sh,"Then Nancy fainted, and I caught up the key of the door from her
     hand, intending to unlock it and get help.  But as I was doing it it
     seemed to me better to leave it alone and get away, for the thing
     might look black against me, and any way my secret would be out if I
     were taken.  In my haste I thrust the key into my pocket, and dropped
     my stick while I was chasing Teddy, who had run up the curtain.  When
     I got him into his box, from which he had slipped, I was off as fast
     as I could run."
351,mm,"And I’m afraid they often think we old women are—well, cats, to see things the way we do. But there it is. One does know a great deal about one’s own sex, unfortunately. I’ve no doubt there was a barrier between them. The young man felt a sudden inexplicable repulsion. He suspected, purely through instinct, and couldn’t hide the suspicion. And I really think that the girl’s visit to you was just pure spite. She was safe enough really; but she just went out of her way to fix your suspicions definitely on poor Mr. Templeton. You weren’t nearly so sure about him until after her visit."
352,mm,Of course I loved her. I was devoted to her. And she loved me.
353,sh,"How an English
     gentleman could behave in such a manner is beyond my comprehension.
     But your whole correspondence and relations with Oberstein are within
     our knowledge. So also are the circumstances connected with the death
     of young Cadogan West. Let me advise you to gain at least the small
     credit for repentance and confession, since there are still some
     details which we can only learn from your lips."
354,sh,"said he. There was a whisk of feminine
     skirts down the passage, and the hall door was opened and shut."
355,mm,"but of course one would never dream of doing anything of that kind nowadays, would one? Rather too noisome, I am afraid. We have a few floribunda roses near the house. I really think floribundas are such a great answer to difficulties."
356,mm,"I got even with Geoffrey. I was too clever for Geoffrey. He was going to put me away, was he? Have me shut up in an asylum? I heard them talking about it. Mabel is a good girl—Mabel stuck up for me, but I knew she wouldn’t be able to stand up against Geoffrey. In the end he would have his own way; he always did. But I settled him—I settled my kind, loving son! Ha, ha! I crept down in the night. It was quite easy. Brewster was away. My dear son was asleep; he had a glass of water by the side of his bed; he always woke up in the middle of the night and drank it off. I poured it away—ha, ha!—and I emptied the bottle of eyedrops into the glass. He would wake up and swill it down before he knew what it was. There was only a tablespoonful of it—quite enough, quite enough. And so he did! They came to me in the morning and broke it to me very gently. They were afraid it would upset me. Ha! Ha! Ha! Ha! Ha!"
357,mm,"Really, you know, Scheherazade, this is most refreshing. Our ingenuity is challenged. I’m not so sure you haven’t done it on purpose—to stimulate our curiosity. A few brisk rounds of ‘Twenty Questions’ is indicated, I think. Miss Marple, will you begin?"
358,sh,"Never in my life have I been placed in such a situation. It
     is most improper--most outrageous. I must insist upon some
     explanation."
359,sh,"He seemed to me like a man who was literally bowed down by care. His
     back was curved as though he carried a heavy burden. Yet he was not
     the weakling that I had at first imagined, for his shoulders and
     chest have the framework of a giant, though his figure tapers away
     into a pair of spindled legs."
360,sh,"And, of course, I cannot pretend to be ignorant of the object of
     your visit. There has only been one occurrence in these offices which
     could call for your attention. In whose interest are you acting, may
     I ask?"
361,mm,"I don’t know exactly where you are, Mr. Rafiel, but I have no doubt that you are somewhere—I will do my best to fulfil your wishes."
362,hp,I very much fear she would have believed me.
363,hp,"I perceive that you do not believe that I do know. And yet I have told
you just now that I know everything. The truth of the telephone call,
of the footprints on the window-sill, of the hiding-place of Ralph
Paton——"
364,sh,"I shall be happy to look into it and to give you such advice as I
     can,"
365,sh,"A good cyclist does not need
     a high road. The moor is intersected with paths and the moon was at
     the full. Halloa! what is this?"
366,hp,"I can, I think, appreciate devotion when I see it. I believe, Dr. Leidner, that your love for your wife was the ruling passion of your life. It is so, is it not?"
367,hp,"Say what you like, trial by jury is a sound system."
368,sh,"When the light of the hall lamp fell upon our midnight visitor I had
     no difficulty in recognising him. It was young Stanley Hopkins, a
     promising detective, in whose career Holmes had several times shown a
     very practical interest."
369,hp,"Think so? Well, it’s possible. Damn it all, hasn’t anyone got eyes in their head?"
370,sh,"A most illuminating remark. It is impossible
     as I state it, and therefore I must in some respect have stated it
     wrong. Yet you saw for yourself. Can you suggest any fallacy?"
371,hp,"No, no, I do not agree with you. It’s infinitely more frightening."
372,mm,that those two women were private agents accompanying you for your protection?
373,mm,"Ah. I remember. He went out there, I believe, for his health. It did him some good, perhaps, but he was already a very ill man, badly crippled, as you know."
374,mm,"Well, I must explain how that comes about. I’m quite aware that I am a complete stranger to you. As a matter of fact I made a short visit to the hospital at Carristown, talking to the matron before going on to the church here. It was she who told me that before she died Elizabeth had asked to see a fellow member of the tour. Miss Jane Marple. And that Miss Jane Marple had visited her and sat with her just a very, very short time before Elizabeth died."
375,sh,"Quite so. It doesn't prove it wasn't used. But there might have been
     stains, and that would have helped us. As a matter of fact there were
     none. Then I examined the gun. They were buckshot cartridges, and, as
     Sergeant Wilson pointed out, the triggers were wired together so
     that, if you pulled on the hinder one, both barrels were discharged.
     Whoever fixed that up had made up his mind that he was going to take
     no chances of missing his man. The sawed gun was not more than two
     foot long--one could carry it easily under one's coat. There was no
     complete maker's name; but the printed letters P-E-N were on the
     fluting between the barrels, and the rest of the name had been cut
     off by the saw."
376,mm,"But the man was too clever for me. He didn’t wait. He thought I might suspect, and so he struck before I could be sure. He knew I would suspect an accident. So he made it murder."
377,mm,he was in church yesterday at the service. Do you know him?
378,sh,"Nothing. Stangerson had Drebber's purse in his pocket, but it seems
     that this was usual, as he did all the paying. There was eighty odd
     pounds in it, but nothing had been taken. Whatever the motives of
     these extraordinary crimes, robbery is certainly not one of them.
     There were no papers or memoranda in the murdered man's pocket,
     except a single telegram, dated from Cleveland about a month ago, and
     containing the words, 'J. H. is in Europe.' There was no name
     appended to this message."
379,mm,"I don’t like that sort of thing. I never have. If you expect me to feel sympathy, regret, urge an unhappy childhood, blame bad environment; if you expect me in fact to weep over him, this young murderer of yours, I do not feel inclined so to do. I do not like evil beings who do evil things."
380,sh,"How
     can an English lady join in such a murderous affair?"
381,mm,"And yet, even now sometimes, I hope and feel that it was some other young man who killed her. Someone who was definitely mentally deranged, though no one had any idea of it. Some stranger, perhaps, whom she had met in the neighborhood. Someone who she had met by chance, who had given her a lift in a car, and then—"
382,hp,"Those blows—the ones delivered with great force penetrating the muscle—never, never could anyone with so frail a physique inflict them."
383,mm,"No, there was really only one thing that everyone did know about him."
384,hp,She may not have been actively unkind—that I will grant. But you were not fond of her—Oh no—I think you disliked her very much. That was very plain to see.
385,mm,"that it would be Zobeida’s theatrical costumes. Would you like a chisel, Inspector?"
386,sh,"the most
     extraordinary and tragic affair has occurred during the night. It is
     the most unheard-of business. We can only regard it as a special
     Providence that you should chance to be here at the time, for in all
     England you are the one man we need."
387,mm,I suppose that was how Miss Temple came to remember her.
388,sh,"I've wanted to meet you for some time,"
389,hp,"He sticks to his story and he’s not one to be heckled. He swears by all that’s blue that he picked up Cust in the Whitecross Hotel at Eastbourne on the evening of July 24th. He was lonely and wanted someone to talk to. As far as I can see, Cust made an ideal listener. He didn’t interrupt! After dinner he and Cust played dominoes. It appears Strange was a whale on dominoes and to his surprise Cust was pretty hot stuff too. Queer game, dominoes. People go mad about it. They’ll play for hours. That’s what Strange and Cust did apparently. Cust wanted to go to bed but Strange wouldn’t hear of it—swore they’d keep it up until midnight at least. And that’s what they did do. They separated at ten minutes past midnight. And if Cust was in the Whitecross Hotel at Eastbourne at ten minutes past midnight on the morning of the 25th he couldn’t very well be strangling Betty Barnard on the beach at Bexhill between midnight and one o’clock."
390,mm,"that it’s the curious conduct of the caretaker. Why did she behave in that very odd way? People do mind being turned out of their old homes. But it wasn’t her home. In fact, she used to complain and grumble while she was there. Yes, it certainly looks very fishy. What became of her, by the way?"
391,mm,"Of course, it is different for me. I mean, we, being women, appreciate the point about clothes. I don’t think it is a fair problem to put to a man. It must have meant a lot of rapid changing. What a wicked woman! And a still more wicked man."
392,sh,"that every carriage
     has been carefully examined. I saw to it myself."
393,hp,"One ought to be able to draw him,"
394,sh,"Perhaps I should have said 'replaced it there,'"
395,sh,"said she, smoothing it out upon the
     counter."
396,sh,"I did a good deal of shopping. Dr. Mortimer here went round with me.
     You see, if I am to be squire down there I must dress the part, and
     it may be that I have got a little careless in my ways out West.
     Among other things I bought these brown boots--gave six dollars for
     them--and had one stolen before ever I had them on my feet."
397,hp,You think she went to meet some one?
398,sh,"He mounted the steps, and, seizing a rafter with either hand, he
     swung himself up into the garret. Then, lying on his face, he reached
     down for the lamp and held it while I followed him.

     The chamber in which we found ourselves was about ten feet one way
     and six the other. The floor was formed by the rafters, with thin
     lath-and-plaster between, so that in walking one had to step from
     beam to beam. The roof ran up to an apex, and was evidently the inner
     shell of the true roof of the house. There was no furniture of any
     sort, and the accumulated dust of years lay thick upon the floor."
399,sh,"That's the result of all our Study in Scarlet: to get them a
     testimonial!"
400,hp,"He has frequently dictated letters
to me, using almost exactly those same words."
401,mm,"I wish you’d solve the case, Miss Marple, like you did the time Miss Wetherby’s gill of picked shrimps disappeared. And all because it reminded you of something quite different about a sack of coals."
402,sh,"No, Mr. Holmes, that is the amazing part of it. There is no possible
     way of reaching the window--and yet he was there."
403,mm,"I’m quite sure of it, as a matter of fact."
404,mm,I know what it might be—invisible ink! Let’s heat it. Turn on the electric fire.
405,sh,"In silence Baynes led the way to the sink and held forward his
     candle. The limbs and body of some large, white bird, torn savagely
     to pieces with the feathers still on, were littered all over it.
     Holmes pointed to the wattles on the severed head."
406,hp,I know. We all have a bit of trouble keeping out of his way. He’d like to turn this place into a cross between Margate and Le Touquet.
407,sh,"I guess you're going
     to take me to the police-station,"
408,mm,"But it makes a very useful excuse for talk, don’t you think?"
409,mm,"having spent nearly all my life amongst the young, look at life as a period in time complete in itself. What did T. S. Eliot say: The moment of the rose and the moment of the yew tree are of equal duration."
410,hp,"It is that you have really the love of the machinery,"
411,sh,"You
     had not met Barker, Watson. He is my hated rival upon the Surrey
     shore. When you said a tall dark man it was not difficult for me to
     complete the picture. He has several good cases to his credit, has he
     not, Inspector?"
412,mm,"The people who left in the coach. Presumably you’re not interested in them, since you’ve let them go off and you’re staying here."
413,mm,but surely that has nothing to do with the very interesting story that Mr. Petherick has been telling us.
414,hp,"All the same it seems hardly credible…Well, we shall see. Let us have the maid here."
415,hp,"I have to confide in you a little
secret. I am not yet satisfied of the innocence of Parker. I propose to
make a little experiment with your assistance. I want to reconstruct
some of his actions on that night. But we must think of something to
tell him—ah! I have it. I wish to satisfy myself as to whether voices
in the little lobby could have been heard outside on the terrace. Now,
ring for Parker, if you will be so good."
416,hp,"Presently when we have finished here and I go back with the doctor to Hassanieh we will take you with us. You will give Nurse Leatheran tea, will you not, doctor?"
417,sh,"He was a large man with rounded shoulders, a massive head, and a
     broad, intelligent face, sloping down to a pointed beard of grizzled
     brown. A touch of red in nose and cheeks, with a slight tremor of his
     extended hand, recalled Holmes' surmise as to his habits. His rusty
     black frock-coat was buttoned right up in front, with the collar
     turned up, and his lank wrists protruded from his sleeves without a
     sign of cuff or shirt. He spoke in a slow staccato fashion, choosing
     his words with care, and gave the impression generally of a man of
     learning and letters who had had ill-usage at the hands of fortune."
418,hp,You were asking about Redfern. My wife told me she had come across him at some cocktail party or other.
419,mm,"I see we shall have to have that epic of the shrimps,"
420,hp,We will have now an interesting conversation tête-à-tête. But you must not forget to eat your tea.
421,sh,"You certainly have the air of something unusual having occurred,"
422,hp,"The poise, the savoir faire, it comes later."
423,sh,"I was going to say that my practice could get along very well for a
     day or two, since it is the slackest time in the year."
424,hp,"He is careful, our Mr. Fanthorp, to destroy his correspondence."
425,mm,"Do you know a woman who lives in a new house somewhere here, she’s called Mrs. Hastings?"
426,sh,"you will
     find that it simply means 'Come here at once.' I was convinced that
     it was an invitation which he would not refuse, since he could never
     imagine that it could come from anyone but the lady. And so, my dear
     Watson, we have ended by turning the dancing men to good when they
     have so often been the agents of evil, and I think that I have
     fulfilled my promise of giving you something unusual for your
     note-book. Three-forty is our train, and I fancy we should be back in
     Baker Street for dinner."
427,sh,"you need not pain yourself by entering into
     that part of the story. After seeing you, I am prepared to accept Mr.
     Gibson's statement both as to the influence which you had over him
     and as to the innocence of your relations with him. But why was the
     whole situation not brought out in court?"
428,sh,"He struck me as having a
     particularly clear and logical brain from the little I saw of him.
     Explosive, no doubt, but then from his point of view he has something
     to explode about if detectives are put on his track and he suspects
     his own household of doing it. I rather fancy that friend Bennett is
     in for an uncomfortable time."
429,sh,"Oh, there can be no doubt as to the sequence of events,"
430,sh,"The old man sat with his mouth open staring wildly at Holmes.
     Amazement and fear were stamped upon his expressive features. Now,
     with an effort, he shrugged his shoulders and burst into insincere
     laughter."
431,sh,"I understand you to say that there
     are three students who use this stair and are in the habit of passing
     your door?"
432,mm,"I was making enquiries at the Golden Boar where I understand the coach party assembles tomorrow morning. They are making quite an early start. Nine o’clock, I understand."
433,mm,"I only heard—and that was yesterday—that Mr. Rafiel had a delinquent, or unsatisfactory, if we like to put it mildly, son. A son with a criminal record. I know very little about him. Was he Mr. Rafiel’s only son?"
434,hp,"Dr. Sheppard consented to do what he could to help him. He was
successful in hiding Captain Paton from the police."
435,sh,"Then our friend Overton's forebodings have been justified,"
436,mm,"it’s you, Miss Bradbury-Scott. Is there anything special?"
437,sh,"Kindly summon your men, and I will try."
438,mm,"I went to see Mrs. Pritchard and did my best to ridicule the whole thing; but without success. I came away really concerned, and I remember I met Jean Instow and told her about it. Jean is a queer girl. She said, ‘So she’s really upset about it?’ I told her that I thought the woman was perfectly capable of dying of fright—she was really abnormally superstitious.

“I remember Jean rather startled me with what she said next. She said, ‘Well, that might be all for the best, mightn’t it?’ And she said it so coolly, in so matter-of-fact a tone that I was really—well, shocked. Of course I know it’s done nowadays—to be brutal and outspoken; but I never get used to it. Jean smiled at me rather oddly and said, ‘You don’t like my saying that—but it’s true. What use is Mrs. Pritchard’s life to her? None at all; and it’s hell for George Pritchard. To have his wife frightened out of existence would be the best thing that could happen to him.’ I said, ‘George is most awfully good to her always.’ And she said, ‘Yes, he deserves a reward, poor dear. He’s a very attractive person, George Pritchard. The last nurse thought so—the pretty one—what was her name? Carstairs. That was the cause of the row between her and Mrs. P.’

“Now I didn’t like hearing Jean say that. Of course one had wondered—"
439,hp,I’d rather see a well fed worker than any so-called work of art. What matters is the future—not the past.
440,mm,A girl called Nora Broad. She disappeared from here and she’s never been heard anymore of. I think her body might be in a particular place.
441,hp,No. He’s got his rules—crazy rules—and abides by them. Fair warning. He makes a point of that. That’s where his boastfulness comes in. I wonder now—I’d almost bet the chap drinks White Horse whisky.
442,hp,"You will be interested to hear that both you and your wife Christine were easily recognized and picked out by the Surrey police from a group of people photographed here. They identified you both at once as Edward Corrigan and Christine Deverill, the young woman who found the body."
443,sh,"There is no object in our following them,"
444,hp,"Regard, Hastings, did I not tell you that she had been a beautiful woman?"
445,mm,"It was just the trite, well-known fact that a murderer is so pleased with his cleverness that he doesn’t take proper precautions. I was just saying a few consolatory words to the bereaved husband—and feeling damned sorry for the fellow, too—when he flung himself down on the settee to do a bit of playacting and a hypodermic syringe fell out of his pocket.

“He snatched it up and looked so scared that I began to think. Harry Laxton didn’t drug; he was in perfect health; what was he doing with a hypodermic syringe? I did the autopsy with a view to certain possibilities. I found strophanthin. The rest was easy. There was strophanthin in Laxton’s possession, and Bella Edge, questioned by the police, broke down and admitted to having got it for him. And finally old Mrs. Murgatroyd confessed that it was Harry Laxton who had put her up to the cursing stunt."
446,sh,"He put his two forefingers between his teeth and whistled shrilly--a
     signal which was answered by a similar whistle from the distance,
     followed shortly by the rattle of wheels and the clink of horses'
     hoofs."
447,hp,this is a matter of life and death. What does it matter what happens to our clothes?
448,sh,"Only one that we know of,--Major Sholto, of his own regiment, the
     34th Bombay Infantry. The major had retired some little time before,
     and lived at Upper Norwood. We communicated with him, of course, but
     he did not even know that his brother officer was in England."
449,mm,The most tiring thing in the world. Especially if you have to listen to an exhaustive lecture in each room.
450,mm,"But it’s easier for me because you see I go away again, and then come back now and then to stay. So it’s easy for me to pretend things may be easier soon and that something may be done. But really, the other day when I came home and I found that Anthea had tried to engage a most expensive firm of landscape gardeners to renovate the garden, to build up the greenhouse again—which is quite absurd because even if you put vines in they would not bear for another two or three years. Clotilde knew nothing about it and she was extremely angry when she discovered the estimate for this work on Anthea’s desk. She was really quite unkind."
451,mm,"Told foolish and senseless lies. Lied as to where his car had been. Got his friends to give him impossible alibis. He was frightened. He said nothing of his plan to marry. I believe his Counsel was of the opinion that that would tell against him—that she might have been forcing him to marry her and that he didn’t want to. It’s so long ago now, I remember no details. But the evidence was dead against him. He was guilty—and he looked guilty.

“So you see, do you not, Miss Marple, that I’m a very sad and unhappy man. I made the wrong judgment, I encouraged a very sweet and lovely girl to go to her death, because I did not know enough of human nature. I was ignorant of the danger she was running. I believed that if she had had any fear of him, any sudden knowledge of something evil in him, she would have broken her pledge to marry him and have come to me and told me of her fear, of her knowledge of him. But nothing of that ever happened. Why did he kill her? Did he kill her because perhaps he knew she was going to have a child? Because by now he had formed a tie with some other girl and did not want to be forced to marry Verity? I can’t believe it. Or was it some entirely different reason. Because she had suddenly felt a fear of him, a knowledge of danger from him, and had broken off her association with him? Did that rouse his anger, his fury, and did that lead him to violence and to killing her? One does not know."
452,hp,And if during the night at one of the frontiers the Customs officials should require a piece of luggage to be opened?
453,hp,"she stabbed him in the dark, not realizing that he was dead already, but somehow deduced that he had a watch in his pyjama pocket, took it out, put back the hands blindly and gave it the requisite dent."
454,sh,"Your Majesty has something which I should value even more highly,"
455,sh,"Come, come, we are not so far wrong, after all,"
456,hp,"We’re very sorry to bother you, Miss Otterbourne,"
457,hp,But I still do not understand. What is this pixy?
458,mm,"I was in a very curious position, Mrs. Bantry. Of evidence as the law understands it, I still have very little. Also, there were certain signs, plain to me as a medical man, that though strong and vigorous in appearance, the lady was not long for this world. I went home with her and saw the rest of the family—a charming family, devoted to their eldest sister and without an idea in their heads that she might prove to have committed a crime. Why bring sorrow on them when I could prove nothing? The lady’s admission to me was unheard by anyone else. I let Nature take its course. Miss Amy Barton died six months after my meeting with her. I have often wondered if she was cheerful and unrepentant up to the last."
459,hp,"No, no, and again no! That is an explanation that will not hold water. It is deficient in a dozen minor points. The crime was not committed so—M. Poirot must know that perfectly well."
460,mm,And have you discovered the answers to all those things?
461,hp,Did Linda Marshall actually enter the sea before you left the beach?
462,sh,"--his eyes darted again
     from my face to Holmes's--"
463,sh,"The
     man's career is that of an honourable soldier."
464,sh,"I
     go into a case to help the ends of justice and the work of the
     police. If I have ever separated myself from the official force, it
     is because they have first separated themselves from me. I have no
     wish ever to score at their expense. At the same time, Mr. White
     Mason, I claim the right to work in my own way and give my results at
     my own time--complete rather than in stages."
465,hp,That seems to me all the more reason for telling you.
466,sh,"But why in the world would anyone want to burn the bones of a man
     who has been dead a thousand years?"
467,sh,"He took from his pocket the various slips of the dancing men. With
     these in front of him he worked for some time at the study-table.
     Finally he handed a note to the boy, with directions to put it into
     the hands of the person to whom it was addressed, and especially to
     answer no questions of any sort which might be put to him. I saw the
     outside of the note, addressed in straggling, irregular characters,
     very unlike Holmes's usual precise hand. It was consigned to Mr. Abe
     Slaney, Elrige's Farm, East Ruston, Norfolk."
468,sh,"Our friend of yesterday, looking very pale and ill, had entered the
     room, leaning upon a little maidservant."
469,sh,"is upon your side, Dr. Leon
     Sterndale, and not upon mine. As a proof I will tell you some of the
     facts upon which my conclusions are based. Of your return from
     Plymouth, allowing much of your property to go on to Africa, I will
     say nothing save that it first informed me that you were one of the
     factors which had to be taken into account in reconstructing this
     drama--"
470,hp,"it is Papa Poirot who
asks you this. The old Papa Poirot who has much knowledge and much
experience. I would not seek to entrap you, mademoiselle. Will you not
trust me—and tell me where Ralph Paton is hiding?"
471,mm,Very kind indeed. I was most surprised when I found he’d booked me. Such a treat. Which I could not have afforded for myself.
472,sh,"he said, and not another word would he utter that
     night.





          CHAPTER VII
          The Solution


     Next morning, after breakfast, we found Inspector MacDonald and White
     Mason seated in close consultation in the small parlour of the local
     police sergeant. On the table in front of them were piled a number of
     letters and telegrams, which they were carefully sorting and
     docketing. Three had been placed on one side."
473,sh,"I've driven my cab this seven
     years and never a word of complaint. I came here straight from the
     Yard to ask you to your face what you had against me."
474,sh,Was he in favour of such a union?
475,mm,"I was sure enough, and another incident in crossing the street not long afterwards made me surer still. Now I ask you, what could I do, Sir Henry? Here was a nice contented happy little married woman shortly going to be murdered."
476,sh,"you do find it very hard to
     tackle the facts."
477,sh,"Look out
     this window, Watson. See how the figures loom up, are dimly seen, and
     then blend once more into the cloud-bank. The thief or the murderer
     could roam London on such a day as the tiger does the jungle, unseen
     until he pounces, and then evident only to his victim."
478,mm,"Joanna told me that she had the impression there was someone on the hillside. Rather high up. She and Emlyn were climbing up from the lower main path, following a rough track that wound round the curve of the hill. As they turned a corner she definitely saw, outlined against the skyline, a man or a woman who was trying to roll a big boulder forward along the ground. The boulder was rocking—and finally it started to roll, at first slowly and then gathering speed down the hillside. Miss Temple was walking along the main path below, and had come to a point just underneath it when the boulder hit her. If it was done deliberately it might not, of course, have succeeded; it might have missed her—but it did succeed. If what was being attempted was a deliberate attack on the woman walking below it succeeded only too well."
479,mm,"Miss Cram came to see me this afternoon,"
480,mm,"that’s just what these old gentlemen who are fond of their jokes never realize. Uncle Henry, I remember, sent a favourite niece a five-pound note for a Christmas present. He put it in a Christmas card, gummed the card together, and wrote on it, ‘Love and best wishes. Afraid this is all I can manage this year.’"
481,mm,And the next thing was the death of Elizabeth Temple?
482,sh,"Anything which you or the Inspector may suggest will most certainly
     be done."
483,sh,"and
     for my part I shall set about it by presuming that my reasoning is
     correct, and that a double murder has been committed. One of these
     ears is a woman's, small, finely formed, and pierced for an earring.
     The other is a man's, sun-burned, discoloured, and also pierced for
     an earring. These two people are presumably dead, or we should have
     heard their story before now. To-day is Friday. The packet was posted
     on Thursday morning. The tragedy, then, occurred on Wednesday or
     Tuesday, or earlier. If the two people were murdered, who but their
     murderer would have sent this sign of his work to Miss Cushing? We
     may take it that the sender of the packet is the man whom we want.
     But he must have some strong reason for sending Miss Cushing this
     packet. What reason then? It must have been to tell her that the deed
     was done; or to pain her, perhaps. But in that case she knows who it
     is. Does she know? I doubt it. If she knew, why should she call the
     police in? She might have buried the ears, and no one would have been
     the wiser. That is what she would have done if she had wished to
     shield the criminal. But if she does not wish to shield him she would
     give his name. There is a tangle here which needs straightening out."
484,sh,"Dear me, this is very disappointing! I fear, Watson, that all our
     expectations come to nothing. I trust that the man Porlock will come
     to no harm."
485,hp,"They work in two separate places, I see,"
486,mm,You did not ring up Mr. Spenlow at two thirty?
487,sh,"You can thank Dr. Watson's
     observation for that, though he failed to draw the inference. It set
     my foot upon the trail. Why should this man at such a time be filling
     his house with strong odours? Obviously, to cover some other smell
     which he wished to conceal--some guilty smell which would suggest
     suspicions. Then came the idea of a room such as you see here with
     iron door and shutter--a hermetically sealed room. Put those two
     facts together, and whither do they lead? I could only determine that
     by examining the house myself. I was already certain that the case
     was serious, for I had examined the box-office chart at the Haymarket
     Theatre--another of Dr. Watson's bull's-eyes--and ascertained that
     neither B thirty nor thirty-two of the upper circle had been occupied
     that night. Therefore, Amberley had not been to the theatre, and his
     alibi fell to the ground. He made a bad slip when he allowed my
     astute friend to notice the number of the seat taken for his wife.
     The question now arose how I might be able to examine the house. I
     sent an agent to the most impossible village I could think of, and
     summoned my man to it at such an hour that he could not possibly get
     back. To prevent any miscarriage, Dr. Watson accompanied him. The
     good vicar's name I took, of course, out of my Crockford. Do I make
     it all clear to you?"
488,mm,Will there be murder or won’t there? What do you think?
489,hp,"It seems the most probable solution. Of course it’s possible that Arlena might have got on to the truth earlier, said something to Blatt about it, and some other member of the gang fixed a fake appointment with her and did her in. As I say, I think the best course is to hand the case over to Scotland Yard. They’ve a far better chance than we have of proving Blatt’s connection with the gang."
490,sh,"He is, in
     my judgment, the fourth smartest man in London, and for daring I am
     not sure that he has not a claim to be third. I have known something
     of him before."
491,mm,"Now, since you seem very good at observing, did you happen to notice, Miss Marple, what sort of expression Mrs. Protheroe and Mr. Redding had as they passed along the lane?"
492,sh,"I wished Mr. Acton to be present while I demonstrated this small
     matter to you,"
493,mm,"You take very good care of me, Cherry,"
494,mm,"I could not claim a personal knowledge of this part of the country. I know something, however, of various things that have happened in this part of the world entirely because of what you have told me. If it had not been for my acquaintanceship with you and the things you have told me I could have been more at sea than I am.

“What are you yourself actually doing here? You do not know. Yet you were sent here. It was deliberately arranged by Rafiel that you should come here, that you should take this coach tour, that you and I should meet. There have been other places where we have stopped or through which we have passed, but special arrangements were made so that you should actually stay for a couple of nights here. You were put up with former friends of his who would not have refused any request he made. Was there a reason for that?"
495,mm,"Well, she accepted a lift from someone—a stranger. That’s the last time she was seen. I forget the make of the car now. Some funny name it had. An Audit or something like that. Anyway, she’d been seen once or twice in that car. And off she went in it. And it was said it was that same car that the poor girl what got herself murdered used to go riding in. But I don’t think as that happened to Nora. If Nora’d been murdered, the body would have come to light by now. Don’t you think so?"
496,hp,You say that you yourself heard Ratchett speak to the conductor at twenty minutes to one?
497,hp,"Oh, yes—I agree with that which you have just this minute said. Arlena Marshall herself is the best, the only clue, to her own death."
498,sh,Then go to London and test your conclusions.
499,hp,There is not one first-class sleeping berth to be had on the train.
500,hp,"I read my Dickens. M. Harris, he will not arrive."
501,hp,"You have been very
kind—very kind indeed. You—you do believe me, don’t you? That Charles
had nothing to do with this wicked murder!"
502,hp,"You have a word in your language—slick. This crime seemed to me a very slick crime! It made me wonder if, perhaps, it was not a first attempt."
503,mm,"I should imagine so, Mrs. Harmon. If they’re here."
504,mm,Do you often go on these sightseeing tours?
505,hp,"I don’t mind telling you, M. Poirot, that I’ve been interested in those cases myself—though perhaps I shouldn’t have thought about them if you hadn’t asked for them."
506,sh,"In that
     case one of the main points in favor of the accused disappears."
507,sh,"I hope we may clear him, Miss Turner,"
508,mm,"I puzzled and puzzled—and then suddenly there it was, all clear. I went to the Inspector and asked him to try something and he did."
509,hp,"Eh bien, Mademoiselle. I am a very simple person. I always incline to the belief that the most likely person committed the crime. At the very beginning it seemed to me that one person was very clearly indicated."
510,mm,"No. It’s bad enough to know—to know that Verity died. Died in that horrible way. At any rate, other girls are safe from that boy. Life sentence he got. He’s still in prison. They won’t let him out to do anything to anyone else. Though why they couldn’t bring it in as some mental trouble—diminished responsibility—one of these things they use nowadays. He ought to have gone to Broadmoor. I’m sure he wasn’t responsible for anything that he did."
511,sh,"There was a quick step on the stairs, a sharp tap at the door, and a
     moment later the new client presented himself. He was a tall,
     handsome youth about thirty, well dressed and elegant, but with
     something in his bearing which suggested the shyness of the student
     rather than the self-possession of the man of the world. He shook
     hands with Holmes, and then looked with some surprise at me."
512,mm,"I bet I could beat you all at this game. I am not only a woman—and say what you like, women have an intuition that is denied to men—I am an artist as well. I see things that you don’t. And then, too, as an artist I have knocked about among all sorts and conditions of people. I know life as darling Miss Marple here cannot possibly know it."
513,sh,"No one could find his way into the Grimpen Mire
     to-night."
514,hp,Rosalie Otterbourne. She came round from the other side of the boat and saw you leave Linnet Doyle’s cabin and go to your own.
515,sh,"The two men had stopped opposite the window.  Some chalk marks over
     the waistcoat pocket were the only signs of billiards which I could
     see in one of them.  The other was a very small, dark fellow, with
     his hat pushed back and several packages under his arm."
516,hp,"Ah! And yet it is so simple. The true explanation leapt to the eye,
did it not?"
517,hp,"My God, I’m sick of answering questions. I’ve answered the police questions. I don’t feel called upon to answer yours."
518,mm,"Anyway, they were walking along the bottom path, weren’t they? You saw them there, didn’t you?"
519,sh,"It won't be so damn fine
     if I have to trim you up a bit. I've handled your kind before now,
     and they didn't look fine when I was through with them. Look at that,
     Masser Holmes!"
520,hp,"We know now all that we can know. We have the evidence of the passengers, the evidence of their baggage, the evidence of our eyes. We can expect no further help. It must be our part now to use our brains."
521,hp,"My attention was immediately attracted towards Mr. and Mrs. Mercado, who were both of them clearly in a state of great agitation and unrest. I considered first Mrs. Mercado. Was she capable of murder, and if so for what reasons?

“Mrs. Mercado’s physique was frail. At first sight it did not seem possible that she could have had the physical strength to strike down a woman like Mrs. Leidner with a heavy stone implement. If, however, Mrs. Leidner had been on her knees at the time, the thing would at least be physically possible. There are ways in which one woman can induce another to go down on her knees. Oh! not emotional ways! For instance, a woman might be turning up the hem of a skirt and ask another woman to put in the pins for her. The second woman would kneel on the ground quite unsuspectingly.

“But the motive? Nurse Leatheran had told me of the angry glances she had seen Mrs. Mercado direct at Mrs. Leidner. Mr. Mercado had evidently succumbed easily to Mrs. Leidner’s spell. But I did not think the solution was to be found in mere jealousy. I was sure Mrs. Leidner was not in the least interested really in Mr. Mercado—and doubtless Mrs. Mercado was aware of the fact. She might be furious with her for the moment, but for murder there would have to be greater provocation. But Mrs. Mercado was essentially a fiercely maternal type. From the way she looked at her husband I realized, not only that she loved him, but that she would fight for him tooth and nail—and more than that—that she envisaged the possibility of having to do so. She was constantly on her guard and uneasy. The uneasiness was for him—not for herself. And when I studied Mr. Mercado I could make a fairly easy guess at what the trouble was. I took means to assure myself of the truth of my guess. Mr. Mercado was a drug addict—in an advanced stage of the craving.

“Now I need probably not tell you all that the taking of drugs over a long period has the result of considerably blunting the moral sense.

“Under the influence of drugs a man commits actions that he would not have dreamed of committing a few years earlier before he began the practice. In some cases a man has committed murder—and it has been difficult to say whether he was wholly responsible for his actions or not. The law of different countries varies slightly on that point. The chief characteristic of the drug-fiend criminal is overweening confidence in his own cleverness.

“I thought it possible that there was some discreditable incident, perhaps a criminal incident, in Mr. Mercado’s past which his wife had somehow or other succeeded in hushing up. Nevertheless his career hung on a thread. If anything of this past incident were bruited about, Mr. Mercado would be ruined. His wife was always on the watch. But there was Mrs. Leidner to be reckoned with. She had a sharp intelligence and a love of power. She might even induce the wretched man to confide in her. It would just have suited her peculiar temperament to feel she knew a secret which she could reveal at any minute with disastrous effects.

“Here, then, was a possible motive for murder on the part of the Mercados. To protect her mate, Mrs. Mercado, I felt sure, would stick at nothing! Both she and her husband had had the opportunity—during that ten minutes when the courtyard was empty."
522,mm,But it doesn’t seem to me to throw any light upon our present problem.
523,sh,He and his wife had five hundred pounds each.
524,mm,"I think he wanted it to be a surprise to you. I think he was perhaps that kind of man,"
525,hp,"She is truly grande dame. These two are also of the same position, but the Count impressed me as a man of somewhat truculent disposition. He was not pleased when you insisted on questioning his wife. And this will annoy him still further. Suppose—eh—we omit them. After all, they can have nothing to do with the matter. Why should I stir up needless trouble for myself."
526,sh,"I have never seen him in a more dangerous mood. But he grows more
     sinister. You can understand now why his daughter and I are alarmed.
     And yet his mind is perfectly clear."
527,mm,"It wasn’t any particular cleverness on my part,"
528,sh,"Well, let us hear about it. What sort of job did you
     make of it?"
529,sh,"I am a busy man, and Dr. Watson has his patients to
     attend to. Let us agree that we meet here at this hour next Tuesday,
     and I shall be surprised if before we leave you again we are not able
     to explain, even if we cannot perhaps put an end to, your troubles.
     Meanwhile, keep us posted in what occurs."
530,hp,"But it’s so easy, isn’t it, to make a mistake of one day? And if you’re an obstinate, positive man, like Mr. Strange, you’ll never consider the possibility of having been mistaken. What you’ve said you’ll stick to…He’s that kind of man. And the hotel register—it’s very easy to put down the wrong date when you’re signing it—probably no one will notice it at the time."
531,hp,"So that’s it, is it? I saw an old gent had been croaked at Fernly.
Trying to make out I did the job, are you?"
532,mm,"In fact, I had no opportunity of doing so."
533,mm,"Excuse me, are you Miss Marple—Miss Jane Marple?"
534,sh,"I had an idea that he
     might, and I took the liberty of bringing the tools with me."
535,mm,"I knew a girl once … A girl who had been a pupil of mine at Fallowfield, my school. She was no actual relation to Mr. Rafiel, but she was at one time engaged to marry Mr. Rafiel’s son."
536,sh,"To the man of precisely scientific mind the work of Monsieur
     Bertillon must always appeal strongly."
537,sh,"You are perfectly right. Let it play!
     These modern gramophones are a remarkable invention."
538,sh,"that all the queen's horses and
     all the queen's men cannot avail in this matter."
539,mm,"I am afraid I have counted wrong. Two purl, three plain, slip one, two purl—yes, that’s right. What did you say, dear?"
540,sh,"About sixty; but his constitution has been shattered by his life
     abroad, and he has been in failing health for some time. This
     business has had a very bad effect upon him. He was an old friend of
     McCarthy's, and, I may add, a great benefactor to him, for I have
     learned that he gave him Hatherley Farm rent free."
541,sh,"It will serve to take him
     to Scotland Yard. And now, gentlemen,"
542,sh,"Of course, he was bound to call us in, but why he should
     have gone to you I can't understand."
543,sh,"that the clips are lined with tiny
     bands of cork to soften the pressure upon the nose. One of these is
     discoloured and worn to some slight extent, but the other is new.
     Evidently one has fallen off and been replaced. I should judge that
     the older of them has not been there more than a few months. They
     exactly correspond, so I gather that the lady went back to the same
     establishment for the second."
544,hp,"I know. That is quite true. The thing was impossible. It was impossible, but it was also true! There could be only one logical meaning behind Louise Bourget’s words.

“So I returned to the beginning and reviewed the crime in the light of this new knowledge. Was it possible that in the period preceding the quarrel Simon Doyle had left the saloon and the others had forgotten or not noticed it? I could not see that it was possible. Could the skilled testimony of Dr. Bessner and Mademoiselle Bowers be disregarded? Again I felt sure it could not. But, I remembered, there was a gap between the two. Simon Doyle had been alone in the saloon for a period of five minutes, and the skilled testimony of Dr. Bessner only applied to the time after that period. For that period we had only the evidence of visual appearance, and, though apparently that was perfectly sound, it was no longer certain. What had actually been seen—leaving assumption out of the question?

“Mademoiselle Robson had seen Mademoiselle de Bellefort fire her pistol, had seen Simon Doyle collapse on to a chair, had seen him clasp a handkerchief to his leg and seen that handkerchief gradually soak through red. What had Monsieur Fanthorp heard and seen? He heard a shot, he found Doyle with a red-stained handkerchief clasped to his leg. What had happened then? Doyle had been very insistent that Mademoiselle de Bellefort should be got away, that she should not be left alone. After that, he suggested that Fanthorp should get hold of the doctor.

“Accordingly Mademoiselle Robson and Monsieur Fanthorp got out with Mademoiselle de Bellefort and for the next five minutes they are busy, on the port side of the deck. Mademoiselle Bowers’, Dr. Bessner’s and Mademoiselle de Bellefort’s cabins are all on the port side. Two minutes are all that Simon Doyle needs. He picks up the pistol from under the sofa, slips out of his shoes, runs like a hare silently along the starboard deck, enters his wife’s cabin, creeps up to her as she lies asleep, shoots her through the head, puts the bottle that has contained the red ink on her washstand (it mustn’t be found on him), runs back, gets hold of Mademoiselle Van Schuyler’s velvet stole, which he has quietly stuffed down the side of a chair in readiness, muffles it round the pistol and fires a bullet into his leg. His chair into which he falls (in genuine agony this time) is by a window. He lifts the window and throws the pistol (wrapped up with the telltale handkerchief in the velvet stole) into the Nile."
545,hp,You don’t think she just went off by herself?
546,hp,"Quite a good advertisement for a hair tonic, he’d be. Face fungus sprouting finer than ever. Coming out into the limelight, too, in his old age. Mixed up in all the celebrated cases of the day. Train mysteries, air mysteries, high society deaths—oh, he’s here, there and everywhere. Never been so celebrated as since he retired."
547,hp,A pale mauve abba such as you buy in the East.
548,sh,"And then again, there is the 'friends of the C.C.H.' I should guess
     that to be the Something Hunt, the local hunt to whose members he has
     possibly given some surgical assistance, and which has made him a
     small presentation in return."
549,sh,"Lestrade whispered.

     But before we could move the man had emerged again. As he came out
     into the glimmering patch of light we saw that he carried something
     white under his arm. He looked stealthily all round him. The silence
     of the deserted street reassured him. Turning his back upon us he
     laid down his burden, and the next instant there was the sound of a
     sharp tap, followed by a clatter and rattle. The man was so intent
     upon what he was doing that he never heard our steps as we stole
     across the grass plot. With the bound of a tiger Holmes was on his
     back, and an instant later Lestrade and I had him by either wrist and
     the handcuffs had been fastened. As we turned him over I saw a
     hideous, sallow face, with writhing, furious features, glaring up at
     us, and I knew that it was indeed the man of the photograph whom we
     had secured.

     But it was not our prisoner to whom Holmes was giving his attention.
     Squatted on the doorstep, he was engaged in most carefully examining
     that which the man had brought from the house. It was a bust of
     Napoleon like the one which we had seen that morning, and it had been
     broken into similar fragments. Carefully Holmes held each separate
     shard to the light, but in no way did it differ from any other
     shattered piece of plaster. He had just completed his examination
     when the hall lights flew up, the door opened, and the owner of the
     house, a jovial, rotund figure in shirt and trousers, presented
     himself."
550,mm,"But, as a matter of fact, it was Lettice Protheroe who upset her. Mary came back from the inquest in rather a temperamental state and found Lettice here and—well, they had words."
551,hp,"But yes, look at the line of the jaw, the bones, the moulding of the head."
552,sh,"--he sank his face into his thin, white hands--"
553,mm,"Oh, I saw that at once, dear, although I know nothing about motors,"
554,sh,"you will
     find it useful at the trial. But this is what we really wanted."
555,sh,"I take it that you have no theory yourself which can in any
     way account for them?"
556,mm,"After the rain, you see, you get all the soil washed off and then the boulders get loose and then down they comes. I remember one year they had three falls—three accidents there was. One boy nearly killed, he was, and then later that year, oh six months later, I think, there was a man got his arm broken, and the third time it was poor old Mrs. Walker. Blind she was and pretty well deaf too. She never heard nothing or she could have got out of the way, they say. Somebody saw it and they called out to her, but they was too far away to reach her or to run to get her. And so she was killed."
557,sh,"Such paper could
     not be bought under half a crown a packet. It is peculiarly strong
     and stiff."
558,sh,"Watson, I think that we shall
     accompany Dr. Huxtable back to the North of England. And now, Dr.
     Huxtable, when you have consumed that milk you will kindly tell me
     what has happened, when it happened, how it happened, and, finally,
     what Dr. Thorneycroft Huxtable, of the Priory School, near Mackleton,
     has to do with the matter, and why he comes three days after an
     event--the state of your chin gives the date--to ask for my humble
     services."
559,sh,"from the point of view of
     the man who called himself Stapleton was simple and direct, although
     to us, who had no means in the beginning of knowing the motives of
     his actions and could only learn part of the facts, it all appeared
     exceedingly complex. I have had the advantage of two conversations
     with Mrs. Stapleton, and the case has now been so entirely cleared up
     that I am not aware that there is anything which has remained a
     secret to us. You will find a few notes upon the matter under the
     heading B in my indexed list of cases."
560,sh,"You are like my friend,
     Dr. Watson, who has a bad habit of telling his stories wrong end
     foremost. Please arrange your thoughts and let me know, in their due
     sequence, exactly what those events are which have sent you out
     unbrushed and unkempt, with dress boots and waistcoat buttoned awry,
     in search of advice and assistance."
561,sh,"Mr. Holmes, I must beg you not to press that question. It is
     important that I should be able to assure him that his honoured name
     has been in no way dragged into the matter. His motives are, to the
     last degree, honourable and chivalrous, but he prefers to remain
     unknown. I need not say that your fees will be assured and that you
     will be given a perfectly free hand. Surely the actual name of your
     client is immaterial?"
562,hp,"Do you know, a newspaper has actually offered me a hundred pounds—a hundred pounds—for a brief account of my life and history—I—I really don’t know what to do about it."
563,hp,"It brings back to me something. Some years ago. I cannot remember…It was a case in America, was it not?"
564,hp,"I was only joking! Who’d want to murder me, I should like to know?"
565,hp,"And what did you think, Madame, when you heard that news?"
566,hp,"It would have been a severe blow to you,"
567,mm,"I really think, you know, that you’re making it rather too difficult. The recipe is only an indication, so to speak. It is, I think, the letters that are significant."
568,hp,Is there any need for me to stay here and be insulted?
569,mm,I am quite used to coffee in the evening.
570,sh,"it seems to
     me that I have spoken quite enough about the little that I know. It
     is time that you kept your promise and gave me a full account of what
     we are all driving at."
571,mm,somewhere about 1800 or 1798. He died young. A pity. He had great genius.
572,mm,"I thought perhaps you might have known about her because you knew Mr. Rafiel, didn’t you? Well, I mean, he wrote to us about you so you must have known him. And I thought perhaps—well, he’d mentioned the whole thing to you."
573,mm,"I have been reading a lot of American detective stories from the library lately,"
574,mm,I was just thinking about our District Nurse. A most difficult problem.
575,hp,I know the dead man’s real name. I know why he had to leave America.
576,mm,"It seems odd after we’d all been mixed up so. He and you and I and some others. And then, later, when I’d come home, when six months had passed—it occurred to me one day how closely associated we had been in our time of stress, and yet how little I really knew about Mr. Rafiel. I was thinking it only the other day, after I’d seen the notice of his death. I wished I could know a little more. Where he was born, you know, and his parents. What they were like. Whether he had any children, or nephews or cousins or any family. I would so like to know."
577,hp,"It should be easier to discover because it is mad. A crime committed by someone shrewd and sane would be far more complicated. Here, if one could but hit on the idea…This alphabetical business, it has discrepancies. If I could once see the idea—then everything would be clear and simple…."
578,sh,"The facts are briefly these: Some five years ago, during a lengthy
     visit to Warsaw, I made the acquaintance of the well-known
     adventuress, Irene Adler. The name is no doubt familiar to you."
579,sh,"I hope you preserved all precautions, Mrs. Hudson?"
580,hp,But you have definitely seen such a thing.
581,mm,you can’t get hold of dead bodies right and left. What did they do with the—the first corpse afterwards?
582,sh,"This, I fancy, is the time for our exit, Watson,"
583,sh,"But our expedition of to-night will
     solve them all. Ah, here is a four-wheeler, and Miss Morstan is
     inside. Are you all ready? Then we had better go down, for it is a
     little past the hour."
584,mm,they are only probabilities that I am exploring. One does not like to make definite assertions unless one has a little more definite knowledge.
585,hp,My best friend says that I am very conceited.
586,hp,"And all the former have frosted glass windows, and one does not play billiards on a fine morning."
587,sh,"Well, I want to see the man who lives here, whatever he may call
     himself,"
588,hp,"You know, there is a good deal in what you have just said."
589,mm,"Then, Sir Henry, if I understand you rightly, it is this young Mr. Templeton only who is so much on your mind?"
590,hp,"Yes, that letter is important. I find it very important."
591,sh,"You have it, sir, just as it happened."
592,mm,"I believe the day after tomorrow we’re going to have a real treat, if nothing else happens. Really it’s too sad, this very unfortunate accident. I must say I think myself it is an accident. I really think the Coroner was going beyond everything in his feelings about this."
593,mm,"It is most kind of you, Mr. Clement,"
594,hp,"that child is coming upstairs to lie
down. Don’t you worry, my dear. M. Poirot will do everything he can for
you—be sure of that."
595,mm,"The inspector’s baffled, the sergeant’s baffled, I’m baffled, Joan’s baffled, Lou is baffled. But to you, Aunt Jane, it is crystal clear. Am I right?"
596,hp,Linda’s not coming. She says she’s got a frightful headache.
597,mm,"Mr. Rafiel, I suppose, was an old friend of yours?"
598,mm,"that is the end of the story. Of course, the poor old man was put in an asylum. He wasn’t really responsible for what he had done, and the truth was known, and everyone was sorry for Mabel and could not do enough to make up to her for the unjust suspicions they had had. But if it hadn’t been for Geoffrey realizing what the stuff was he had swallowed and trying to get everybody to get hold of the antidote without delay, it might never have been found out. I believe there are very definite symptoms with atropine—dilated pupils of the eyes, and all that; but, of course, as I have said, Dr. Rawlinson was very shortsighted, poor old man. And in the same medical book which I went on reading—and some of it was most interesting—it gave the symptoms of ptomaine poisoning and atropine, and they are not unlike. But I can assure you I have never seen a pile of fresh haddock without thinking of the thumb mark of St. Peter."
599,mm,"I’m afraid there is not very much to see,"
600,mm,"That is really not a very good simile, dear Raymond,"
601,hp,"Mrs. Raglan would not agree, I am sure, to that,"
602,mm,"And someone called Miss Bartlett, I think it is, who lives with her—"
603,sh,"The ticket would have shown which station was nearest the agent's
     house. Therefore he took it from the murdered man's pocket."
604,sh,I must really ask you to be a little more quiet!
605,hp,"We can all realize the strain
of this last week."
606,sh,"You don't look quite the man you did when I threw you over the ropes
     into the crowd at the Old Deer Park. I expect I have changed a bit
     also. But it's this last day or two that has aged me. I see by your
     telegram, Mr. Holmes, that it is no use my pretending to be anyone's
     deputy."
607,hp,"No, he was kinder reticent about that part of it. Just said the fellow was out for his blood and meant to get it."
608,hp,"The matter begins to clear itself up wonderfully! The murderer was a man of great strength, he was feeble, it was a woman, it was a right-handed person, it was a left-handed person—Ah! c’est rigolo, tout ça!"
609,mm,You come down to Ansteys and see if it’s simple!
610,hp,"No, my friend, it is empty. It lay
where you dropped it in the summer-house that night."
611,mm,"Oh yes—we had peaches in it, too—and nectarines."
612,hp,I appeal to you all. Tell me the truth—the whole truth.
613,sh,"whispered Holmes.

     I took a step forward. In an instant his strange headgear began to
     move, and there reared itself from among his hair the squat
     diamond-shaped head and puffed neck of a loathsome serpent."
614,hp,I don’t understand. What does all this mean?
615,sh,"How can I tell you where it is now? It's more than a year since I
     left him. I know where he kept it then. He's a precise, tidy cat of a
     man in many of his ways, so maybe it is still in the pigeon-hole of
     the old bureau in the inner study. Do you know his house?"
616,sh,"I confess that I share Dr. Mortimer's belief that it will not be
     long before the missing boot is found."
617,mm,"what a tiresome man you are, Mr. Rafiel!"
618,sh,"Come, Watson!
     And you, Lestrade, could you favour us with your company for an hour
     or two? We will begin our investigation by a visit to Aldgate
     Station. Good-bye, Mycroft. I shall let you have a report before
     evening, but I warn you in advance that you have little to expect."
619,sh,"No
     wonder you get results that are beyond us. But some of these days
     you'll go too far, and you'll find yourself and your friend in
     trouble."
620,mm,"it seems indicated that there is someone on our coach tour who recognized Miss Temple or knew who she was, but who perhaps after the passage of some years was not remembered or might even not have been recognized by Miss Temple. It seems to throw it back on our passengers, does it not?"
621,hp,What do you expect Cust to tell you?
622,mm,Very painful and distressing things happen in villages sometimes.
623,mm,"Clear my little hand desk, will you, and give me my pen and the notepaper. I’m going to write a letter."
624,mm,"Romantic is the last thing that I am,"
625,mm,When did you first begin to discover what had happened ten years ago?
626,hp,"She’d a little in the Savings Bank, sir—enough to bury her proper, that’s what she always said. Otherwise she didn’t more than just make ends meet—what with her old devil and all."
627,mm,"No, I believe he was rather hard up."
628,sh,"shouted Mr. Windibank, turning white to his lips and
     glancing about him like a rat in a trap."
629,mm,"Plenty of exaggeration, but it was a nasty story, and she seemed to believe that the police view was that this hadn’t been his only murder—"
630,mm,That is what your words led me to infer. It was very mentionable. So much so that the girl Joanna mentioned it specifically.
631,mm,Don’t you think so too? Don’t you feel a shadow here?
632,sh,"I beg you to have no
     illusions upon the point. Mr. Cummings here would assure you that all
     the cards are at present against us, and that we must do everything
     that is possible if we are to win clear. It would be a cruel
     deception to pretend that you are not in very great danger. Give me
     all the help you can, then, to get at the truth."
633,mm,"Not directly, of course. I mean, I had to be a little flustered and explain how I’d put the wrong address on some clothes that I was sending to a charity and could they by any chance tell me if the parcel one of my kind hostesses had brought up there, had been sent off. And a very nice woman there did her best and remembered that it was not the address I was hoping it had been sent to, and she gave me the address that she had noted. She had no suspicion, I think, that I had any wish for the information apart from being—well, rather muddleheaded, elderly, and very worried about where my parcel of worn clothes had gone."
634,hp,"It was on a morning when we were sitting out here that we talked of suntanned bodies lying like meat upon a slab, and it was then that I reflected how little difference there was between one body and another. If one looked closely and appraisingly—yes—but to the casual glance? One moderately well-made young woman is very like another. Two brown legs, two brown arms, a little piece of bathing suit in between—just a body lying out in the sun. When a woman walks, when she speaks, laughs, turns her head, moves a hand—then, yes then, there is personality—individuality. But in the sun ritual—no.

“It was that day that we spoke of evil—evil under the sun as Mr. Lane put it. Mr. Lane is a very sensitive person—evil affects him—he perceives its presence—but though he is a good recording instrument, he did not really know exactly where the evil was. To him, evil was focused in the person of Arlena Marshall, and practically everyone present agreed with him.

“But to my mind, though evil was present, it was not centralized in Arlena Marshall at all. It was connected with her, yes—but in a totally different way. I saw her, first, last and all the time, as an eternal and predestined victim. Because she was beautiful, because she had glamour, because men turned their heads to look at her, it was assumed that she was the type of woman who wrecked lives and destroyed souls. But I saw her very differently. It was not she who fatally attracted men—it was men who fatally attracted her. She was the type of woman whom men care for easily and of whom they as easily tire. And everything that I was told or found out about her strengthened my conviction on this point. The first thing that was mentioned about her was how the man in whose divorce case she had been cited refused to marry her. It was then that Captain Marshall, one of those incurably chivalrous men, stepped in and asked her to marry him. To a shy retiring man of Captain Marshall’s type, a public ordeal of any kind would be the worst torture—hence his love and pity for his first wife who was publicly accused and tried for a murder she had not committed. He married her and found himself amply justified in his estimate of her character. After her death another beautiful woman, perhaps something of the same type (since Linda has red hair which she probably inherited from her mother), is held up to public ignominy. Again Marshall performs a rescue act. But this time he finds little to sustain his infatuation. Arlena is stupid, unworthy of his sympathy and protection, mindless. Nevertheless, I think he always had a fairly true vision of her. Long after he ceased to love her and was irked by her presence, he remained sorry for her. She was to him like a child who cannot get farther than a certain page in the book of life.

“I saw in Arlena Marshall with her passion for men, a predestined prey for an unscrupulous man of a certain type. In Patrick Redfern, with his good looks, his easy assurance, his undeniable charm for women, I recognized at once that type. The adventurer who makes his living, one way or another, out of women. Looking on from my place on the beach I was quite certain that Arlena was Patrick’s victim, not the other way about. And I associated that focus of evil with Patrick Redfern, not with Arlena Marshall.

“Arlena had recently come into a large sum of money, left her by an elderly admirer who had not had time to grow tired of her. She was the type of woman who is invariably defrauded of money by some man or other. Miss Brewster mentioned a young man who had been ‘ruined’ by Arlena, but a letter from him which was found in her room, though it expressed a wish (which cost nothing) to cover her with jewels, in actual fact acknowledged a cheque from her by means of which he hoped to escape prosecution. A clear case of a young waster sponging on her. I have no doubt that Patrick Redfern found it easy to induce her to hand him large sums from time to time ‘for investment.’ He probably dazzled her with stories of great opportunities—how he would make her fortune and his own. Unprotected women, living alone, are easy prey to that type of man—and he usually escapes scot free with the booty. If, however, there is a husband, or a brother, or a father about, things are apt to take an unpleasant turn for the swindler. Once Captain Marshall was to find out what had happened to his wife’s fortune, Patrick Redfern might expect short shrift.

“That did not worry him, however, because he contemplated quite calmly doing away with her when he judged it necessary—encouraged by having already got away with one murder—that of a young woman whom he had married in the name of Corrigan and whom he had persuaded to insure her life for a large sum.

“In his plans he was aided and abetted by the woman who down here passed as his wife and to whom he was genuinely attached. A young woman as unlike the type of his victims as could well be imagined—cool, calm, passionless, but steadfastly loyal to him and an actress of no mean ability. From the time of her arrival here Christine Redfern played a part, the part of the ‘poor little wife’—frail, helpless, intellectual rather than athletic. Think of the points she made one after another. Her tendency to blister in the sun and her consequent white skin, her giddiness at heights—stories of getting stuck on Milan Cathedral, etc. An emphasis on her frailty and delicacy—nearly every one spoke of her as a ‘little woman.’ She was actually as tall as Arlena Marshall, but with very small hands and feet. She spoke of herself as a former school-teacher, and thereby emphasized an impression of book learning and lack of athletic prowess. Actually, it is quite true that she had worked in a school, but the position she held there was that of games mistress, and she was an extremely active young woman who could climb like a cat and run like an athlete.

“The crime itself was perfectly planned and timed. It was, as I mentioned before, a very slick crime. The timing was a work of genius.

“First of all there were certain preliminary scenes—one played on the cliff ledge when they knew me to be occupying the next recess—a conventional jealous wife dialogue between her and her husband. Later she played the same part in a scene with me. At the time I remember a vague feeling of having read all this in a book. It did not seem real. Because, of course, it was not real. Then came the day of the crime. It was a fine day—an essential. Redfern’s first act was to slip out very early—by the balcony door which he unlocked from the inside (if found open it would only be thought someone had gone for an early bathe). Under his bathing wrap he concealed a green Chinese hat, the duplicate of the one Arlena was in the habit of wearing. He slipped across the island, down the ladder and stowed it away in an appointed place behind some rocks. Part I.

“On the previous evening he had arranged a rendezvous with Arlena. They were exercising a good deal of caution about meeting as Arlena was slightly afraid of her husband. She agreed to go round to Pixy Cove early. Nobody went there in the morning. Redfern was to join her there, taking a chance to slip away unobtrusively. If she heard anyone descending the ladder or a boat came in sight she was to slip inside the Pixy’s Cave, the secret of which he had told her, and wait there until the coast was clear. Part II.

“In the meantime Christine went to Linda’s room at a time when she judged Linda would have gone for her early morning dip. She would then alter Linda’s watch, putting it on twenty minutes. There was, of course, a risk that Linda might notice her watch was wrong, but it did not much matter if she did. Christine’s real alibi was the size of her hands which made it a physical impossibility for her to have committed the crime. Nevertheless, an additional alibi would be desirable. Then in Linda’s room she noticed the book on witchcraft and magic, open at a certain page. She read it, and when Linda came in and dropped a parcel of candles she realized what was in Linda’s mind. It opened up some new ideas to her. The original idea of the guilty pair had been to cast a reasonable amount of suspicion on Kenneth Marshall, hence the abstracted pipe, a fragment of which was to be planted on the Cove underneath the ladder.

“On Linda’s return Christine easily arranged an outing together to Gull Cove. She then returned to her own room, took out from a locked suitcase a bottle of artificial suntan, applied it carefully and threw the empty bottle out of the window where it narrowly escaped hitting Emily Brewster who was bathing. Part II successfully accomplished.

“Christine then dressed herself in a white bathing suit, and over it a pair of beach trousers and coat with long floppy sleeves which effectually concealed her newly-browned arms and legs.

“At 10:15 Arlena departed for her rendezvous, a minute or two later Patrick Redfern came down and registered surprise, annoyance etc. Christine’s task was easy enough. Keeping her own watch concealed she asked Linda at twenty-five past eleven what time it was. Linda looked at her watch and replied that it was a quarter to twelve. She then starts down to the sea and Christine packs up her sketching things. As soon as Linda’s back is turned Christine picks up the girl’s watch which she has necessarily discarded before going into the sea and alters it back to the correct time. Then she hurries up the cliff path, runs across the narrow neck of land to the top of the ladder, strips off her pyjamas and shoves them and her sketching box behind a rock and swarms rapidly down the ladder in her best gymnastic fashion.

“Arlena is on the beach below wondering why Patrick is so long in coming. She sees or hears someone on the ladder, takes a cautious observation, and to her annoyance sees that inconvenient person—the wife! She hurries along the beach and into the Pixy’s Cave.

“Christine takes the hat from its hiding place, a false red curl pinned underneath the brim at the back, and disposes herself in a sprawling attitude with the hat and curl shielding her face and neck. The timing is perfect. A minute or two later the boat containing Patrick and Emily Brewster comes round the point. Remember it is Patrick who bends down and examines the body, Patrick who is stunned—shocked—broken down by the death of his lady love! His witness has been carefully chosen. Miss Brewster has not got a good head, she will not attempt to go up the ladder. She will leave the Cove by boat, Patrick naturally being the one to remain with the body—‘in case the murderer may still be about.’ Miss Brewster rows off to fetch the police. Christine, as soon as the boat has disappeared, springs up, cuts the hat into pieces with the scissors Patrick has carefully brought, stuffs them into her bathing-suit and swarms up the ladder in double quick time, slips into her beach-pyjamas and runs back to the hotel. Just time to have a quick bath, washing off the brown suntan application, and into her tennis dress. One other thing she does. She burns the pieces of the green cardboard hat and the hair in Linda’s grate, adding a leaf of a calendar so that it may be associated with the cardboard. Not a Hat but a Calendar has been burnt. As she suspected, Linda has been experimenting in magic—the blob of wax and the pin shows that.

“Then, down to the tennis court, arriving the last, but showing no signs of flurry or haste.

“And, meanwhile, Patrick has gone to the cave. Arlena has seen nothing and heard very little—a boat—voices—she has prudently remained hidden. But now it is Patrick calling.

“‘All clear, darling,’ and she comes out, and his hands fasten round her neck—and that is the end of poor foolish beautiful Arlena Marshall…."
635,mm,"Not quite so large as it used to be,"
636,sh,"It was very nice and complimentary of you,"
637,sh,"But how come you into this matter, Miss Burnet?"
638,mm,It’s work I could do—and I’d enjoy it.
639,sh,Ha! Did they know that they would receive this?
640,sh,"I will not cause you
     any unnecessary trouble, Lady Brackenstall, and my whole desire is to
     make things easy for you, for I am convinced that you are a
     much-tried woman. If you will treat me as a friend and trust me you
     may find that I will justify your trust."
641,sh,"I think, Watson, we cannot do better. Do not allow yourself to
     indulge in false hopes, Mr. Phelps. The affair is a very tangled
     one."
642,mm,"Yes, a very beautiful and unusual face. Poor child."
643,sh,"It is of the utmost importance that you should notice this point. I
     went down the stairs and into the hall, where I found the
     commissionaire fast asleep in his box, with the kettle boiling
     furiously upon the spirit-lamp. I took off the kettle and blew out
     the lamp, for the water was spurting over the floor. Then I put out
     my hand and was about to shake the man, who was still sleeping
     soundly, when a bell over his head rang loudly, and he woke with a
     start."
644,mm,"What you mean is that you are asking what I thought about them themselves, their feelings about it."
645,hp,She was a charming person—most charming. And intellectual. She had a very fine brain—yes.
646,sh,"I see that you have read it since you have
     marked it. I don't deny that it is smartly written. It irritates me
     though. It is evidently the theory of some arm-chair lounger who
     evolves all these neat little paradoxes in the seclusion of his own
     study. It is not practical. I should like to see him clapped down in
     a third class carriage on the Underground, and asked to give the
     trades of all his fellow-travellers. I would lay a thousand to one
     against him."
647,hp,"But we must not lose sight of one
thing."
648,mm,"There might be danger, you know, if any of your ideas are right. Have you suspicions of any one particular person?"
649,hp,Then I don’t know what she wanted them for.
650,hp,"I exaggerate, perhaps. The American, Hardman, and the German maid—yes, they have added something to our knowledge. That is to say, they have made the whole business more unintelligible than it was."
651,sh,"I was sufficiently conversant with Holmes's methods to be able to
     follow his reasoning, and to see that the nature and state of the
     various medical instruments in the wicker basket which hung in the
     lamplight inside the brougham had given him the data for his swift
     deduction. The light in our window above showed that this late visit
     was indeed intended for us. With some curiosity as to what could have
     sent a brother medico to us at such an hour, I followed Holmes into
     our sanctum.

     A pale, taper-faced man with sandy whiskers rose up from a chair by
     the fire as we entered. His age may not have been more than three or
     four and thirty, but his haggard expression and unhealthy hue told of
     a life which has sapped his strength and robbed him of his youth. His
     manner was nervous and shy, like that of a sensitive gentleman, and
     the thin white hand which he laid on the mantelpiece as he rose was
     that of an artist rather than of a surgeon. His dress was quiet and
     sombre--a black frock-coat, dark trousers, and a touch of color about
     his necktie."
652,sh,"The second man was a long, dried-up creature, with lank hair and
     sallow cheeks. His name was Hugh Pattins. He also received his
     dismissal, his half-sovereign, and the order to wait.

     The third applicant was a man of remarkable appearance. A fierce
     bull-dog face was framed in a tangle of hair and beard, and two bold
     dark eyes gleamed behind the cover of thick, tufted, overhung
     eyebrows. He saluted and stood sailor-fashion, turning his cap round
     in his hands."
653,mm,"But I always find it prudent to suspect everybody just a little. What I say is, you really never know, do you?"
654,sh,"Well, I don't profess to understand it yet. This case of yours is
     very complex, Sir Henry. When taken in conjunction with your uncle's
     death I am not sure that of all the five hundred cases of capital
     importance which I have handled there is one which cuts so deep. But
     we hold several threads in our hands, and the odds are that one or
     other of them guides us to the truth. We may waste time in following
     the wrong one, but sooner or later we must come upon the right."
655,mm,What was it that struck you about that?
656,mm,"are Mr. Broadribb’s secretary. If she’s out, find out what time she will be in."
657,hp,"I’m not really afraid of Jackie doing any melodramatic shooting stuff, but this spying and following business has absolutely got Linnet on the raw. I’ll tell you the plan I’ve made, and perhaps you can suggest improvements on it. To begin with, I’ve announced fairly openly that we’re going to stay here ten days. But tomorrow the steamer Karnak starts from Shellal to Wadi Halfa. I propose to book passages on that under an assumed name. Tomorrow we’ll go on an excursion to Philae. Linnet’s maid can take the luggage. We’ll join the Karnak at Shellal. When Jackie finds we don’t come back, it will be too late—we shall be well on our way. She’ll assume we have given her the slip and gone back to Cairo. In fact I might even bribe the porter to say so. Inquiry at the tourist offices won’t help her, because our names won’t appear. How does that strike you?"
658,hp,"And there’s Mr. Blatt giving round copies to everybody without so much as asking first. He gave one to you, M. Poirot, I noticed."
659,hp,"Accompany me there in a boat, Mr. Lane. We start immediately."
660,mm,what possible kind of proposition Mr. Rafiel might have wanted to put up to me. It seems most unlikely.
661,mm,"Ring up this number, will you, Cherry? Ask if Mrs. Anderson is at home. If Mrs. Anderson answers or if she is going to come to the telephone, say a Mr. Broadribb wants to speak to her. You,"
662,hp,"You see, this maid she saw something she was not intended to see. And so—she was silenced, in case she should not hold her tongue."
663,sh,"he reported, after a short examination
     of the grass bed,"
664,hp,"The call was genuine. Your sister
saw you take it. But there was only one man’s word as to what was
actually said—your own!"
665,sh,"that Dr. Mortimer is a successful, elderly medical man,
     well-esteemed since those who know him give him this mark of their
     appreciation."
666,mm,"I’d better tell you briefly how I came into things now,"
667,hp,So you heard a woman’s voice next door?
668,hp,So you thought I put ideas into her head?
669,sh,"and with that our
     conversation drifted off on to other topics.

     But it was a weary day for me. Phelps was still weak after his long
     illness, and his misfortune made him querulous and nervous. In vain I
     endeavored to interest him in Afghanistan, in India, in social
     questions, in anything which might take his mind out of the groove.
     He would always come back to his lost treaty, wondering, guessing,
     speculating, as to what Holmes was doing, what steps Lord Holdhurst
     was taking, what news we should have in the morning. As the evening
     wore on his excitement became quite painful."
670,hp,"We might have known it, really. You remember Michel said that the door into the corridor of Mrs. Hubbard’s compartment was locked when he came in answer to her bell."
671,mm,"I always get all the names wrong. And of course, it was Miss Knight I was thinking of. Not Miss Bishop. Why do I think of her as Miss Bishop?"
672,sh,"He is my general utility
     man who looks up routine business. It was important to know something
     of the man with whom our professor was so secretly corresponding. His
     nationality connects up with the Prague visit."
673,mm,"Yes, I realize that. I’m taking you there because in one of the lucid intervals she has had, she asked for you."
674,mm,I feel really I ought to stay here and keep an eye on you.
675,hp,Be firm. Say five hundred is your price. And do not confine yourself to one newspaper.
676,mm,"Dear Miss Marple,

By the time you read this I shall be dead and also buried. Not cremated, I am glad to think. It has always seemed to me unlikely that one would manage to rise up from one’s handsome bronze vase full of ashes and haunt anyone if one wanted so to do! Whereas the idea of rising from one’s grave and haunting anyone is quite possible. Shall I want to do that? Who knows. I might even want to communicate with you.

By now my solicitors will have communicated with you and will have put a certain proposition before you. I hope you will have accepted it. If you have not accepted it, don’t feel in the least remorseful. It will be your choice.

This should reach you, if my solicitors have done what they were told to do, and if the posts have done the duty they are expected to perform, on the 11th of the month. In two days from now you will receive a communication from a travel bureau in London. I hope what it proposes will not be distasteful to you. I needn’t say more. I want you to have an open mind. Take care of yourself. I think you will manage to do that. You are a very shrewd person. The best of luck and may your guardian angel be at your side looking after you. You may need one.

Your affectionate friend,

J. B. Rafiel."
677,hp,On the whole we got very little useful stuff out of her. Except a more or less complete alibi for the Redfern woman. If they were together from half past ten to a quarter to twelve that lets Christine Redfern out of it. Exit the jealous wife suspect.
678,hp,I have known for some time. It is so clear that I wonder you have not seen it also.
679,mm,I feel sure that Mr. Petherick has some clever legal legerdemain up his sleeve.
680,mm,"Oh I know. Yes, we’ve heard already. We’ve heard from Professor Wanstead and from the legal department and from the police authorities. Yes, it’s been a splendid job, Miss Marple. We congratulate you."
681,hp,"I shall be glad to get Mrs. Gardener away. She’s a very, very sensitive woman, and this affair has got on her nerves. She’s very highly strung."
682,sh,"You place me in a most serious dilemma, for I am perfectly
     certain that you would be proud to take over the case if I could give
     you the facts, and yet a promise forbids me from revealing them all.
     May I, at least, lay all that I can before you?"
683,mm,"Financially and otherwise, he thought of a lot of things,"
684,mm,"No; but he was dining there that evening,"
685,hp,Princess Dragomiroff has great personality and immense will power. But let us pass from that for the moment.
686,hp,"I am inclined to believe you, my friend,"
687,hp,"Two of the public bathrooms look out that way—north—and the staff bathroom, and the cloakrooms on the ground floor. Also the billiard room."
688,mm,"Old Mr. Smithers lost all his money and had to leave it, then the Carslakes took it and Johnny Carslake fell downstairs and broke his leg and Mrs. Carslake had to go away to the south of France for her health, and now the Burdens have got it and I hear that poor Mr. Burden has got to have an operation almost immediately."
689,mm,"You did have it in for little Gary Hopkins I must say,"
690,hp,Two people who saw nothing and heard nothing.
691,sh,"I confess that I had my doubts myself when I reflected upon the great
     traffic which had passed along the London road in the interval. My
     fears were soon appeased, however. Toby never hesitated or swerved,
     but waddled on in his peculiar rolling fashion. Clearly, the pungent
     smell of the creasote rose high above all other contending scents."
692,sh,"He has considerable gifts himself. He possesses two out of
     the three qualities necessary for the ideal detective. He has the
     power of observation and that of deduction. He is only wanting in
     knowledge; and that may come in time. He is now translating my small
     works into French."
693,sh,"Hum! It may prove the simplest matter in the world, but all the same
     at first glance this is just a little curious, is it not? A gang of
     burglars acting in the country might be expected to vary the scene of
     their operations, and not to crack two cribs in the same district
     within a few days. When you spoke last night of taking precautions I
     remember that it passed through my mind that this was probably the
     last parish in England to which the thief or thieves would be likely
     to turn their attention--which shows that I have still much to
     learn."
694,hp,"Yes—it was good of you to come. I told Franklin. He said he wouldn’t forget to tell you. I hope Franklin isn’t going to be foolish…he’s so easily taken in, in spite of having knocked about the world so much. Men are like that…They remain boys…Franklin, in particular."
695,hp,"Yes. Because, you see, when Mrs. Marshall went off this morning and asked me not to tell anyone I had seen her, I jumped at once in my own mind to a certain conclusion. I thought that her friendship with Patrick Redfern had made trouble between her and her husband. I thought that she was going to meet Patrick Redfern somewhere, and that she did not want her husband to know where she was."
696,mm,I think married ones are the worst. Remember poor Mollie Carter.
697,sh,"I read as follows:

     46, Old Jewry,
     Nov. 19th.
                                   Re Vampires
     Sir:
     Our client, Mr. Robert Ferguson, of Ferguson and Muirhead, tea
     brokers, of Mincing Lane, has made some inquiry from us in a
     communication of even date concerning vampires. As our firm
     specializes entirely upon the assessment of machinery the matter
     hardly comes within our purview, and we have therefore recommended
     Mr. Ferguson to call upon you and lay the matter before you. We have
     not forgotten your successful action in the case of Matilda Briggs.
     We are, sir,
     Faithfully yours,
     Morrison, Morrison, and Dodd.
     per E. J. C."
698,hp,"Mostly a dried up lot of sticks in this hotel! Mrs. Marshall’s about the only lively spot! I should think Marshall’s got his hands full looking after her. All sorts of stories about her in her stage days—and after! Men go crazy about her. You’ll see, there’ll be a spot of trouble one of these days."
699,sh,"Now for our friend Lestrade. I had a note from him this morning, in
     which he says:"
700,mm,that there must be a very large number.
701,sh,"With all our precautions, you see that we have cut it rather fine,"
702,mm,"I met him first just over a year ago,"
703,hp,Not in the least. I puzzled and puzzled over it but I couldn’t even get a glimmering.
704,mm,"I’ll go and have a try this evening,"
705,mm,"It seems very melodramatic if one says ‘a secret enemy,’"
706,mm,"Well, it must be quite simple, really, mustn’t it?"
707,mm,"I was not a friend of Mr. Rafiel. I had met him once or twice. Once on a committee of a hospital, once at some other public event. I knew about him. He, I gather, also knew about me. If I say to you, Miss Marple, that I am a man of some eminence in my own profession, you may think me a man of bounding conceit."
708,sh,"So as the fog-bank flowed onward we fell back before it until we were
     half a mile from the house, and still that dense white sea, with the
     moon silvering its upper edge, swept slowly and inexorably on."
709,sh,"I knew your energetic nature, and that you would not be happy
     until you had been on the scene of the crime."
710,sh,"I am sure we owe you an apology, Mrs. Toller,"
711,sh,"The cabman may as well
     help me with my boxes. Just ask him to step up, Wiggins."
712,sh,"This is beyond anything which I
     could have imagined."
713,sh,"And so it was arranged. Resisting Stapleton's offer of hospitality,
     Holmes and I set off to Baskerville Hall, leaving the naturalist to
     return alone. Looking back we saw the figure moving slowly away over
     the broad moor, and behind him that one black smudge on the silvered
     slope which showed where the man was lying who had come so horribly
     to his end.





          CHAPTER XIII
          Fixing the Nets"
714,mm,"Don’t look at me as though I were an interesting specimen you didn’t understand, Len. Don’t let’s get heated and wander from the point. I don’t believe that it was Lawrence or Anne, and Lettice is out of the question. There must be some clue or other that would help us."
715,sh,I glanced down at the new patent leathers which I was wearing.
716,sh,"He thought it was his mistress,
     and he found it was a stranger. Dogs don't make mistakes."
717,sh,"But you have read the evidence. You have formed some conclusion? Do
     you not see some loophole, some flaw? Do you not yourself think that
     he is innocent?"
718,sh,"I do not know how I could
     employ my time better."
719,mm,"Nobody could come in or go out through my room without my seeing them, and even if anyone did manage to come in through my wife’s room without the electrician seeing them, how the devil could they get out again leaving the door locked and bolted on the inside?"
720,sh,"Oh, yes! In a hundred other ways he has helped him. Everybody about
     here speaks of his kindness to him."
721,mm,"I have dropped another stitch. I have been so interested in the story. A sad case, a very sad case. It reminds me of old Mr. Hargraves who lived up at the Mount. His wife never had the least suspicion—until he died, leaving all his money to a woman he had been living with and by whom he had five children. She had at one time been their housemaid. Such a nice girl, Mrs. Hargraves always said—thoroughly to be relied upon to turn the mattresses every day—except Fridays, of course. And there was old Hargraves keeping this woman in a house in the neighbouring town and continuing to be a Churchwarden and to hand round the plate every Sunday."
722,hp,"you’ve been brooding over this case too long. What on
earth had I to gain by murdering Ackroyd?"
723,sh,"You at least have the entree, Watson. Will you have
     the goodness to give the lady this note?"
724,hp,"that four people sit down to play bridge and one, the odd man out, sits in a chair by the fire. At the end of the evening the man by the fire is found dead. One of the four, while he is dummy, has gone over and killed him, and intent on the play of the hand, the other three have not noticed. Ah, there would be a crime for you! Which of the four was it?"
725,mm,"He used to entertain there, I think, sometimes. Business friends, mostly you know, or people from abroad. I don’t think any of us ever visited him there. He nearly always entertained us in London on the rare occasions when we happened to meet."
726,sh,"I have no more notion than you how long it is to last,"
727,hp,"But Parker
is the most likely. It is in my mind to try a little experiment with
Parker. How say you, my friend, will you accompany me to Fernly?"
728,mm,Did dear Lettice tell you of the trouble?
729,mm,was this. That she was going to marry Michael Rafiel. Miss Temple knew that. It was one of the things she said to me. She said: ‘I knew a girl called Verity who was going to marry Michael Rafiel’ and the only person who could have told her that was Verity herself. Verity must have written to her or sent some word to her. And then when I said ‘Why didn’t she marry him?’ she said: ‘She died.’
730,sh,"I got your telegram, and I came at the hour you said. I heard that
     you had been down to the office. There was no getting away from you.
     Let's hear the worst. What are you going to do with me? Arrest me?
     Speak out, man! You can't sit there and play with me like a cat with
     a mouse."
731,mm,"but we’ve got to find the money, haven’t we? You mustn’t give up, Mr. Rossiter. ‘If at first you don’t succeed, try, try, try again.’"
732,mm,I don’t know whether you like sitting rather high? So many people do.
733,hp,"At last we have a piece of information that is very definite. That tells one something, does it not?"
734,mm,"I do rather agree with you. They don’t seem very real. I have wondered about them a good deal. Wondered, I mean, why they came on this tour and if they were really enjoying it. And what was their reason for coming."
735,mm,"like being born with a very keen sense of smell. You can smell a leak of gas when other people can’t do so. You can distinguish one perfume from another very easily. I had an aunt once,"
736,mm,specially the gardens. From the description in the prospectus I am really looking forward very much to seeing some of the really finely kept gardens of the historic houses we have still to visit.
737,sh,"and then came several sheets of numbers. Another
     heading was Argentine, another Costa Rica, and another San Paulo,
     each with pages of signs and figures after it."
738,mm,"There’s no point in saving at my age,"
739,mm,One should never go by what people say. The 6:50 was half an hour late that night. But at a quarter past seven I saw her with my own eyes starting for Old Hall. So it followed that she must have come by the earlier train. Indeed she was seen; but perhaps you know that?
740,mm,"So that I could learn certain facts that I had to know,"
741,mm,"I shall enjoy the gardens most, though, but the houses—they will be a new experience for me. Their variety and their history, and the beautiful old furniture and the pictures."
742,mm,"Mrs. MacArthur sent some special bulbs round to Mrs. Toomie the other day,"
743,hp,"Your dream has a very natural explanation. It is that you find that already the image of one sister fades in your memory and that its place is taken by the other sister. Mademoiselle Megan replaces her sister in your heart, but since you cannot bear to think of yourself being unfaithful so soon to the dead, you strive to stifle the thought, to kill it! That is the explanation of the dream."
744,sh,"Pray sit down. I fear I
     can only give you a short time, for I have an appointment at eleven."
745,sh,"We're well up with the times in Sussex. I've told you now
     how matters were, up to the time when I took over from Sergeant
     Wilson between three and four this morning. My word! I made the old
     mare go! But I need not have been in such a hurry, as it turned out;
     for there was nothing immediate that I could do. Sergeant Wilson had
     all the facts. I checked them and considered them and maybe added a
     few of my own."
746,hp,It is not I. You confound me with my friend M. Bouc.
747,mm,"Yes, she went inside and waited. Presently Mr. Redding came along the lane from the village. He came to the Vicarage gate, looked all round—"
748,hp,"You need not offer apologies, Messieurs. I understand a murder has taken place. Naturally, you must interview all the passengers. I shall be glad to give all the assistance in my power."
749,mm,"Fancy your remembering that. Yes. Yes, it’s one of the things one does remember. Such a charming smell, heliotrope. And such a nice name for it, Cherry Pie. One always remembers that. And the grapevine. The little, small, early sweet grapes. Ah well, one must not remember the past too much."
750,sh,"and I really cannot undertake to go about the country looking for a
     left-handed gentleman with a game leg. I should become the
     laughing-stock of Scotland Yard."
751,hp,"You shall tell me, ma soeur, exactly what each member of the expedition felt towards Mrs. Leidner."
752,hp,"If that’s so, it’s going to simplify matters very much."
753,sh,"It is a bad thing
     to speak of, but I will answer you the truth."
754,hp,"I should say, Madame, that you have had a happy life, that you have been generous and kindly in your attitude towards others."
755,sh,"I have given you the chance. Here
     are your lodgings. Good-bye. I shall drop you a line before I leave."
756,sh,"that every essential is already
     known. We know that you were pressed for money; that you took an
     impress of the keys which your brother held; and that you entered
     into a correspondence with Oberstein, who answered your letters
     through the advertisement columns of the Daily Telegraph. We are
     aware that you went down to the office in the fog on Monday night,
     but that you were seen and followed by young Cadogan West, who had
     probably some previous reason to suspect you. He saw your theft, but
     could not give the alarm, as it was just possible that you were
     taking the papers to your brother in London. Leaving all his private
     concerns, like the good citizen that he was, he followed you closely
     in the fog and kept at your heels until you reached this very house.
     There he intervened, and then it was, Colonel Walter, that to treason
     you added the more terrible crime of murder."
757,sh,"I was sorry to cause you the sympathetic pain
     which I know that you felt. We then went upstairs together, and
     having entered the room and seen the dressing-gown hanging up behind
     the door, I contrived, by upsetting a table, to engage their
     attention for the moment, and slipped back to examine the pockets. I
     had hardly got the paper, however--which was, as I had expected, in
     one of them--when the two Cunninghams were on me, and would, I verily
     believe, have murdered me then and there but for your prompt and
     friendly aid. As it is, I feel that young man's grip on my throat
     now, and the father has twisted my wrist round in the effort to get
     the paper out of my hand. They saw that I must know all about it, you
     see, and the sudden change from absolute security to complete despair
     made them perfectly desperate."
758,mm,"He was, I understand, a friend of yours."
759,hp,I know it. He loved me—he will always love me.
760,sh,"In accordance with the scheme which we had formed in order to test
     our theories"
761,mm,I can imagine it. I’ve always been able to imagine things.
762,sh,"'You crossed my path on the 4th of January,' said he.  'On the 23d
     you incommoded me; by the middle of February I was seriously
     inconvenienced by you; at the end of March I was absolutely hampered
     in my plans; and now, at the close of April, I find myself placed in
     such a position through your continual persecution that I am in
     positive danger of losing my liberty.  The situation is becoming an
     impossible one.'"
763,mm,"Eighteen fifty-one. And that explains everything, doesn’t it?"
764,mm,"how did you come to guess that, Miss Marple?"
765,hp,"I went in to the American lady, Mrs. Hubbard. I asked her for some aspirin and she gave it to me."
766,mm,"I think, you know, that Constable Palk could help you. He was the first person on the—on the ‘scene of the crime,’ as they say."
767,sh,Did Barrymore profit at all by Sir Charles's will?
768,sh,"A card had come up on a salver, and it was followed by the same
     bearded ruffian who had attacked me in the street. He started when he
     saw me."
769,hp,"Saw him give young Redfern a dirty look once or twice. Dark horse, Marshall. Looks very meek and mild and as though he were half asleep all the time—but that’s not his reputation in the City. I’ve heard a thing or two about him. Nearly had up for assault once. Mind you, the fellow in question had put up a pretty dirty deal. Marshall had trusted him and the fellow had let him down cold. Particularly dirty business, I believe. Marshall went for him and half-killed him. Fellow didn’t prosecute—too afraid of what might come out. I give you that for what it’s worth."
770,hp,"Put it on to a poor devil like Fleetwood, who can’t defend himself, who’s got no money to hire lawyers. But I tell you this—if you try and saddle Fleetwood with this business you’ll have me to deal with."
771,hp,"That is valuable testimony coming from an outsider,"
772,sh,"I heard him say at last in a dry,
     rasping tone."
773,hp,"Now that you remind me of the fact, it is true that there is one thing
more. It would be most unwise on your part to attempt to silence me as
you silenced M. Ackroyd. That kind of business does not succeed against
Hercule Poirot, you understand."
774,sh,"It was easier to know it than to explain why I knew it. If you were
     asked to prove that two and two made four, you might find some
     difficulty, and yet you are quite sure of the fact. Even across the
     street I could see a great blue anchor tattooed on the back of the
     fellow's hand. That smacked of the sea. He had a military carriage,
     however, and regulation side whiskers. There we have the marine. He
     was a man with some amount of self-importance and a certain air of
     command. You must have observed the way in which he held his head and
     swung his cane. A steady, respectable, middle-aged man, too, on the
     face of him--all facts which led me to believe that he had been a
     sergeant."
775,sh,"I had misjudged you. I thank
     Heaven that my compunction at leaving poor Staunton all alone in this
     plight caused me to turn my carriage back, and so to make your
     acquaintance. Knowing as much as you do, the situation is very easily
     explained. A year ago Godfrey Staunton lodged in London for a time,
     and became passionately attached to his landlady's daughter, whom he
     married. She was as good as she was beautiful, and as intelligent as
     she was good. No man need be ashamed of such a wife. But Godfrey was
     the heir to this crabbed old nobleman, and it was quite certain that
     the news of his marriage would have been the end of his inheritance.
     I knew the lad well, and I loved him for his many excellent
     qualities. I did all I could to help him to keep things straight. We
     did our very best to keep the thing from everyone, for when once such
     a whisper gets about it is not long before everyone has heard it.
     Thanks to this lonely cottage and his own discretion, Godfrey has up
     to now succeeded. Their secret was known to no one save to me and to
     one excellent servant who has at present gone for assistance to
     Trumpington. But at last there came a terrible blow in the shape of
     dangerous illness to his wife. It was consumption of the most
     virulent kind. The poor boy was half crazed with grief, and yet he
     had to go to London to play this match, for he could not get out of
     it without explanations which would expose his secret. I tried to
     cheer him up by a wire, and he sent me one in reply imploring me to
     do all I could. This was the telegram which you appear in some
     inexplicable way to have seen. I did not tell him how urgent the
     danger was, for I knew that he could do no good here, but I sent the
     truth to the girl's father, and he very injudiciously communicated it
     to Godfrey. The result was that he came straight away in a state
     bordering on frenzy, and has remained in the same state, kneeling at
     the end of her bed, until this morning death put an end to her
     sufferings. That is all, Mr. Holmes, and I am sure that I can rely
     upon your discretion and that of your friend."
776,sh,"that I may be of more use at Lamberley than
     here. It is eminently a case for personal investigation. If the lady
     remains in her room, our presence could not annoy or inconvenience
     her. Of course, we would stay at the inn."
777,mm,that is so. It surprised me to be sent for.
778,hp,No stranger came to the house that day.
779,sh,"Yes, Mr. Holmes; Cyril Morton, an electrical engineer, and we hope
     to be married at the end of the summer. Dear me, how did I get
     talking about him? What I wished to say was that Mr. Woodley was
     perfectly odious, but that Mr. Carruthers, who was a much older man,
     was more agreeable. He was a dark, sallow, clean-shaven, silent
     person; but he had polite manners and a pleasant smile. He inquired
     how we were left, and on finding that we were very poor he suggested
     that I should come and teach music to his only daughter, aged ten. I
     said that I did not like to leave my mother, on which he suggested
     that I should go home to her every week-end, and he offered me a
     hundred a year, which was certainly splendid pay. So it ended by my
     accepting, and I went down to Chiltern Grange, about six miles from
     Farnham. Mr. Carruthers was a widower, but he had engaged a
     lady-housekeeper, a very respectable, elderly person, called Mrs.
     Dixon, to look after his establishment. The child was a dear, and
     everything promised well. Mr. Carruthers was very kind and very
     musical, and we had most pleasant evenings together. Every week-end I
     went home to my mother in town."
780,hp,"It is necessary to clear up one or two points. When I asked you whether you saw anyone on the starboard deck at one-ten this morning, your answer was that you saw nobody. Fortunately I have been able to arrive at the truth without your help. Monsieur Allerton has admitted that he was in Linnet Doyle’s cabin last night."
781,hp,"It is the kind you get on a train,"
782,mm,to suggest to you that you should invite me here during the course of this tour. Very thoughtful. One wouldn’t really have expected a busy man such as he must have been to have had such kindly thoughts.
783,mm,"Yes, I know. That’s what my nephew, Raymond West, would say. He’d tell me I hadn’t a shadow of proof. But I remember Walter Hones, who kept the Green Man. Walking home with his wife one night she fell into the river—and he collected the insurance money! And one or two other people that are walking about scot-free to this day—one indeed in our own class of life. Went to Switzerland for a summer holiday climbing with his wife. I warned her not to go—the poor dear didn’t get angry with me as she might have done—she only laughed. It seemed to her funny that a queer old thing like me should say such things about her Harry. Well, well, there was an accident—and Harry is married to another woman now. But what could I do? I knew, but there was no proof."
784,mm,"she would have to wear Miss Barton’s clothes, and they would probably be a little tight on her, so that her general appearance would look as though she had got a little fatter. That’s why I asked that question. A gentleman would be sure to think it was the lady who had got fatter, and not the clothes that had got smaller—though that isn’t quite the right way of putting it."
785,sh,"I presume that you do not go so far as to assert that I summoned
     you?"
786,sh,"Yes, and no later than to-day. That is why I have come to you.  This
     morning I received this letter, which you will perhaps read for
     yourself."
787,mm,"I expect Aunt Jane’s got it by now,"
788,hp,"He doesn’t give himself
away. But they’re wonderful fellows, these foreign detectives. Up to
all sorts of dodges, I believe."
789,hp,At present one is in the dark—there is no direction—if things get clearer—
790,sh,"'Yes, it was the devil himself. We have not had a peaceful hour
     since--not one. The governor has never held up his head from that
     evening, and now the life has been crushed out of him and his heart
     broken, all through this accursed Hudson.'"
791,mm,"I am glad to have left the tour now,"
792,sh,"This, gentlemen, is
     Colonel Sebastian Moran, once of Her Majesty's Indian Army, and the
     best heavy game shot that our Eastern Empire has ever produced. I
     believe I am correct, Colonel, in saying that your bag of tigers
     still remains unrivalled?"
793,hp,"Didn’t you? Oh, he told me all about it. Poor lad. It’s a great grief
to all the family. They’ve kept him at home so far, but it’s getting
to such a pitch that they’re afraid he’ll have to go into some kind of
institution."
794,mm,"I mean, somebody always does. I think that is where Mr. Redding may find out something."
795,sh,"Never mind, my dear lady. You will hear from me, Mr. Cummings. With
     the help of the god of justice I will give you a case which will make
     England ring. You will get news by to-morrow, Miss Dunbar, and
     meanwhile take my assurance that the clouds are lifting and that I
     have every hope that the light of truth is breaking through."
796,sh,"cried the clerk.

     Again and much louder cam the rat-tat-tat. We all gazed expectantly
     at the closed door. Glancing at Holmes, I saw his face turn rigid,
     and he leaned forward in intense excitement. Then suddenly came a low
     guggling, gargling sound, and a brisk drumming upon woodwork. Holmes
     sprang frantically across the room and pushed at the door. It was
     fastened on the inner side. Following his example, we threw ourselves
     upon it with all our weight. One hinge snapped, then the other, and
     down came the door with a crash. Rushing over it, we found ourselves
     in the inner room. It was empty.

     But it was only for a moment that we were at fault. At one corner,
     the corner nearest the room which we had left, there was a second
     door. Holmes sprang to it and pulled it open. A coat and waistcoat
     were lying on the floor, and from a hook behind the door, with his
     own braces round his neck, was hanging the managing director of the
     Franco-Midland Hardware Company. His knees were drawn up, his head
     hung at a dreadful angle to his body, and the clatter of his heels
     against the door made the noise which had broken in upon our
     conversation. In an instant I had caught him round the waist, and
     held him up while Holmes and Pycroft untied the elastic bands which
     had disappeared between the livid creases of skin. Then we carried
     him into the other room, where he lay with a clay-colored face,
     puffing his purple lips in and out with every breath--a dreadful
     wreck of all that he had been but five minutes before."
797,sh,"He wrung his hands in an agony of
     apprehension, and swayed backwards and forwards in his chair.

     I looked with interest upon this man, who was accused of being the
     perpetrator of a crime of violence. He was flaxen-haired and handsome
     in a washed-out negative fashion, with frightened blue eyes and a
     clean-shaven face, with a weak, sensitive mouth. His age may have
     been about twenty-seven; his dress and bearing that of a gentleman.
     From the pocket of his light summer overcoat protruded the bundle of
     endorsed papers which proclaimed his profession."
798,mm,Do you think hate can last as long as that?
799,hp,But it’s ridiculous—quite ridiculous. Both he and Mercado are well-known men. They’ve been known for years.
800,hp,"I said—the magnanimous murderer! Franz Ascher would have been arrested for the murder of his wife—Donald Fraser might have been arrested for the murder of Betty Barnard—if it had not been for the warning letters of A B C. Is he, then, so soft-hearted that he cannot bear others to suffer for something they did not do?"
801,hp,It seems to me that there is one very important clue—the discovery of the motive.
802,hp,"Look here, sir, let’s look at it this way. Supposing Miss Darnley wasn’t on Sunny Ledge this morning as she says. That story’s a lie. Now suppose that after telling us her story, she finds that somebody saw her somewhere else or alternatively that someone went to the Ledge and didn’t find her there. Then she thinks up this story quick and comes and tells it to us to account for her absence. You’ll notice that she was careful to say Captain Marshall didn’t see her when she looked into his room."
803,sh,"There is
     nothing there, no sign that anyone has landed--but why should he
     leave any sign?"
804,sh,"Surely I met you in Plymouth at a garden-party some little time ago,
     Mrs. Straker?"
805,mm,"Yes. Yes, that is probably true. It seemed to me, you see, that Verity would have said nothing to the people who could have stopped her. Clotilde and Anthea Bradbury-Scott, but because she had always been very devoted to Elizabeth Temple—and Elizabeth Temple had had great influence over her—it seems to me that she would have written and given her information of some kind."
806,mm,"I hope I shall be able to put what I say properly. So difficult, you know, to explain oneself, don’t you think? No, perhaps you don’t. But you see, not having been educated in the modern style—just a governess, you know, who taught one the dates of the kings of England and general knowledge—Doctor Brewer—three kinds of diseases of wheat—blight, mildew—now what was the third—was it smut?"
807,mm,"If we can’t alter the movements or the position of those three people, then couldn’t we perhaps alter the time of the murder?"
808,sh,"He took two swift
     steps to the whip, but before he could grasp it there was a wild
     clatter of steps upon the stairs, the heavy hall door banged, and
     from the window we could see Mr. James Windibank running at the top
     of his speed down the road."
809,hp,"Lies—and again lies—it amazes me, the amount of lies we had told to us this morning."
810,sh,"Come, Watson, let us see what
     he does."
811,sh,"you won't think me an
     intruder, I am sure. Have you heard of the events which led up to
     this affair?"
812,mm,"It happened just before dinner, didn’t it? When you took Joyce out to admire the sunset. It is a very favourite place, that. There by the jasmine hedge. That is where the milkman asked Annie if he could put up the banns."
813,sh,"said I, with
     my finger on the thready pulse, where the stream of life trickled
     thin and small."
814,mm,"Usually I am consulted fairly soon after whatever the—shall we call it—crime has happened, to judge such matters as treatment, possibilities in the case, prognosis favourable or unfavourable, all the various words. They do not mean much and I will not go into them. But occasionally also I am consulted by a responsible Head of such an institution for a particular reason. In this matter I received a communication from a certain Department which was passed to me through the Home Office. I went to visit the Head of this institution. In fact, the Governor responsible for the prisoners or patients or whatever you like to call them. He was by way of being a friend of mine. A friend of fairly long standing though not one with whom I was on terms of great intimacy. I went down to the institution in question and the Governor laid his troubles before me. They referred to one particular inmate. He was not satisfied about this inmate. He had certain doubts. This was the case of a young man or one who had been a young man, in fact little more than a boy, when he came there. That was now several years ago. As time went on, and after the present Governor had taken up his own residence there (he had not been there at the original arrival of this prisoner), he became worried. Not because he himself was a professional man, but because he was a man of experience of criminal patients and prisoners. To put it quite simply, this had been a boy who from his early youth had been completely unsatisfactory. You can call it by what term you like. A young delinquent, a young thug, a bad lot, a person of diminished responsibility. There are many terms. Some of them fit, some of them don’t fit, some of them are merely puzzling. He was a criminal type. That was certain. He had joined gangs, he had beaten up people, he was a thief, he had stolen, he had embezzled, he had taken part in swindles, he had initiated certain frauds. In fact, he was a son who would be any father’s despair."
815,sh,"that the incised wound upon
     Straker may have been caused by his own knife in the convulsive
     struggles which follow any brain injury?"
816,sh,"There were footfalls outside, the door opened, and Inspector Morton
     appeared."
817,sh,"There is one other thing you owe, Mr. Holder,"
818,sh,"Yes, and they were the best of friends at one time. Why, she went up
     there to live in order to be near them. And now she has no word hard
     enough for Jim Browner. The last six months that she was here she
     would speak of nothing but his drinking and his ways. He had caught
     her meddling, I suspect, and given her a bit of his mind, and that
     was the start of it."
819,hp,"You are, I think, the strongest character amongst us."
820,sh,"THE ADVENTURE OF THE GOLDEN PINCE-NEZ

     When I look at the three massive manuscript volumes which contain our
     work for the year 1894 I confess that it is very difficult for me,
     out of such a wealth of material, to select the cases which are most
     interesting in themselves and at the same time most conducive to a
     display of those peculiar powers for which my friend was famous. As I
     turn over the pages I see my notes upon the repulsive story of the
     red leech and the terrible death of Crosby the banker. Here also I
     find an account of the Addleton tragedy and the singular contents of
     the ancient British barrow. The famous Smith-Mortimer succession case
     comes also within this period, and so does the tracking and arrest of
     Huret, the Boulevard assassin--an exploit which won for Holmes an
     autograph letter of thanks from the French President and the Order of
     the Legion of Honour. Each of these would furnish a narrative, but on
     the whole I am of opinion that none of them unite so many singular
     points of interest as the episode of Yoxley Old Place, which includes
     not only the lamentable death of young Willoughby Smith, but also
     those subsequent developments which threw so curious a light upon the
     causes of the crime.

     It was a wild, tempestuous night towards the close of November.
     Holmes and I sat together in silence all the evening, he engaged with
     a powerful lens deciphering the remains of the original inscription
     upon a palimpsest, I deep in a recent treatise upon surgery. Outside
     the wind howled down Baker Street, while the rain beat fiercely
     against the windows. It was strange there in the very depths of the
     town, with ten miles of man's handiwork on every side of us, to feel
     the iron grip of Nature, and to be conscious that to the huge
     elemental forces all London was no more than the molehills that dot
     the fields. I walked to the window and looked out on the deserted
     street. The occasional lamps gleamed on the expanse of muddy road and
     shining pavement. A single cab was splashing its way from the Oxford
     Street end."
821,mm,That describes it very well. Yes. I am on a pilgrimage.
822,mm,"but after all, that is a very sound way of arriving at the truth. It’s really what people call intuition and make such a fuss about. Intuition is like reading a word without having to spell it out. A child can’t do that because it has had so little experience. But a grown-up person knows the word because they’ve seen it often before. You catch my meaning, Vicar?"
823,hp,"In any case, do not distress yourself, mademoiselle,"
824,mm,"If your theory turns out to be the truth—which I for one do not doubt for a minute,"
825,mm,"In a terrible way it seems quite a natural thing to happen, doesn’t it, though of course there are accidents sometimes by pushing things about, you know. Just pushing, making stones rock. That sort of thing."
826,sh,"is never to let them think that their
     information can be of the slightest importance to you. If you do,
     they will instantly shut up like an oyster. If you listen to them
     under protest, as it were, you are very likely to get what you want."
827,hp,"Ah, pardon—I was confused. She is a young lady much in the news, that. I have been interested in her for some time."
828,mm,"My dear, these things are very common—very common indeed. And gentlemen are especially tempted, being so much the stronger. So easy if a thing looks like an accident. As I say, I knew at once with the Sanders. It was on a tram. It was full inside and I had had to go on top. We all three got up to get off and Mr. Sanders lost his balance and fell right against his wife, sending her headfirst down the stairs. Fortunately the conductor was a very strong young man and caught her."
829,sh,"It seems to show that someone knows more than we do about what goes
     on upon the moor,"
830,sh,"Audley Court was not an attractive locality. The narrow passage led
     us into a quadrangle paved with flags and lined by sordid dwellings.
     We picked our way among groups of dirty children, and through lines
     of discoloured linen, until we came to Number 46, the door of which
     was decorated with a small slip of brass on which the name Rance was
     engraved. On enquiry we found that the constable was in bed, and we
     were shown into a little front parlour to await his coming.

     He appeared presently, looking a little irritable at being disturbed
     in his slumbers."
831,hp,And she—what do you think she thought of him?
832,sh,"I assure you that I have not associated you
     with the crime, Colonel,"
833,hp,"The type of man who would not like to admit he was mistaken,"
834,sh,"I pray that we may
     never be exposed to such a temptation."
835,mm,that to learn a little more about her might help me in my enquiries.
836,sh,"our ways lie elsewhere. Our next station
     must be the office from which the papers were taken."
837,mm,"That’s very definite. Colonel Protheroe had made arrangements for a man to come down from London on Monday—tomorrow—to make a full valuation. Owing to the Colonel’s death, the matter has been put off."
838,hp,"Nobody left the carriage this way. Possibly the open window was intended to suggest the fact, but, if so, the snow has defeated the murderer’s object."
839,mm,"Please forgive me. So apt, I know, to fly off at a tangent. But one thing does remind one of another. And sometimes that is helpful. All I was trying to say was that perhaps if we tried to sharpen our wits and think of a likely place—"
840,hp,But I guess every nation likes its own girls best.
841,hp,"You see, me, I have been
familiar with the idea for some time."
842,sh,"No fence wants stuff of that sort that you can neither melt
     nor sell."
843,sh,"I think it may be quite possible to keep
     the matter to ourselves, and also to prevent its recurrence now that
     we have a free hand. The key from the watch-chain, Mr. Bennett.
     Macphail will guard the patient and let us know if there is any
     change. Let us see what we can find in the professor's mysterious
     box."
844,hp,"When I was young (and that, Mademoiselle, is indeed a long time ago) there was a game entitled, ‘If not yourself, who would you be?’ One wrote the answer in young ladies’ albums. They had gold edges and were bound in blue leather. The answer? Mademoiselle, is not really very easy to find."
845,hp,Mr. Poirot is inclined to think it’s a valuable clue. I expect he’d like to see it.
846,hp,If this M. Harris arrives we will tell him that he is too late—that berths cannot be retained so long—we will arrange the matter one way or another. What do I care for a M. Harris?
847,sh,"This great and sombre stage is set for something more worthy than
     that,"
848,mm,"If you are not too busy, I wonder if you could answer a question of mine,"
849,sh,"It seemed to me incredible that such a charge could be sustained. I
     thought that if we waited the whole thing must clear itself up
     without our being compelled to enter into painful details of the
     inner life of the family. But I understand that far from clearing it
     has become even more serious."
850,sh,"If criminals would always schedule
     their movements like railway trains, it would certainly be more
     convenient for all of us. As to what it is we--Well, that's what we
     are watching for!"
851,mm,she’s someone and she might—she just might be a person Mr. Rafiel wanted me to meet for some reason.
852,mm,"That is kind of him, but hardly justified,"
853,sh,What the devil is the meaning of all this?
854,mm,"Well, I think it’s just possible. That’s all."
855,mm,"Oh, my dear lady, do I have to tell you that?"
856,hp,Surely a great many people wear shoes with rubber studs in them?
857,hp,a murderer of the first class never wears a false beard!
858,sh,"I have nothing in the world against you, my good man,"
859,hp,I haven’t either. I’ve been out sailing with him once or twice—but he doesn’t really like having anyone with him. He prefers to be on his own.
860,mm,"That is where you make a mistake, dear,"
861,mm,there is one thing that you don’t know.
862,hp,"We must have everything in order. Just as it occurred. It is
a little method of mine."
863,mm,I’m afraid I don’t quite understand what you’re talking about.
864,sh,"that this matter is a mistake, and
     that the parcel was never meant for me at all. I have said this
     several times to the gentlemen from Scotland Yard, but he simply
     laughs at me. I have not an enemy in the world, as far as I know, so
     why should anyone play me such a trick?"
865,sh,"He has his own little methods, which are, if
     he won't mind my saying so, just a little too theoretical and
     fantastic, but he has the makings of a detective in him. It is not
     too much to say that once or twice, as in that business of the Sholto
     murder and the Agra treasure, he has been more nearly correct than
     the official force."
866,sh,"Come,
     Watson, for we have a good day's work before us in town."
867,mm,"but really you know, I’m not so young and vigorous as you are, Mrs. Riseley-Porter, and I really feel after all the—well, shock and everything else the last few days, I really must have a complete twenty-four hours’ rest."
868,mm,"At the moment I am not concerned with theories. It seems to me, excluding the supernatural in which I do not for one moment believe, that that was the only way things could have happened. He stabbed himself, and as he fell his arms flew out, wrenching the dagger from the wound and flinging it far into the zone of the trees. That is, I think, although somewhat unlikely, a possible happening."
869,sh,"Good! and Gregson can come inside with me. You too, Doctor, you have
     taken an interest in the case and may as well stick to us."
870,mm,Yes. And what does that suggest to you?
871,hp,"Well, the door of it was not quite closed. And the fellow inside peered out in a furtive sort of way. Then he pulled the door to quickly. Of course, I know there’s nothing in that—but it just struck me as a bit odd. I mean, it’s quite usual to open a door and stick your head out if you want to see anything. But it was the furtive way he did it that caught my attention."
872,sh,"And yet it may be premature to abandon the
     case. After all, important fresh evidence is a two-edged thing, and
     may possibly cut in a very different direction to that which Lestrade
     imagines. Take your breakfast, Watson, and we will go out together
     and see what we can do. I feel as if I shall need your company and
     your moral support to-day."
873,mm,You will remember my saying this morning that that struck me as exceedingly peculiar.
874,hp,"I do think, you know, that our girls and boys nowadays lead a much more natural healthy life. They just romp about together and they—well, they—"
875,sh,"Dear me! Why, I could have sworn to it. You wore a costume of
     dove-colored silk with ostrich-feather trimming."
876,sh,"though it is
     some years since he used my services in some trifling matter."
877,sh,"I will go no further in this matter. It is too dangerous--he
     suspects me. I can see that he suspects me. He came to me quite
     unexpectedly after I had actually addressed this envelope with the
     intention of sending you the key to the cipher. I was able to cover
     it up. If he had seen it, it would have gone hard with me. But I read
     suspicion in his eyes. Please burn the cipher message, which can now
     be of no use to you."
878,mm,"He lost his wife many years ago. Quite soon after they were married, I believe. I believe she was much younger than he was—I think she died of cancer. Very sad."
879,mm,"and she tells the boy and she wants him to marry her. But he, perhaps, doesn’t want to marry her—he has never had any idea of marrying her. But things may be made difficult for him in this case. His father, perhaps, won’t hear of such a thing. Her relations will insist that he ‘does the right thing.’ And by now he is tired of the girl—he’s got another girl perhaps. And so he takes a quick brutal way out—strangles her, beats her head to a pulp to avoid identification. It fits with his record—a brutal sordid crime—but forgotten and done with."
880,hp,Have you not read the papers in the last few days?
881,mm,How beautiful peonies are. That long border of them—so proud and yet so beautifully fragile.
882,hp,"That’s right. Well, after her acquittal, Ken married her. That’s the sort of damn silly thing he does."
883,mm,"I’ve started doing something. Not that I hope much from this, but still it might help."
884,sh,"Oh, if you find your own cases more interesting than mine--"
885,mm,"Look here, Charmian, it might be, you know! No reason to put a cooking-recipe in a secret drawer otherwise."
886,hp,"we handle him with the gloves of kid, is it not so?"
887,mm,"That is a question which, perhaps, owing to what has happened, we shall have to discuss."
888,mm,"but I took the precaution of verifying that there was a Mrs. Greene and a Church Social. One can’t be too careful, you know."
889,hp,or would you prefer to examine the study?
890,sh,"'Lord Backwater tells me that I may place implicit reliance upon
     your judgment and discretion. I have determined, therefore, to call
     upon you and to consult you in reference to the very painful event
     which has occurred in connection with my wedding. Mr. Lestrade, of
     Scotland Yard, is acting already in the matter, but he assures me
     that he sees no objection to your co-operation, and that he even
     thinks that it might be of some assistance. I will call at four
     o'clock in the afternoon, and, should you have any other engagement
     at that time, I hope that you will postpone it, as this matter is of
     paramount importance."
891,mm,I didn’t mean that at all. I mean that the murder didn’t occur when you thought it occurred.
892,sh,"you have had your revenge upon them.
     There can be no question that it was your oil-lamp which, when it was
     crushed in the press, set fire to the wooden walls, though no doubt
     they were too excited in the chase after you to observe it at the
     time. Now keep your eyes open in this crowd for your friends of last
     night, though I very much fear that they are a good hundred miles off
     by now."
893,sh,"The man motioned me to a chair, and turned to resume his own. As he
     did so I caught a glimpse of his face in the mirror over the
     mantelpiece. I could have sworn that it was set in a malicious and
     abominable smile. Yet I persuaded myself that it must have been some
     nervous contraction which I had surprised, for he turned to me an
     instant later with genuine concern upon his features."
894,hp,"It was back in position when I arrived with the police, sir,"
895,sh,"She was never happy at home, Miss Alice wasn't, from the time that
     her father married again. She was slighted like and had no say in
     anything, but it never really became bad for her until after she met
     Mr. Fowler at a friend's house. As well as I could learn, Miss Alice
     had rights of her own by will, but she was so quiet and patient, she
     was, that she never said a word about them but just left everything
     in Mr. Rucastle's hands. He knew he was safe with her; but when there
     was a chance of a husband coming forward, who would ask for all that
     the law would give him, then her father thought it time to put a stop
     on it. He wanted her to sign a paper, so that whether she married or
     not, he could use her money. When she wouldn't do it, he kept on
     worrying her until she got brain-fever, and for six weeks was at
     death's door. Then she got better at last, all worn to a shadow, and
     with her beautiful hair cut off; but that didn't make no change in
     her young man, and he stuck to her as true as man could be."
896,sh,"He was cold, but not harsh. I dare say my severe illness prevented
     him from being that. He repeated that the matter was of the utmost
     importance, and added that no steps would be taken about my
     future--by which he means, of course, my dismissal--until my health
     was restored and I had an opportunity of repairing my misfortune."
897,mm,"Julian, of course, has a very solid intellect,"
898,sh,"Personally I am in agreement with Dr. Armstrong, and
     football does not come within my horizon. Early to bed to-night,
     Watson, for I foresee that to-morrow may be an eventful day."
899,hp,That boyish type of criminal is usually intensely vain. Once prick the bubble of their self-esteem and it is finished! They go to pieces like children.
900,sh,"It seems a singularly useless thing to steal,"
901,hp,That is true what you say… Her eyes look for one thing only—men.
902,hp,Her pearls? Louise’s eyes opened very wide. “She was wearing them last night.
903,sh,Have you any objection to my looking at your register?
904,sh,"that I begin to believe that I am the
     unconscious centre of some monstrous conspiracy, and that my life is
     aimed at as well as my honor?"
905,mm,Your sister tells me it was built about 1780.
906,sh,"I owe you both my thanks and an apology. It was an unjustifiable
     experiment even for one's self, and doubly so for a friend. I am
     really very sorry."
907,mm,how do you do it? You have lived such a peaceful life and yet nothing seems to surprise you.
908,sh,"In the meantime the housekeeper had also arrived upon the scene, but
     she was just too late to catch the young man's dying words. Leaving
     Susan with the body, she hurried to the Professor's room. He was
     sitting up in bed horribly agitated, for he had heard enough to
     convince him that something terrible had occurred. Mrs. Marker is
     prepared to swear that the Professor was still in his night-clothes,
     and, indeed, it was impossible for him to dress without the help of
     Mortimer, whose orders were to come at twelve o'clock. The Professor
     declares that he heard the distant cry, but that he knows nothing
     more. He can give no explanation of the young man's last words, 'The
     Professor--it was she,' but imagines that they were the outcome of
     delirium. He believes that Willoughby Smith had not an enemy in the
     world, and can give no reason for the crime. His first action was to
     send Mortimer the gardener for the local police. A little later the
     chief constable sent for me. Nothing was moved before I got there,
     and strict orders were given that no one should walk upon the paths
     leading to the house. It was a splendid chance of putting your
     theories into practice, Mr. Sherlock Holmes. There was really nothing
     wanting."
909,mm,"I want to know whether, after the tragedy, Jerry Lorimer married Maud Wye?"
910,sh,How far is this crypt from the house?
911,sh,The finding of the pistol in her wardrobe.
912,sh,"This set of rooms is
     quite the oldest in the college, and it is not unusual for visitors
     to go over them. Come along, and I will personally conduct you."
913,mm,"That is, I believe, very usual procedure nowadays,"
914,sh,"Now, sir, you must see that
     after Bannister's words your position is hopeless, and that your only
     chance lies in a frank confession."
915,mm,and I have always heard that in these tours they are careful to provide restful intervals for such people who are not particularly strong.
916,mm,Yes. We were fortunate enough to be able to get a very nice double room. Really a better one than the one we have had for the last two days.
917,hp,"Yes, you make one see it all. But that’s the story from the other side. You haven’t told us how you came to get at the truth?"
918,hp,"Yes. He’s an obstinate devil. And it’s difficult to see just where the flaw is. Supposing Strange is making a mistake and the man wasn’t Cust—why on earth should he say his name is Cust? And the writing in the hotel register is his all right. You can’t say he’s an accomplice—homicidal lunatics don’t have accomplices! Did the girl die later? The doctor was quite firm in his evidence, and anyway it would take some time for Cust to get out of the hotel at Eastbourne without being seen and get over to Bexhill—about fourteen miles away—"
919,hp,"Well, I suppose that could have been managed if anyone had given their minds to it. Women will take a lot of trouble to gratify their spite, M. Poirot."
920,mm,"I’d like to know something about the cook,"
921,hp,I heard nothing. All I can tell you is this: that I knew instinctively as soon as I saw her that Arlena Marshall was a focus of evil. She was Evil! Evil personified! Woman can be man’s help and inspiration in life—she can also be man’s downfall. She can drag a man down to the level of the beast. The dead woman was just such a woman. She appealed to everything base in a man’s nature. She was a woman such as Jezebel and Aholibah. Now—she has been struck down in the middle of her wickedness!
922,sh,"it
     is of course a conceivable theory that this William Kirwan--though he
     had the reputation of being an honest man, may have been in league
     with the thief. He may have met him there, may even have helped him
     to break in the door, and then they may have fallen out between
     themselves."
923,hp,"we’ve done our job. I’ve arranged for Richetti to be taken ashore first. Glad we’ve got him. He’s been a slippery customer, I can tell you. Given us the slip dozens of times."
924,mm,And what data are you going to give me to work upon?
925,hp,that you are a very famous man. Practically the most famous man in England today.
926,sh,"that the
     sudden breaking up of the society was coincident with the
     disappearance of Openshaw from America with their papers. It may well
     have been cause and effect. It is no wonder that he and his family
     have some of the more implacable spirits upon their track. You can
     understand that this register and diary may implicate some of the
     first men in the South, and that there may be many who will not sleep
     easy at night until it is recovered."
927,sh,"Well, I first had the hammer examined. There was Dr. Wood there to
     help me. We found no signs of violence upon it. I was hoping that if
     Mr. Douglas defended himself with the hammer, he might have left his
     mark upon the murderer before he dropped it on the mat. But there was
     no stain."
928,mm,"I really can’t say. You see, it was such an ordinary sound. I should be inclined to think it had been fired when we were in the studio. The sound would have been deadened and—one would have noticed it less there."
929,hp,"Then I don’t think she and Mr. Carey got on very well either,"
930,hp,"Yes. It suddenly came to me, when Fanthorp mentioned thinking he had heard a splash. It’s perfectly possible that after the murder, the murderer threw the pistol overboard."
931,sh,"The London express came roaring into the station, and a small, wiry
     bulldog of a man had sprung from a first-class carriage. We all three
     shook hands, and I saw at once from the reverential way in which
     Lestrade gazed at my companion that he had learned a good deal since
     the days when they had first worked together. I could well remember
     the scorn which the theories of the reasoner used then to excite in
     the practical man."
932,mm,"I—I shouldn’t have talked about distressing matters that are fortunately past. And I must be getting on my way,"
933,mm,"Nora Broad? Oh, she hasn’t been in the village for years. Went off with someone, she did. She was a great one for boys. I always wondered where she’d end up. Did you want to see her for any particular reason?"
934,hp,And what account does he give of himself?
935,hp,"It seems so. I deplore my inadequacy, gentlemen."
936,sh,"I just don't attempt to explain it. It seems the very maddest,
     queerest thing that ever happened to me."
937,mm,"I should leave her alone, if I were you,"
938,hp,"Not so much that, but I think I put the wind up Pennington. I felt convinced he wouldn’t try anymore funny business for some time, and by then I hoped to have got intimate enough with Mr. and Mrs. Doyle to convey some kind of a warning. As a matter of fact I hoped to do so through Doyle. Mrs. Doyle was so attached to Mr. Pennington that it would have been a bit awkward to suggest things to her about him. It would have been easier for me to approach the husband."
939,mm,"Oh, well, we are all so fond of gardens,"
940,mm,"and there is no need to be profane about it. The hand of God is everywhere. The first thing I saw were the black spots—the marks of St. Peter’s thumb. That is the legend, you know. St. Peter’s thumb. And that brought things home to me. I needed faith, the ever true faith of St. Peter. I connected the two things together, faith—and fish."
941,hp,the problem is not yet quite solved. Can we say with authority that we know who killed M. Ratchett?
942,mm,"it seems to me we are a pretty representative gathering. How would it be if we formed a Club? What is today? Tuesday? We will call it The Tuesday Night Club. It is to meet every week, and each member in turn has to propound a problem. Some mystery of which they have personal knowledge, and to which, of course, they know the answer. Let me see, how many are we? One, two, three, four, five. We ought really to be six."
943,hp,What other passengers are there on the train?
944,hp,"You thought that, Ralph! You actually thought that I might have done
it?"
945,mm,"No, you are right, I do not want it. All that life is gone—she’s gone—I can’t keep her with me. Anything I do now has got to be new—going forward. You—"
946,hp,that in view of what has occurred I am obliged to put certain questions to all the passengers.
947,sh,I gazed with interest and some surprise upon the portrait.
948,mm,"It reminds me of the time the man went round pretending to be the Gas Inspector,"
949,mm,"I may be dense, but I can’t see that it does. If you have not committed a murder, I cannot see the object of pretending you have."
950,mm,"I see. And—you didn’t hear a shot, Miss Marple?"
951,sh,"No, sir, White Mason is a very live man, if I am any judge."
952,hp,"It will be simpler to say who it could not have been. Neither Monsieur Doyle, Madame Allerton, Monsieur Allerton, Mademoiselle Van Schuyler, nor Mademoiselle Bowers could have had anything to do with it. They were all within my sight."
953,mm,I can swear to that. She’d no such thing with her.
954,hp,"I don’t understand, Monsieur Poirot. How did the person who shot her get away without our seeing him?"
955,sh,"Exactly. The idea crossed my mind. But we found the knife some feet
     away from the body, so that seems impossible. Then, of course, there
     are the man's own dying words. And, finally, there was this very
     important piece of evidence which was found clasped in the dead man's
     right hand."
956,mm,Something about this atmosphere. We never got over it here. Never. Never since—since Verity died. It’s years but it doesn’t go away. A shadow’s here.
957,hp,"That is where we disagree, you and I. Three
motives—it is almost too much. I am inclined to believe that, after
all, Ralph Paton is innocent."
958,mm,"When Mrs. Trent found half a crown missing from her bag, the person it affected most was the daily woman, Mrs. Arthur. Of course the Trents thought it was her, but being kindly people and knowing she had a large family and a husband who drinks, well—they naturally didn’t want to go to extremes. But they felt differently towards her, and they didn’t leave her in charge of the house when they went away, which made a great difference to her; and other people began to get a feeling about her too. And then it suddenly came out that it was the governess. Mrs. Trent saw her through a door reflected in a mirror. The purest chance—though I prefer to call it Providence. And that, I think, is what Sir Henry means. Most people would be only interested in who took the money, and it turned out to be the most unlikely person—just like in detective stories! But the real person it was life and death to was poor Mrs. Arthur, who had done nothing. That’s what you mean, isn’t it, Sir Henry?"
959,hp,"You do well. Method and order, they are everything,"
960,hp,That’s a fantastic thought! All the crimes must have been committed by the same person!
961,sh,"We have had a charming little breath of your beautiful Dartmoor
     air."
962,mm,I can always ring up the Chief Constable. I think he would remember me.
963,hp,You don’t understand—or you won’t. Simon is my world.
964,hp,"I will continue
with what I was about to say. Understand this, I mean to arrive at
the truth. The truth, however ugly in itself, is always curious and
beautiful to the seeker after it. I am much aged, my powers may not
be what they were."
965,hp,"I expect you are all glad to get back to work again,"
966,mm,If you had seen his face last night—
967,hp,"A bath? No, of course I didn’t! I’d had a bathe only an hour earlier!"
968,mm,"I think they’ve decided not to go on today because they really have to wait and see what the medical report is, so we are proposing to spend one more night here at the Golden Boar and to rearrange the tour a little, so that perhaps we shall miss out altogether going to Grangmering which we were going to do tomorrow, and which is not very interesting really, or so they say. Mrs. Sandbourne has gone off early to the hospital to see how things are this morning. She’s going to join us at the Golden Boar for coffee at 11 o’clock. I thought perhaps you’d like to come along and hear the latest news."
969,mm,"Well, you know—about these boulders that fall down cliff sides and drop on top of someone. It’s not always in the course of nature. Boulders usually stay where they are, in my experience."
970,sh,"None as yet. But the affair is a pretty one, one of our little
     country crimes, which must seem too small for your attention, Mr.
     Holmes, after this great international affair."
971,mm,I don’t know if you have any idea—whether you’ve been given any idea at some time by Mr. Rafiel—as to what this proposition is that I have been instructed to put up to you?
972,hp,"That depends. I’d say, looking at Marshall, that he’s a man with a funny kind of temper. As a matter of fact, I know he is. Heard something about him. I’ve met that quiet sort. Never know where you are with that kind. Redfern had better look out—"
973,mm,"Nothing, I believe, is so full of life under the microscope as a drop of water from a stagnant pool."
974,sh,"He is looking
     up at the numbers of the houses."
975,hp,It is one little question that I would like to ask you.
976,hp,Good. I’ll let nurse know and she’ll arrange the dope accordingly.
977,sh,I think that it is more than probable--
978,mm,"Mrs. Glynne was not there then. Her husband had not died and she was still abroad. But Anthea was there. I think Anthea did know something of what went on. I don’t know that she suspected death at first, but she knew that Clotilde had been occupying herself with the raising up of a mound at the end of the garden to be covered with flowering shrubs, to be a place of beauty. I think perhaps the truth came to her little by little. And then Clotilde, having accepted evil, done evil, surrendered to evil, had no qualms about what she would do next. I think she enjoyed planning it. She had a certain amount of influence over a sly, sexy little village girl who came to her cadging for benefits now and then. I think it was easy for her to arrange one day to take the girl on a picnic or an expedition a good long way away. Thirty or forty miles. She’d chosen the place beforehand, I think. She strangled the girl, disfigured her, hid her under turned earth, leaves and branches. Why should anyone ever suspect her of doing any such thing? She put Verity’s handbag there and a little chain Verity used to wear round her neck and possibly dressed her in clothes belonging to Verity. She hoped the crime would not be found out for some time but in the meantime she spread abroad rumours of Nora Broad having been seen about in Michael’s car, going about with Michael. Possibly she spread a story that Verity had broken off the engagement to be married because of his infidelity with this girl. She may have said anything and I think everything she said she enjoyed, poor lost soul."
979,hp,"I do not know. But I will tell you
this: I believe that when we find the explanation of that telephone
call we shall find the explanation of the murder."
980,sh,"I think that your decision is a wise
     one. I have ample evidence that you are being dogged in London, and
     amid the millions of this great city it is difficult to discover who
     these people are or what their object can be. If their intentions are
     evil they might do you a mischief, and we should be powerless to
     prevent it. You did not know, Dr. Mortimer, that you were followed
     this morning from my house?"
981,sh,"Mortimer, James, M.R.C.S., 1882, Grimpen, Dartmoor, Devon.
     House-surgeon, from 1882 to 1884, at Charing Cross Hospital. Winner
     of the Jackson prize for Comparative Pathology, with essay entitled
     'Is Disease a Reversion?' Corresponding member of the Swedish
     Pathological Society. Author of 'Some Freaks of Atavism' (Lancet
     1882). 'Do We Progress?' (Journal of Psychology, March, 1883).
     Medical Officer for the parishes of Grimpen, Thorsley, and High
     Barrow."
982,hp,Doubtless one of the passengers has opened it to look out on the snow.
983,mm,"I thought you would like to hear about it, though at the moment it doesn’t seem to make sense. I felt very wakeful last night—wondering about all this sad business. And I got up and looked out of my window. And what do you think I saw?"
984,mm,"He had a return ticket to Paddington in his pocket,"
985,mm,"Ah, you have remembered that. No, I did not think there was any definite atmosphere of evil. I was not told who my contact was there, but she made herself known to me."
986,hp,"Oh, I dare say she was innocent. Nobody really knows! But there are plenty of women to marry in the world without going out of your way to marry one who’s stood her trial for murder."
987,mm,"is that you didn’t really know Miss Greenshaw. There’s no real reason, is there, why the Miss Greenshaw you saw when you went up to the house should be the same Miss Greenshaw that Raymond saw a few days earlier? Oh, yes, I know,"
988,hp,"It has been a wet day. The wind blew, the rain came down, and the mist was everywhere so that one could not see through it. Eh bien, what is it like now? The mists have rolled away, the sky is clear and up above the stars shine. That is like life, Madame."
989,sh,"A more perfect compound of the bully, coward, and sneak than Master
     Silas Brown I have seldom met with,"
990,mm,"When you said that the young people were engaged. You said that that was what made it so sad. But, if you know what I mean, your voice didn’t sound right when you said it—not convincing, you know."
991,mm,It’s what Miss Temple said to me. I said ‘What killed her?’ and she said ‘Love’ and that love was the most frightening word in the world. The most frightening word.
992,mm,"Oh, I don’t know. She might have gone peculiar or something."
993,sh,"Kindly let me have the facts, Mr. Munro,"
994,sh,"On the face of it, it seems absurd to suppose that this person knows
     anything, but if you think--"
995,mm,"the kind of man who—well, thinks of everything. A good brain, I should think."
996,mm,"Yes, it is a very large sum by my way of thinking. Quite extraordinary,"
997,mm,"Horrible! And you couldn’t do that to anyone you loved even if you had to kill ‘for love,’ could you? If he’d killed her, he couldn’t have done it that way. Strangling—perhaps, but you wouldn’t beat in the face and the head that you loved."
998,mm,"There are, of course, all kinds of possible explanations,"
999,sh,"I will lay an account of the case before you in its due
     order, showing you the various points which guided me in my decision.
     Pray interrupt me if there is any inference which is not perfectly
     clear to you."
1000,sh,"My report, as I expected, is a negative one,"
1001,hp,"Oh, it’s been wonderful! I’ve seen Italy—Venice and Padua and Pisa—and then Cairo—only cousin Marie wasn’t very well in Cairo, so I couldn’t get round much, and now this wonderful trip up the Wadi Halfa and back."
1002,hp,My staff! The members of my own expedition.
1003,sh,"He unfolded a paper and laid it upon the
     table. Here is a copy of the hieroglyphics:--

     [ Picture: Picture of a few dancing men ]"
1004,mm,"It’s so much easier. One’s back, you know."
1005,hp,"I have indeed been foolish to take the matter so seriously,"
1006,hp,"it was not quite such a disappearing trick as you think, Mademoiselle. There were three distinct ways the murderer might have gone."
1007,mm,"Is Inch here? Ah yes. Good morning, Edward,"
1008,sh,"It was one of the finest corner-houses of the West End. A
     machine-like footman took up our cards and returned with word that
     the lady was not at home."
1009,mm,Was there anything in them about picric acid?
1010,mm,"I must confess it does remind me, just a little, of old Mrs. Trout. She drew the old age pension, you know, for three old women who were dead, in different parishes."
1011,sh,"I am a bit of an archaeologist myself when it comes to houses,"
1012,mm,I suppose she slipped in there just when I had gone down the passage to the—er—to the bathroom.
1013,mm,"I expect someone overheard something, though, don’t you?"
1014,sh,"He felt so clever and so sure of
     himself that he imagined no one could touch him. He could say to any
     suspicious neighbour, 'Look at the steps I have taken. I have
     consulted not only the police but even Sherlock Holmes.'"
1015,hp,"that it would be well to have a further word with M. MacQueen, in view of what we now know."
1016,sh,Perhaps it would interest you to hear what he says.
1017,hp,"I always thought there was something wrong about him. He was almost too word-perfect in his rôle; he was all archæologist, not enough human being."
1018,sh,"You can file it in our archives, Watson. Some day the true
     story may be told."
1019,hp,"A new code—it was used in the South African rebellion. Potatoes mean machine guns, artichokes are high explosives—and so on. Richetti is no more an archæologist than I am! He’s a very dangerous agitator, a man who’s killed more than once, and I’ll swear that he’s killed once again. Mrs. Doyle opened that telegram by mistake, you see. If she were ever to repeat what was in it before me, he knew his goose would be cooked!"
1020,hp,"she counts it. Oh, yes, I know that class. She would count the money, and while she counted it she was completely off her guard. The murderer struck. Having done so successfully, he gathered up the money and fled—not noticing that the corner of one of the notes was torn."
1021,mm,"But no need to trouble. How did you know, by the way?"
1022,hp,"You’ve hardly aged at all. In fact, if it were possible, I should say that you had fewer grey hairs than when I saw you last."
1023,sh,"And now, Mr. Soames, I wish
     you good-night."
1024,sh,"Then, suddenly realising the full purport of his
     words, she gave a violent start and looked up, with fear and
     astonishment upon her broad, good-humoured face."
1025,sh,"and beneath were the following
     enigmatical notices:


     4th. Hudson came. Same old platform.
     7th. Set the pips on McCauley, Paramore, and John Swain, of St.
     Augustine.
     9th. McCauley cleared.
     10th. John Swain cleared.
     12th. Visited Paramore. All well."
1026,hp,"A young, vigorous, athletic woman might have struck them, especially if she were in the grip of a strong emotion, but it is in my opinion highly unlikely."
1027,mm,"Because, as it happened, she was walking with me on the terrace that morning. We went out there after breakfast. It was unusually nice and warm for early spring. Sylvia went alone down into the garden, but later I saw her walking arm-in-arm with Maud Wye."
1028,hp,"Be quiet, mademoiselle. I am for the truth, I am! I have done with lies. Supposing, I say, that A B C did not commit the second crime. It took place, remember, in the early hours of the 25th—the day he had arrived for the crime. Supposing someone had forestalled him? What in those circumstances would he do? Commit a second murder, or lie low and accept the first as a kind of macabre present?"
1029,mm,"Oh, no, nothing like that, but I do believe I know what sort of man your Uncle Mathew was. Rather like my own Uncle Henry, I think. Fond of rather obvious jokes. A bachelor, evidently—I wonder why—perhaps an early disappointment? Methodical up to a point, but not very fond of being tied up—so few bachelors are!"
1030,sh,"We passed across Holborn, down Endell Street, and so through a zigzag
     of slums to Covent Garden Market. One of the largest stalls bore the
     name of Breckinridge upon it, and the proprietor a horsey-looking
     man, with a sharp face and trim side-whiskers was helping a boy to
     put up the shutters."
1031,hp,"He’s quite right. There’s got to be some definite obsession. I think we’ll find the root of the matter in an intensified inferiority complex. There may be a persecution mania, too, and if so he may possibly associate M. Poirot with it. He may have the delusion that M. Poirot is a detective employed on purpose to hunt him down."
1032,mm,"No, I think that the warnings and the blue flowers were, if I may use a military term,"
1033,sh,"Percy Phelps was walking very slowly, leaning upon the arm of his
     future brother-in-law. Holmes walked swiftly across the lawn, and we
     were at the open window of the bedroom long before the others came
     up."
1034,mm,"that was really very simple. The description that Emlyn and Joanna gave of the figure they had seen made it seem almost certain that these very bright coloured and noticeable clothes were meant to be noticed, and that therefore it would be very important that they should not be hidden locally or kept among the person’s own belongings. They must be got out of the way as soon as could be. And really there is only one way successfully of disposing of something. That is through the general post. Anything in the nature of clothes can be very easily dispatched to charities. Think how pleased the people who collect winter garments for Unemployed Mothers, or whatever the name of the charity, would be to find a nearly brand new woollen jumper. All I had to do was to find out the address where it had been sent."
1035,hp,"I’m afraid I can tell you very little,"
1036,hp,Very good. Very good. You have the mind neat and orderly. You will be of great service to me here.
1037,sh,"It was burned to a black cinder, but there could be no question as to
     its anatomical significance."
1038,mm,"Oh yes, I ought to have explained perhaps better in the letter we sent you. Mr. Rafiel has paid all expenses."
1039,mm,"Charmian! Come here! She’s right. See—the envelopes are old, right enough, but the letters themselves were written much later."
1040,hp,"Just so. And I may say, mademoiselle, that but for the egoistical vanity of a killer, that is just what would have happened. If Donald Fraser escapes suspicion, it will be thanks to A B C’s maniacal boasting."
1041,mm,I know that that was where Mr. Rafiel met you and where—shall I say—you two collaborated.
1042,hp,it must have taken quite a time to grow.
1043,hp,But if you ask me I’ll tell you my candid opinion and that is that that woman was pretty much of a darned fool!
1044,hp,"It is of no use denying. That is the truth, is it not?"
1045,hp,"It is your opinion, inspector, that this man Ascher committed the crime?"
1046,mm,I do hope you will be quite comfortable here. Can I help you to unpack? We have a very nice woman who comes in but she is only here in the morning. But she’ll help you with anything.
1047,sh,"Official requisition for your services is in separate envelope. This
     is for your private eye. Wire me what train in the morning you can
     get for Birlstone, and I will meet it--or have it met if I am too
     occupied. This case is a snorter. Don't waste a moment in getting
     started. If you can bring Mr. Holmes, please do so; for he will find
     something after his own heart. We would think the whole thing had
     been fixed up for theatrical effect if there wasn't a dead man in the
     middle of it. My word! it is a snorter."
1048,mm,"but he selected you, Miss Marple. Forgive me if this is idle curiosity but have you had—oh, how shall I put it?—any connection with crime or the investigation of crime?"
1049,mm,"You’re reviving it to go on tour next autumn, aren’t you?"
1050,sh,"Young Overton's face assumed the bothered look of the man who is more
     accustomed to using his muscles than his wits; but by degrees, with
     many repetitions and obscurities which I may omit from his narrative,
     he laid his strange story before us."
1051,sh,"You have got him!
     Where is he, then?"
1052,hp,"It was yesterday afternoon that Mr. Ackroyd dismissed you—or you
dismissed yourself, was it not?"
1053,hp,"Ha ha! That would be a joke, that would,"
1054,mm,"But, my dear lady, I am not the person to come to. I am merely a private individual nowadays. If you have knowledge of the kind you claim, you must go to the police."
1055,mm,"Oh, I should think so. I should think you could hate anyone for years."
1056,sh,"Indirectly it may be of value,
     you know; you have only to put it into words to gain the reputation
     of being excellent company for the remainder of your existence."
1057,sh,"Holmes had taken several notes during Mr. Harding's evidence, and I
     could see that he was thoroughly satisfied by the turn which affairs
     were taking. He made no remark, however, save that, unless we
     hurried, we should be late for our appointment with Lestrade. Sure
     enough, when we reached Baker Street the detective was already there,
     and we found him pacing up and down in a fever of impatience. His
     look of importance showed that his day's work had not been in vain."
1058,sh,"I perceive that you
     are not yourself a member of the family."
1059,mm,"the window of the fishmonger’s shop. There was only one thing in it, a fresh haddock."
1060,hp,"I enjoyed the war. What I had of it, that was. I felt, for the first time, a man like anybody else. We were all in the same box. I was as good as anyone else."
1061,mm,"I should imagine, though perhaps I am wrong, that there may have been—what we might call family reasons."
1062,mm,You sound sorrier for her than you were for the girl who died.
1063,mm,"Yes. She was a great personality. She was herself a woman of considerable scholarship. Mathematics were her speciality, but she was an ‘all round’—what I should call an educator. Was interested in education, what girls were fitted for, how to encourage them. Oh, many other things. It is sad and very cruel if she dies,"
1064,hp,The cool way she answered you this morning about these same letters!
1065,sh,"let us go round. Not one of your cases,
     Watson--mental, not physical. All right; come if you want to. Now,
     Mr. Soames--at your disposal!"
1066,sh,"but a country doctor, as you very astutely
     observed. I think that I am fairly justified in my inferences. As to
     the adjectives, I said, if I remember right, amiable, unambitious,
     and absent-minded. It is my experience that it is only an amiable man
     in this world who receives testimonials, only an unambitious one who
     abandons a London career for the country, and only an absent-minded
     one who leaves his stick and not his visiting-card after waiting an
     hour in your room."
1067,mm,"Life is, after all, very much the same everywhere,"
1068,hp,"Yes, you have something more to tell us,"
1069,hp,"Because she is. She told you no strangers came to the house, didn’t she?"
1070,mm,That’s just what I wondered myself. Though the explanation was quite simple. In it were a pair of embroidered slippers and some pocket handkerchiefs that the poor girl was embroidering for her husband for Christmas. That’s why she locked the cupboard. The key was found in her handbag.
1071,mm,"but the wife went along and saw it last week. Quite well done, she said it was."
1072,sh,"I can only repeat that I am sorry that we have made a needless
     intrusion."
1073,mm,"She may remember. By the way, there seems to me to be one curious fact that needs explanation. Mrs. Lestrange, the Mystery Lady of St. Mary Mead, paid a visit to old Protheroe after dinner on Wednesday night. And nobody seems to have any idea what it was all about. Old Protheroe said nothing to either his wife or Lettice."
1074,hp,Of course. The divine right of monarchy! Just a little bit of the Naboth’s vineyard touch. And the dangerous girl—Jacqueline de Bellefort—could she do a murder?
1075,sh,"I had a catching of the breath, and my skin went cold at the words,
     which were slowly uttered in a tone of concentrated resolution. As a
     flash of lightning in the night shows up in an instant every detail
     of a wide landscape, so at one glance I seemed to see every possible
     result of such an action--the detection, the capture, the honoured
     career ending in irreparable failure and disgrace, my friend himself
     lying at the mercy of the odious Milverton."
1076,mm,"I realized quite soon that he was a—well, a very remarkable character altogether."
1077,sh,"Yes, and I cannot be sure when he will be back. But perhaps you
     would care to wait. Take that chair and try one of these cigars."
1078,mm,"It reminds you, I suppose, of countless village tragedies?"
1079,hp,he won’t get there. Not nearly. You’ll have him by the heels long before that. Interesting to know how he’d have dealt with the letter X.
1080,mm,"If you should find or receive any further instructions in this matter, you will perhaps let me know, Mr. Broadribb. It seems to me extraordinary that there should not be something of that kind. This leaves me entirely in the dark really as to what Mr. Rafiel is asking me to do or try to do."
1081,sh,"But suppose it were so, we are still as far as ever from unravelling
     the mystery of his death. Indeed, it becomes not simpler but
     stranger."
1082,mm,"Now, what’s so precious about it, do you think, that a man was murdered to get hold of it?"
1083,mm,"A very nice family and they were thinking of engaging a Miss Nora Broad. She’d been in some trouble, I think. Married someone who was rather a bad lot and had left her and gone off with another woman, and she wanted to get a job looking after children. My friend knew nothing about her, but I gathered she came from this village. So I wondered if there was anyone here who could—well, tell me something about her. You went to school with her, I understand?"
1084,sh,"I rather fancy that this lady
     may be as anxious to give us information as we can be to get it. You
     understand, madam, that your husband will be arrested and tried for
     the death of the man who lies before us? What you say may be used in
     evidence. But if you think that he has acted from motives which are
     not criminal, and which he would wish to have known, then you cannot
     serve him better than by telling us the whole story."
1085,hp,"Yes, I do. But if she did, the reason arose out of her instinct to dramatize herself. Mrs. Leidner was a bit of a film star in private life! She had to be the centre of things—in the limelight. By the law of opposites she married Leidner, who’s about the most retiring and modest man I know. He adored her—but adoration by the fireside wasn’t enough for her. She had to be the persecuted heroine as well."
1086,hp,"That’s bad. I believe you, of course,
but—it’s a bad business."
1087,hp,"Ecoutez, Madame. I will recount to you a little history. It is that one day, a month or two ago, I am dining in a restaurant in London. At the table next to me are two people, a man and a girl. They are very happy, so it seems, very much in love. They talk with confidence of the future. It is not that I listen to what is not meant for me; they are quite oblivious of who hears them and who does not. The man’s back is to me, but I can watch the girl’s face. It is very intense. She is in love—heart, soul, and body—and she is not of those who love lightly and often. With her it is clearly the life and the death. They are engaged to be married, these two; that is what I gather; and they talk of where they shall pass the days of their honeymoon. They plan to go to Egypt."
1088,hp,"I am sorry to ask you this, but will you tell just what you were thinking about during that walk?"
1089,mm,"There was Mrs. Green, you know, she buried five children—and every one of them insured. Well, naturally, one began to get suspicious."
1090,mm,‘Marriage Certificate between Walter Edmund St. John and Mary Moss.’ That was Zobeida’s real name.
1091,sh,"He knows that I cannot
     verify his guess."
1092,sh,"How did you know, for example, that I did manual
     labour. It's as true as gospel, for I began as a ship's carpenter."
1093,sh,"You forget that we know nothing of all this,"
1094,mm,"I shall know then what the plans are and what to do about things, and perhaps I could be of help in some way. One never knows. So thank you again very much. It will not be difficult, I expect, to get a room at the Golden Boar."
1095,sh,"The mention of my friend's name had an extraordinary effect upon the
     little man. The look of anger passed in an instant from his face. His
     features became tense and alert."
1096,mm,I quite understand. Won’t you sit down? And might I offer you a little glass of cherry brandy? My own making. A recipe of my grandmother’s.
1097,mm,"I didn’t expect him to do so. It would have embarrassed him even more. It is, you know,"
1098,hp,"Why’s that? Because of my name? What’s that to do with it? Is a man
whose name is Kent bound to be born in that particular county?"
1099,sh,"Nothing of any importance. The man's novel, with which he had read
     himself to sleep was lying upon the bed, and his pipe was on a chair
     beside him. There was a glass of water on the table, and on the
     window-sill a small chip ointment box containing a couple of pills."
1100,hp,"The movement of the sea, it is not pleasant."
1101,sh,"Yes, we've had a scare in this part lately. Old Acton, who is one of
     our county magnates, had his house broken into last Monday. No great
     damage done, but the fellows are still at large."
1102,hp,"But you are aware, are you not, that the firm whom you say employed you deny the fact?"
1103,sh,"It is the one quality
     which Gregory lacks. We imagined what might have happened, acted upon
     the supposition, and find ourselves justified. Let us proceed."
1104,hp,Mr. Gardener too was of assistance to me. I wanted the opinion of a sensible man about Mrs. Marshall. I asked Mr. Gardener what he thought of her.
1105,sh,"that I make a mistake in
     explaining. 'Omne ignotum pro magnifico,' you know, and my poor
     little reputation, such as it is, will suffer shipwreck if I am so
     candid. Can you not find the advertisement, Mr. Wilson?"
1106,hp,"I don’t like it. I would much prefer to
go home."
1107,mm,"I’m rather in the position of agreeing with everyone’s solutions—and yet with none of them. I myself have a far-fetched and probably totally erroneous theory that the wife may have had something to do with it. Sir Herman’s wife, I mean. I’ve no grounds for thinking so—only you would be surprised if you knew the extraordinary—really very extraordinary things that a wronged wife will take it into her head to do."
1108,hp,Linnet Doyle’s dead—shot through the head last night.
1109,sh,"I don't think you have anything to fear now for a week at least,"
1110,sh,"I have no doubt
     that you have been annoyed more than enough already over this
     business."
1111,hp,"It is necessary to go into everything, monsieur,"
1112,hp,"And by it, I shall know the truth!"
1113,sh,"Our millionaire does not seem to shine in private life,"
1114,mm,"Mrs. Price Ridley, Miss Wetherby, Miss Hartnell, and that terrible Miss Marple."
1115,sh,"said the driver, pointing to a cluster of
     roofs some distance to the left;"
1116,hp,"You might not. You might not. But we will go into that presently. The question is, what to do?"
1117,mm,I really believe that wizened-up old maid thinks she knows everything there is to know. And hardly been out of this village all her life. Preposterous. What can she know of life?
1118,hp,"I asked him to be at my house this morning at
twelve o’clock. He should await us there at this very minute."
1119,hp,"Precisely, Mademoiselle. That is why we wish to free you from unpleasantness as quickly as possible. Now you went to bed last night—at what time?"
1120,hp,"Superficially, that is easy. The Gardeners are a middle-aged married couple, pleasant, travelled. All the talking is done by the lady. The husband is acquiescent. He plays tennis and golf and has a form of dry humour that is attractive when one gets him to oneself."
1121,hp,"She didn’t mention any man—forgive me, Mr. Fraser—she might be meeting?"
1122,hp,"Would you like to see what your favourite suspect, the Italian, has to say for himself?"
1123,mm,Was she going to—er—sleep in the barrow by any chance?
1124,sh,"Now, Mr. Gilchrist, we are all
     quite alone here, and no one need ever know one word of what passes
     between us. We can be perfectly frank with each other. We want to
     know, Mr. Gilchrist, how you, an honourable man, ever came to commit
     such an action as that of yesterday?"
1125,hp,"I thought it best to have lunch served immediately in the restaurant car,"
1126,sh,"I could see that you were commiserating with me over my weakness,"
1127,hp,"I am glad to
have encountered you, monsieur. I am in need of some information that
you can give me."
1128,mm,"I would like to have seen Mr. Rafiel again,"
1129,hp,"There is a lot in what you say, madame,"
1130,sh,"I have led a retired life,
     and have no friends whom I could appeal to. If I am here at six it
     will do, I suppose?"
1131,sh,What about your government and all this treatment?
1132,hp,The hands of the watch pointed to 1:15—the exact time when the intruder actually left the scene of the crime.
1133,mm,The whole thing’s a sell. There never was a female missionary. It must be a code.
1134,hp,"I put that in to please you, my friend."
1135,hp,"Let me congratulate you, Madame, on a very lovely daughter,"
1136,sh,"I don't know, Mr. Holmes. There may have been only one. I have not
     noticed them for months."
1137,hp,Should you say Mrs. Leidner had any tendency to an inferiority complex?
1138,sh,"I have, of course, studied it, and yet I should be interested to
     have your impression,"
1139,sh,"That is so. Someone, then, cut out the message with a pair of
     short-bladed scissors, pasted it with paste--"
1140,sh,"You shall share our knowledge before you leave this room, Sir Henry.
     I promise you that,"
1141,mm,What do you mean exactly by ‘believe?’ Are you talking from the religious point of view?
1142,sh,"because it serves to show very clearly how
     simple the explanation may be of an affair which at first sight seems
     to be almost inexplicable. Nothing could be more natural than the
     sequence of events as narrated by this lady, and nothing stranger
     than the result when viewed, for instance, by Mr. Lestrade of
     Scotland Yard."
1143,sh,Did you ever know him to cut himself in shaving before?
1144,hp,"Bless you, we get dozens of letters like that coming in every day! People with nothing better to do and a bit weak in the top storey sit down and write ’em. They don’t mean any harm! Just a kind of excitement."
1145,hp,"Biggest surprise of my life. The thing I’ve never got over, though, is the way you got round me about that funeral business. Absolutely unorthodox, the whole thing. Fantastic!"
1146,hp,"So you make the return journey with us,"
1147,hp,"But it’s ‘stubbed your toe,’ not stepped or stebbed."
1148,hp,"Frankly—it’s hard to say! I didn’t know her well enough. She’d got charm—any amount of it. Brains, sympathy . . . What else? She hadn’t any of the ordinary unpleasant vices. She wasn’t sensual or lazy or even particularly vain. She was, I’ve always thought (but I’ve no proofs of it), a most accomplished liar. What I don’t know (and what I’d like to know) is whether she lied to herself or only to other people. I’m rather partial to liars myself. A woman who doesn’t lie is a woman without imagination and without sympathy. I don’t think she was really a manhunter—she just liked the sport of bringing them down ‘with my bow and arrow.’ If you get my daughter on the subject—"
1149,mm,You’re sure there is nothing I can bring you?
1150,mm,The flashing jewels the girl wore to dance.
1151,sh,Who knew that you were going to the Northumberland Hotel?
1152,mm,"Oh yes, in one of the new houses,"
1153,sh,"Well, Watson, what do you think of it?"
1154,hp,He was absent for a short time when he fetched a skein of wool for his wife.
1155,sh,"Human nature is a strange mixture, Watson. You see that even a
     villain and murderer can inspire such affection that his brother
     turns to suicide when he learns that his neck is forfeited. However,
     we have no choice as to our action. The doctor and I will remain on
     guard, Mr. Pycroft, if you will have the kindness to step out for the
     police."
1156,mm,You’re lost in a daydream. Won’t you tell us all about it?
1157,hp,Kenneth’s a fool—an utter fool where women are concerned! Do you remember the Martingdale case?
1158,mm,"it was my sleeve. It’s rather a floating sleeve. Perhaps you would like some hot milk, if you are afraid to take coffee?"
1159,sh,"that seemed to me to be the most damning
     incident of all."
1160,sh,"Tell us then where
     we shall find him. If you have ever aided him in evil, help us now
     and so atone."
1161,hp,"Yes, yes. It is, as I say, of an astonishing simplicity! It is so familiar, is it not? It has been done so often, in the pages of the romance of crime! It is now, indeed, a little vieux jeu! It leads one to suspect that our murderer is—old-fashioned!"
1162,mm,Has Mrs. Protheroe been saying that she committed the crime now?
1163,hp,"The murderer comes to her cabin, gives her the money, and then—"
1164,hp,But it wouldn’t have occurred to you to let me off?
1165,hp,"It was interesting, that. For she let out the fact she knew all about those letters. So far they have not been spoken of in the presence of the staff. Of course, it is quite possible that Dr. Leidner told her about them yesterday. They are old friends, he and she. But if he did not—well—then it is curious and interesting, is it not?"
1166,mm,"Your tip about the parcel dispatched to that charity, by the way, was entirely successful. It contained a brand new brightly coloured man’s polo-necked jumper in scarlet and black checks. Most noticeable. What made you think of that?"
1167,hp,A fact that repeats itself. It is of no matter.
1168,hp,"You were very obviously upset and surprised by her nonappearance. Almost too obviously, perhaps. It is my theory, Mr. Redfern, that she went to Pixy Cove to meet you, and that she did meet you, and that you killed her there as you had planned to do."
1169,mm,The one Mrs. Bantry calls the Pussy woman.
1170,sh,"Now, Bannister, will
     you please tell us the truth about yesterday's incident?"
1171,sh,"In the whirl of our incessant activity it has often been difficult
     for me, as the reader has probably observed, to round off my
     narratives, and to give those final details which the curious might
     expect. Each case has been the prelude to another, and the crisis
     once over the actors have passed for ever out of our busy lives. I
     find, however, a short note at the end of my manuscripts dealing with
     this case, in which I have put it upon record that Miss Violet Smith
     did indeed inherit a large fortune, and that she is now the wife of
     Cyril Morton, the senior partner of Morton & Kennedy, the famous
     Westminster electricians. Williamson and Woodley were both tried for
     abduction and assault, the former getting seven years and the latter
     ten. Of the fate of Carruthers I have no record, but I am sure that
     his assault was not viewed very gravely by the Court, since Woodley
     had the reputation of being a most dangerous ruffian, and I think
     that a few months were sufficient to satisfy the demands of justice.






                       THE ADVENTURE OF THE PRIORY SCHOOL

     We have had some dramatic entrances and exits upon our small stage at
     Baker Street, but I cannot recollect anything more sudden and
     startling than the first appearance of Thorneycroft Huxtable, M.A.,
     Ph.D., etc. His card, which seemed too small to carry the weight of
     his academic distinctions, preceded him by a few seconds, and then he
     entered himself--so large, so pompous, and so dignified that he was
     the very embodiment of self-possession and solidity. And yet his
     first action when the door had closed behind him was to stagger
     against the table, whence he slipped down upon the floor, and there
     was that majestic figure prostrate and insensible upon our bearskin
     hearthrug.

     We had sprung to our feet, and for a few moments we stared in silent
     amazement at this ponderous piece of wreckage, which told of some
     sudden and fatal storm far out on the ocean of life. Then Holmes
     hurried with a cushion for his head and I with brandy for his lips.
     The heavy white face was seamed with lines of trouble, the hanging
     pouches under the closed eyes were leaden in colour, the loose mouth
     drooped dolorously at the corners, the rolling chins were unshaven.
     Collar and shirt bore the grime of a long journey, and the hair
     bristled unkempt from the well-shaped head. It was a sorely-stricken
     man who lay before us."
1172,sh,"He will be home, sir, at a quarter to one."
1173,sh,"They
     hardly rise above the common herd. That d might be an a, and that l
     an e. Men of character always differentiate their long letters,
     however illegibly they may write. There is vacillation in his k's and
     self-esteem in his capitals. I am going out now. I have some few
     references to make. Let me recommend this book,--one of the most
     remarkable ever penned. It is Winwood Reade's Martyrdom of Man. I
     shall be back in an hour."
1174,hp,But nobody else has had a murderer walking right through their compartment in the middle of the night.
1175,hp,"Take James here—weak as water, if I weren’t
about to look after him."
1176,mm,You’ll be saying this has nothing to do with what went on at Keston Spa Hydro—but it has in a way. It explains why I felt no doubt in my mind the first moment I saw the Sanders together that he meant to do away with her.
1177,hp,People think I’m awful. Stuck-up and cross and bad-tempered. I can’t help it. I’ve forgotten how to be—to be nice.
1178,hp,Ach! what is that you say? You accuse me? Again? But it is ridiculous—beneath contempt.
1179,sh,"This
     is Mr. Leverton, of Pinkerton's American Agency."
1180,mm,"One sees, perhaps, motives that the ordinary person would pass by."
1181,sh,"Yes, Mr. Holmes, it is as you say, sir. He does smoke something
     terrible. All day and sometimes all night, sir. I've seen that room
     of a morning--well, sir, you'd have thought it was a London fog. Poor
     young Mr. Smith, he was a smoker also, but not as bad as the
     Professor. His health--well, I don't know that it's better nor worse
     for the smoking."
1182,sh,"There are some things that are painful as well as difficult to
     say, so I won't go deeper than is needful. I met my wife when I was
     gold-hunting in Brazil. Maria Pinto was the daughter of a government
     official at Manaos, and she was very beautiful. I was young and
     ardent in those days, but even now, as I look back with colder blood
     and a more critical eye, I can see that she was rare and wonderful in
     her beauty. It was a deep rich nature, too, passionate,
     whole-hearted, tropical, ill-balanced, very different from the
     American women whom I had known. Well, to make a long story short, I
     loved her and I married her. It was only when the romance had
     passed--and it lingered for years--that I realized that we had
     nothing--absolutely nothing--in common. My love faded. If hers had
     faded also it might have been easier. But you know the wonderful way
     of women! Do what I might, nothing could turn her from me. If I have
     been harsh to her, even brutal as some have said, it has been because
     I knew that if I could kill her love, or if it turned to hate, it
     would be easier for both of us. But nothing changed her. She adored
     me in those English woods as she had adored me twenty years ago on
     the banks of the Amazon. Do what I might, she was as devoted as ever."
1183,sh,"I am coming to be of the same opinion, Miss Cushing,"
1184,hp,Are there any other members of the staff in the house?
1185,hp,"But do not worry yourself. All this is of no importance. These imbecilities, even, may help."
1186,sh,"Watson, a bucket of water over the
     straw. That will do! Lestrade, allow me to present you with your
     principal missing witness, Mr. Jonas Oldacre."
1187,sh,"That was what I read in the inspector's
     smile."
1188,hp,"And this is Mr. Hercule Poirot, also from London, and er—"
1189,mm,"A cruise abroad, perhaps? One of these excellent tours as arranged nowadays. Theatres, concerts—the ability to replenish one’s cellars."
1190,hp,"I see. With the right hand it is exceedingly difficult—almost impossible. One would have to strike backhanded, as it were. But if the blow were struck with the left hand—"
1191,mm,"and there are always people. People whom one wishes one could do a little something for but one’s own funds do not admit of it. And then I will not pretend that there are not pleasures and desires—things that one has not been able to indulge in or to afford—I think Mr. Rafiel knew quite well that to be able to do so, quite unexpectedly, would give an elderly person a great deal of pleasure."
1192,mm,"You are quite right. That is what I did. I said that you might find it difficult to—oh, to understand exactly what he was driving at."
1193,sh,"We had not long to wait, for our Norfolk squire came straight from
     the station as fast as a hansom could bring him. He was looking
     worried and depressed, with tired eyes and a lined forehead."
1194,mm,"No. No, it was not the coach. There was no trouble there. It was in the course of the expedition yesterday afternoon. There was a great deal of wind you may remember, though I don’t think that had anything to do with it. People strayed about a bit, I think. There is a regular path, but you can also climb up and go across the downs. Both ways lead to the Memorial Tower on the top of Bonaventure—where they were all making for. People got separated a bit and I suppose, really, there was no one actually guiding them or looking after them which, perhaps, there ought to have been. People aren’t very sure-footed always and the slope overhanging the gorge is very steep. There was a bad fall of stones or rocks which came crashing down the hillside and knocked someone out on the path below."
1195,sh,My uncle's voice is always remarkably low. I hardly spoke at all.
1196,mm,"One of the better ones, I believe. They do a lot of good. You send them clothes,"
1197,mm,is always worth noticing. You can throw it away later if it is only a coincidence.
1198,sh,"cried Phelps, as we began to move from the platform."
1199,hp,And the husband? Did he know about it? What did he feel?
1200,hp,"Not a nice job, ours. I can tell you I felt a bit of a cad questioning that child about the relations between her father and her stepmother. More or less inviting a daughter to put a rope round her father’s neck. All the same, it had to be done. Murder is murder. And she’s the person most likely to know the truth of things. I’m rather thankful, though, that she’d nothing to tell us in that line."
1201,hp,The ring you found in the goldfish pond.
1202,hp,"I’m trusting you now, M. Poirot. I’m going to give you the absolute truth. Don is, as I say, a very quiet person—a bottled-up person, if you know what I mean. He can’t always express what he feels in words. But underneath it all he minds things terribly. And he’s got a jealous nature. He was always jealous of Betty. He was devoted to her—and of course she was very fond of him, but it wasn’t in Betty to be fond of one person and not notice anybody else. She wasn’t made that way. She’d got a—well, an eye for any nice-looking man who’d pass the time of day with her. And of course, working in the Ginger Cat, she was always running up against men—especially in the summer holidays. She was always very pat with her tongue and if they chaffed her she’d chaff back again. And then perhaps she’d meet them and go to the pictures or something like that. Nothing serious—never anything of that kind—but she just liked her fun. She used to say that as she’d got to settle down with Don one day she might as well have her fun now while she could."
1203,sh,"I began, but the words had a most magical
     effect, for the window instantly slammed down, and within a minute
     the door was unbarred and open. Mr. Sherman was a lanky, lean old
     man, with stooping shoulders, a stringy neck, and blue-tinted
     glasses."
1204,hp,"Will you allow me to tell you something, Madame? Something that is as true as the stars above us? The Arlena Stuarts—or Arlena Marshalls—of this world—do not count."
1205,hp,"What can one do? I showed it to Japp. He was of the same opinion as you—a stupid hoax—that was the expression he used. They get these things every day at Scotland Yard. I, too, have had my share…."
1206,hp,"Well, what do we do about it? That is my problem."
1207,hp,That woman is evil through and through. Do you doubt it?
1208,hp,"Well, let us proceed. Under the heading of means and opportunity we have seven names. Nurse Leatheran, Miss Johnson, Mrs. Mercado, Mr. Mercado, Mr. Reiter, Mr. Emmott and Father Lavigny."
1209,mm,Because it was you I wanted to see. About this sad affair.
1210,mm,You mean it was someone pretending to be her? But surely when you touched her—
1211,hp,"If you solve this case, mon cher, I shall indeed believe in miracles!"
1212,hp,"Of course. De mortuis nil nisi bonum and all that, but you can’t get away from facts. That woman was a bad lot through and through. You’ve only got to hunt round a bit in her unsavoury past."
1213,sh,"That is what we are here to find out,"
1214,mm,"Well, of course, I am rather older now. And one has so many ailments. I mean, not desperate ones, nothing of that kind, but I mean one has always some kind of rheumatism or some kind of ache and pain somewhere. One’s feet are not what one would like feet to be. And there’s usually one’s back or a shoulder or painful hands. Oh, dear, one shouldn’t talk about these things. What a very nice house you have."
1215,hp,"I’ve been checking up with Heald on this typewriting business. Not a doubt of it, it couldn’t be done under an hour. Longer, if you had to stop and think here and there. That seems to me pretty well to settle it. And look at this letter."
1216,mm,I mean the point of this money—I’m sure Mr. Rafiel meant it that way—is to enjoy a few things that one thought one never would have the money to enjoy.
1217,sh,"I won't ask
     you to sit down, for I don't like the smell of you, but aren't you
     Steve Dixie, the bruiser?"
1218,mm,"Yes, but if you make sure, that may be the last thing you do make sure of! We don’t want a third body. Yours."
1219,sh,"I have
     already heard of your meeting with Mrs. Barclay, and your mutual
     recognition.  You then, as I understand, followed her home and saw
     through the window an altercation between her husband and her, in
     which she doubtless cast his conduct to you in his teeth.  Your own
     feelings overcame you, and you ran across the lawn and broke in upon
     them."
1220,sh,Dr. Watson and I are at your service.
1221,hp,"Perhaps because she thought the man she saw was the murderer. It looked like that, you know."
1222,hp,Tell me more about the death of Alice Corrigan.
1223,hp,"You do not understand at all. Tell me,"
1224,mm,as though we’d known her at all well.
1225,sh,"I was not sure whether I had left it here or in the
     Shipping Office. I would not lose that stick for the world."
1226,mm,"I don’t see how anyone else could have done it,"
1227,sh,"Well, it's your choice. I guess you know how to run your own
     business. I can't make you touch the case against your will. You've
     done yourself no good this morning, Mr. Holmes, for I have broken
     stronger men than you. No man ever crossed me and was the better for
     it."
1228,mm,that is explained now. It was written at six thirty five and another hand—the murderer’s—put the misleading 6:20 at the top. I think that is clearly established.
1229,hp,"They would have to have also eyes
and ears. But do not be too sure that these dead things"
1230,mm,"He was a busy man, of course. He always remembered us at Christmas very kindly."
1231,hp,"For what? For what, mon cher? Remember that there are thick drifts of snow all round the train."
1232,sh,"I tiptoed down the path and stooped behind the low wall which
     surrounded the stunted orchard. Creeping in its shadow I reached a
     point whence I could look straight through the uncurtained window.

     There were only two men in the room, Sir Henry and Stapleton. They
     sat with their profiles towards me on either side of the round table.
     Both of them were smoking cigars, and coffee and wine were in front
     of them. Stapleton was talking with animation, but the baronet looked
     pale and distrait. Perhaps the thought of that lonely walk across the
     ill-omened moor was weighing heavily upon his mind.

     As I watched them Stapleton rose and left the room, while Sir Henry
     filled his glass again and leaned back in his chair, puffing at his
     cigar. I heard the creak of a door and the crisp sound of boots upon
     gravel. The steps passed along the path on the other side of the wall
     under which I crouched. Looking over, I saw the naturalist pause at
     the door of an out-house in the corner of the orchard. A key turned
     in a lock, and as he passed in there was a curious scuffling noise
     from within. He was only a minute or so inside, and then I heard the
     key turn once more and he passed me and re-entered the house. I saw
     him rejoin his guest, and I crept quietly back to where my companions
     were waiting to tell them what I had seen."
1233,hp,Then it has nothing to do with the crime at all.
1234,mm,not an enthusiastic young man. He could have thanked you a bit more enthusiastically for what you did for him.
1235,sh,"They've gone, Mr. Holmes. They went by the last train. The lady
     broke away, and I've got her in a cab downstairs."
1236,mm,It will seem such a waste of a life. Although she had retired from her Headmistresship she still exercised a lot of power. This accident—
1237,hp,"A little idea of mine, that
was all. Me, I am famous for my little ideas."
1238,hp,"A length of hemp to be ordered for Father Lavigny,"
1239,sh,"Even in his chastened frame of mind the noble miser could give us no
     information which could help us, for he knew little of the private
     life of his nephew. Our only clue lay in the truncated telegram, and
     with a copy of this in his hand Holmes set forth to find a second
     link for his chain. We had shaken off Lord Mount-James, and Overton
     had gone to consult with the other members of his team over the
     misfortune which had befallen them.

     There was a telegraph-office at a short distance from the hotel. We
     halted outside it."
1240,sh,"Well, he asked me for anything outside the ordinary routine."
1241,mm,"Sooner than let the girl go, you killed her. Because you loved her, you killed her."
1242,sh,"I am going to force my way in and see for myself who is in the
     house. I wish you both to be there as witnesses."
1243,hp,"The gardener watering…Going to the post? Nearly ran down a bicyclist—silly woman wobbling and shouting to a friend. That’s all, I’m afraid."
1244,hp,"Do you believe that letter, then, to be a forgery?"
1245,mm,"Well, he can’t have been a real gardener, can he?"
1246,mm,"I’m quite sure I know where it is, but I have to have a little more time before I can tell you that."
1247,hp,"Don’t know why I came to this place,"
1248,hp,"I am
quite sure that Parker did not do the murder,"
1249,sh,"They may rest here on
     the hook and will be dry presently. You have come up from the
     south-west, I see."
1250,hp,"Mais oui, that is so. Arlena Marshall would make enemies. But in my opinion, the enemy theory is not tenable, for you see, Inspector, Arlena Marshall’s enemies would, I think, as I said just now, always be women."
1251,mm,"I have always intended, ever since I was a small boy, to live in the country someday and have a garden of my own. I have always been very much attached to flowers. My wife, you know, kept a flower shop. That’s where I saw her first."
1252,mm,I hope he hasn’t been working too hard.
1253,hp,I thought you didn’t think much of that theory.
1254,sh,"When I went to see him this
     morning and he told me he had sent to a detective, I just asked for
     your address and came right away. I don't want police butting into a
     private matter. But if you are content just to help us find the man,
     there can be no harm in that."
1255,mm,"I just wondered because things do worry people more when they are—I won’t say getting old—because he really wasn’t old, but I mean things worry you more when you are laid up and can’t do as much as you did and have to take things easy. Then worries just come into your mind and make themselves felt."
1256,sh,"When we returned to Mrs. Warren's rooms, the gloom of a London winter
     evening had thickened into one gray curtain, a dead monotone of
     colour, broken only by the sharp yellow squares of the windows and
     the blurred haloes of the gas-lamps. As we peered from the darkened
     sitting-room of the lodging-house, one more dim light glimmered high
     up through the obscurity."
1257,hp,"Of course, strictly speaking, it oughtn’t to matter. We’ve got Cust on the Doncaster murder—the bloodstained coat, the knife—not a loophole there. You couldn’t bounce any jury into acquitting him. But it spoils a pretty case. He did the Doncaster murder. He did the Churston murder. He did the Andover murder. Then, by hell, he must have done the Bexhill murder. But I don’t see how!"
1258,sh,"I, at least, am not
     prepared to prevent you."
1259,hp,I think human beings matter more than stones.
1260,mm,"Yes, that’s true. He wouldn’t hear it. Whichever way the murderer came, he stole up behind the Colonel and shot him. Then he saw the note and the clock and the idea came to him. He put 6:20 at the top of the letter and he altered the clock to 6:22. It was a clever idea. It gave him, or so he would think, a perfect alibi."
1261,sh,"I started off, Mr. Holmes, but when I got to that address it was a
     manufactory of artificial knee-caps, and no one in it had ever heard
     of either Mr. William Morris or Mr. Duncan Ross."
1262,sh,"What have I to do with this 'ere Perkins,
     Masser Holmes? I was trainin' at the Bull Ring in Birmingham when
     this boy done gone get into trouble."
1263,hp,"You have not
the nerve—the courage. But I must have the truth."
1264,mm,It’s just the one really interesting thing—the thing that made all the murderer’s plans go wrong.
1265,mm,"that the attacker is more likely to have been a man than a woman. That boulder, if it was done with intent, was sent on its course very accurately. Accuracy is more a male quality than a female one. On the other hand there might easily have been someone on our coach, or possibly in the neighbourhood, who saw Miss Temple in the street, a former pupil of hers in past years. Someone whom she herself might not recognize after a period of time. But the girl or woman would have recognized her, because a Headmaster or Headmistress of over sixty is not unlike the same Headmaster or Headmistress at the age of fifty. She is recognizable. Some woman who recognized her former mistress and also knew that her mistress knew something damaging about her. Someone who might in some way prove a danger to her."
1266,hp,"But he might have ’em, all the same."
1267,hp,"Speak, then, let us hear the wisdom of Hercule Poirot."
1268,hp,"Well, you can’t go about having blood feuds and stabbing each other like Corsicans or the Mafia,"
1269,hp,Do you remember when you came into my cabin afterwards? You said you were not sure why you had come. I was so miserable—so terrified. I thought Simon was going to die….
1270,hp,"The human drama, Hastings! Reflect a little minute. Here are three sets of human beings brought together by a common tragedy. Immediately a second drama commences—tout à fait à part. Do you remember my first case in England? Oh, so many years ago now. I brought together two people who loved one another—by the simple method of having one of them arrested for murder! Nothing less would have done it! In the midst of death we are in life, Hastings…Murder, I have often noticed, is a great matchmaker."
1271,sh,"At present the scandal is
     confined to our own household. It is safe with us. If it gets beyond
     these walls it will never stop. Consider his position at the
     university, his European reputation, the feelings of his daughter."
1272,sh,"Yes; I rather think he is coming to consult me professionally. I
     think that I recognise the symptoms. Ha! did I not tell you?"
1273,sh,"I have
     seen Forbes, and I have seen your uncle, and I have set one or two
     trains of inquiry upon foot which may lead to something."
1274,mm,Is there anything else I can get you?
1275,hp,"You see what I mean? No? Just this—to save Captain Paton the real
criminal must confess."
1276,sh,"This is my friend and colleague,
     Dr. Watson, who is occasionally good enough to help me in my cases.
     Whom have I the honour to address?"
1277,hp,"It strikes you as odd that Ackroyd should have flown into a rage about
so trivial a matter?"
1278,mm,I hope I could never do such a wicked thing.
1279,mm,Because you said Mr. Rafiel had sent you in the coach for a particular reason and sent you on this tour for a particular reason and sent you to The Old Manor House for a particular reason. Very well then. The death of Elizabeth Temple ties up with someone in the coach. Your remaining here ties up with The Old Manor House.
1280,sh,"He passed his hand over his forehead like a man who is half dazed,
     and then fell rather than sat down upon a chair."
1281,sh,"Jack has been lost overboard in gale off St. Helena. No one knows
     how accident occurred."
1282,hp,"You would go faster, would you not, on the Government steamer, which travels by night as well as day?"
1283,hp,"Unless, accidentally, she had become possessed of evidence showing his identity."
1284,hp,Afterwards it will be cleared and M. Poirot can conduct his examination of the passengers there. In the meantime I have ordered them to bring us three some food here.
1285,hp,"I shouldn’t put so much
stress on the footmarks if it wasn’t for everything else."
1286,sh,"No wonder that my inquiries among those villages led to nothing. The
     doctor has certainly played the game for all it is worth, and one
     would like to know the reason for such elaborate deception. This
     should be the village of Trumpington to the right of us. And, by
     Jove! here is the brougham coming round the corner. Quick, Watson,
     quick, or we are done!"
1287,sh,"Might we
     make the acquaintance of the baby?"
1288,hp,"in this matter I must
have the whole truth. What you tell us need never go beyond these four
walls. Dr. Sheppard will be discreet, and so shall I. See, I will help
you. This Charles Kent, he is your son, is he not?"
1289,hp,"I think there were. Is—is that
the object of your experiment?"
1290,hp,Can you tell me of any good that can be done without it? You’ve got to break down and destroy before you can build up.
1291,sh,"'There you have the whole truth of it. You can hang me, or do what
     you like with me, but you cannot punish me as I have been punished
     already. I cannot shut my eyes but I see those two faces staring at
     me--staring at me as they stared when my boat broke through the haze.
     I killed them quick, but they are killing me slow; and if I have
     another night of it I shall be either mad or dead before morning. You
     won't put me alone into a cell, sir?  For pity's sake don't, and may
     you be treated in your day of agony as you treat me now.'"
1292,mm,"One evening—in fact the very evening before the tragedy—I happened to go out on the terrace before dinner. The window in the drawing room was open. And as it chanced I saw Jerry Lorimer and Maud Wye. He was—well—kissing her. Of course I didn’t know whether it was just a sort of chance affair, or whether—well, I mean, one can’t tell. I knew Sir Ambrose never had really liked Jerry Lorimer—so perhaps he knew he was that kind of young man. But one thing I am sure of: that girl, Maud Wye, was really fond of him. You’d only to see her looking at him when she was off guard. And I think, too, they were really better suited than he and Sylvia were."
1293,mm,Not after the horrible revelations we have heard from you! The cosmopolitan world seems a mild and peaceful place compared with St. Mary Mead.
1294,hp,"This stranger hanging about, he may be important—he may not. At any rate he must be found. Let us continue our inquiry."
1295,sh,The hero of the Long Island cave mystery?
1296,mm,"I don’t suppose there can be any agony so great as what Clotilde has suffered all this time—ten years now—living in eternal sorrow. Living, you see, with the thing she had to live with. She had kept Verity, kept her there at The Old Manor House, in the garden, kept her there for ever. She didn’t realize at first what that meant. Her passionate longing for the girl to be alive again. I don’t think she ever suffered from remorse. I don’t think she had even that consolation. She just suffered—went on suffering year after year. And I know now what Elizabeth Temple meant. Better perhaps than she herself did. Love is a very terrible thing. It is alive to evil, it can be one of the most evil things there can be. And she had to live with that day after day, year after year. I think, you know, that Anthea was frightened of that. I think she knew more clearly the whole time what Clotilde had done and she thought that Clotilde knew that she knew. And she was afraid of what Clotilde might do. Clotilde gave that parcel to Anthea to post, the one with the pullover. She said things to me about Anthea, that she was mentally disturbed, that if she suffered from persecution or jealousy Anthea might do anything. I think—yes—that in the not so distant future—something might have happened to Anthea—an arranged suicide because of a guilty conscience—"
1297,mm,Malignant evil is like cancer—a malignant tumour. It brings suffering.
1298,sh,"She glanced at them, and then looked up at us with the set, rigid
     face of a desperate woman."
1299,hp,"Yes—that is it. There is the ornamental work on it—and the initials J.B. It is an article de luxe, a very feminine production, but it is none the less a lethal weapon."
1300,mm,"The personal element. Oh, yes, the personal element. Jane, my good child, do you realize that theft is theft, and you might have been sent to prison?"
1301,sh,"I think also that the probability is in favour of his being a
     country practitioner who does a great deal of his visiting on foot."
1302,mm,"I suppose you have been told what happened that night,"
1303,hp,"I should doubt that. She had steady nerves, radiant health, there were no marks of hypodermic injections (not that that proves anything. Some people sniff the stuff). No, I do not think she took drugs."
1304,hp,that I shall have to give my second solution. But do not abandon this one too abruptly. You may agree with it later.
1305,mm,"It would interest me. Yes, really interest me. Make a guess."
1306,sh,"And you'll probably find that your creditors will impound the
     banking account of Mr. Cornelius,"
1307,sh,"No gossiping! Go about your
     business! And you, what the devil do you want here?"
1308,mm,"You, dear Joan, did not know her at all. I did not know her at all. Raymond gathered an impression of her from one afternoon’s conversation. Lou knew her for two days."
1309,sh,"Mr. Gibson
     seems to have a nice loyal household. But the warning is a useful
     one, and now we can only wait till the man himself appears."
1310,hp,You think definitely that Blatt is the murderer?
1311,sh,"Her health, Mr. Holmes. She seems to be wasting away. And there's
     something terrible on her mind. 'Murder!' she cries. 'Murder!' And
     once I heard her: 'You cruel beast! You monster!' she cried. It was
     in the night, and it fair rang through the house and sent the shivers
     through me. So I went to her in the morning. 'Mrs. Ronder,' I says,
     'if you have anything that is troubling your soul, there's the
     clergy,' I says, 'and there's the police. Between them you should get
     some help.' 'For God's sake, not the police!' says she, 'and the
     clergy can't change what is past. And yet,' she says, 'it would ease
     my mind if someone knew the truth before I died.' 'Well,' says I, 'if
     you won't have the regulars, there is this detective man what we read
     about'--beggin' your pardon, Mr. Holmes. And she, she fair jumped at
     it. 'That's the man,' says she. 'I wonder I never thought of it
     before. Bring him here, Mrs. Merrilow, and if he won't come, tell him
     I am the wife of Ronder's wild beast show. Say that, and give him the
     name Abbas Parva. Here it is as she wrote it, Abbas Parva. 'That will
     bring him if he's the man I think he is.'"
1312,mm,"Although one never can be quite certain, can one?"
1313,mm,"I mean, dear, that you’re actually holding the money in your hand this minute."
1314,hp,"Me, I have been well amused. This
park is magnificent."
1315,sh,"There are certainly grave
     difficulties in the way,"
1316,mm,"Well, she says not. I can’t see anything much the matter with her. She says she’s got a sore throat, she feels she might have a temperature coming on. All nonsense, I think."
1317,hp,I do not employ people whom I do not trust.
1318,hp,How did you know? That’s just how I did feel.
1319,sh,"Yes, the lodge-keeper brought it up. You said that you wished to see
     me here to avoid scandal."
1320,mm,"You see, he really kept the money somewhere else—behind some volumes of sermons in the library, as a matter of fact. He said people never took a book of that kind out of the shelf!"
1321,mm,"I don’t of course know anything about it,"
1322,hp,"I can see nothing. It was an ant, perhaps?"
1323,hp,"Seemed kind of indeterminate to me. Your police, I gather, have got something up their sleeves."
1324,hp,"I told you once that I had a very simple mind. Always, from the beginning, it seemed to me that the most likely person had killed Arlena Marshall. And the most likely person was Patrick Redfern. He was the type, par excellence—the type of man who exploits women like her—and the type of the killer—the kind of man who will take a woman’s savings and cut her throat into the bargain. Who was Arlena going to meet that morning? By the evidence of her face, her smile, her manner, her words to me—Patrick Redfern. And therefore, in the very nature of things, it should be Patrick who killed her.

“But at once I came up, as I told you, against impossibility. Patrick Redfern could not have killed her since he was on the beach and in Miss Brewster’s company until the actual discovery of the body. So I looked about for other solutions—and there were several. She could have been killed by her husband—with Miss Darnley’s connivance. (They too had both lied as to one point which looked suspicious.) She could have been killed as a result of her having stumbled on the secret of the dope smuggling. She could have been killed, as I said, by a religious maniac, and she could have been killed by her stepdaughter. The latter seemed to me at one time to be the real solution. Linda’s manner in her very first interview with the police was significant. An interview that I had with her later assured me of one point. Linda considered herself guilty."
1325,mm,One cannot go through life without attracting certain risks if they are necessary.
1326,sh,"The faculty of deduction is certainly contagious, Watson,"
1327,sh,"that, interesting and indeed essential
     as these details are, my inquiries must go more to the root of
     things. What was the letter?"
1328,mm,"You are quite right, my dear. Yes, I cannot help still believing in two lovers who wished to get married, who were ready to take each other on for better, for worse, for richer or poorer, in sickness and in health. She loved him and she would have taken him for better or for worse. As far as she had gone, she took him for worse. It brought about her death."
1329,hp,"Either he paid out
that forty pounds sometime last evening, or else it has been stolen."
1330,sh,"most remarkable!
     I can hardly recall any case where the features have been more
     peculiar."
1331,mm,Mr. Rafiel always did things on a lavish scale.
1332,mm,"He did come here, but I was at a meeting at the Women’s Institute."
1333,sh,"William received a
     letter by the afternoon post yesterday. The envelope was destroyed by
     him."
1334,mm,Please do not think that I am unduly curious. It’s not idle curiosity that is driving me. I too am on—not a pilgrimage—but what I should call a mission. I too want to know why Michael Rafiel and Verity Hunt did not marry.
1335,sh,I believe that you are the devil himself!
1336,mm,"I’m quite sure she wasn’t his sister. They were horrid—both of them. They came to the vicarage to get his things and to find out if he’d said anything before he died. When I said he hadn’t I saw it in their faces—relief. I think myself,"
1337,sh,"lies, of course, in that untimely
     love affair which gave our impetuous professor the idea that he could
     only gain his wish by turning himself into a younger man. When one
     tries to rise above Nature one is liable to fall below it. The
     highest type of man may revert to the animal if he leaves the
     straight road of destiny."
1338,sh,"The word RACHE, written in letters of blood,"
1339,mm,"which was quite untrue. But post offices are careful. And, you see, I wanted to find out where it had been sent."
1340,sh,"Plain enough, but what's at the back of it? Raising the price on me,
     or afraid to tackle it, or what? I've a right to a plain answer."
1341,hp,"Yes, it all sounds practicable enough. Now these dope organizations are pretty ruthless. If any one blundered in and got wise to things they wouldn’t make any bones about silencing that person. It seems to me that that is the right explanation of Arlena Marshall’s death. It’s possible that on that morning Blatt was actually at the cove stowing the stuff away. His accomplices were to come for it that very day. Arlena arrives on her float and sees him going into the cave with the box. She asks him about it and he kills her then and there and sheers off in his boat as quick as possible."
1342,sh,"The man whom I found myself facing was a well built,
     fresh-complexioned young fellow, with a frank, honest face and a
     slight, crisp, yellow mustache. He wore a very shiny top hat and a
     neat suit of sober black, which made him look what he was--a smart
     young City man, of the class who have been labeled cockneys, but who
     give us our crack volunteer regiments, and who turn out more fine
     athletes and sportsmen than any body of men in these islands. His
     round, ruddy face was naturally full of cheeriness, but the corners
     of his mouth seemed to me to be pulled down in a half-comical
     distress. It was not, however, until we were all in a first-class
     carriage and well started upon our journey to Birmingham that I was
     able to learn what the trouble was which had driven him to Sherlock
     Holmes."
1343,sh,"Our visitor again passed his hand over his forehead, as if he found
     it bitterly hard. From every gesture and expression I could see that
     he was a reserved, self-contained man, with a dash of pride in his
     nature, more likely to hide his wounds than to expose them. Then
     suddenly, with a fierce gesture of his closed hand, like one who
     throws reserve to the winds, he began."
1344,hp,"But you forget one thing, Mademoiselle. A man bent on murder could not risk coming in broad daylight across the causeway and past the hotel. Someone might have seen him."
1345,sh,"Yes,
     the actual facts are very plain, and I shall be surprised if by the
     afternoon I cannot give you the reasons for them as well. I will take
     this photograph of Blessington, which I see upon the mantelpiece, as
     it may help me in my inquiries."
1346,mm,"because Mrs. Pritchard might have recognized her in spite of the disguise—though of course if she had, the nurse could have pretended it was a joke."
1347,mm,"You put it very clearly but you have not given me any information about yourself yet on which to judge. You were a friend, I presume, of the late Mr. Rafiel?"
1348,hp,Unless our murderer figured to himself that he had not accomplished his job properly and came back to make quite sure; but that is manifestly absurd! Anything else?
1349,mm,"Oh yes, but this was arranged before his death. He mentioned that he was in ill health but wanted to provide a treat for a very old friend of his who had not had the opportunity of travelling as much as she could have wished."
1350,mm,How clever of you. And I never thought of poor Mrs. Pebmarsh.
1351,sh,"Who are you, and how do you get my name so pat?"
1352,hp,is how the man got into your compartment if the communicating door was bolted as you say. You are sure that it was bolted?
1353,mm,I was just wondering why the word Honesty in Dr. Rosen’s letter was spelt with a capital H.
1354,mm,I don’t think I should have enjoyed much more of it.
1355,hp,"It wasn’t enough for her to have her husband adore her. She had to make a fool of that long-legged shambling idiot of a Mercado. Then she got hold of Bill. Bill’s a sensible cove, but she was getting him all mazed and bewildered. Carl Reiter she just amused herself by tormenting. It was easy. He’s a sensitive boy. And she had a jolly good go at David.

“David was better sport to her because he put up a fight. He felt her charm—but he wasn’t having any. I think because he’d got sense enough to know that she didn’t really care a damn. And that’s why I hate her so. She’s not sensual. She doesn’t want affairs. It’s just cold-blooded experiment on her part and the fun of stirring people up and setting them against each other. She dabbled in that too. She’s the sort of woman who’s never had a row with anyone in her life—but rows always happen where she is! She makes them happen. She’s a kind of female Iago. She must have drama. But she doesn’t want to be involved herself. She’s always outside pulling strings—looking on—enjoying it. Oh, do you see at all what I mean?"
1356,sh,Have you an order to see him in prison?
1357,sh,"Oh, indeed! You seem to have done the thing very completely. I must
     compliment you."
1358,mm,"That’s the one you met abroad, in the West Indies, isn’t it? You showed me his photo in your album."
1359,sh,"I trust that I am not intruding. I fear that I have brought
     some traces of the storm and rain into your snug chamber."
1360,sh,"perhaps you would not
     care for him as a constant companion."
1361,sh,"Now would you mind going down and
     fetching that poor little devil of a terrier which has been bad so
     long, and which the landlady wanted you to put out of its pain
     yesterday."
1362,sh,"perhaps you would not be very
     gracious either, if, after all the trouble of wooing and wedding, you
     found yourself deprived in an instant of wife and of fortune. I think
     that we may judge Lord St. Simon very mercifully and thank our stars
     that we are never likely to find ourselves in the same position. Draw
     your chair up and hand me my violin, for the only problem we have
     still to solve is how to while away these bleak autumnal evenings."
1363,mm,I dare say it has nothing to do with the murder. But it is a Peculiar Thing. And just at present we all feel we must take notice of Peculiar Things.
1364,hp,And you? Is it not that you are on holiday also?
1365,sh,"The little man stood glancing from one to the other of us with
     half-frightened, half-hopeful eyes, as one who is not sure whether he
     is on the verge of a windfall or of a catastrophe. Then he stepped
     into the cab, and in half an hour we were back in the sitting-room at
     Baker Street. Nothing had been said during our drive, but the high,
     thin breathing of our new companion, and the claspings and
     unclaspings of his hands, spoke of the nervous tension within him."
1366,hp,"Take a seat, will you not? What
I have to say may take some time."
1367,mm,"After all, if you’re going to do what may result in murder, you’d have to be rather capable so as to manage not to be seen or anything."
1368,sh,"He opened his bag, and
     at last we saw placed upon our table a complete specimen of that bust
     which we had already seen more than once in fragments.

     Holmes took a paper from his pocket and laid a ten-pound note upon
     the table."
1369,sh,"Bad! Stand clear, Watson! Not an unnecessary
     footstep! What do I read here? He fell wounded, he stood up, he
     remounted, he proceeded. But there is no other track. Cattle on this
     side path. He was surely not gored by a bull? Impossible! But I see
     no traces of anyone else. We must push on, Watson. Surely with stains
     as well as the track to guide us he cannot escape us now."
1370,sh,"'Why,' says he, 'here's another vacancy on the League of the
     Red-headed Men. It's worth quite a little fortune to any man who gets
     it, and I understand that there are more vacancies than there are
     men, so that the trustees are at their wits' end what to do with the
     money. If my hair would only change colour, here's a nice little crib
     all ready for me to step into.'"
1371,mm,"You must admit that it all fits in,"
1372,hp,Cette pauvre Madame Doyle. Lying there so peacefully…with the little hole in her head. You remember how she looked?
1373,sh,"You might start a paper on those lines. Call it the 'Police
     News of the Past.'"
1374,sh,"was the message, and the place of origin,
     Baden."
1375,sh,"That McCarthy senior met his death from McCarthy junior and that all
     theories to the contrary are the merest moonshine."
1376,hp,And most conveniently she leaves her handkerchief behind!
1377,hp,I hope he’s not too angry with that poor child.
1378,mm,I do not think so at present. I expect you have various enquiries of your own that you wish to put in hand.
1379,sh,"But tell me, Baynes, who is this man Henderson?"
1380,sh,"Your three birds are all in their nests,"
1381,mm,"At twelve twenty-nine we received a telephone call from Mrs. Cresswell, housekeeper to Miss Greenshaw, stating that her mistress had been shot. Sergeant Cayley and myself went out there at once in a car and arrived at the house at twelve thirty-five. We found Miss Greenshaw dead and the two ladies locked in their rooms."
1382,hp,"Well, not the sort of thing that you would mean, sir."
1383,hp,"I’ve got a perfectly good explanation for what—I admit—looks a bit fishy. As a matter of fact, the day before I had slipped a jolly fine cylinder seal into my coat pocket instead of putting it in the antika room—forgot all about it. And then I discovered I’d been and lost it out of my pocket—dropped it somewhere. I didn’t want to get into a row about it so I decided I’d have a jolly good search on the quiet. I was pretty sure I’d dropped it on the way to or from the dig. I rushed over my business in Hassanieh. Sent a walad to do some of the shopping and got back early. I stuck the bus where it wouldn’t show and had a jolly good hunt for over an hour. And didn’t find the damned thing at that! Then I got into the bus and drove on to the house. Naturally, everyone thought I’d just got back."
1384,hp,It is the nest of the horse that I put my nose into there.
1385,hp,Yes—yes…And very chivalrous. Men are so foolish that way. Even Car—
1386,mm,The kind of man who gets the wrong idea into his head and is obstinate about it. Do you remember Joe Bucknell who used to keep the Blue Boar? Such a to-do about his daughter carrying on with young Bailey. And all the time it was that minx of a wife of his.
1387,hp,"But my sister-in-law got it into her head to be—well—jealous, I suppose. Not that she ever showed anything. But after Car’s death, when there was a question of Miss Grey staying on—well, Charlotte cut up rough. Of course, it’s partly the illness and the morphia and all that—Nurse Capstick says so—she says we mustn’t blame Charlotte for getting these ideas into her head—"
1388,sh,"Excellent. You carried the thing out very well. Did you observe
     where the bullet went?"
1389,hp,"But I understand nothing—but nothing of all this! The enemy that this Ratchett spoke of, he was then on the train after all? But where is he now? How can he have vanished into thin air? My head, it whirls. Say something, then, my friend, I implore you. Show me how the impossible can be possible!"
1390,mm,"Oh no. There’s never been anything. She gets nervous fits of temper sometimes and she takes rather sudden dislikes to people. She’s very jealous, you know, over things. Very jealous of a lot of—well, fuss being made over different people. I don’t know. Sometimes I think we’d better sell this house and leave it altogether."
1391,sh,"now for the
     box wrapper. Brown paper, with a distinct smell of coffee. What, did
     you not observe it? I think there can be no doubt of it. Address
     printed in rather straggling characters: 'Miss S. Cushing, Cross
     Street, Croydon.' Done with a broad-pointed pen, probably a J, and
     with very inferior ink. The word 'Croydon' has been originally
     spelled with an 'i', which has been changed to 'y'. The parcel was
     directed, then, by a man--the printing is distinctly masculine--of
     limited education and unacquainted with the town of Croydon. So far,
     so good! The box is a yellow, half-pound honeydew box, with nothing
     distinctive save two thumb marks at the left bottom corner. It is
     filled with rough salt of the quality used for preserving hides and
     other of the coarser commercial purposes. And embedded in it are
     these very singular enclosures."
1392,sh,"I am so glad that you have come. I have driven down to
     tell you so. I know that James didn't do it. I know it, and I want
     you to start upon your work knowing it, too. Never let yourself doubt
     upon that point. We have known each other since we were little
     children, and I know his faults as no one else does; but he is too
     tender-hearted to hurt a fly. Such a charge is absurd to anyone who
     really knows him."
1393,hp,"And, as I say, sailing round this coast is good fun. Hullo, Redfern, have one with me? What’ll you have? Dry Martini? Right. What about you, M. Poirot?"
1394,hp,You know perfectly. I am not so foolish as to argue with an infatuated man. I utter only the word of caution.
1395,hp,"Went out just on nine o’clock last night. Was seen in neighborhood of
Fernly Park somewhere about nine-thirty. Not been seen since. Believed
to be in serious money difficulties. I’ve got a pair of his shoes
here—shoes with rubber studs in them. He had two pairs, almost exactly
alike. I’m going up now to compare them with those footmarks. The
constable is up there seeing that no one tampers with them."
1396,mm,Girls are so silly. Always falling in love.
1397,sh,"These few inquiries proved, however, to be a more lengthy proceeding
     than Holmes had imagined, for he did not return to the inn until
     nearly nine o'clock. He was pale and dejected, stained with dust, and
     exhausted with hunger and fatigue. A cold supper was ready upon the
     table, and when his needs were satisfied and his pipe alight he was
     ready to take that half comic and wholly philosophic view which was
     natural to him when his affairs were going awry. The sound of
     carriage wheels caused him to rise and glance out of the window. A
     brougham and pair of greys under the glare of a gas-lamp stood before
     the doctor's door."
1398,hp,"Now we begin to arrive. Let us, I pray you, be very precise. Describe to me exactly what happened."
1399,mm,"I suppose, ma’am, there isn’t anything you could do about it? Gladdie’s in ever such a taking."
1400,hp,The three sleeping car attendants are coming in. Will you be so kind as to tell me which is the one you met last night as you were going with the rug to the Princess?
1401,mm,Did a bunk to Liverpool. The accident scared her. Thought she’d wait there for her boat.
1402,sh,"Who are these two men Mr. Blessington, and
     why do they wish to molest you?"
1403,hp,Very bad. In the Balkans there is much snow.
1404,hp,"Of course. He could move in two directions on one plane, but he could go at right angles to that plane too. That is, he couldn’t go up very well, but he could go down."
1405,mm,I must go home. Such late hours! But we’ve had a very entertaining evening. Most unusually so. I think Miss Helier’s story wins the prize. Don’t you agree?
1406,sh,"Dr.
     Mortimer, I think you could not do better than to tell your story as
     you told it to us."
1407,hp,"A great natural ingenuity, and an apparently remorseless determination to mislead justice."
1408,sh,"I have had several opponents to whom that flattering term has been
     applied,"
1409,sh,"A man was striding up the path which led to the door. He was a tall,
     handsome, swarthy fellow, clad in a suit of grey flannel, with a
     Panama hat, a bristling black beard, and a great, aggressive hooked
     nose, and flourishing a cane as he walked. He swaggered up the path
     as if the place belonged to him, and we heard his loud, confident
     peal at the bell."
1410,hp,"Yes, I will do that. But it is my opinion that I shall not be able to accomplish anything."
1411,sh,"He remarks
     that, while the individual man is an insoluble puzzle, in the
     aggregate he becomes a mathematical certainty. You can, for example,
     never foretell what any one man will do, but you can say with
     precision what an average number will be up to. Individuals vary, but
     percentages remain constant. So says the statistician. But do I see a
     handkerchief? Surely there is a white flutter over yonder."
1412,mm,"Everybody is very much alike, really. But fortunately, perhaps, they don’t realize it."
1413,mm,"I’m going to spend it, you know. I’m going to have some fun with it."
1414,sh,"Let us continue our reconstruction. He meets his death five miles
     from the school--not by a bullet, mark you, which even a lad might
     conceivably discharge, but by a savage blow dealt by a vigorous arm.
     The lad, then, had a companion in his flight. And the flight was a
     swift one, since it took five miles before an expert cyclist could
     overtake them. Yet we survey the ground round the scene of the
     tragedy. What do we find? A few cattle tracks, nothing more. I took a
     wide sweep round, and there is no path within fifty yards. Another
     cyclist could have had nothing to do with the actual murder. Nor were
     there any human footmarks."
1415,mm,I believe I could be ruthless if there was due cause.
1416,hp,Did you meet anyone on your way here?
1417,sh,"I tell you, man, that I haven't got one. I'll let you have two
     horses as far as the Hall."
1418,sh,"Well, Watson, what do you make of this?"
1419,sh,"Yes. We had occasion some months ago to strengthen our resources and
     borrowed for that purpose 30,000 napoleons from the Bank of France.
     It has become known that we have never had occasion to unpack the
     money, and that it is still lying in our cellar. The crate upon which
     I sit contains 2,000 napoleons packed between layers of lead foil.
     Our reserve of bullion is much larger at present than is usually kept
     in a single branch office, and the directors have had misgivings upon
     the subject."
1420,sh,"There was no wind that night, I understand,"
1421,hp,"Never mind what I mean. You do not know what I mean. It is true, then, that you have said to yourself or to a colleague today, ‘that is funny!’?"
1422,hp,"If there’s anything up there it would have to be deliberately put there. Still, we’d better have a look."
1423,mm,"You may not believe it, but my answer to that is, ‘Not really.’"
1424,hp,"It had burned very low, sir. It was almost out."
1425,sh,"That is the problem which we have to solve,"
1426,mm,"Oh, do forgive me, Miss Marple, but really, do you know, I shouldn’t drink that if I were you. Coffee, I mean, at this time of night. You won’t sleep properly."
1427,mm,"meeting again so soon—such a small world, isn’t it?"
1428,sh,"Our visitor staggered to his feet and clutched the mantelpiece with
     his right hand. Holmes unlocked his strong-box and held up the blue
     carbuncle, which shone out like a star, with a cold, brilliant,
     many-pointed radiance. Ryder stood glaring with a drawn face,
     uncertain whether to claim or to disown it."
1429,mm,"Good afternoon, Miss Marple, what can I do for you?"
1430,hp,That’s right. Between a quarter to ten and ten o’clock.
1431,sh,"Women are never to be
     entirely trusted,--not the best of them."
1432,hp,"Oh! I wouldn’t like to think so. He’s such a nice gentleman, Captain Marshall. He couldn’t do a thing like that—I’m sure he couldn’t."
1433,sh,"About nine o'clock the light among the trees was extinguished, and
     all was dark in the direction of the Manor House. Two hours passed
     slowly away, and then, suddenly, just at the stroke of eleven, a
     single bright light shone out right in front of us."
1434,sh,"Well, Watson, we have come
     on a good many facts, some of them new ones, and yet I seem some way
     from my conclusion. In spite of the very evident dislike which Mr.
     Bates has to his employer, I gather from him that when the alarm came
     he was undoubtedly in his library. Dinner was over at 8.30 and all
     was normal up to then. It is true that the alarm was somewhat late in
     the evening, but the tragedy certainly occurred about the hour named
     in the note. There is no evidence at all that Mr. Gibson had been out
     of doors since his return from town at five o'clock. On the other
     hand, Miss Dunbar, as I understand it, admits that she had made an
     appointment to meet Mrs. Gibson at the bridge. Beyond this she would
     say nothing, as her lawyer had advised her to reserve her defence. We
     have several very vital questions to ask that young lady, and my mind
     will not be easy until we have seen her. I must confess that the case
     would seem to me to be very black against her if it were not for one
     thing."
1435,mm,"You see the point? The pen was filled with what is commonly known as Evanescent Ink—a solution of starch in water to which a few drops of iodine has been added. This makes a deep blue-black fluid, but the writing disappears entirely in four or five days."
1436,hp,"What did nurse think of her? Women are said to sum up other women quickly enough, and a nurse has a wide experience of types."
1437,mm,"You see, I don’t really know what I ought to do. I can’t ask Julian because—well, I mean, Julian’s so full of rectitude. . . ."
1438,mm,"I take a great interest in all the local news,"
1439,sh,"This détour has been entirely for our benefit, then?"
1440,hp,"I must now describe to you certain things I found in your daughter’s room after the murder. In the grate was a large blob of melted wax, some burnt hair, fragments of cardboard and paper and an ordinary household pin. The paper and the cardboard might not be relevant, but the other three things were suggestive—particularly when I found tucked away in the bookshelf a volume from the local library here dealing with witchcraft and magic. It opened very easily at a certain page. On that page were described various methods of causing death by moulding in was a figure supposed to represent the victim. This was then slowly roasted till it melted away—or alternatively you would pierce the wax figure to the heart with a pin. Death of the victim would ensue. I later heard from Mrs. Redfern that Linda Marshall had been out early that morning and had bought a packet of candles, and had seemed embarrassed when her purchase was revealed. I had no doubt what had happened after that. Linda had made a crude figure of the candle wax—possibly adorning it with a snip of Arlena’s red hair to give the magic force—had then stabbed it to the heart with a pin and finally melted the figure away by lighting strips of cardboard under it.

“It was crude, childish, superstitious, but it revealed one thing: the desire to kill.

“Was there any possibility that there had been more than a desire? Could Linda Marshall have actually killed her stepmother?

“At first sight it seemed as though she had a perfect alibi—but in actuality, as I have just pointed out, the time evidence was supplied by Linda herself. She could easily have declared the time to be a quarter of an hour later than it really was.

“It was quite possible once Mrs. Redfern had left the beach for Linda to follow her up and then strike across the narrow neck of land to the ladder, hurry down it, meet her stepmother there, strangle her and return up the ladder before the boat containing Miss Brewster and Patrick Redfern came in sight. She could then return to Gull Cove, take her bathe and return to the hotel at her leisure.

“But that entailed two things. She must have definite knowledge that Arlena Marshall would be at Pixy Cove and she must be physically capable of the deed.

“Well, the first was quite possible—if Linda Marshall had written a note to Arlena herself in someone else’s name. As to the second, Linda has very large strong hands. They are as large as a man’s. As to the strength, she is at the age when one is prone to be mentally unbalanced. Mental derangement often is accompanied by unusual strength. There was one other small point. Linda Marshall’s mother had actually been accused and tried for murder."
1441,mm,"Such a to-do, is it not? And Mr. Dennis thinks he knows who committed the crime. Well, I suppose we all think we know."
1442,sh,"Well, it is not for me to judge you,"
1443,sh,"A low moan had fallen upon our ears. There it was again upon our
     left! On that side a ridge of rocks ended in a sheer cliff which
     overlooked a stone-strewn slope. On its jagged face was spread-eagled
     some dark, irregular object. As we ran towards it the vague outline
     hardened into a definite shape. It was a prostrate man face downward
     upon the ground, the head doubled under him at a horrible angle, the
     shoulders rounded and the body hunched together as if in the act of
     throwing a somersault. So grotesque was the attitude that I could not
     for the instant realize that that moan had been the passing of his
     soul. Not a whisper, not a rustle, rose now from the dark figure over
     which we stooped. Holmes laid his hand upon him, and held it up
     again, with an exclamation of horror. The gleam of the match which he
     struck shone upon his clotted fingers and upon the ghastly pool which
     widened slowly from the crushed skull of the victim. And it shone
     upon something else which turned our hearts sick and faint within
     us--the body of Sir Henry Baskerville!

     There was no chance of either of us forgetting that peculiar ruddy
     tweed suit--the very one which he had worn on the first morning that
     we had seen him in Baker Street. We caught the one clear glimpse of
     it, and then the match flickered and went out, even as the hope had
     gone out of our souls. Holmes groaned, and his face glimmered white
     through the darkness."
1444,hp,"Some of the time I love a brunette,

Some of the time I love a blonde

(Who comes from Eden by way of Sweden).



“What could be more revealing? Mais je crois que la blonde l’emporte sur la brunette!"
1445,hp,I’ll be quiet. But I must leave this place. Joseph and I can go in and sleep at the Rest House.
1446,mm,"Oh, yes, ma’am. She’s always one for a change, Gladdie is. She never seems to get really settled, if you know what I mean. But she’s always been the one to give the notice, you see!"
1447,sh,"Again the agonized cry swept through the silent night, louder and
     much nearer than ever. And a new sound mingled with it, a deep,
     muttered rumble, musical and yet menacing, rising and falling like
     the low, constant murmur of the sea."
1448,sh,"that if the matter is beyond humanity it is
     certainly beyond me. Yet we must exhaust all natural explanations
     before we fall back upon such a theory as this. As to yourself, Mr.
     Tregennis, I take it you were divided in some way from your family,
     since they lived together and you had rooms apart?"
1449,mm,"No idea whatever. No more have they. It might be one of our fellow travellers, someone who went for a stroll that afternoon. It might be someone completely unknown who knew that the coach was making a halt here and chose this place to make an attack on one of the passengers. Some youthful lover of violence for violence’s sake. Or it might have been an enemy."
1450,hp,"I think you are. I fancy you were
born in Kent."
1451,sh,"It at least bears out the theory that it is on the side of the
     Lower Gill Moor that we must hope for results. The police have really
     done nothing locally, save the arrest of these gipsies. Look here,
     Watson! There is a watercourse across the moor. You see it marked
     here in the map. In some parts it widens into a morass. This is
     particularly so in the region between Holdernesse Hall and the
     school. It is vain to look elsewhere for tracks in this dry weather;
     but at that point there is certainly a chance of some record being
     left. I will call you early to-morrow morning, and you and I will try
     if we can throw some little light upon the mystery."
1452,mm,"I hadn’t asked anyone to post anything. The first I saw of the parcel was when Anthea passed the garden of the Golden Boar where you and I were sitting talking, carrying it."
1453,sh,I never read such rubbish in my life.
1454,hp,I don’t believe it. I don’t believe Linda killed her. Surely it’s impossible—on the evidence!
1455,sh,"CHAPTER III



     I slept at Baker Street that night, and we were engaged upon our
     toast and coffee in the morning when the King of Bohemia rushed into
     the room."
1456,hp,"Ah, pardon, you yourself, Monsieur, opened your door and looked out for a second."
1457,sh,"And now, Lord
     Holdhurst, we have already taken up too much of your valuable time,
     and we shall wish you good-day."
1458,hp,"Colonel Race and I must interview all the passengers. Until we have got their stories it would be unwise to form theories. Then there is the maid. We ought to interview her first of all. It would, perhaps, be as well if we did that here. Monsieur Doyle’s presence might be helpful."
1459,sh,"Our client had suddenly burst into the room with an explosive energy
     which told of some new and momentous development."
1460,hp,"It would be pleasant if such were the case,"
1461,hp,"Because her husband was in love with Arlena. But I don’t think she would really want to kill her. I mean she’d just feel that she wished she was dead—and that isn’t the same thing at all, is it?"
1462,mm,"One or two rather peculiar indications perhaps, but indications are not facts."
1463,hp,I work mainly in London. You speak English?
1464,mm,"how tragic. The sort of thing that’s not easily forgotten, is it."
1465,mm,"I remember comparing it with my watch. Still, as you say, that has no bearing on the present matter."
1466,hp,"The impossible cannot have happened, therefore the impossible must be possible in spite of appearances."
1467,mm,there’s no need to do that. There are other things you ought to be doing.
1468,mm,"I wasn’t actually sure until then. Miss Cooke had come to St. Mary Mead and I found out fairly quickly that she was not what she represented herself to be, which was a woman knowledgeable in gardening who had come there to help a friend with her garden. So I was left with the choice of deciding what her real object had been, once she had acquainted herself with my appearance, which was obviously the only thing she could have come for. When I recognized her again, on the coach, I had to make up my mind if she was accompanying the tour in the rôle of guardianship, or whether those two women were enemies enlisted by what I might call the other side.

“I was only really sure that last evening when Miss Cooke prevented me, by very distinct words of warning, from drinking the cup of coffee that Clotilde Bradbury-Scott had just set down in front of me. She phrased it very cleverly, but the warning was clearly there. Later, when I was wishing those two good night, one of them took my hand in both of hers giving me a particularly friendly and affectionate handshake. And in doing so she passed something into my hand, which, when I examined it later, I found to be a high-powered whistle. I took it to bed with me, accepted the glass of milk which was urged upon me by my hostess, and wished her good night, being careful not to change my simple and friendly attitude."
1469,sh,"No, no, it is not so bad as that,"
1470,sh,"have lost a sensational treat through the
     sudden death of the man Hope, who was suspected of the murder of Mr.
     Enoch Drebber and of Mr. Joseph Stangerson. The details of the case
     will probably be never known now, though we are informed upon good
     authority that the crime was the result of an old standing and
     romantic feud, in which love and Mormonism bore a part. It seems that
     both the victims belonged, in their younger days, to the Latter Day
     Saints, and Hope, the deceased prisoner, hails also from Salt Lake
     City. If the case has had no other effect, it, at least, brings out
     in the most striking manner the efficiency of our detective police
     force, and will serve as a lesson to all foreigners that they will do
     wisely to settle their feuds at home, and not to carry them on to
     British soil. It is an open secret that the credit of this smart
     capture belongs entirely to the well-known Scotland Yard officials,
     Messrs. Lestrade and Gregson. The man was apprehended, it appears, in
     the rooms of a certain Mr. Sherlock Holmes, who has himself, as an
     amateur, shown some talent in the detective line, and who, with such
     instructors, may hope in time to attain to some degree of their
     skill. It is expected that a testimonial of some sort will be
     presented to the two officers as a fitting recognition of their
     services."
1471,sh,"Ah, yes!
     Your pictures are not unlike you, sir, if I may say so. I believe you
     have had a letter from my namesake, Mr. Nathan Garrideb, have you
     not?"
1472,sh,"whatever you may choose to say will go
     no further."
1473,hp,"It is a little like your puzzle, Madame. One assembles the pieces. It is like a mosaic—many colours and patterns—and every strange-shaped little piece must be fitted into its own place."
1474,mm,"Nothing. It’s only the awful thought that, but for Miss Marple, we might have burned these letters in a decent, gentlemanly way!"
1475,hp,"Yes, during her lifetime. Her father left her a considerable sum of money in trust. She could not touch the principal. At her death it was to pass to any children she might have—and failing children to the Pittstown Museum."
1476,mm,"Yes. Friends argued with him, pointed out that he’d get no interest that way, but he held that that didn’t really matter. The bulk of your money, he said, should be ‘kept in a box under the bed or buried in the garden.’ Those were his words."
1477,mm,Did you come on this trip to see the houses or to see gardens?
1478,hp,"The fault is mine. Father Lavigny, he explains to me some tablets, and I take one to the window to see better—and, ma foi, not looking where I was going, I steb the toe, and the pain is sharp for the moment and I cry out."
1479,mm,"One so often looks at a thing the wrong way round,"
1480,sh,"one might think that
     you were afraid of our finding something out."
1481,mm,"You are a very well educated woman. Nemesis is long delayed sometimes, but it comes in the end."
1482,hp,"If our madman reads what I am supposed to have said to the Daily Blague today, he will lose all respect for me as an opponent!"
1483,mm,"That’s what our friend Miss Marple always says,"
1484,hp,"But I do believe it. Yes, yes, I do believe it!"
1485,mm,"Yes, interesting. She didn’t tell you what the pilgrimage was, to where or to whom?"
1486,mm,I suppose I can’t help feeling that early death means missing things.
1487,hp,"Her husband wouldn’t allow that she had any enemies—real enemies, that is, but I don’t believe for a minute that that’s so! I should say that a lady like her would—well, would make some pretty bad enemies—eh, sir, what do you say?"
1488,sh,"He was able to fix up his own little hiding-place without any
     confederate--save, of course, that precious housekeeper of his, whom
     I should lose no time in adding to your bag, Lestrade."
1489,mm,"You say he has confessed? Oh! dear, I see I have been sadly at sea—yes, sadly at sea."
1490,sh,"To-morrow it will be but a
     dreadful memory. With my hair cut and a few other superficial changes
     I shall no doubt reappear at Claridge's to-morrow as I was before
     this American stunt--I beg your pardon, Watson, my well of English
     seems to be permanently defiled--before this American job came my
     way."
1491,hp,"And yours
and Mr. Raymond’s don’t fit either, doctor."
1492,sh,"out of my last fifty-three cases my
     name has only appeared in four, and the police have had all the
     credit in forty-nine. I don't blame you for not knowing this, for you
     are young and inexperienced, but if you wish to get on in your new
     duties you will work with me and not against me."
1493,sh,"I was wondering if this was Queen Anne or
     Georgian."
1494,sh,"My name is Helen Stoner, and I am living with my stepfather, who is
     the last survivor of one of the oldest Saxon families in England, the
     Roylotts of Stoke Moran, on the western border of Surrey."
1495,sh,"The main thing with people of that sort,"
1496,hp,"I can almost give you the answer to your question,"
1497,sh,"Oh, he has a European fame, has he? Well, we've learned all about
     him in America. We know he is at the bottom of fifty murders, and yet
     we have nothing positive we can take him on. I tracked him over from
     New York, and I've been close to him for a week in London, waiting
     some excuse to get my hand on his collar. Mr. Gregson and I ran him
     to ground in that big tenement house, and there's only one door, so
     he can't slip us. There's three folk come out since he went in, but
     I'll swear he wasn't one of them."
1498,hp,"But that, Monsieur, is not his real name. He is the man Cassetti, who was responsible for a celebrated kidnapping outrage in America."
1499,hp,"I have one project that will please you—since it is active and not passive. Also, it will entail a lot of conversation and practically no thought."
1500,hp,"What one looks like doesn’t matter. He says I really could help him in his work, and he’s going to teach me all about neurosis."
