number,character,quote
1,sh,"Young Overton's face assumed the bothered look of the man who is more
     accustomed to using his muscles than his wits; but by degrees, with
     many repetitions and obscurities which I may omit from his narrative,
     he laid his strange story before us."
2,sh,"I could see that you were commiserating with me over my weakness,"
3,hp,"Oh, she’s very kind. It’s simply wonderful of her to bring me on this trip. I do feel I’m a lucky girl. I just could hardly believe it when she suggested to Mother that I should come too."
4,hp,"You are a man of the world—a man, I think, of considerable acumen. What, frankly, was your opinion of the late Mrs. Marshall?"
5,sh,"I think that this is all we will need,"
6,sh,"I have, of course, studied it, and yet I should be interested to
     have your impression,"
7,hp,Are there any other members of the staff in the house?
8,hp,"Then if she wrote it, there are only two explanations. Either she wrote it in all good faith, knowing herself to be the murderess or—or, I say—she wrote it deliberately to shield someone else, someone whom she feared was suspected."
9,sh,"Exactly, Mr. Holmes. We picked up the scent at Charing Cross
     Post-Office and came on here."
10,hp,"As a matter of fact—my last case—I don’t know whether you read about it—the Mabel Homer case, the Muswell Hill schoolgirl, you know—that man Capper was extraordinary. Amazingly difficult to pin the crime on to him—it was his third, too! Looked as sane as you or I. But there are various tests—verbal traps, you know—quite modern, of course, there was nothing of that kind in your day. Once you can induce a man to give himself away, you’ve got him! He knows that you know and his nerve goes. He starts giving himself away right and left."
11,hp,"eliminate one motive from the case. It is, you comprehend, what I look for first. Who benefits by the deceased’s death? In this case it is a museum. Had it been otherwise, had Mrs. Leidner died intestate but possessed of a considerable fortune, I should imagine that it would prove an interesting question as to who inherited the money—you—or a former husband. But there would have been this difficulty, the former husband would have had to resurrect himself in order to claim it, and I should imagine that he would then be in danger of arrest, though I hardly fancy that the death penalty would be exacted so long after the war. However, these speculations need not arise. As I say, I settle first the question of money. For the next step I proceed always to suspect the husband or wife of the deceased! In this case, in the first place, you are proved never to have gone near your wife’s room yesterday afternoon, in the second place you lose instead of gain by your wife’s death, and in the third place—"
12,mm,"If you remember, he was a man who never said anything much about personal feelings or his own life."
13,mm,"I do think you should be more careful how you choose your friends. You are so credulous, dear, so easily gulled. I suppose it is being a writer and having so much imagination. All that story about a Spanish galleon! If you were older and had more experience of life you would have been on your guard at once. A man you had known only a few weeks, too!"
14,mm,Perhaps you may like to come with us when we go to visit St. Martins in the Grove.
15,sh,"The fact that these
     strange symptoms began after his visit to Prague, that he is in
     secret correspondence with a Bohemian dealer in London, who
     presumably represents someone in Prague, and that he received a
     packet from him this very day, all point in one direction. What he
     takes and why he takes it are still beyond our ken, but that it
     emanates in some way from Prague is clear enough. He takes it under
     definite directions which regulate this ninth-day system, which was
     the first point which attracted my attention. But his symptoms are
     most remarkable. Did you observe his knuckles?"
16,sh,"The shadow
     has departed and will not return. We must see what further cards we
     have in our hands and play them with decision. Could you swear to
     that man's face within the cab?"
17,hp,"After that, Monsieur? I answered your bell and brought you some mineral water. Then, about half an hour later, I made up the bed in one of the other compartments—that of the young American gentleman, M. Ratchett’s secretary."
18,sh,"And yet it may be premature to abandon the
     case. After all, important fresh evidence is a two-edged thing, and
     may possibly cut in a very different direction to that which Lestrade
     imagines. Take your breakfast, Watson, and we will go out together
     and see what we can do. I feel as if I shall need your company and
     your moral support to-day."
19,hp,Doyle’s got to know. You say he’s asleep still?
20,hp,"Will you permit me, Mr. Gardener, to ask you one question?"
21,sh,"You
     had not met Barker, Watson. He is my hated rival upon the Surrey
     shore. When you said a tall dark man it was not difficult for me to
     complete the picture. He has several good cases to his credit, has he
     not, Inspector?"
22,hp,"After all, he’s not a reasonable human being,"
23,mm,"I’d better tell you briefly how I came into things now,"
24,hp,"I see what you’re driving at, but I’m not quite clear yet."
25,hp,"He had
quite a childish love of surprising people. Meant to keep it up his
sleeve for a day or so. Probably was playing with it like a new toy.
Yes, it fits in. You’re quite right—no one would use quite those words
in casual conversation."
26,mm,"They seemed very happy to be together, if you know what I mean."
27,hp,I’ll be quiet. But I must leave this place. Joseph and I can go in and sleep at the Rest House.
28,hp,"Not at all. But I have some natural delicacy,"
29,hp,Let us interview next the Swedish lady before we discuss the evidence we have heard.
30,mm,It will seem such a waste of a life. Although she had retired from her Headmistresship she still exercised a lot of power. This accident—
31,sh,"There was a paragraph amplifying this in one of the society papers
     of the same week. Ah, here it is:"
32,sh,"that if your
     government bears you out in this treatment it becomes an act of war."
33,mm,"I think, you know, that I believe it too."
34,sh,"All my instincts are against this explanation. Use your powers! Go
     to the scene of the crime! See the people concerned! Leave no stone
     unturned! In all your career you have never had so great a chance of
     serving your country."
35,sh,"Very interesting reading it might be made, too,"
36,sh,"Who are you, and how do you get my name so pat?"
37,mm,Yes. And what does that suggest to you?
38,hp,"The impossible cannot have happened, therefore the impossible must be possible in spite of appearances."
39,hp,"As early as possible, Madame. What did you do when you first got up this morning?"
40,sh,"I hope you preserved all precautions, Mrs. Hudson?"
41,sh,"The nobleman swung his glasses a little faster and stared down into
     the fire."
42,mm,"It’s all much the same kind, really, isn’t it?"
43,sh,"It is not easy to express the inexpressible,"
44,hp,How many times have I got to repeat it?
45,mm,"a very nice woman. The kind that would so easily marry a bad lot. In fact, the sort of woman that would marry a murderer if she were ever given half a chance. I still consider,"
46,hp,Quite frequently they do. That is even more upsetting!
47,hp,Can you tell me of any good that can be done without it? You’ve got to break down and destroy before you can build up.
48,mm,"Nothing professional, that is to say. I have never been a probation officer or indeed sat as a magistrate on a Bench or been connected in any way with a detective agency. To explain to you, Mr. Broadribb, which I think it is only fair for me to do and which I think Mr. Rafiel ought to have done, to explain it in any way all I can say is that during our stay in the West Indies, we both, Mr. Rafiel and myself, had a certain connection with a crime that took place there. A rather unlikely and perplexing murder."
49,sh,"Well, now, Miss Winter, if you would call
     here to-morrow evening at five, I would consider in the meanwhile
     whether your suggestion of seeing this lady personally may not be
     arranged. I am exceedingly obliged to you for your cooperation. I
     need not say that my clients will consider liberally--"
50,mm,"They’d expect to buy it for a song,"
51,mm,I feel really I ought to stay here and keep an eye on you.
52,mm,"Something that will be seen, remembered, observed, recognized."
53,hp,Afterwards it will be cleared and M. Poirot can conduct his examination of the passengers there. In the meantime I have ordered them to bring us three some food here.
54,sh,"and I really cannot undertake to go about the country looking for a
     left-handed gentleman with a game leg. I should become the
     laughing-stock of Scotland Yard."
55,sh,"Oh, yes, sir; I have only just left him."
56,mm,You may not know it but what you are telling me is particularly interesting to me. It ties up with so much I have known and seen in the work I do. Go on giving me what you felt.
57,mm,"You look a bit rattled like, if you know what I mean."
58,sh,"Bite on that, Captain Croker, and
     don't let your nerves run away with you. I should not sit here
     smoking with you if I thought that you were a common criminal, you
     may be sure of that. Be frank with me, and we may do some good. Play
     tricks with me, and I'll crush you."
59,sh,"We had not long to wait, for our Norfolk squire came straight from
     the station as fast as a hansom could bring him. He was looking
     worried and depressed, with tired eyes and a lined forehead."
60,mm,why Verity broke off her engagement to marry Mr. Rafiel’s son.
61,sh,"And yet I question, sir, whether, in all your experience, you have
     ever listened to a more mysterious and inexplicable chain of events
     than those which have happened in my own family."
62,hp,"I know something of them. They are capable of complicating life unbearably. And the English, they conduct their affairs indescribably. If it was necessary for you to come here, M. Redfern, why, in the name of heaven, did you bring your wife?"
63,sh,Who knew that you were going to the Northumberland Hotel?
64,sh,"Half an hour more or less can
     make no difference to you, and the gentleman was about to give us an
     account of this very interesting affair, which might aid us in
     clearing it up."
65,mm,"You compare yourself to a denizen of a stagnant pond, Aunt Jane?"
66,sh,"the more bizarre a thing is the less
     mysterious it proves to be. It is your commonplace, featureless
     crimes which are really puzzling, just as a commonplace face is the
     most difficult to identify. But I must be prompt over this matter."
67,mm,"One never knows. His wife died young and I think it possible that her death saddened him very much, though he was never willing to show it. How much he cared for his son and daughters I don’t know. He provided for them. He did his best for them. He did his best for his son, but what his feelings were one cannot say. He was not an easy man to read that way. I think his whole life and interest lay in his profession of making money. It was the making of it, like all great financiers, that interested him. Not the actual money which he secured by it. That, as you might say, was sent out like a good servant to earn more money in more interesting and unexpected ways. He enjoyed finance. He loved finance. He thought of very little else.

“I think he did all that was possible for his son. He got him out of scrapes at school, he employed good lawyers to get him released from Court proceedings whenever possible, but the final blow came, perhaps presaged by some early happenings. The boy was taken to Court on a charge of assault against a young girl. It was said to be assault and rape and he suffered a term of imprisonment for it, with some leniency shown because of his youth. But later, a second and really serious charge was brought against him."
68,hp,"what the papers the girl
disarranged could have been for Ackroyd to have got into such a state
about them? I wonder if there is any clew there to the mystery."
69,hp,"Only yesterday he looked such a happy boy, with everything in the world he wanted. And now his beautiful wife killed and he himself laid up and helpless. I do hope, though—"
70,sh,"Look out
     this window, Watson. See how the figures loom up, are dimly seen, and
     then blend once more into the cloud-bank. The thief or the murderer
     could roam London on such a day as the tiger does the jungle, unseen
     until he pounces, and then evident only to his victim."
71,sh,Have you any objection to my looking at your register?
72,sh,"I don't believe that I can
     swing over the job. I give you my word on the book that I never
     raised hand against Mr. Sholto. It was that little hell-hound Tonga
     who shot one of his cursed darts into him. I had no part in it, sir.
     I was as grieved as if it had been my blood-relation. I welted the
     little devil with the slack end of the rope for it, but it was done,
     and I could not undo it again."
73,hp,"But we must not lose sight of one
thing."
74,hp,Good. I’ll let nurse know and she’ll arrange the dope accordingly.
75,mm,"but I did happen to know this, that when my eyesight was failing, the doctor ordered me drops with atropine sulphate in them. I went straight upstairs to old Mr. Denman’s room. I didn’t beat about the bush.

“‘Mr. Denman,’ I said, ‘I know everything. Why did you poison your son?’

“He looked at me for a minute or two—rather a handsome old man he was, in his way—and then he burst out laughing. It was one of the most vicious laughs I have ever heard. I can assure you it made my flesh creep. I had only heard anything like it once before, when poor Mrs. Jones went off her head.

“‘Yes,’ he said, ‘I got even with Geoffrey. I was too clever for Geoffrey. He was going to put me away, was he? Have me shut up in an asylum? I heard them talking about it. Mabel is a good girl—Mabel stuck up for me, but I knew she wouldn’t be able to stand up against Geoffrey. In the end he would have his own way; he always did. But I settled him—I settled my kind, loving son! Ha, ha! I crept down in the night. It was quite easy. Brewster was away. My dear son was asleep; he had a glass of water by the side of his bed; he always woke up in the middle of the night and drank it off. I poured it away—ha, ha!—and I emptied the bottle of eyedrops into the glass. He would wake up and swill it down before he knew what it was. There was only a tablespoonful of it—quite enough, quite enough. And so he did! They came to me in the morning and broke it to me very gently. They were afraid it would upset me. Ha! Ha! Ha! Ha! Ha!’

“Well,"
76,hp,"I’m trying to judge the thing
fair and square. I’m a local man, and I’ve seen Captain Paton many
times in Cranchester. I’m not wanting him to be the guilty one—but it’s
bad whichever way you look at it. If he’s innocent, why doesn’t he come
forward? We’ve got evidence against him, but it’s just possible that
that evidence could be explained away. Then why doesn’t he give an
explanation?"
77,hp,"You have not got rid of me so easily, you see!"
78,mm,"Such a to-do, is it not? And Mr. Dennis thinks he knows who committed the crime. Well, I suppose we all think we know."
79,mm,"I want to know whether, after the tragedy, Jerry Lorimer married Maud Wye?"
80,hp,"And how do you propose that that should be accomplished, Madame?"
81,hp,"Many’s the time I’ve heard Inspector Japp say that. M. Poirot and his
little ideas! Too fanciful for me, he’d say, but always something in
them."
82,sh,"On the face of it, it seems absurd to suppose that this person knows
     anything, but if you think--"
83,hp,"You will remember that Mrs.
Ackroyd and her daughter came over from Canada to live here?"
84,mm,"I should imagine so, Mrs. Harmon. If they’re here."
85,sh,"The ticket would have shown which station was nearest the agent's
     house. Therefore he took it from the murdered man's pocket."
86,sh,"He took from his pocket the various slips of the dancing men. With
     these in front of him he worked for some time at the study-table.
     Finally he handed a note to the boy, with directions to put it into
     the hands of the person to whom it was addressed, and especially to
     answer no questions of any sort which might be put to him. I saw the
     outside of the note, addressed in straggling, irregular characters,
     very unlike Holmes's usual precise hand. It was consigned to Mr. Abe
     Slaney, Elrige's Farm, East Ruston, Norfolk."
87,hp,Doubtless one of the passengers has opened it to look out on the snow.
88,sh,"It was a lady's hand-bag which stood upon the study table--a trim
     little hand-bag of crocodile-skin and silver. Holmes opened it and
     turned the contents out. There were twenty fifty-pound notes of the
     Bank of England, held together by an india-rubber band--nothing else."
89,sh,"My friend and I return to town by the night-express,"
90,hp,Whereas one cannot command a crime to order? Very true.
91,hp,And what about the psychology? Do not Italians stab?
92,sh,"Go on, Miss Westbury. Even if it seems to tell against him, go on.
     We cannot say what it may lead to."
93,sh,"Hum! Born in New Jersey in the year 1858.
     Contralto--hum! La Scala, hum! Prima donna Imperial Opera of
     Warsaw--yes! Retired from operatic stage--ha! Living in London--quite
     so! Your Majesty, as I understand, became entangled with this young
     person, wrote her some compromising letters, and is now desirous of
     getting those letters back."
94,sh,'Do you know who it was that we let into the house that day?'
95,hp,"I do not know. But I will tell you
this: I believe that when we find the explanation of that telephone
call we shall find the explanation of the murder."
96,mm,"You have a deposit account, I expect. We will place it to your deposit account?"
97,hp,"Will you come with me, Mademoiselle? Monsieur Doyle wants to see you."
98,mm,You don’t feel like returning to St. Mary Mead?
99,hp,Who are you? You don’t belong to the police?
100,hp,"What’s the meaning of it, M. Poirot? Why does it come to me? Every night…?"
101,hp,Yes. He probably hid in that cave until he got his chance.
102,sh,"Indirectly it may be of value,
     you know; you have only to put it into words to gain the reputation
     of being excellent company for the remainder of your existence."
103,mm,"It’s not me you ought to be grateful to,"
104,mm,"That is a very large sum of money,"
105,sh,"Perhaps Mr. Neil Gibson has told you something of what occurred
     between us?"
106,mm,"I expect someone overheard something, though, don’t you?"
107,sh,"Good! and Gregson can come inside with me. You too, Doctor, you have
     taken an interest in the case and may as well stick to us."
108,sh,"The two men had stopped opposite the window.  Some chalk marks over
     the waistcoat pocket were the only signs of billiards which I could
     see in one of them.  The other was a very small, dark fellow, with
     his hat pushed back and several packages under his arm."
109,mm,"Ah no, she wasn’t. She was idle and she wasn’t too clever at her books either. No. She was all for the boys from the time she was twelve-years-old onwards. I think in the end she must have gone off with someone or other for good. But she never let anyone know. She never sent as much as a postcard. Went off, I think, with someone as promised her things. You know. Another girl I knew—but that was when I was young—went off with one of them Africans. He told her as his father was a Shake. Funny sort of word, but a shake I think it was. Anyway it was somewhere in Africa or in Algiers. Yes, in Algiers it was. Somewhere there. And she was going to have all sorts of wonderful things. He had six camels, the boy’s father, she said and a whole troop of horses and she was going to live in a wonderful house, she was, with carpets hanging up all over the walls, which seems a funny place to put carpets. And off she went. She come back again three years later. Yes. Terrible time, she’d had. Terrible. They lived in a nasty little house made of earth. Yes, it was. And nothing much to eat except what they call cos-cos which I always thought was lettuce, but it seems it isn’t. Something more like semolina pudding. Oh terrible it was. And in the end he said she was no good to him and he’d divorce her. He said he’d only got to say ‘I divorce you’ three times, and he did and walked out and somehow or other, some kind of Society out there took charge of her and paid her fare home to England. And there she was. Ah, but that was about thirty to forty years ago, that was. Now Nora, that was only about seven or eight years ago. But I expect she’ll be back one of these days, having learnt her lesson and finding out that all these fine promises didn’t come to much."
110,mm,"It’s a nice day, it is. I see you’ve got your curtains drawn back already. You’ve slept well then?"
111,sh,"You sent for me, Mr. Holmes. I had your note about an hour ago, and
     I have come, though I really do not know why I should obey your
     summons."
112,hp,She is absolutely positive they are not brown?
113,mm,"Yes, but this is very strong, good coffee. I should advise you not to drink it."
114,mm,"Yes. A very old friend of ours wrote to us—oh, quite some time ago, it must have been three weeks ago, but he asked us to make a note of this date. The date of the Famous Houses and Gardens Tour. He said that a great friend of his—or a relation, I’m not quite sure which—would be on that tour."
115,mm,"He was, I understand, a friend of yours."
116,hp,"But you understand, it is necessary for my report."
117,hp,"Of course, strictly speaking, it oughtn’t to matter. We’ve got Cust on the Doncaster murder—the bloodstained coat, the knife—not a loophole there. You couldn’t bounce any jury into acquitting him. But it spoils a pretty case. He did the Doncaster murder. He did the Churston murder. He did the Andover murder. Then, by hell, he must have done the Bexhill murder. But I don’t see how!"
118,mm,"Do tell me, Constable, do you suspect Mr. Spenlow?"
119,hp,"I think he must be just plain crazy,"
120,mm,"He took us all in that way—myself as much as anyone else. You will remember, dear Mr. Clement, that I was quite taken aback when I heard Mr. Redding had confessed to the crime. It upset all my ideas and made me think him innocent—when up to then I had felt convinced that he was guilty."
121,mm,What you say is quite true. I shan’t deny it. It doesn’t matter if I do or do not deny it.
122,hp,"Mine is a very simple one. Only this. On the morning of your wife’s death, did you have a bath after you finished typing and before you went out to play tennis?"
123,hp,"I see. With the right hand it is exceedingly difficult—almost impossible. One would have to strike backhanded, as it were. But if the blow were struck with the left hand—"
124,sh,"I should not have the impertinence to
     do it again after what you say. But I should like to take a little
     walk over the moor before it grows dark, that I may know my ground
     to-morrow, and I think that I shall put this horseshoe into my pocket
     for luck."
125,sh,"They can go everywhere, see
     everything, overhear every one. I expect to hear before evening that
     they have spotted her. In the mean while, we can do nothing but await
     results. We cannot pick up the broken trail until we find either the
     Aurora or Mr. Mordecai Smith."
126,sh,"Anything which you or the Inspector may suggest will most certainly
     be done."
127,hp,Seemed to be sitting in the Chief Constable’s pocket all right the other day.
128,hp,"Take a seat, will you not? What
I have to say may take some time."
129,mm,"You see, Miss Marple knew a case just like it in St. Mary Mead."
130,sh,"I could not have believed that an alarm could have spread so swiftly.
     Looking back, the huge house was one blaze of light. The front door
     was open, and figures were rushing down the drive. The whole garden
     was alive with people, and one fellow raised a view-halloa as we
     emerged from the veranda and followed hard at our heels. Holmes
     seemed to know the ground perfectly, and he threaded his way swiftly
     among a plantation of small trees, I close at his heels, and our
     foremost pursuer panting behind us. It was a six-foot wall which
     barred our path, but he sprang to the top and over. As I did the same
     I felt the hand of the man behind me grab at my ankle; but I kicked
     myself free and scrambled over a glass-strewn coping. I fell upon my
     face among some bushes; but Holmes had me on my feet in an instant,
     and together we dashed away across the huge expanse of Hampstead
     Heath. We had run two miles, I suppose, before Holmes at last halted
     and listened intently. All was absolute silence behind us. We had
     shaken off our pursuers and were safe.

     We had breakfasted and were smoking our morning pipe on the day after
     the remarkable experience which I have recorded when Mr. Lestrade, of
     Scotland Yard, very solemn and impressive, was ushered into our
     modest sitting-room."
131,mm,"I really feel I owe a great deal to Mary, I am so thankful I had the resolution to get rid of that other girl. Mary is really invaluable. Cooks nicely and waits beautifully and keeps our little flat scrupulously clean—mattresses turned over every day. And she is really wonderful with Emily!"
132,mm,"No, no, my dear young lady. You need have no fears on that score. The story I am about to tell is a perfectly simple and straightforward one and can be followed by any layman."
133,mm,Girls are so silly. Always falling in love.
134,hp,but I think I can say definitely that death occurred between midnight and two in the morning.
135,mm,I dare say it has nothing to do with the murder. But it is a Peculiar Thing. And just at present we all feel we must take notice of Peculiar Things.
136,sh,"They may rest here on
     the hook and will be dry presently. You have come up from the
     south-west, I see."
137,hp,"But that, Monsieur, is not his real name. He is the man Cassetti, who was responsible for a celebrated kidnapping outrage in America."
138,mm,"My dear lady, many years ago I read of a certain Chinese philosopher who, when his dearly loved wife was taken from him, continued calmly to beat a gong in the street—a customary Chinese pastime, I presume—exactly as usual. The people of the city were much impressed by his fortitude."
139,hp,"Well, what I mean to say—strangled, you know. Same idea. Feller suddenly sees red!"
140,sh,"Very good, Mrs. Merrilow. I
     should like to have a little chat with Dr. Watson. That will carry us
     till lunch-time. About three o'clock you may expect to see us at your
     house in Brixton."
141,mm,"I think he said pile. But there, I really can’t be sure—it’s so hard to remember the actual words, isn’t it, Miss, especially when they don’t seem to make sense. But now I come to think of it, I am pretty sure that it was a pile, and the fish began with C; but it wasn’t a cod or a crayfish."
142,hp,"If you will be so good, M. Hardman, assemble everyone here. There are two possible solutions of this case. I want to lay them both before you all."
143,sh,"Because she has said that she would send it on the day when the
     betrothal was publicly proclaimed. That will be next Monday."
144,hp,It is possible that publicity may do what private efforts have failed to do. The whole country now will be looking for A B C.
145,hp,"Yes, you have something more to tell us,"
146,sh,"Why should you raise up hopes which you are bound
     to disappoint? I am not over-tender of heart, but I call it cruel."
147,sh,"Oh, indeed! You seem to have done the thing very completely. I must
     compliment you."
148,mm,"Oh yes, I ought to have explained perhaps better in the letter we sent you. Mr. Rafiel has paid all expenses."
149,sh,"I am afraid, Watson, that I shall have to go,"
150,sh,"I should like you to offer a
     reward--coming from yourself, for the officials may take a little
     time before they would agree upon the sum, and these things cannot be
     done too promptly. I have jotted down the form here, if you would not
     mind signing it. Fifty pound was quite enough, I thought."
151,mm,"I know her quite well. She was Headmistress of Fallowfield, quite a famous school. I’d no idea she was on this tour. She retired as Headmistress, I think a year or two ago, and there is a new, rather young Headmistress there now with rather advanced progressive ideas. But Miss Temple is not very old, really, she’s about sixty, I should think, and very active, fond of climbing and walking and all the rest of it. This really seems most unfortunate. I hope she’s not badly hurt. I haven’t heard any details yet."
152,mm,"Oh yes—we had peaches in it, too—and nectarines."
153,mm,"He did come here, but I was at a meeting at the Women’s Institute."
154,hp,A very simple crime—a direct shortcut to his objective. No subtlety about it.
155,mm,Fancy her turning up. I thought she’d died a long time ago.
156,mm,"I am the person who should have known,"
157,mm,"No. It’s bad enough to know—to know that Verity died. Died in that horrible way. At any rate, other girls are safe from that boy. Life sentence he got. He’s still in prison. They won’t let him out to do anything to anyone else. Though why they couldn’t bring it in as some mental trouble—diminished responsibility—one of these things they use nowadays. He ought to have gone to Broadmoor. I’m sure he wasn’t responsible for anything that he did."
158,hp,"I should say, Madame, that you have had a happy life, that you have been generous and kindly in your attitude towards others."
159,hp,"we must hold the court of inquiry. First of all, I think we must verify the story of the affair last night. That is to say, we must question Fanthorp and Miss Robson, who were the actual witnesses of what occurred. The disappearance of the pistol is very significant."
160,sh,"Mrs. Lyons had resumed her seat. Her hands were grasping the arms of
     her chair, and I saw that the pink nails had turned white with the
     pressure of her grip."
161,mm,"but you do know that I am entirely in the dark still. You and Miss Lemprière seem to know what you are talking about, but we men are still in utter darkness."
162,hp,"whatever else I may be, I
am not a fool."
163,mm,"Even going round houses can be very tiring,"
164,hp,"At last we have a piece of information that is very definite. That tells one something, does it not?"
165,sh,"Several small punts and skiffs were lying about in the water and on
     the edge of the wharf. We took Toby round to each in turn, but,
     though he sniffed earnestly, he made no sign.

     Close to the rude landing-stage was a small brick house, with a
     wooden placard slung out through the second window."
166,hp,That settles the only time he left his work?
167,sh,"I took
     them and the purse and the telegram, intending to have them put in a
     place of safety at the Police Station. It was the merest chance my
     taking these pills, for I am bound to say that I do not attach any
     importance to them."
168,mm,You really want that money put into your current account?
169,mm,that to learn a little more about her might help me in my enquiries.
170,sh,"lay in the fact of there being too much evidence.
     What was vital was overlaid and hidden by what was irrelevant. Of all
     the facts which were presented to us we had to pick just those which
     we deemed to be essential, and then piece them together in their
     order, so as to reconstruct this very remarkable chain of events. I
     had already begun to suspect Joseph, from the fact that you had
     intended to travel home with him that night, and that therefore it
     was a likely enough thing that he should call for you, knowing the
     Foreign Office well, upon his way. When I heard that some one had
     been so anxious to get into the bedroom, in which no one but Joseph
     could have concealed anything--you told us in your narrative how you
     had turned Joseph out when you arrived with the doctor--my suspicions
     all changed to certainties, especially as the attempt was made on the
     first night upon which the nurse was absent, showing that the
     intruder was well acquainted with the ways of the house."
171,sh,Was he in favour of such a union?
172,sh,"because you once enabled
     my employer, Mrs. Cecil Forrester, to unravel a little domestic
     complication. She was much impressed by your kindness and skill."
173,hp,"Superficially, that is easy. The Gardeners are a middle-aged married couple, pleasant, travelled. All the talking is done by the lady. The husband is acquiescent. He plays tennis and golf and has a form of dry humour that is attractive when one gets him to oneself."
174,hp,I do not understand in the least of what you are talking.
175,mm,Do you often go on these sightseeing tours?
176,hp,I know. We all have a bit of trouble keeping out of his way. He’d like to turn this place into a cross between Margate and Le Touquet.
177,hp,"Somewhere, there is something that we have missed…."
178,mm,"But it makes a very useful excuse for talk, don’t you think?"
179,hp,"I, Mademoiselle? Why, to minister to the American lady."
180,mm,"It’s impossible not to know human nature living in a village all these years. The question is, do you believe me, or don’t you?"
181,mm,"May I ask, madam, how you got to know of it?"
182,sh,"God knows I have!--a trouble which is enough to unseat my reason, so
     sudden and so terrible is it. Public disgrace I might have faced,
     although I am a man whose character has never yet borne a stain.
     Private affliction also is the lot of every man; but the two coming
     together, and in so frightful a form, have been enough to shake my
     very soul. Besides, it is not I alone. The very noblest in the land
     may suffer unless some way be found out of this horrible affair."
183,sh,"Then I can assure you that our relations were entirely and always
     those of an employer towards a young lady whom he never conversed
     with, or ever saw, save when she was in the company of his children."
184,sh,"The last red streaks had faded away in the west and night had settled
     upon the moor. A few faint stars were gleaming in a violet sky."
185,mm,"You must admit that it all fits in,"
186,mm,"Certainly, Edna, come in and shut the door. What is it?"
187,mm,"It wasn’t any particular cleverness on my part,"
188,sh,"Was it not very extraordinary that you should do this on the very
     day when there were these papers inside?"
189,sh,"if you can see the
     truth in this matter, do not keep me in suspense. How do I stand? 
     What shall I do? I care nothing as to how you have found your facts
     so long as you have really got them."
190,hp,I haven’t either. I’ve been out sailing with him once or twice—but he doesn’t really like having anyone with him. He prefers to be on his own.
191,sh,"that Dr. Mortimer is a successful, elderly medical man,
     well-esteemed since those who know him give him this mark of their
     appreciation."
192,sh,"Who are these two men Mr. Blessington, and
     why do they wish to molest you?"
193,mm,"I don’t know exactly where you are, Mr. Rafiel, but I have no doubt that you are somewhere—I will do my best to fulfil your wishes."
194,mm,"You remember the line was out of order,"
195,hp,"And, by our former reasoning, it must be one of the passengers,"
196,mm,"Yes, she went inside and waited. Presently Mr. Redding came along the lane from the village. He came to the Vicarage gate, looked all round—"
197,hp,"They said I must come to the inquest—that’s on Monday, sir. But I’ve nowhere to go there—I couldn’t fancy being over the shop—now—and what with the housemaid being away, I didn’t want to put the mistress out more than may be."
198,sh,"She hated me, Mr. Holmes. She hated me with all the fervour of her
     tropical nature. She was a woman who would do nothing by halves, and
     the measure of her love for her husband was the measure also of her
     hatred for me. It is probable that she misunderstood our relations. I
     would not wish to wrong her, but she loved so vividly in a physical
     sense that she could hardly understand the mental, and even
     spiritual, tie which held her husband to me, or imagine that it was
     only my desire to influence his power to good ends which kept me
     under his roof. I can see now that I was wrong. Nothing could justify
     me in remaining where I was a cause of unhappiness, and yet it is
     certain that the unhappiness would have remained even if I had left
     the house."
199,mm,"Not directly, of course. I mean, I had to be a little flustered and explain how I’d put the wrong address on some clothes that I was sending to a charity and could they by any chance tell me if the parcel one of my kind hostesses had brought up there, had been sent off. And a very nice woman there did her best and remembered that it was not the address I was hoping it had been sent to, and she gave me the address that she had noted. She had no suspicion, I think, that I had any wish for the information apart from being—well, rather muddleheaded, elderly, and very worried about where my parcel of worn clothes had gone."
200,sh,"I owe you both my thanks and an apology. It was an unjustifiable
     experiment even for one's self, and doubly so for a friend. I am
     really very sorry."
201,sh,"Quite a little parlour game--sort of
     three-card trick, is it not? There are your three men. It must be one
     of them. You take your choice. Which is yours?"
202,hp,"of the incident this morning when I said to her that the strength was in her will rather than in her arm. It was in the nature of a trap, that remark. I wanted to see if she would look down at her right or her left arm. She did neither. She looked at them both. But she made a strange reply. She said, ‘No, I have no strength in these. I do not know whether to be sorry or glad.’ A curious remark that. It confirms me in my belief about the crime."
203,sh,"Name the sum, and I will pay it."
204,mm,What did you mean by what you said just now?
205,sh,"Yet we added one more sheaf to our harvest before we left Woolwich
     Station. The clerk in the ticket office was able to say with
     confidence that he saw Cadogan West--whom he knew well by sight--upon
     the Monday night, and that he went to London by the 8.15 to London
     Bridge. He was alone and took a single third-class ticket. The clerk
     was struck at the time by his excited and nervous manner. So shaky
     was he that he could hardly pick up his change, and the clerk had
     helped him with it. A reference to the timetable showed that the 8.15
     was the first train which it was possible for West to take after he
     had left the lady about 7.30."
206,sh,"Our client had suddenly burst into the room with an explosive energy
     which told of some new and momentous development."
207,sh,"With great
     activity, considering his bulk, he sprang up the steps and squeezed
     through into the garret, and immediately afterwards we heard his
     exulting voice proclaiming that he had found the trap-door."
208,mm,"But it’s easier for me because you see I go away again, and then come back now and then to stay. So it’s easy for me to pretend things may be easier soon and that something may be done. But really, the other day when I came home and I found that Anthea had tried to engage a most expensive firm of landscape gardeners to renovate the garden, to build up the greenhouse again—which is quite absurd because even if you put vines in they would not bear for another two or three years. Clotilde knew nothing about it and she was extremely angry when she discovered the estimate for this work on Anthea’s desk. She was really quite unkind."
209,sh,"But
     I would not have let the young man come to harm. I give you my word
     that I would have spoken out if it went against him at the Assizes."
210,mm,Now about the sum of money we are holding. It’s at your disposal at any time now. I don’t know whether you would like us to pay it into your bank or whether you would like to consult us possibly as to the investment of it? It’s quite a large sum.
211,hp,"You know, M. Poirot, I think I have unintentionally misled you. On thinking it over, I do not believe that I could possibly have heard any cry uttered in Mrs. Leidner’s room from where I was. The antika room lay between me and her—and I understand her windows were found closed."
212,sh,"I should say that he has been dead about three hours, judging by the
     rigidity of the muscles,"
213,mm,"We are not going to a church, I am afraid."
214,mm,I must go home. Such late hours! But we’ve had a very entertaining evening. Most unusually so. I think Miss Helier’s story wins the prize. Don’t you agree?
215,hp,"And of the letters we have still no explanation,"
216,hp,"He does not change much, the good Japp, eh?"
217,sh,"I wonder that my very simple stratagem could deceive so old a
     shikari,"
218,sh,"Well, well, you may see for yourself. If not, there's no harm done.
     Of course, we always have the optician clue to fall back upon, but I
     take a short cut when I can get it. Ah, here is the good Mrs. Marker!
     Let us enjoy five minutes of instructive conversation with her."
219,sh,"She has been
     suffering since yesterday from brain symptoms of great severity. As
     her medical adviser, I cannot possibly take the responsibility of
     allowing anyone to see her. I should recommend you to call again in
     ten days."
220,hp,"I hope you believe me, sir. I’ve been afraid all along the police
would rake up that old business with Major Ellerby and be suspicious of
me in consequence."
221,sh,"This great and sombre stage is set for something more worthy than
     that,"
222,sh,"I have
     seen Forbes, and I have seen your uncle, and I have set one or two
     trains of inquiry upon foot which may lead to something."
223,sh,"announced our page-boy, throwing open the
     door. A gentleman entered, with a pleasant, cultured face, high-nosed
     and pale, with something perhaps of petulance about the mouth, and
     with the steady, well-opened eye of a man whose pleasant lot it had
     ever been to command and to be obeyed. His manner was brisk, and yet
     his general appearance gave an undue impression of age, for he had a
     slight forward stoop and a little bend of the knees as he walked. His
     hair, too, as he swept off his very curly-brimmed hat, was grizzled
     round the edges and thin upon the top. As to his dress, it was
     careful to the verge of foppishness, with high collar, black
     frock-coat, white waistcoat, yellow gloves, patent-leather shoes, and
     light-coloured gaiters. He advanced slowly into the room, turning his
     head from left to right, and swinging in his right hand the cord
     which held his golden eyeglasses."
224,mm,I suppose it was a break in the monotony. What play were you acting in?
225,sh,"Should I be too early to see your
     master, Mr. Silas Brown, if I were to call at five o'clock to-morrow
     morning?"
226,sh,"There is one other thing you owe, Mr. Holder,"
227,sh,"Miss Susan Cushing, living at Cross Street, Croydon, has been made
     the victim of what must be regarded as a peculiarly revolting
     practical joke unless some more sinister meaning should prove to be
     attached to the incident. At two o'clock yesterday afternoon a small
     packet, wrapped in brown paper, was handed in by the postman. A
     cardboard box was inside, which was filled with coarse salt. On
     emptying this, Miss Cushing was horrified to find two human ears,
     apparently quite freshly severed. The box had been sent by parcel
     post from Belfast upon the morning before. There is no indication as
     to the sender, and the matter is the more mysterious as Miss Cushing,
     who is a maiden lady of fifty, has led a most retired life, and has
     so few acquaintances or correspondents that it is a rare event for
     her to receive anything through the post. Some years ago, however,
     when she resided at Penge, she let apartments in her house to three
     young medical students, whom she was obliged to get rid of on account
     of their noisy and irregular habits. The police are of opinion that
     this outrage may have been perpetrated upon Miss Cushing by these
     youths, who owed her a grudge and who hoped to frighten her by
     sending her these relics of the dissecting-rooms. Some probability is
     lent to the theory by the fact that one of these students came from
     the north of Ireland, and, to the best of Miss Cushing's belief, from
     Belfast. In the meantime, the matter is being actively investigated,
     Mr. Lestrade, one of the very smartest of our detective officers,
     being in charge of the case."
228,hp,"Me, I would much like to go to America,"
229,hp,"The gardener watering…Going to the post? Nearly ran down a bicyclist—silly woman wobbling and shouting to a friend. That’s all, I’m afraid."
230,hp,"Ach! it is foolish, that! Do you think a man with a fractured bone and a splint on his leg could go walking about the boat and stabbing people? I tell you, it was impossible for Simon Doyle to leave his cabin."
231,hp,"this man went to the summer-house to meet somebody. Who was that
somebody?"
232,hp,"Raymond or Blunt must have pushed it back,"
233,mm,And the next thing was the death of Elizabeth Temple?
234,mm,She won’t regain consciousness again for some time. Perhaps not at all. I hope you learnt something?
235,sh,"How an English
     gentleman could behave in such a manner is beyond my comprehension.
     But your whole correspondence and relations with Oberstein are within
     our knowledge. So also are the circumstances connected with the death
     of young Cadogan West. Let me advise you to gain at least the small
     credit for repentance and confession, since there are still some
     details which we can only learn from your lips."
236,mm,"Nora Broad? Oh, she hasn’t been in the village for years. Went off with someone, she did. She was a great one for boys. I always wondered where she’d end up. Did you want to see her for any particular reason?"
237,hp,"I quite understand. Never do I wish to cause you unnecessary pain. If you will be good enough to accompany me, ma soeur."
238,hp,"Er—well, possibly. I dare say we should have got there by more orthodox methods."
239,mm,"It seems to me that—well, the only people that could be … Oh dear, this is so difficult to say. But I mean there are two people who just spring into one’s mind as possibilities logically. I mean, I don’t think that it’s really so at all because I’m sure they’re both very nice people, but I mean there’s nobody else really logically who could be suspected, should I say."
240,mm,You have perhaps pinned down the smell of evil?
241,sh,"I have so deep a respect for the extraordinary qualities of Holmes
     that I have always deferred to his wishes, even when I least
     understood them. But now all my professional instincts were aroused.
     Let him be my master elsewhere, I at least was his in a sick room."
242,sh,"Phelps raised the cover, and as he did so he uttered a scream, and
     sat there staring with a face as white as the plate upon which he
     looked. Across the centre of it was lying a little cylinder of
     blue-gray paper. He caught it up, devoured it with his eyes, and then
     danced madly about the room, passing it to his bosom and shrieking
     out in his delight. Then he fell back into an arm-chair so limp and
     exhausted with his own emotions that we had to pour brandy down his
     throat to keep him from fainting."
243,sh,"Well, in the name of the force I thank you. It seems a clear case,
     as you put it, and there can't be much difficulty over the bodies."
244,sh,"Your case is an exceedingly
     remarkable one, and I shall be happy to look into it. From what you
     have told me I think that it is possible that graver issues hang from
     it than might at first sight appear."
245,mm,Of course I loved her. I was devoted to her. And she loved me.
246,mm,"Romantic is the last thing that I am,"
247,hp,"And what did you think, Madame, when you heard that news?"
248,mm,I suppose I can’t help feeling that early death means missing things.
249,mm,"I don’t see how anyone else could have done it,"
250,mm,"He was the kind of man who would always decide to cut his losses. If his son turned out to be unsatisfactory, a burden instead of a blessing, I think he would just shrug the whole thing off. Do what was necessary perhaps in the way of sending him money for support, but never thinking of him again."
251,mm,"But the man was too clever for me. He didn’t wait. He thought I might suspect, and so he struck before I could be sure. He knew I would suspect an accident. So he made it murder."
252,hp,You don’t think she just went off by herself?
253,mm,"Very like Colonel Protheroe, but I don’t know about it being absurd,"
254,hp,"As a matter of fact she is wrong. I did see her, though she may not be aware of the fact. I saw her in the mirror."
255,sh,"Possess our souls in patience and make as little noise as possible,"
256,hp,Hotel gossip is usually a tissue of lies!
257,mm,"That is a question which, perhaps, owing to what has happened, we shall have to discuss."
258,mm,"That is not a satisfying answer because still she would have let me know. She would not have left me waiting to join them together in holy matrimony. To put the most ridiculous side of it, she was a girl with beautiful manners, well brought up. She would have sent word. No. I’m afraid that only one thing could have happened."
259,mm,I am quite used to coffee in the evening.
260,hp,"Towards me, Monsieur. He apologized and passed on down the corridor towards the dining car. A bell began ringing, but I do not think he answered it."
261,sh,"These are much deeper
     waters than I had thought."
262,hp,"Don’t know why I came to this place,"
263,mm,"It was a wicked idea—but a very clever one. It was our talk in the drawing room that put it into his head. The body of poor Mary, the housemaid—why not use it? Remember, the Sanders’ room was up amongst the servants’ quarters. Mary’s room was two doors off. The undertakers wouldn’t come till after dark—he counted on that. He carried the body along the balcony (it was dark at five), dressed it in one of his wife’s dresses and her big red coat. And then he found the hat cupboard locked! There was only one thing to be done, he fetched one of the poor girl’s own hats. No one would notice. He put the sandbag down beside her. Then he went off to establish his alibi.

“He telephoned to his wife—calling himself Mr. Littleworth. I don’t know what he said to her—she was a credulous girl, as I said just now. But he got her to leave the bridge party early and not to go back to the Hydro, and arranged with her to meet him in the grounds of the Hydro near the fire escape at seven o’clock. He probably told her he had some surprise for her.

“He returns to the Hydro with his friends and arranges that Miss Trollope and I shall discover the crime with him. He even pretends to turn the body over—and I stop him! Then the police are sent for, and he staggers out into the grounds.

“Nobody asked him for an alibi after the crime. He meets his wife, takes her up the fire escape, they enter their room. Perhaps he has already told her some story about the body. She stoops over it, and he picks up his sandbag and strikes. . . Oh, dear! It makes me sick to think of, even now! Then quickly he strips off her coat and skirt, hangs them up, and dresses her in the clothes from the other body.

“But the hat won’t go on. Mary’s head is shingled—Gladys Sanders, as I say, had a great bun of hair. He is forced to leave it beside the body and hope no one will notice. Then he carries poor Mary’s body back to her own room and arranges it decorously once more."
264,sh,"Tell us then where
     we shall find him. If you have ever aided him in evil, help us now
     and so atone."
265,hp,"Hullo, Jacqueline; we didn’t expect to see you here."
266,mm,I am stressing the fact that I am myself completely in the dark as to what I am doing or supposed to be doing. I don’t know why Mr. Rafiel wanted it that way.
267,sh,"And so it was arranged. Resisting Stapleton's offer of hospitality,
     Holmes and I set off to Baskerville Hall, leaving the naturalist to
     return alone. Looking back we saw the figure moving slowly away over
     the broad moor, and behind him that one black smudge on the silvered
     slope which showed where the man was lying who had come so horribly
     to his end.





          CHAPTER XIII
          Fixing the Nets"
268,sh,"Never in my life have I been placed in such a situation. It
     is most improper--most outrageous. I must insist upon some
     explanation."
269,hp,"Well, Mrs. Fowler, I hope you’re going to do what I ask."
270,sh,"I've left Barker to look after the formalities,"
271,mm,And who’ll stop me from putting an end to you?
272,mm,there’s no need to do that. There are other things you ought to be doing.
273,sh,The way you kept on my trail was a caution.
274,hp,To begin with I was stupid—incredibly stupid. To me the stumbling block was the pistol—Jacqueline de Bellefort’s pistol. Why had that pistol not been left on the scene of the crime? The idea of the murderer was quite plainly to incriminate her. Why then did the murderer take it away? I was so stupid that I thought of all sorts of fantastic reasons. The real one was very simple. The murderer took it away because he had to take it away—because he had no choice in the matter.
275,hp,Does this mean that this fiend is going to attempt another crime?
276,sh,"The man whom I found myself facing was a well built,
     fresh-complexioned young fellow, with a frank, honest face and a
     slight, crisp, yellow mustache. He wore a very shiny top hat and a
     neat suit of sober black, which made him look what he was--a smart
     young City man, of the class who have been labeled cockneys, but who
     give us our crack volunteer regiments, and who turn out more fine
     athletes and sportsmen than any body of men in these islands. His
     round, ruddy face was naturally full of cheeriness, but the corners
     of his mouth seemed to me to be pulled down in a half-comical
     distress. It was not, however, until we were all in a first-class
     carriage and well started upon our journey to Birmingham that I was
     able to learn what the trouble was which had driven him to Sherlock
     Holmes."
277,mm,"to ask a question. Mr. Rhodes, what did the chambermaid look like?"
278,hp,"Bless you, we get dozens of letters like that coming in every day! People with nothing better to do and a bit weak in the top storey sit down and write ’em. They don’t mean any harm! Just a kind of excitement."
279,hp,He was absent for a short time when he fetched a skein of wool for his wife.
280,mm,"Oh dear, we’ve got to get on board now. Oh, good-bye, Miss Marple, it’s nice to have met you. I’m sorry you’re not coming with us."
281,hp,"It sounds horrible, the way you put it."
282,hp,What you do not see and what I do not see would probably fill a volume. But all that is of no practical importance. What is of practical importance is something that will not be easy to find.
283,mm,"You suggested, I suppose, that it might be better if he did,"
284,sh,"Our visitor had recovered something of his assurance while Holmes had
     been talking, and he rose from his chair now with a cold sneer upon
     his pale face."
285,mm,"He lost his wife many years ago. Quite soon after they were married, I believe. I believe she was much younger than he was—I think she died of cancer. Very sad."
286,sh,"I don't know that I have anything else to tell you. I had heard a
     waterman speak of the speed of Smith's launch, the Aurora, so I
     thought she would be a handy craft for our escape. I engaged with old
     Smith, and was to give him a big sum if he got us safe to our ship.
     He knew, no doubt, that there was some screw loose, but he was not in
     our secrets. All this is the truth, and if I tell it to you,
     gentlemen, it is not to amuse you,--for you have not done me a very
     good turn,--but it is because I believe the best defence I can make
     is just to hold back nothing, but let all the world know how badly I
     have myself been served by Major Sholto, and how innocent I am of the
     death of his son."
287,mm,"I see. And—you didn’t hear a shot, Miss Marple?"
288,mm,"After the rain, you see, you get all the soil washed off and then the boulders get loose and then down they comes. I remember one year they had three falls—three accidents there was. One boy nearly killed, he was, and then later that year, oh six months later, I think, there was a man got his arm broken, and the third time it was poor old Mrs. Walker. Blind she was and pretty well deaf too. She never heard nothing or she could have got out of the way, they say. Somebody saw it and they called out to her, but they was too far away to reach her or to run to get her. And so she was killed."
289,sh,"All you desire is a
     plain statement, is it not?"
290,mm,"Except Mr. Lorimer, I suppose, my dear. He wasn’t staying in the house, was he?"
291,sh,"that every carriage
     has been carefully examined. I saw to it myself."
292,sh,"He disappeared upon the 3d of December, 1878,--nearly ten years
     ago."
293,mm,I suppose she slipped in there just when I had gone down the passage to the—er—to the bathroom.
294,sh,"and
     for my part I shall set about it by presuming that my reasoning is
     correct, and that a double murder has been committed. One of these
     ears is a woman's, small, finely formed, and pierced for an earring.
     The other is a man's, sun-burned, discoloured, and also pierced for
     an earring. These two people are presumably dead, or we should have
     heard their story before now. To-day is Friday. The packet was posted
     on Thursday morning. The tragedy, then, occurred on Wednesday or
     Tuesday, or earlier. If the two people were murdered, who but their
     murderer would have sent this sign of his work to Miss Cushing? We
     may take it that the sender of the packet is the man whom we want.
     But he must have some strong reason for sending Miss Cushing this
     packet. What reason then? It must have been to tell her that the deed
     was done; or to pain her, perhaps. But in that case she knows who it
     is. Does she know? I doubt it. If she knew, why should she call the
     police in? She might have buried the ears, and no one would have been
     the wiser. That is what she would have done if she had wished to
     shield the criminal. But if she does not wish to shield him she would
     give his name. There is a tangle here which needs straightening out."
295,sh,"that every essential is already
     known. We know that you were pressed for money; that you took an
     impress of the keys which your brother held; and that you entered
     into a correspondence with Oberstein, who answered your letters
     through the advertisement columns of the Daily Telegraph. We are
     aware that you went down to the office in the fog on Monday night,
     but that you were seen and followed by young Cadogan West, who had
     probably some previous reason to suspect you. He saw your theft, but
     could not give the alarm, as it was just possible that you were
     taking the papers to your brother in London. Leaving all his private
     concerns, like the good citizen that he was, he followed you closely
     in the fog and kept at your heels until you reached this very house.
     There he intervened, and then it was, Colonel Walter, that to treason
     you added the more terrible crime of murder."
296,sh,"I find it hard enough to tackle facts, Holmes,
     without flying away after theories and fancies."
297,sh,"You can file it in our archives, Watson. Some day the true
     story may be told."
298,hp,"the stranger
who called at the house the preceding Wednesday."
299,hp,"having placed my solution before you, I have the honour to retire from the case…."
300,mm,Colonel Protheroe merely wrote that he couldn’t wait any longer—
301,sh,"What is it worth? What have
     I done? It is my ruin forever!"
302,sh,"I have led a retired life,
     and have no friends whom I could appeal to. If I am here at six it
     will do, I suppose?"
303,mm,your cabinetmaker was a young man. He didn’t know everything. People were very artful when they made hiding places in those days. There’s such a thing as a secret inside a secret.
304,hp,"In any case, do not distress yourself, mademoiselle,"
305,hp,"Yes, you make one see it all. But that’s the story from the other side. You haven’t told us how you came to get at the truth?"
306,mm,"I want you to make enquiries there about a parcel which was sent from here two days ago, posted from this post office."
307,mm,"Very interesting. Very providential—if I may use the term. Yes, it brought you here in the nick of time."
308,mm,"I—I shouldn’t have talked about distressing matters that are fortunately past. And I must be getting on my way,"
309,sh,"that I begin to believe that I am the
     unconscious centre of some monstrous conspiracy, and that my life is
     aimed at as well as my honor?"
310,sh,"Early eighteenth century, unless it is a forgery."
311,mm,and was very good at doing the acrostics in the Sunday papers. And he liked giving people false impressions just for fun. But sometimes it led to trouble.
312,sh,"you will
     find it useful at the trial. But this is what we really wanted."
313,hp,"It seems the most probable solution. Of course it’s possible that Arlena might have got on to the truth earlier, said something to Blatt about it, and some other member of the gang fixed a fake appointment with her and did her in. As I say, I think the best course is to hand the case over to Scotland Yard. They’ve a far better chance than we have of proving Blatt’s connection with the gang."
314,mm,"Yes. You see, she didn’t leave no word behind. She just went out one night and didn’t come back. She was seen getting into a car and nobody saw the car again and nobody saw her. Just at that time there’d been a good many murders, you know. Not specially round here, but all over the country. The police, they were rounding up a lot of young men and boys. Thought as Nora might be a body at the time we did. But not she. She was all right. I’d say as likely as not she’s making a bit of money still in London or one of these big towns doing a striptease, something of that kind. That’s the kind she was."
315,mm,"Funnily enough, you know, I thought she had a kind of pleased look as though she was—yes, just pleased. Not nice, eh? Farmer Plummer’s daughter used to look like that. Always used to go and see pigs killed. Enjoyed it. Funny things goes on in families."
316,mm,"Yes. She’s good at all games. And she’s nice-looking, attractive-looking, very fair with a healthy skin, and nice steady blue eyes. Of course we always have felt that she and George Pritchard—I mean if things had been different—they are so well suited to one another."
317,hp,"It will be simpler to say who it could not have been. Neither Monsieur Doyle, Madame Allerton, Monsieur Allerton, Mademoiselle Van Schuyler, nor Mademoiselle Bowers could have had anything to do with it. They were all within my sight."
318,mm,Thank you very much. So kind of you.
319,sh,"it
     is of course a conceivable theory that this William Kirwan--though he
     had the reputation of being an honest man, may have been in league
     with the thief. He may have met him there, may even have helped him
     to break in the door, and then they may have fallen out between
     themselves."
320,hp,But it wouldn’t have occurred to you to let me off?
321,sh,"I trust that I am not intruding. I fear that I have brought
     some traces of the storm and rain into your snug chamber."
322,hp,"You console me a little, but only a little,"
323,hp,"We must search all the passengers’ luggage. Yes, that will be something."
324,sh,"But I am very much mistaken if this is not Hatherley Farm
     upon the left."
325,mm,"They were in it together and they told roughly the same story. They are the—well, they are the obvious suspects, that’s all I can say. They were out of sight of the others. All the other people were on the lower path. They could have gone up to the top of the hill, they could have rocked the boulder. Perhaps they didn’t mean to kill Miss Temple specially. They may have meant it just as a—well, just as a piece of anarchy or smashing something or someone—anyone in fact. They rolled it over. And then of course they told the story of seeing someone there. Some rather peculiar costume or other which also sounds very unlikely and—well, I oughtn’t to say these things but I have been thinking about it."
326,hp,"We’d better be getting back to the
house."
327,sh,"At first
     sight it would appear to be some childish prank. It consists of a
     number of absurd little figures dancing across the paper upon which
     they are drawn. Why should you attribute any importance to so
     grotesque an object?"
328,sh,"I just don't attempt to explain it. It seems the very maddest,
     queerest thing that ever happened to me."
329,sh,"He gave no explanations and I asked for none. By long experience I
     had learned the wisdom of obedience. But when I had left his room I
     walked down Baker Street, revolving in my head how on earth I was to
     carry out so strange an order. Finally I drove to the London Library
     in St. James's Square, put the matter to my friend Lomax, the
     sublibrarian, and departed to my rooms with a goodly volume under my
     arm.

     It is said that the barrister who crams up a case with such care that
     he can examine an expert witness upon the Monday has forgotten all
     his forced knowledge before the Saturday. Certainly I should not like
     now to pose as an authority upon ceramics. And yet all that evening,
     and all that night with a short interval for rest, and all next
     morning, I was sucking in knowledge and committing names to memory.
     There I learned of the hall-marks of the great artist-decorators, of
     the mystery of cyclical dates, the marks of the Hung-wu and the
     beauties of the Yung-lo, the writings of Tang-ying, and the glories
     of the primitive period of the Sung and the Yuan. I was charged with
     all this information when I called upon Holmes next evening. He was
     out of bed now, though you would not have guessed it from the
     published reports, and he sat with his much-bandaged head resting
     upon his hand in the depth of his favourite armchair."
330,hp,"The girl in the restaurant mentioned a friend—a friend who, she was very positive, would not let her down. That friend, I think, was you, Madame."
331,hp,"I know exactly what you mean, my child, and I agree with you. Mrs. Redfern is not of those who, as your saying goes, ‘sees red.’ She would not be"
332,mm,Built I suppose in the 1700s. Am I right?
333,sh,"There were three of them in it: the young man, the old man,
     and a third, to whose identity I have no clue. The first two, I need
     hardly remark, are the same who masqueraded as the Russian count and
     his son, so we can give a very full description of them. They were
     admitted by a confederate inside the house. If I might offer you a
     word of advice, Inspector, it would be to arrest the page, who, as I
     understand, has only recently come into your service, Doctor."
334,hp,Damn the girl! I believe she really means it. She wants a man to be reliable. Reliable—ye gods!
335,sh,"I knew your energetic nature, and that you would not be happy
     until you had been on the scene of the crime."
336,hp,The three sleeping car attendants are coming in. Will you be so kind as to tell me which is the one you met last night as you were going with the rug to the Princess?
337,sh,"that the rider is now undoubtedly
     forcing the pace? There can be no doubt of it. Look at this
     impression, where you get both tyres clear. The one is as deep as the
     other. That can only mean that the rider is throwing his weight on to
     the handle-bar, as a man does when he is sprinting. By Jove! he has
     had a fall."
338,sh,"I started off, Mr. Holmes, but when I got to that address it was a
     manufactory of artificial knee-caps, and no one in it had ever heard
     of either Mr. William Morris or Mr. Duncan Ross."
339,sh,"Well, of course Miss Morstan too. They were anxious to hear what
     happened."
340,mm,"At the moment I am not concerned with theories. It seems to me, excluding the supernatural in which I do not for one moment believe, that that was the only way things could have happened. He stabbed himself, and as he fell his arms flew out, wrenching the dagger from the wound and flinging it far into the zone of the trees. That is, I think, although somewhat unlikely, a possible happening."
341,sh,"He had lost them all, sir, except the one which was in his blow-pipe
     at the time."
342,mm,May I ask you a question? Are fingerprints of no use to you?
343,sh,"If they are not worth more than the last ones they are not of much
     use,"
344,mm,"Yes, I realize that. I’m taking you there because in one of the lucid intervals she has had, she asked for you."
345,sh,"Mr. Holmes, the envelope is a long, thin one of pale blue colour.
     There is a seal of red wax stamped with a crouching lion. It is
     addressed in large, bold handwriting to--"
346,sh,"The Baron has little waxed tips of hair under his nose, like the
     short antennae of an insect. These quivered with amusement as he
     listened, and he finally broke into a gentle chuckle."
347,hp,"it is there, in those questions, that the solution lies. If we knew the exact reason—fantastic, perhaps, to us—but logical to him—of why our madman commits these crimes, we should know, perhaps, who the next victim is likely to be."
348,mm,that your books are very clever. But do you think that people are really so unpleasant as you make them out to be?
349,mm,"And I’m afraid they often think we old women are—well, cats, to see things the way we do. But there it is. One does know a great deal about one’s own sex, unfortunately. I’ve no doubt there was a barrier between them. The young man felt a sudden inexplicable repulsion. He suspected, purely through instinct, and couldn’t hide the suspicion. And I really think that the girl’s visit to you was just pure spite. She was safe enough really; but she just went out of her way to fix your suspicions definitely on poor Mr. Templeton. You weren’t nearly so sure about him until after her visit."
350,mm,"There seem to be a lot of Princes and Broads buried here,"
351,sh,"There was a violent peal at the bell, and in a few seconds the
     fair-haired detective came up the stairs, three steps at a time, and
     burst into our sitting-room."
352,mm,"Her husband was a missionary. Terrible story. He was eaten, you know. Actually eaten. And she was forced to become the chief’s head wife. Dr. Haydock was with an expedition and rescued her."
353,sh,"I was about to say, as he is unknown to the public."
354,mm,don’t spoil all the romance. Joyce and I aren’t like the milkman and Annie.
355,hp,"Let me congratulate you, Madame, on a very lovely daughter,"
356,mm,"Anyway, they were walking along the bottom path, weren’t they? You saw them there, didn’t you?"
357,sh,"But I certainly did not
     know that the Aurora was such a clipper."
358,hp,"And women, even the best of them, are a bit catty about other women. Of course, Thora was invaluable to my brother—he always said she was the best secretary he ever had—and he was very fond of her, too. But it was all perfectly straight and aboveboard. I mean, Thora isn’t the sort of girl—"
359,sh,"one might think that
     you were afraid of our finding something out."
360,sh,"He knows that I cannot
     verify his guess."
361,mm,And this time it’s the other way round?
362,sh,"It is said
     that Mr. Turner, of the Hall, is so ill that his life is despaired
     of."
363,hp,Anyone would think you were ordering a dinner at the Ritz.
364,mm,That describes it very well. Yes. I am on a pilgrimage.
365,hp,I’d like to make a brief précis of the facts as I go along. It keeps one’s mind free of confusion.
366,mm,"No. I’m staying on here for a couple of days. I’m going to get around a bit and do a few excursions. Don’t look so disapproving, Miss Marple. You’re not really as disapproving as all that, are you?"
367,mm,"I would not set myself up as a good judge of people,"
368,mm,"It’s the most necessary thing in any house; but, of course, not romantic. Now I must confess that I have my feelings, like everyone else, and I have sometimes been cruelly hurt by unthinking remarks. I know gentlemen are not interested in domestic matters, but I must just mention my maid Ethel—a very good-looking girl and obliging in every way. Now I realized as soon as I saw her that she was the same type as Annie Webb and poor Mrs. Bruitt’s girl. If the opportunity arose mine and thine would mean nothing to her. So I let her go at the month and I gave her a written reference saying she was honest and sober, but privately I warned old Mrs. Edwards against taking her; and my nephew, Raymond, was exceedingly angry and said he had never heard of anything so wicked—yes, wicked. Well, she went to Lady Ashton, whom I felt no obligation to warn—and what happened? All the lace cut off her underclothes and two diamond brooches taken—and the girl departed in the middle of the night and never heard of since!"
369,sh,"I am sorry
     that I have not been able to bring your Majesty's business to a more
     successful conclusion."
370,hp,"You are, I think, the tallest of us, Monsieur. Could we venture to ask you to make sure there is nothing resting on that ledge?"
371,sh,"Here is the candle in the window, Mr. Holmes,"
372,sh,"In that
     case one of the main points in favor of the accused disappears."
373,mm,"If you are not too busy, I wonder if you could answer a question of mine,"
374,hp,"You will not tell me your secret, Mademoiselle?"
375,sh,"But it was the killing of young Perkins
     outside the Holborn Bar-- What! you're not going?"
376,sh,"I was sorry to cause you the sympathetic pain
     which I know that you felt. We then went upstairs together, and
     having entered the room and seen the dressing-gown hanging up behind
     the door, I contrived, by upsetting a table, to engage their
     attention for the moment, and slipped back to examine the pockets. I
     had hardly got the paper, however--which was, as I had expected, in
     one of them--when the two Cunninghams were on me, and would, I verily
     believe, have murdered me then and there but for your prompt and
     friendly aid. As it is, I feel that young man's grip on my throat
     now, and the father has twisted my wrist round in the effort to get
     the paper out of my hand. They saw that I must know all about it, you
     see, and the sudden change from absolute security to complete despair
     made them perfectly desperate."
377,hp,I thought you didn’t think much of that theory.
378,mm,"No. It was a complete surprise when she came out of that suddenly. I suppose,"
379,mm,There are connections between the two. I want someone to tell me things.
380,mm,"Don’t look at me as though I were an interesting specimen you didn’t understand, Len. Don’t let’s get heated and wander from the point. I don’t believe that it was Lawrence or Anne, and Lettice is out of the question. There must be some clue or other that would help us."
381,sh,"Plain enough, but what's at the back of it? Raising the price on me,
     or afraid to tackle it, or what? I've a right to a plain answer."
382,sh,"you need not pain yourself by entering into
     that part of the story. After seeing you, I am prepared to accept Mr.
     Gibson's statement both as to the influence which you had over him
     and as to the innocence of your relations with him. But why was the
     whole situation not brought out in court?"
383,sh,What about your government and all this treatment?
384,sh,"There is more in this than meets the eye. How
     came the letter back in the box?"
385,mm,"Julian, of course, has a very solid intellect,"
386,hp,"It is of no use denying. That is the truth, is it not?"
387,mm,"He had a very young housekeeper—young enough to be not only his daughter, but his granddaughter. Not a word to anyone, and his family, a lot of nephews and nieces, full of expectations. And when he died, would you believe it, he’d been secretly married to her for two years? Of course Mr. Badger was a chemist, and a very rude, common old man as well, and Sir Ambrose Bercy was a very courtly gentleman, so Mrs. Bantry says, but for all that human nature is much the same everywhere."
388,hp,"You have had the evil chance, my friend,"
389,hp,"But most of my
successes have been obtained by the aid of the police. I admire
enormously your English police. If Inspector Raglan permits me to
assist him, I shall be both honored and flattered."
390,hp,But it’s ridiculous—quite ridiculous. Both he and Mercado are well-known men. They’ve been known for years.
391,sh,My uncle's voice is always remarkably low. I hardly spoke at all.
392,mm,"I have always intended, ever since I was a small boy, to live in the country someday and have a garden of my own. I have always been very much attached to flowers. My wife, you know, kept a flower shop. That’s where I saw her first."
393,hp,Perhaps you will be so kind as to repeat your story to me.
394,hp,"If you like to see it, it will, perhaps, refresh your memory."
395,hp,So you do not think that she is likely to be implicated in this crime?
396,sh,I glanced down at the new patent leathers which I was wearing.
397,mm,"I always get all the names wrong. And of course, it was Miss Knight I was thinking of. Not Miss Bishop. Why do I think of her as Miss Bishop?"
398,hp,"The matter begins to clear itself up wonderfully! The murderer was a man of great strength, he was feeble, it was a woman, it was a right-handed person, it was a left-handed person—Ah! c’est rigolo, tout ça!"
399,hp,"No, no, I do not agree with you. It’s infinitely more frightening."
400,sh,"Come, Watson, I think that we have more
     important work elsewhere."
401,hp,I’m not saying anything at all. I’m just full of natural admiration. What about the other two you’ve not had a guess at yet? The old American dame and the lady’s maid? I suppose we can take it that they’re the only innocent parties on the train?
402,mm,"Yes, a very beautiful and unusual face. Poor child."
403,hp,"Your husband loves you, Madame. I know it."
404,sh,"The word RACHE, written in letters of blood,"
405,hp,"Then I fail to understand you. Surely you are running the risk of
letting the murderer escape by thus putting him on his guard?"
406,hp,We’ll see what Colgate can make out of the typewriting alibi. In the meantime I’ve got the chambermaid of this floor waiting to be interviewed. A good deal may depend on her evidence.
407,hp,Except for the time when you went into the hotel to Captain Marshall’s room.
408,sh,"is upon your side, Dr. Leon
     Sterndale, and not upon mine. As a proof I will tell you some of the
     facts upon which my conclusions are based. Of your return from
     Plymouth, allowing much of your property to go on to Africa, I will
     say nothing save that it first informed me that you were one of the
     factors which had to be taken into account in reconstructing this
     drama--"
409,mm,"Do you think I could ever do a thing like that? Do you think I could strangle the girl I loved? Do you think I could bash her face in, crush her head to a pulp? Nothing but a vicious, depraved man would do a thing like that."
410,sh,"If I am Mr. Neville St. Clair, then it is obvious that no crime has
     been committed, and that, therefore, I am illegally detained."
411,hp,"Can I discuss in the presence of Dr. Leidner the motives likely to lead to the murder of his wife by a member of the expedition? That would not have been delicate at all. I had to sustain the fiction that his wife was adorable and that everyone adored her!

“But naturally it was not like that at all. Now we can be brutal and impersonal and say what we think. We have no longer to consider people’s feelings. And that is where Nurse Leatheran is going to help us. She is, I am sure, a very good observer."
412,hp,"No, Mr. Clarke. You were safe enough so long as no one suspected you. Once you were suspected proofs were easy to obtain."
413,mm,"Usually I am consulted fairly soon after whatever the—shall we call it—crime has happened, to judge such matters as treatment, possibilities in the case, prognosis favourable or unfavourable, all the various words. They do not mean much and I will not go into them. But occasionally also I am consulted by a responsible Head of such an institution for a particular reason. In this matter I received a communication from a certain Department which was passed to me through the Home Office. I went to visit the Head of this institution. In fact, the Governor responsible for the prisoners or patients or whatever you like to call them. He was by way of being a friend of mine. A friend of fairly long standing though not one with whom I was on terms of great intimacy. I went down to the institution in question and the Governor laid his troubles before me. They referred to one particular inmate. He was not satisfied about this inmate. He had certain doubts. This was the case of a young man or one who had been a young man, in fact little more than a boy, when he came there. That was now several years ago. As time went on, and after the present Governor had taken up his own residence there (he had not been there at the original arrival of this prisoner), he became worried. Not because he himself was a professional man, but because he was a man of experience of criminal patients and prisoners. To put it quite simply, this had been a boy who from his early youth had been completely unsatisfactory. You can call it by what term you like. A young delinquent, a young thug, a bad lot, a person of diminished responsibility. There are many terms. Some of them fit, some of them don’t fit, some of them are merely puzzling. He was a criminal type. That was certain. He had joined gangs, he had beaten up people, he was a thief, he had stolen, he had embezzled, he had taken part in swindles, he had initiated certain frauds. In fact, he was a son who would be any father’s despair."
414,mm,"She cried a great deal afterwards and said the leaves had been picked and brought in to her as sage, and how was she to know?"
415,mm,Mr. Rafiel always did things on a lavish scale.
416,mm,"I would suggest—this is just a mere suggestion—that the warning should come from somebody who is known to have rather unusual views on these matters. Dr. Haydock’s conversation would lead anyone to suppose that he might view such a thing as murder from an unusual angle. If he were to hint that somebody—Mrs. Sadler—or one of her children—had actually happened to see the transposing of the cachets—well, of course, if Mr. Redding is an innocent man, that statement will mean nothing to him, but if he isn’t—"
417,mm,"You wouldn’t like my opinion, dear. Young people never do, I notice. It is better to say nothing."
418,sh,"Oh, very well,
     madame, if you would rather she stayed I can see no objection. Now,
     Mr. Ferguson, I am a busy man with many calls, and my methods have to
     be short and direct.  The swiftest surgery is the least painful. Let
     me first say what will ease your mind. Your wife is a very good, a
     very loving, and a very ill-used woman."
419,hp,"Well, you seem to be doing all that can be done, Crome,"
420,mm,No. You were absent from the scene. You were—shall I put it this way—were you just possibly on duty elsewhere?
421,hp,"Yes. He’s an obstinate devil. And it’s difficult to see just where the flaw is. Supposing Strange is making a mistake and the man wasn’t Cust—why on earth should he say his name is Cust? And the writing in the hotel register is his all right. You can’t say he’s an accomplice—homicidal lunatics don’t have accomplices! Did the girl die later? The doctor was quite firm in his evidence, and anyway it would take some time for Cust to get out of the hotel at Eastbourne without being seen and get over to Bexhill—about fourteen miles away—"
422,mm,a glass of water would put me right.
423,sh,"If he waits a little longer he will get no price at all. The treaty
     will cease to be secret in a few months."
424,hp,"Yes, it’s much the best thing. It’s not been any too easy loafing about the house and making conversation."
425,hp,"Your mind works a funny way, doesn’t it, sir? But I dare say it comes out all right in the end. If you’ll excuse me asking, what put you on to asking about strangulation cases in general?"
426,hp,"But it’s ‘stubbed your toe,’ not stepped or stebbed."
427,sh,"My dear sir, you have done wonders. The horse looks very fit and
     well. It never went better in its life. I owe you a thousand
     apologies for having doubted your ability. You have done me a great
     service by recovering my horse. You would do me a greater still if
     you could lay your hands on the murderer of John Straker."
428,hp,"No, Monsieur. I have only two other passengers—both English. A Colonel from India, and a young English lady from Baghdad. Monsieur requires anything?"
429,mm,Was she going to—er—sleep in the barrow by any chance?
430,sh,"A lawyer, is he not, gray-headed, and walks
     with a limp?"
431,hp,"It’s a curious coincidence, but I was out for a walk
this afternoon on the Cranchester road, and he passed me in a car
coming from that direction."
432,mm,You’ll be saying this has nothing to do with what went on at Keston Spa Hydro—but it has in a way. It explains why I felt no doubt in my mind the first moment I saw the Sanders together that he meant to do away with her.
433,hp,"But once that good lady starts talking it’s a matter of the utmost
difficulty to get a word in edgeways."
434,mm,What—do you mean the house that’s been all done up and repainted at the end of the village? The people there haven’t been there very long. I don’t know what their names are. Why do you want to know? They’re not very interesting. At least I shouldn’t say they were.
435,mm,"I think it was about a fortnight. Miss Durrant was buried there, and it must have been about ten days later when she took a boat back to England. The shock had upset her so much that she felt she couldn’t spend the winter there as she had planned. That’s what she said."
436,sh,"I had misjudged you. I thank
     Heaven that my compunction at leaving poor Staunton all alone in this
     plight caused me to turn my carriage back, and so to make your
     acquaintance. Knowing as much as you do, the situation is very easily
     explained. A year ago Godfrey Staunton lodged in London for a time,
     and became passionately attached to his landlady's daughter, whom he
     married. She was as good as she was beautiful, and as intelligent as
     she was good. No man need be ashamed of such a wife. But Godfrey was
     the heir to this crabbed old nobleman, and it was quite certain that
     the news of his marriage would have been the end of his inheritance.
     I knew the lad well, and I loved him for his many excellent
     qualities. I did all I could to help him to keep things straight. We
     did our very best to keep the thing from everyone, for when once such
     a whisper gets about it is not long before everyone has heard it.
     Thanks to this lonely cottage and his own discretion, Godfrey has up
     to now succeeded. Their secret was known to no one save to me and to
     one excellent servant who has at present gone for assistance to
     Trumpington. But at last there came a terrible blow in the shape of
     dangerous illness to his wife. It was consumption of the most
     virulent kind. The poor boy was half crazed with grief, and yet he
     had to go to London to play this match, for he could not get out of
     it without explanations which would expose his secret. I tried to
     cheer him up by a wire, and he sent me one in reply imploring me to
     do all I could. This was the telegram which you appear in some
     inexplicable way to have seen. I did not tell him how urgent the
     danger was, for I knew that he could do no good here, but I sent the
     truth to the girl's father, and he very injudiciously communicated it
     to Godfrey. The result was that he came straight away in a state
     bordering on frenzy, and has remained in the same state, kneeling at
     the end of her bed, until this morning death put an end to her
     sufferings. That is all, Mr. Holmes, and I am sure that I can rely
     upon your discretion and that of your friend."
437,hp,"This alters everything, this does. I don’t know whether you’ve
realized it, Monsieur Poirot?"
438,sh,"I am sure we owe you an apology, Mrs. Toller,"
439,mm,I felt the poor girl’s hand and it was icy cold. Yet a short time later the Inspector spoke as though the murder must have been committed just before we arrived—and I saw nothing!
440,hp,"Why not say it—to me? I am one of those who hear many things. If, as you say, you boil inside—like the jam—eh bien, let the scum come to the surface, and then one can take it off with a spoon, so."
441,sh,"cried the clerk.

     Again and much louder cam the rat-tat-tat. We all gazed expectantly
     at the closed door. Glancing at Holmes, I saw his face turn rigid,
     and he leaned forward in intense excitement. Then suddenly came a low
     guggling, gargling sound, and a brisk drumming upon woodwork. Holmes
     sprang frantically across the room and pushed at the door. It was
     fastened on the inner side. Following his example, we threw ourselves
     upon it with all our weight. One hinge snapped, then the other, and
     down came the door with a crash. Rushing over it, we found ourselves
     in the inner room. It was empty.

     But it was only for a moment that we were at fault. At one corner,
     the corner nearest the room which we had left, there was a second
     door. Holmes sprang to it and pulled it open. A coat and waistcoat
     were lying on the floor, and from a hook behind the door, with his
     own braces round his neck, was hanging the managing director of the
     Franco-Midland Hardware Company. His knees were drawn up, his head
     hung at a dreadful angle to his body, and the clatter of his heels
     against the door made the noise which had broken in upon our
     conversation. In an instant I had caught him round the waist, and
     held him up while Holmes and Pycroft untied the elastic bands which
     had disappeared between the livid creases of skin. Then we carried
     him into the other room, where he lay with a clay-colored face,
     puffing his purple lips in and out with every breath--a dreadful
     wreck of all that he had been but five minutes before."
442,mm,"It seems odd after we’d all been mixed up so. He and you and I and some others. And then, later, when I’d come home, when six months had passed—it occurred to me one day how closely associated we had been in our time of stress, and yet how little I really knew about Mr. Rafiel. I was thinking it only the other day, after I’d seen the notice of his death. I wished I could know a little more. Where he was born, you know, and his parents. What they were like. Whether he had any children, or nephews or cousins or any family. I would so like to know."
443,sh,"and beneath were the following
     enigmatical notices:


     4th. Hudson came. Same old platform.
     7th. Set the pips on McCauley, Paramore, and John Swain, of St.
     Augustine.
     9th. McCauley cleared.
     10th. John Swain cleared.
     12th. Visited Paramore. All well."
444,sh,"No one could find his way into the Grimpen Mire
     to-night."
445,sh,"Percy Phelps was walking very slowly, leaning upon the arm of his
     future brother-in-law. Holmes walked swiftly across the lawn, and we
     were at the open window of the bedroom long before the others came
     up."
446,hp,"I don’t know if you’re trying to make me out a liar, M. Poirot, but
the matter does not rest on my evidence alone—except perhaps as to the
exact words used. Remember, Major Blunt also heard Mr. Ackroyd talking
to some one. He was on the terrace outside, and couldn’t catch the
words clearly, but he distinctly heard the voices."
447,hp,"Your hand was still on the handle as it is
now."
448,mm,"The question is, has it anything to do with the murder?"
449,hp,You mean to suggest that my wife’s former husband is one of the expedition and that she didn’t recognize him?
450,sh,"What is the use of asking me questions when I tell you I know
     nothing whatever about it?"
451,hp,"You may have noticed I had a new manservant today—a friend of mine—an expert sneak thief. He removed your pistol from your pocket, unloaded it, and returned it, all without you being aware of the fact."
452,mm,"You may not believe it, but my answer to that is, ‘Not really.’"
453,hp,"you’ve been bitten with all this
psychoanalysis stuff? Now, I’m a plain man——"
454,mm,"And Dr. Lloyd was so right in what he said. Between them they seem to have made things so very clear. Only I don’t think Dr. Lloyd quite realized one aspect of what he said. You see, not being Sir Ambrose’s medical adviser, he couldn’t know just what kind of heart trouble Sir Ambrose had, could he?"
455,mm,"Because youth is so often associated with suicide, with violence, with intense jealousy and tragic love. A man kills his girl—it happens. Yes, my mind went to them but it did not seem to me there was any association there. No shadow of evil, of despair, of misery. I used the idea of them later as a kind of false pointer when we were drinking sherry at The Old Manor House that last evening. I pointed out how they could be the most easy suspects in the death of Elizabeth Temple. When I see them again,"
456,hp,That’s what it looks like to me. Of course I don’t know anything….
457,hp,"But it’s so easy, isn’t it, to make a mistake of one day? And if you’re an obstinate, positive man, like Mr. Strange, you’ll never consider the possibility of having been mistaken. What you’ve said you’ll stick to…He’s that kind of man. And the hotel register—it’s very easy to put down the wrong date when you’re signing it—probably no one will notice it at the time."
458,hp,"No, of course not. I understand that. But you see, it is of importance to me, because I feel I might have done something."
459,mm,"That’s the thing that would stare you in the face, if there weren’t such a lot of red herrings to draw you off the trail—including the suggestion of foul play and remorse. No body. That was the real significant fact."
460,hp,"Do you really think
that’s the explanation of the telephone call?"
461,mm,"We have a police official there also, ready to take down anything. The Doctor thinks it advisable that he also should not be noticed by Miss Temple. One person alone, and that possibly a person she expects to see, will not alarm her or make her lose knowledge of what she wants to say to you. I hope this will not be too difficult a thing to ask you?"
462,sh,"I believe that they are
     really after us."
463,hp,"what passes exactly in the mind of the murderer? He kills, it would seem from his letters, pour le sport—to amuse himself. Can that really be true? And even if it is true, on what principle does he select his victims apart from the merely alphabetical one? If he kills merely to amuse himself he would not advertise the fact, since, otherwise, he could kill with impunity. But no, he seeks, as we all agree, to make the splash in the public eye—to assert his personality. In what way has his personality been suppressed that one can connect with the two victims he has so far selected? A final suggestion: Is his motive direct personal hatred of me, of Hercule Poirot? Does he challenge me in public because I have (unknown to myself) vanquished him somewhere in the course of my career? Or is his animosity impersonal—directed against a foreigner? And if so, what again has led to that? What injury has he suffered at a foreigner’s hand?"
464,sh,"I guess you're going
     to take me to the police-station,"
465,mm,"We wondered, you know. I thought you must have gone out for a walk somewhere and I did so hope you wouldn’t overtire yourself. If I had known you had come downstairs and gone out, I would have come with you to show anything there is to show. Not that there is very much."
466,hp,"Mind you, I don’t believe in it, because I know it isn’t true. But it is going to be the deuce to break it. This man Strange is a tough character."
467,hp,"I don’t understand, Monsieur Poirot. How did the person who shot her get away without our seeing him?"
468,mm,Do you really think she wants to marry that baldheaded dull man?
469,mm,"Yes, he had been very crippled for some years,"
470,mm,It surprises me that you didn’t lock your door.
471,mm,"You must have very good eyesight, Miss Marple, if you can observe as far as that."
472,hp,"No. There’s a niece. She’s in service near Overton. Very superior, steady young woman."
473,sh,"To the man of precisely scientific mind the work of Monsieur
     Bertillon must always appeal strongly."
474,mm,"Well, you know—about these boulders that fall down cliff sides and drop on top of someone. It’s not always in the course of nature. Boulders usually stay where they are, in my experience."
475,hp,but I thought you’d like to have the local colour correct.
476,hp,"It’s—it’s infamous that she should be victimized like this! She’s done nothing! If anyone likes to say I behaved like a cad, they’re welcome to say so! I suppose I did. But I won’t have the whole thing visited on Linnet. She had nothing whatever to do with it."
477,sh,"asked Athelney Jones, in a sneering voice, but
     impressed none the less, as I could easily see, by the precision of
     the other's manner."
478,sh,"Is
     it not extraordinary that a burglary--and a burglar who had had some
     previous experience--should deliberately break into a house at a time
     when he could see from the lights that two of the family were still
     afoot?"
479,mm,I shall apologize to them for having used them as useful characters to distract attention from my real ideas.
480,hp,perhaps M. le docteur will come with me to the dead man’s carriage.
481,mm,"No, you are right, I do not want it. All that life is gone—she’s gone—I can’t keep her with me. Anything I do now has got to be new—going forward. You—"
482,hp,"He is anxious to know if
he can be of any service, and he would be glad to have a word with you."
483,mm,"Oh yes, but this was arranged before his death. He mentioned that he was in ill health but wanted to provide a treat for a very old friend of his who had not had the opportunity of travelling as much as she could have wished."
484,hp,"That is valuable testimony coming from an outsider,"
485,hp,"Look here, M. Poirot. You went down to Churston, I know, and saw my sister-in-law. Did she say—or hint—I mean—did she suggest at all—?"
486,hp,"Went out just on nine o’clock last night. Was seen in neighborhood of
Fernly Park somewhere about nine-thirty. Not been seen since. Believed
to be in serious money difficulties. I’ve got a pair of his shoes
here—shoes with rubber studs in them. He had two pairs, almost exactly
alike. I’m going up now to compare them with those footmarks. The
constable is up there seeing that no one tampers with them."
487,mm,Do you mean a second body connected with the particular crime that we have been considering? A crime that took place ten years ago?
488,hp,"I think you are. I fancy you were
born in Kent."
489,mm,"She volunteered a lot of information—really a lot of information,"
490,mm,"What I suffer in the course of my profession from people weeping and gnashing their teeth, and blaming everything on some happening in the past, you would hardly believe. If people knew the bad environments that people have had, the unkindness, the difficulties of their lives and the fact that nevertheless they can come through unscathed, I don’t think they would so often take the opposite point of view. The misfits are to be pitied, yes, they are to be pitied if I may say so for the genes with which they are born and over which they have no control themselves. I pity epileptics in the same way. If you know what genes are—"
491,hp,"Have you any ideas of your own about the crime, M. Hardman?"
492,mm,"That’ll be all right. Several rooms have been vacated today, They won’t be full at all. Mrs. Sandbourne, I think, has booked for all the party to stay there tonight, and tomorrow we shall see—well, we shall see how this all goes on."
493,sh,"We had reached our house in Baker Street while we had been talking. 
     Holmes ascended the stair first, and as he opened the door of our
     room he gave a start of surprise.  Looking over his shoulder, I was
     equally astonished.  His brother Mycroft was sitting smoking in the
     arm-chair."
494,mm,"I’ve discovered the answers to a lot of things,"
495,mm,"Undoubtedly you are. Now it again took me quite by surprise. Why, you could have knocked me down with a feather that day in Melbourne."
496,mm,Very clear indeed. Gentlemen always make such excellent memoranda.
497,hp,And I don’t believe that Linda killed Arlena. It’s ridiculous—absurd!
498,sh,"It was just growing dusk at the time. They were lighting the lamps
     as I came back with the brandy."
499,sh,Do you know anything of this man Damery?
500,sh,"Inspector Martin had the good sense to allow my friend to do things
     in his own fashion, and contented himself with carefully noting the
     results. The local surgeon, an old, white-haired man, had just come
     down from Mrs. Hilton Cubitt's room, and he reported that her
     injuries were serious, but not necessarily fatal. The bullet had
     passed through the front of her brain, and it would probably be some
     time before she could regain consciousness. On the question of
     whether she had been shot or had shot herself he would not venture to
     express any decided opinion. Certainly the bullet had been discharged
     at very close quarters. There was only the one pistol found in the
     room, two barrels of which had been emptied. Mr. Hilton Cubitt had
     been shot through the heart. It was equally conceivable that he had
     shot her and then himself, or that she had been the criminal, for the
     revolver lay upon the floor midway between them."
501,mm,"I have dropped another stitch. I have been so interested in the story. A sad case, a very sad case. It reminds me of old Mr. Hargraves who lived up at the Mount. His wife never had the least suspicion—until he died, leaving all his money to a woman he had been living with and by whom he had five children. She had at one time been their housemaid. Such a nice girl, Mrs. Hargraves always said—thoroughly to be relied upon to turn the mattresses every day—except Fridays, of course. And there was old Hargraves keeping this woman in a house in the neighbouring town and continuing to be a Churchwarden and to hand round the plate every Sunday."
502,hp,Be quiet. I am telling you what I thought at the time. Let us remain impersonal.
503,mm,"You know, I shall never quite understand you. Your outlook is always a different one from what I expect."
504,sh,"You are like my friend,
     Dr. Watson, who has a bad habit of telling his stories wrong end
     foremost. Please arrange your thoughts and let me know, in their due
     sequence, exactly what those events are which have sent you out
     unbrushed and unkempt, with dress boots and waistcoat buttoned awry,
     in search of advice and assistance."
505,hp,"It strikes you as odd that Ackroyd should have flown into a rage about
so trivial a matter?"
506,sh,that you left your key in the door?
507,hp,What was the point of that question about the glasses?
508,mm,"That’s what you mean, isn’t it? When you know that someone is very rich, somehow, well, you don’t ask anymore. I mean you don’t ask to know anymore. You say ‘He is very rich’ or you say ‘He is enormously rich,’ and your voice just goes down a little because it’s so impressive, isn’t it, when you meet someone who is immensely rich."
509,hp,"if he loved her, why did he kill her? Where’s the motive? Can’t you speak, Leidner? Tell him he’s mad."
510,sh,"Tavernier, the French modeller, made it. He is as good at
     waxworks as your friend Straubenzee is at air-guns."
511,mm,"that was really very simple. The description that Emlyn and Joanna gave of the figure they had seen made it seem almost certain that these very bright coloured and noticeable clothes were meant to be noticed, and that therefore it would be very important that they should not be hidden locally or kept among the person’s own belongings. They must be got out of the way as soon as could be. And really there is only one way successfully of disposing of something. That is through the general post. Anything in the nature of clothes can be very easily dispatched to charities. Think how pleased the people who collect winter garments for Unemployed Mothers, or whatever the name of the charity, would be to find a nearly brand new woollen jumper. All I had to do was to find out the address where it had been sent."
512,sh,"Now, it was on those
     stairs that young Mr. Cunningham stood and saw the two men struggling
     just where we are. Old Mr. Cunningham was at that window--the second
     on the left--and he saw the fellow get away just to the left of that
     bush. So did the son. They are both sure of it on account of the
     bush. Then Mr. Alec ran out and knelt beside the wounded man. The
     ground is very hard, you see, and there are no marks to guide us."
513,sh,"It is a bad thing
     to speak of, but I will answer you the truth."
514,mm,"And during that time I expect she travelled, keeping away from anyone who might know her. That’s what I meant by saying that one lady of a certain age looks so like another. I don’t suppose the different photograph on her passport was ever noticed—you know what passports are. And then in March, she went down to this Cornish place and began to act queerly and draw attention to herself so that when people found her clothes on the beach and read her last letter they shouldn’t think of the commonsense conclusion."
515,mm,"It is very sad and I don’t like to think of it. He was a right-handed man, was he not? I mean to stab himself in the left shoulder he must have been. I was always so sorry for poor Jack Baynes in the War. He shot himself in the foot, you remember, after very severe fighting at Arras. He told me about it when I went to see him in hospital, and very ashamed of it he was. I don’t expect this poor man, Elliot Haydon, profited much by his wicked crime."
516,mm,"that if it’s the same person, that she’d be very suitable for my friend."
517,hp,Naturally it worries me. I cannot make head or tail of it.
518,hp,"We know now all that we can know. We have the evidence of the passengers, the evidence of their baggage, the evidence of our eyes. We can expect no further help. It must be our part now to use our brains."
519,hp,What are you looking at my hands for? Do you think—do you think—?
520,sh,"It may, of course, be a mere coincidence,
     or it may point to some nervousness which would indicate that he had
     reason to apprehend danger. Had you noticed anything unusual in his
     conduct, yesterday, Ames?"
521,sh,"but a country doctor, as you very astutely
     observed. I think that I am fairly justified in my inferences. As to
     the adjectives, I said, if I remember right, amiable, unambitious,
     and absent-minded. It is my experience that it is only an amiable man
     in this world who receives testimonials, only an unambitious one who
     abandons a London career for the country, and only an absent-minded
     one who leaves his stick and not his visiting-card after waiting an
     hour in your room."
522,mm,what possible kind of proposition Mr. Rafiel might have wanted to put up to me. It seems most unlikely.
523,mm,I didn’t think you would care to play.
524,sh,"Exactly. The candle, which was a new one, is not burned more than
     half an inch. He must have placed it on the table before he was
     attacked; otherwise, of course, it would have fallen when he fell.
     This shows that he was not attacked the instant that he entered the
     room. When Mr. Barker arrived the candle was lit and the lamp was
     out."
525,mm,"It wouldn’t—to you. But some of the families were very poor, and the old age pension was a great boon to the children. I know it’s difficult for anyone outside to understand. But what I really meant was that the whole thing hinged upon one old woman being so like any other old woman."
526,hp,Have you not read the papers in the last few days?
527,sh,"From their
     lightness and transparency, I should imagine that they are soluble in
     water,"
528,sh,He had recovered his self-possession in an instant.
529,hp,"Yes—it was good of you to come. I told Franklin. He said he wouldn’t forget to tell you. I hope Franklin isn’t going to be foolish…he’s so easily taken in, in spite of having knocked about the world so much. Men are like that…They remain boys…Franklin, in particular."
530,sh,"You have it, sir, just as it happened."
531,hp,we will delight the heart of M. Bouc and see the Italian.
532,mm,"I think hate would die out. You could try and keep it up artificially, but I think you would fail. It’s not as strong a force as love,"
533,hp,"on Wednesday. The
young man was not of himself important. But the firm he represented
interested me very much."
534,mm,is always worth noticing. You can throw it away later if it is only a coincidence.
535,sh,"The mention of my friend's name had an extraordinary effect upon the
     little man. The look of anger passed in an instant from his face. His
     features became tense and alert."
536,mm,"Well, Mrs. What’s-a-name won’t have heard mine at any time, will she?"
537,sh,"But he is right. Oh! I know that he is right. James never did it.
     And about his quarrel with his father, I am sure that the reason why
     he would not speak about it to the coroner was because I was
     concerned in it."
538,sh,"Kindly summon your men, and I will try."
539,hp,"I suppose we must
come if M. Poirot says so. But what is it all about? I like to know
beforehand."
540,hp,"To Let’ sign appeared in the windows. On the other side was a house with somewhat grimy muslin curtains.

To this house Poirot betook himself and, there being no bell, executed a series of sharp flourishes with the knocker.

The door was opened after some delay by a very dirty child with a nose that needed attention.

“Good evening,"
541,sh,"Well, Watson, what do you make of this?"
542,sh,"The facts, as you state them, are certainly most remarkable,"
543,sh,"They are coiners on a large scale, and
     have used the machine to form the amalgam which has taken the place
     of silver."
544,sh,"Come, Watson, let us see what
     he does."
545,mm,"I would only say that certain people remind me of certain other people that I have known, and that therefore I can presuppose a certain likeness between the way they would act. If you think I know all about what I am supposed to be doing here, you are wrong."
546,hp,"So did the late Mrs. Marshall. It is chic, eh? And very expensive?"
547,hp,"If that’s so, it’s going to simplify matters very much."
548,mm,"Nobody could come in or go out through my room without my seeing them, and even if anyone did manage to come in through my wife’s room without the electrician seeing them, how the devil could they get out again leaving the door locked and bolted on the inside?"
549,mm,"I take a great interest in all the local news,"
550,sh,"It is more than possible; it is probable,"
551,mm,that it would be pleasant to sit outside the hotel. There is a small terrace giving on the street. If I might persuade you?
552,sh,"I only wished to ask you how you would go
     from here to the Strand."
553,sh,"It is
     entirely a question of barometric pressure."
554,hp,You know perfectly. I am not so foolish as to argue with an infatuated man. I utter only the word of caution.
555,hp,is what we are about to find out.
556,hp,"I was saying to Mr. Gardener only this morning that we simply must make an excursion to Dartmoor. It’s quite near and the associations are all so romantic. And I’d like to see that convict prison—Princetown, isn’t it? I think we’d better fix up right away and go there tomorrow, Odell."
557,sh,"I cannot possibly advise you if you try to deceive me,"
558,hp,"Not at the moment. I require first a little more information. That I can get from our Special Legion. And then—then, when I have got the answer to a certain question, I will go and see A B C. We will be face to face at last—A B C and Hercule Poirot—the adversaries."
559,mm,"It’s not for me to say at this stage, but it looks to me as though somebody, naming no names, has been trying to be artful."
560,mm,"The—what one used to call the factors at school—are the same. There’s money, and the mutual attraction people of an—er—opposite sex—and there’s queerness of course—so many people are a little queer, aren’t they?—in fact, most people are when you know them well. And normal people do such astonishing things sometimes, and abnormal people are sometimes so very sane and ordinary. In fact, the only way is to compare people with other people you have known or come across. You’d be surprised if you knew how very few distinct types there are in all."
561,hp,Perhaps—but a manner does not make a murderer!
562,hp,"We can open our Court of Inquiry without more ado. First, I think, we should take the evidence of the Wagon Lit conductor. You probably know something about the man. What character has he? Is he a man in whose word you would place reliance?"
563,mm,"it’s a different kind of being sorry. I’m sorry for Verity because of all that she missed, all that she was so near to obtaining. A life of love and devotion and service to the man she had chosen, and whom she truly loved. Truly and in all verity. She missed all that and nothing can give that back to her. I’m sorry for her because of what she didn’t have. But she escaped what Clotilde had to suffer. Sorrow, misery, fear and a growing cultivation and imbibing of evil. Clotilde had to live with all those. Sorrow, frustrated love which she could never get back, she had to live with the two sisters who suspected, who were afraid of her, and she had to live with the girl she had kept there."
564,sh,"I am a busy man, and Dr. Watson has his patients to
     attend to. Let us agree that we meet here at this hour next Tuesday,
     and I shall be surprised if before we leave you again we are not able
     to explain, even if we cannot perhaps put an end to, your troubles.
     Meanwhile, keep us posted in what occurs."
565,hp,"Haven’t got the fancy manner for a place like that. No, I never had any connection with the Armstrong house—but I’m beginning to believe I’m about the only one on this train who hadn’t! Can you beat it—that’s what I say? Can you beat it?"
566,hp,"You know, I’m not much of a fellow for temples and sightseeing and all that, but a place like this sort of gets you, if you know what I mean. Those old Pharaohs must have been wonderful fellows."
567,mm,"Yet I hear you were wishing him out of the world not so long ago,"
568,hp,"We know that. On the other hand, I can’t see any way in which he could have come up against Linnet Doyle. Their orbits don’t touch."
569,hp,"Ah, mon cher, that would be indeed stretching coincidence a little too far,"
570,hp,"You see I’m old-fashioned. I don’t like her much. Tim and she are the greatest of friends, though."
571,mm,And you took that also as an indication of what you were to do?
572,sh,"This, gentlemen, is
     Colonel Sebastian Moran, once of Her Majesty's Indian Army, and the
     best heavy game shot that our Eastern Empire has ever produced. I
     believe I am correct, Colonel, in saying that your bag of tigers
     still remains unrivalled?"
573,sh,I must really ask you to be a little more quiet!
574,mm,"Oh, so you’ve noticed it too. Yes, they’re really getting to a stage of spooning about together. I don’t much care for him anyway. One of these long-haired students, you know. Always going on demos or something like that. Why can’t they say demonstration properly? I hate abbreviations. And how am I going to get along? Nobody to look after me, collect my luggage, take it in, take it out. Really. I’m paying for this complete trip and everything."
575,sh,"Watson, I think that we shall
     accompany Dr. Huxtable back to the North of England. And now, Dr.
     Huxtable, when you have consumed that milk you will kindly tell me
     what has happened, when it happened, how it happened, and, finally,
     what Dr. Thorneycroft Huxtable, of the Priory School, near Mackleton,
     has to do with the matter, and why he comes three days after an
     event--the state of your chin gives the date--to ask for my humble
     services."
576,hp,"two clues is too much carelessness. I agree with M. Bouc. The handkerchief was a genuine oversight—hence no one will admit that it is theirs. The pipe cleaner is a faked clue. In support of that theory, you notice that Colonel Arbuthnot shows no embarrassment and admits freely to smoking a pipe and using that type of cleaner."
577,mm,One might hope to say—like to say—because she had too much sense. He was not the type of a young man one would want anyone one was fond of to marry. She was a very lovely girl and a very sweet girl. I don’t know why she didn’t marry him. Nobody has ever told me.
578,mm,"As a matter of fact, he didn’t see me,"
579,mm,"It certainly looks like it. What do you think, Miss Marple?"
580,hp,And you? Is it not that you are on holiday also?
581,mm,May I ask you a question? I hope it is not too intimate a question.
582,mm,"Old Mr. Smithers lost all his money and had to leave it, then the Carslakes took it and Johnny Carslake fell downstairs and broke his leg and Mrs. Carslake had to go away to the south of France for her health, and now the Burdens have got it and I hear that poor Mr. Burden has got to have an operation almost immediately."
583,hp,"Yes. I wondered if something could be done. He was not a bad
boy—before he took to drugs."
584,mm,"Elizabeth and I know no more than those two facts. Elizabeth, that Verity was going to marry Michael. And I that those two were going to marry, that they had arranged it and that they were coming on a settled day and time. And I waited for them, but there was no marriage. No bride, no bridegroom, no word."
585,sh,"And now, Mr. Soames, I wish
     you good-night."
586,sh,"Our millionaire does not seem to shine in private life,"
587,mm,"Oh, I should think so. I should think you could hate anyone for years."
588,hp,"Yes, you are right. A cold-blooded and cruel woman. For me, I was in great difficulty. Was Linda guilty only of the childish attempt at witchcraft, or had her hate carried her still further—to the actual act? I tried to get her to confess to me. But it was no good. At that moment I was in grave uncertainty. The Chief Constable was inclined to accept the dope smuggling explanation. I couldn’t let it go at that. I went over the facts again very carefully. I had, you see, a collection of jig-saw puzzle pieces, isolated happenings—plain facts. The whole must fit into a complete and harmonious pattern. There were the scissors found on the beach—a bottle thrown from a window—a bath that no one would admit to having taken—all perfectly harmless occurrences in themselves, but rendered significant by the fact that no one would admit to them. Therefore, they must be of significance. Nothing about them fitted in with the theories of either Captain Marshall’s or Linda’s, or of a dope gang’s being responsible. And yet they must have meaning. I went back again to my first solution—that Patrick Redfern had committed the murder. Was there anything in support of that? Yes, the fact that a very large sum of money was missing from Arlena’s account. Who had got that money? Patrick Redfern of course. She was the type of woman easily swindled by a handsome young man—but she was not at all the type of woman to be blackmailed. She was far too transparent, not good enough at keeping a secret. The blackmailer story had never rung true to my mind. And yet there had been that conversation overheard—ah, but overheard by whom? Patrick Redfern’s wife. It was her story—unsupported by any outside evidence. Why was it invented? The answer came to me like lightning. To account for the absence of Arlena’s money!

“Patrick and Christine Redfern. The two of them were in it together. Christine hadn’t got the physical strength to strangle her or the mental makeup. No, it was Patrick who had done it—but that was impossible! Every minute of his time was accounted for until the body was found.

“Body—the word stirred something in my mind—bodies lying on the beach—all alike. Patrick Redfern and Emily Brewster had got to the Cove and seen a body lying there. A body—suppose it was not Arlena’s body but somebody else’s? The face was hidden by the great Chinese hat.

“But there was only one dead body—Arlena’s. Then, could it be—a live body—someone pretending to be dead? Could it be Arlena herself, inspired by Patrick to play some kind of a joke. I shook my head—no, too risky. A live body—whose? Was there any woman who would help Redfern? Of course—his wife. But she was a white-skinned delicate creature. Ah yes, but suntan can be applied out of bottles—bottles—I had one of my jig-saw pieces. Yes, and afterwards, of course, a bath—to wash that telltale stain off before she went out to play tennis. And the scissors? Why, to cut up that duplicate cardboard hat—an unwieldy thing that must be got out of the way, and in the haste the scissors were left behind—the one thing that the pair of murderers forgot.

“But where was Arlena all the time? That again was perfectly clear. Either Rosamund Darnley or Arlena Marshall had been in the Pixy’s Cave, the scent they both used told me that. It was certainly not Rosamund Darnley. Then it was Arlena, hiding till the coast should clear.

“When Emily Brewster went off in the boat, Patrick had the beach to himself and full opportunity to commit the crime. Arlena Marshall was killed after a quarter to twelve, but the medical evidence was only concerned with the earliest possible time the crime could have been committed. That Arlena was dead at a quarter to twelve was what was told to the doctor, not what he told the police.

“Two more points had to be settled. Linda Marshall’s evidence gave Christine Redfern an alibi. Yes, but that evidence depended on Linda Marshall’s wristwatch. All that was needed was to prove that Christine had had two opportunities of tampering with the watch. I found those easily enough. She had been alone in Linda’s room that morning—and there was an indirect proof. Linda was heard to say that she was ‘afraid she was going to be late,’ but when she got down it was only twenty-five past ten by the lounge clock. The second opportunity was easy—she could alter the watch back again as soon as Linda turned her back and went down to bathe.

“Then there was the question of the ladder. Christine had always declared she had no head for heights. Another carefully prepared lie.

“I had my mosaic now—each piece beautifully fitted into its place. But, unfortunately, I had no definite proof. It was all in my mind.

“It was then that an idea came to me. There was an assurance—a slickness about the crime. I had no doubt that in the future Patrick Redfern would repeat his crime. What about the past? It was remotely possible that this was not his first killing. The method employed, strangulation, was in harmony with his nature—a killer for pleasure as well as for profit. If he was already a murderer I was sure that he would have used the same means. I asked Inspector Colgate for a list of women victims of strangulation. The result filled me with joy. The death of Nellie Parson found strangled in a lonely copse might or might not be Patrick Redfern’s work—it might merely have suggested choice of locality to him, but in Alice Corrigan’s death I found exactly what I was looking for. In essence the same method. Juggling with time—a murder committed not, as is the usual way, before it is supposed to have happened, but afterwards. A body supposedly discovered at a quarter past four. A husband with an alibi up to twenty-five past four.

“What really happened? It was said that Edward Corrigan arrived at the Pine Ridge, found his wife not there, and went out and walked up and down. Actually, of course, he ran full speed to the rendezvous, Caesar’s Grove (which you will remember was quite nearby), killed her and returned to the café. The girl hiker who reported the crime was a most respectable young lady, games mistress in a well-known girls’ school. Apparently she had no connection with Edward Corrigan. She had to walk some way to report the death. The police surgeon only examined the body at a quarter to six. As in this case the time of death was accepted without question.

“I made one final test. I must know definitely if Mrs. Redfern was a liar. I arranged our little excursion to Dartmoor. If anyone has a bad head for heights, they are never comfortable crossing a narrow bridge over running water. Miss Brewster, a genuine sufferer, showed giddiness. But Christine Redfern, unconcerned, ran across without a qualm. It was a small point, but it was a definite test. If she had told one unnecessary lie—then all the other lies were possible. In the meantime Colgate had got the photograph identified by the Surrey Police. I played my hand in the only way I thought likely to succeed. Having lulled Patrick Redfern into security, I turned on him and did my utmost to make him lose his self-control. The knowledge that he had been identified with Corrigan caused him to lose his head completely."
589,mm,I suppose that was how Miss Temple came to remember her.
590,mm,I want to find out something more about a girl called Nora Broad.
591,sh,"Well, I have
     drawn my circle, and I only wish I knew at what point upon it the
     folk that we are in search of are to be found."
592,mm,"It is so sad when anyone dies young,"
593,hp,"why doesn’t he come forward
and say so?"
594,mm,"I did not think it would be very good for me,"
595,hp,"I’ve been checking up with Heald on this typewriting business. Not a doubt of it, it couldn’t be done under an hour. Longer, if you had to stop and think here and there. That seems to me pretty well to settle it. And look at this letter."
596,hp,Miss Linda Marshall did not bathe this morning?
597,mm,I thought it one of those silly remarks women will make. If there seemed one thing sure on earth it was that Protheroe had written that note.
598,hp,"I have, perhaps, something to contribute to your store of knowledge,"
599,mm,"Just one other question I should like to ask you, Miss Marple. Does the word “Nemesis"
600,mm,When did you first begin to discover what had happened ten years ago?
601,hp,Thousands of these sham Eastern daggers are made and shipped to the bazaars of Constantinople.
602,hp,A squint can be a very useful thing.
603,mm,You are quite right. I am talking of Mr. Rafiel’s son. What do you know about him?
604,sh,"The facts are briefly these: Some five years ago, during a lengthy
     visit to Warsaw, I made the acquaintance of the well-known
     adventuress, Irene Adler. The name is no doubt familiar to you."
605,hp,I don’t believe it. I don’t believe Linda killed her. Surely it’s impossible—on the evidence!
606,hp,"they think nothing of it, if you know what I mean?"
607,hp,"A great natural ingenuity, and an apparently remorseless determination to mislead justice."
608,hp,"Dr. Sheppard consented to do what he could to help him. He was
successful in hiding Captain Paton from the police."
609,mm,"Henry Clithering, an old friend of mine—very old friend."
610,mm,In connection with the murder of Mrs. Spenlow?
611,mm,Oh! I assure you I do all I can to make her comfortable. I don’t know what I should do if she left.
612,mm,"There was another girl who’d lived here, wasn’t there?"
613,hp,I’m sure I hope I acted for the best.
614,sh,"There is another very important
     point which I wish to discuss with you,"
615,sh,"You can see that it was a very
     short-bladed scissors, since the cutter had to take two snips over
     'keep away.'"
616,sh,"He has expensive tastes. He is a horse fancier. For a short time he
     played polo at Hurlingham, but then this Prague affair got noised
     about and he had to leave. He collects books and pictures. He is a
     man with a considerable artistic side to his nature. He is, I
     believe, a recognized authority upon Chinese pottery and has written
     a book upon the subject."
617,hp,"That on your luggage there are no labels of the Carmanic. The only recent labels of transatlantic sailing are the Normandie. The Normandie, I remember, sailed two days after the Carmanic."
618,mm,"Yes, Miss Marple. I have learned one thing through bitter experience. Never say to yourself that anyone is above suspicion. I gave you reasons just now why three of these people might after all be guilty, unlikely as it seemed. I did not at that time apply the same process to Charles Templeton. But I came to it at last through pursuing the rule I have just mentioned. And I was forced to recognize this: That every army and every navy and every police force has a certain number of traitors within its ranks, much as we hate to admit the idea. And I examined dispassionately the case against Charles Templeton.

“I asked myself very much the same questions as Miss Helier has just asked. Why should he, alone of all the house, not be able to produce the letter he had received—a letter, moreover, with a German stamp on it. Why should he have letters from Germany?

“The last question was an innocent one, and I actually put it to him. His reply came simply enough. His mother’s sister was married to a German. The letter had been from a German girl cousin. So I learned something I did not know before—that Charles Templeton had relations with people in Germany. And that put him definitely on the list of suspects—very much so. He is my own man—a lad I have always liked and trusted; but in common justice and fairness I must admit that he heads that list.

“But there it is—I do not know! I do not know . . . And in all probability I never shall know. It is not a question of punishing a murderer. It is a question that to me seems a hundred times more important. It is the blighting, perhaps, of an honourable man’s whole career . . . because of suspicion—a suspicion that I dare not disregard."
619,hp,"She thought you were there for some ulterior reason apart from the declared one. What reason? And why should she be so concerned in the matter. Odd, too, the way you tell me she stared at you all through tea the day you arrived."
620,sh,"I wrote two more articles and then, feeling more drowsy than ever, I
     rose and walked up and down the room to stretch my legs. My coffee
     had not yet come, and I wondered what was the cause of the delay
     could be. Opening the door, I started down the corridor to find out.
     There was a straight passage, dimly lighted, which led from the room
     in which I had been working, and was the only exit from it. It ended
     in a curving staircase, with the commissionaire's lodge in the
     passage at the bottom. Half way down this staircase is a small
     landing, with another passage running into it at right angles. This
     second one leads by means of a second small stair to a side door,
     used by servants, and also as a short cut by clerks when coming from
     Charles Street. Here is a rough chart of the place."
621,mm,Did dear Lettice tell you of the trouble?
622,mm,You mean that both my watch and the clock were wrong?
623,sh,"Why, I have lost four pound a
     week."
624,hp,"All my apologies for troubling you a second time,"
625,mm,"He lured a girl away from her home. It was some time before her body was found. She had been strangled. And afterwards her face and head had been disfigured by some heavy stones or rocks, presumably to prevent her identity being made known."
626,mm,"spoke to me about you at some length, Miss Marple. He suggested that I should be on this tour with you. I should in due course almost certainly make your acquaintance, since members in a tour inevitably do make each other’s acquaintance, though it usually takes a day or two for them to split up, as it were, into possible groupings led by similar tastes or interests. And he further suggested to me that I should, shall we say, keep an eye on you."
627,sh,"Until we got three-quarters down Regent Street. Then my gentleman
     threw up the trap, and he cried that I should drive right away to
     Waterloo Station as hard as I could go. I whipped up the mare and we
     were there under the ten minutes. Then he paid up his two guineas,
     like a good one, and away he went into the station. Only just as he
     was leaving he turned round and he said: 'It might interest you to
     know that you have been driving Mr. Sherlock Holmes.' That's how I
     come to know the name."
628,mm,I hope you don’t mind me calling you Aunt Jane?
629,hp,"Your American terms are so quaint, so expressive,"
630,mm,"No. I suppose it might some day, but they think on the whole it was pushed into the river. Ah well, you never know, do you? You never know what you may dig up off a ploughed field or something like that. I was taken once to see all that treasure. Luton Loo was it—some name like that? Somewhere in the East Counties. Under a ploughed field it was. Beautiful. Gold ships and Viking ships and gold plate, enormous great platters. Well, you never know. Any day you may turn up a dead body or you may turn up a gold platter. And it may be hundreds of years old like that gold plate was, or it may be a three-or four-years-old body, like Mary Lucas who’d been missing for four years, they say. Somewhere near Reigate she was found. Ah well, all these things! It’s a sad life. Yes, it’s a very sad life. You never know what’s coming."
631,mm,"He has always struck me as rather a stupid man,"
632,mm,"but surely you can’t think that—who on earth would want to roll a boulder down, do that sort of thing? I suppose there are always hooligans about. You know, some young foreigners or students. I really wonder, you know, whether—well—"
633,hp,"Quite frankly, I should have jumped to the conclusion that it was suicide,"
634,mm,I believe I could be ruthless if there was due cause.
635,mm,though not quite in the same terms. But perhaps that’s quite natural.
636,mm,"I am afraid I have counted wrong. Two purl, three plain, slip one, two purl—yes, that’s right. What did you say, dear?"
637,sh,"I think, Watson,
     that I shall resume that course of tobacco-poisoning which you have
     so often and so justly condemned,"
638,hp,"For the moment we still concern ourselves with Mademoiselle de Bellefort. We must speak to Mademoiselle Bowers. But first, before you go"
639,hp,that you are a very famous man. Practically the most famous man in England today.
640,sh,"No wonder that my inquiries among those villages led to nothing. The
     doctor has certainly played the game for all it is worth, and one
     would like to know the reason for such elaborate deception. This
     should be the village of Trumpington to the right of us. And, by
     Jove! here is the brougham coming round the corner. Quick, Watson,
     quick, or we are done!"
641,mm,"I hope I shall be able to put what I say properly. So difficult, you know, to explain oneself, don’t you think? No, perhaps you don’t. But you see, not having been educated in the modern style—just a governess, you know, who taught one the dates of the kings of England and general knowledge—Doctor Brewer—three kinds of diseases of wheat—blight, mildew—now what was the third—was it smut?"
642,mm,"It seems—oh! I don’t know—it seems queer. Why should he have letters from Germany? Although, of course, if he’s above suspicion, as you say—"
643,hp,and there was a telegram there for you—so I brought it along.
644,hp,"I agree. Let’s eliminate everyone we can. Can you give us a pointer on any of the rest of them, Poirot?"
645,mm,"It’s so much easier. One’s back, you know."
646,mm,"I’m not particularly exhausted, though it makes a perfectly natural excuse for somebody of my age."
647,sh,"No, sir, White Mason is a very live man, if I am any judge."
648,hp,"But whilst I admire your caution, your method of advancing a step at a time, I submit that you have not yet touched the point at issue. We are all agreed that this person exists. The point is—where did he go?"
649,mm,Having all these ideas—and possibly doing something foolish—either—
650,hp,"It will certainly be advisable for you to tell us all you know,"
651,sh,"said he, and turned back to
     his chemical studies.

     The summons was a brief and urgent one.

     Please be at the Black Swan Hotel at Winchester at midday to-morrow
     [it said]. Do come! I am at my wit's end.
     Hunter."
652,sh,"we have still ten minutes.
     I am going far to screen you, Lady Hilda. In return you will spend
     the time in telling me frankly the real meaning of this extraordinary
     affair."
653,sh,"He put his two forefingers between his teeth and whistled shrilly--a
     signal which was answered by a similar whistle from the distance,
     followed shortly by the rattle of wheels and the clink of horses'
     hoofs."
654,hp,we can fit them into our little collection as—shall we say?—housekeeper and cook in the Armstrong household.
655,hp,"You see, me, I have been
familiar with the idea for some time."
656,sh,"It was one of the finest corner-houses of the West End. A
     machine-like footman took up our cards and returned with word that
     the lady was not at home."
657,mm,"Oh yes, I know. Oh the—er—yes, that’s the one we sent Miss What’s-a-name on. The one old Rafiel booked."
658,sh,"It sounds incredible, for I have not, as far as I know, an enemy in
     the world. Yet from last night's experience I can come to no other
     conclusion."
659,sh,"Then your wife's character would really be better known by Dolores
     than by you?"
660,mm,"I don’t know anything about medicine, of course,"
661,sh,"Mr. Holmes, I must beg you not to press that question. It is
     important that I should be able to assure him that his honoured name
     has been in no way dragged into the matter. His motives are, to the
     last degree, honourable and chivalrous, but he prefers to remain
     unknown. I need not say that your fees will be assured and that you
     will be given a perfectly free hand. Surely the actual name of your
     client is immaterial?"
662,sh,"I do not vary them, save when I remit them altogether."
663,mm,"You know, putting things in horses’ eyes, smashing Legation windows and attacking people. Throwing stones, at people, and it’s usually being done by somebody young, isn’t it? And they were the only young people, weren’t they?"
664,hp,"No, the blood escaped internally into the brain."
665,hp,It must have been about twenty minutes past twelve. I know that it was actually half-past twelve when I finally got to my cabin.
666,mm,I think the description of that might give us a valuable clue.
667,mm,"that it’s the curious conduct of the caretaker. Why did she behave in that very odd way? People do mind being turned out of their old homes. But it wasn’t her home. In fact, she used to complain and grumble while she was there. Yes, it certainly looks very fishy. What became of her, by the way?"
668,hp,And if during the night at one of the frontiers the Customs officials should require a piece of luggage to be opened?
669,sh,The finding of the pistol in her wardrobe.
670,mm,"I was extremely comfortable staying with you. Oh yes, I did enjoy it very much. Such a beautiful house. And all your things are so nice. You know, your china and glass and furniture. It’s such a pleasure to be in a home and not a hotel."
671,mm,"That’s the one you met abroad, in the West Indies, isn’t it? You showed me his photo in your album."
672,hp,Kenneth’s a fool—an utter fool where women are concerned! Do you remember the Martingdale case?
673,sh,"Is it really you? Can it indeed be that you are
     alive? Is it possible that you succeeded in climbing out of that
     awful abyss?"
674,sh,"When we returned to Mrs. Warren's rooms, the gloom of a London winter
     evening had thickened into one gray curtain, a dead monotone of
     colour, broken only by the sharp yellow squares of the windows and
     the blurred haloes of the gas-lamps. As we peered from the darkened
     sitting-room of the lodging-house, one more dim light glimmered high
     up through the obscurity."
675,sh,"He was cold, but not harsh. I dare say my severe illness prevented
     him from being that. He repeated that the matter was of the utmost
     importance, and added that no steps would be taken about my
     future--by which he means, of course, my dismissal--until my health
     was restored and I had an opportunity of repairing my misfortune."
676,sh,"lies, of course, in that untimely
     love affair which gave our impetuous professor the idea that he could
     only gain his wish by turning himself into a younger man. When one
     tries to rise above Nature one is liable to fall below it. The
     highest type of man may revert to the animal if he leaves the
     straight road of destiny."
677,hp,"But yes, Monsieur. Monsieur has not noticed? The train has stopped. We have run into a snowdrift. Heaven knows how long we shall be here. I remember once being snowed up for seven days."
678,sh,"Yes, Mr. Holmes, it is as you say, sir. He does smoke something
     terrible. All day and sometimes all night, sir. I've seen that room
     of a morning--well, sir, you'd have thought it was a London fog. Poor
     young Mr. Smith, he was a smoker also, but not as bad as the
     Professor. His health--well, I don't know that it's better nor worse
     for the smoking."
679,mm,"I could not claim a personal knowledge of this part of the country. I know something, however, of various things that have happened in this part of the world entirely because of what you have told me. If it had not been for my acquaintanceship with you and the things you have told me I could have been more at sea than I am.

“What are you yourself actually doing here? You do not know. Yet you were sent here. It was deliberately arranged by Rafiel that you should come here, that you should take this coach tour, that you and I should meet. There have been other places where we have stopped or through which we have passed, but special arrangements were made so that you should actually stay for a couple of nights here. You were put up with former friends of his who would not have refused any request he made. Was there a reason for that?"
680,mm,"You are quite right, my dear. Yes, I cannot help still believing in two lovers who wished to get married, who were ready to take each other on for better, for worse, for richer or poorer, in sickness and in health. She loved him and she would have taken him for better or for worse. As far as she had gone, she took him for worse. It brought about her death."
681,sh,"I
     have examined the ground very carefully for a hundred yards in each
     direction."
682,sh,"Up to a certain point he did well. He
     was always a man of iron nerve, and the story is still told in India
     how he crawled down a drain after a wounded man-eating tiger. There
     are some trees, Watson, which grow to a certain height and then
     suddenly develop some unsightly eccentricity. You will see it often
     in humans. I have a theory that the individual represents in his
     development the whole procession of his ancestors, and that such a
     sudden turn to good or evil stands for some strong influence which
     came into the line of his pedigree. The person becomes, as it were,
     the epitome of the history of his own family."
683,sh,"for it is natural that he should take a
     keen interest in the details. I am afraid, my dear Colonel, that you
     must regret the hour that you took in such a stormy petrel as I am."
684,mm,"Jason Rafiel? I know him by name, of course. I never knew him personally, or met him. He gave a large endowment once to an educational project in which I was interested. I was very grateful. As you say, he was a very wealthy man. I saw the notice of his death in the papers a few weeks ago. So he was an old friend of yours?"
685,mm,I’m an elderly pussy and I have very little strength in my arms or my legs. Very little strength anywhere. But I am in my own way an emissary of justice.
686,hp,"Well, I’ve taken the prints of every member of the household, every
one, mind you, from the old lady down to the kitchenmaid."
687,mm,"It will take a little getting used to, I expect,"
688,mm,"Yes. I had no idea then of his existence. But from then on I felt that the chief characters—the chief actors—in the drama, whichever way you like to put it, were not on the tour. They were not members of the coach party. I hesitated just for a short time, hesitated over some particular persons. I hesitated, considering Joanna Crawford and Emlyn Price."
689,sh,"Excellent. You carried the thing out very well. Did you observe
     where the bullet went?"
690,hp,"Quite sure. She knows him well by sight. He went past very quickly
and turned off by the path to the right, which is a short cut to the
terrace."
691,sh,"I am about to tell you, Mr. Holmes, all that actually occurred, for
     you already know so much that it is clearly to my interest that you
     should know all. I have already explained the relationship in which I
     stood to the Tregennis family. For the sake of the sister I was
     friendly with the brothers. There was a family quarrel about money
     which estranged this man Mortimer, but it was supposed to be made up,
     and I afterwards met him as I did the others. He was a sly, subtle,
     scheming man, and several things arose which gave me a suspicion of
     him, but I had no cause for any positive quarrel."
692,hp,"You know, Monsieur Poirot, it’s a nasty business—a nasty business…I don’t like it…."
693,mm,"Really, you know, Scheherazade, this is most refreshing. Our ingenuity is challenged. I’m not so sure you haven’t done it on purpose—to stimulate our curiosity. A few brisk rounds of ‘Twenty Questions’ is indicated, I think. Miss Marple, will you begin?"
694,hp,No. He’s got his rules—crazy rules—and abides by them. Fair warning. He makes a point of that. That’s where his boastfulness comes in. I wonder now—I’d almost bet the chap drinks White Horse whisky.
695,hp,Tell me more about the death of Alice Corrigan.
696,mm,"I could benefit certain charities in which I have an interest,"
697,hp,"I don’t see how you make that out,"
698,mm,"Actually to hospital? Oh, that’s a great relief! I am so very glad to hear it. He’ll be quite safe there. When you say ‘nothing to be done,’ you don’t mean that he won’t recover?"
699,mm,"Isn’t it extraordinary? What should she want with a suitcase in the wood at twelve o’clock at night?

“You see,"
700,hp,"It strikes me, M. Poirot, that you’ve been keeping quite a lot of things up your sleeve."
701,mm,"No, I think that the warnings and the blue flowers were, if I may use a military term,"
702,sh,"this is surely most unfair and ungenerous upon your
     part. I desired, as I have explained, to keep my visit to you a
     secret, lest my husband should think that I was intruding into his
     affairs. And yet you compromise me by coming here and so showing that
     there are business relations between us."
703,mm,Something about this atmosphere. We never got over it here. Never. Never since—since Verity died. It’s years but it doesn’t go away. A shadow’s here.
704,hp,Unless our murderer figured to himself that he had not accomplished his job properly and came back to make quite sure; but that is manifestly absurd! Anything else?
705,hp,"I’m not in the least anxious for your opinion, thank you,"
706,mm,"and there is no need to be profane about it. The hand of God is everywhere. The first thing I saw were the black spots—the marks of St. Peter’s thumb. That is the legend, you know. St. Peter’s thumb. And that brought things home to me. I needed faith, the ever true faith of St. Peter. I connected the two things together, faith—and fish."
707,hp,"Oh! I wouldn’t like to think so. He’s such a nice gentleman, Captain Marshall. He couldn’t do a thing like that—I’m sure he couldn’t."
708,hp,I’ve never known her anything but sweet to him. I suppose she was fond of him. He’s a dear—wrapped up in his own world—his digging and his theories. And he worshipped her and thought her perfection. That might have annoyed some women. It didn’t annoy her. In a sense he lived in a fool’s paradise—and yet it wasn’t a fool’s paradise because to him she was what he thought her. Though it’s hard to reconcile that with—
709,hp,Princess Dragomiroff has great personality and immense will power. But let us pass from that for the moment.
710,hp,I don’t believe one word of it all!
711,mm,"Yes, but if you make sure, that may be the last thing you do make sure of! We don’t want a third body. Yours."
712,mm,No. I think she was puzzled and unhappy about what happened and was coming to me to ask me why the marriage did not take place.
713,hp,"I next considered Miss Johnson. Was she capable of murder?

“I thought she was. She was a person of strong will and iron self-control. Such people are constantly repressing themselves—and one day the dam bursts! But if Miss Johnson had committed the crime it could only be for some reason connected with Dr. Leidner. If in any way she felt convinced that Mrs. Leidner was spoiling her husband’s life, then the deep unacknowledged jealousy far down in her would leap at the chance of a plausible motive and give itself full rein.

“Yes, Miss Johnson was distinctly a possibility.

“Then there were the three young men.

“First Carl Reiter. If, by any chance, one of the expedition staff was William Bosner, then Reiter was by far the most likely person. But if he was William Bosner, then he was certainly a most accomplished actor! If he were merely himself, had he any reason for murder?

“Regarded from Mrs. Leidner’s point of view, Carl Reiter was far too easy a victim for good sport. He was prepared to fall on his face and worship immediately. Mrs. Leidner despised undiscriminating adoration—and the doormat attitude nearly always brings out the worst side of a woman. In her treatment of Carl Reiter Mrs. Leidner displayed really deliberate cruelty. She inserted a gibe here—a prick there. She made the poor young man’s life a hell to him."
714,mm,The things you think of! Why all this? Why do you want me to do it?
715,hp,Many people may have made purchases from Mrs. Ascher after I did so.
716,mm,"that the attacker is more likely to have been a man than a woman. That boulder, if it was done with intent, was sent on its course very accurately. Accuracy is more a male quality than a female one. On the other hand there might easily have been someone on our coach, or possibly in the neighbourhood, who saw Miss Temple in the street, a former pupil of hers in past years. Someone whom she herself might not recognize after a period of time. But the girl or woman would have recognized her, because a Headmaster or Headmistress of over sixty is not unlike the same Headmaster or Headmistress at the age of fifty. She is recognizable. Some woman who recognized her former mistress and also knew that her mistress knew something damaging about her. Someone who might in some way prove a danger to her."
717,hp,"Hardly like to hide ’em in either of these,"
718,hp,"Have you not, perhaps, some patients to attend? I would not for the world detain you from your professional duties."
719,sh,"It was very nice and complimentary of you,"
720,hp,What do you think of him? You’ve seen more of him than I have.
721,mm,"My dear young lady, what could I do? There was no evidence. The majority of the eyewitnesses told the same story as Miss Barton. I had built up my own suspicions out of a fleeting expression which I might possibly have imagined. The only thing I could and did do was to see that the widest inquiries were made for the relations of Amy Durrant. The next time I was in England I even went and saw the landlady of her room, with the results I have told you."
722,hp,"I’m no end glad we came on this trip. It’s—well, it’s cleared things up. Amazing why it should—but there it is. Linnet’s got her nerve back. She say’s it’s because shes actually faced the business at last."
723,mm,It might give us another motive for the husband. Jealousy.
724,mm,"It did happen. The body was not found, I know, for some time afterwards. Verity just disappeared. She went away from home and was not seen again…."
725,hp,"Yes, we will pay a little visit to the good M. Hammond."
726,hp,"But already, mon cher, it was very clearly indicated."
727,hp,"It was M. Poirot he wanted to see,"
728,mm,"Yes. Friends argued with him, pointed out that he’d get no interest that way, but he held that that didn’t really matter. The bulk of your money, he said, should be ‘kept in a box under the bed or buried in the garden.’ Those were his words."
729,sh,"It took two, or possibly three,
     handfuls before the lodger came to the window. You beckoned him to
     come down. He dressed hurriedly and descended to his sitting-room.
     You entered by the window. There was an interview--a short
     one--during which you walked up and down the room. Then you passed
     out and closed the window, standing on the lawn outside smoking a
     cigar and watching what occurred. Finally, after the death of
     Tregennis, you withdrew as you had come. Now, Dr. Sterndale, how do
     you justify such conduct, and what were the motives for your actions?
     If you prevaricate or trifle with me, I give you my assurance that
     the matter will pass out of my hands forever."
730,sh,"I presume, as I see blood-stains upon it,
     that it is the one which was found in the dead man's grasp. Watson,
     this knife is surely in your line?"
731,sh,"Lattice-paned, lead framework, three separate windows, one swinging
     on hinge and large enough to admit a man."
732,sh,"There is
     nothing there, no sign that anyone has landed--but why should he
     leave any sign?"
733,sh,"that I make a mistake in
     explaining. 'Omne ignotum pro magnifico,' you know, and my poor
     little reputation, such as it is, will suffer shipwreck if I am so
     candid. Can you not find the advertisement, Mr. Wilson?"
734,hp,"Well, the door of it was not quite closed. And the fellow inside peered out in a furtive sort of way. Then he pulled the door to quickly. Of course, I know there’s nothing in that—but it just struck me as a bit odd. I mean, it’s quite usual to open a door and stick your head out if you want to see anything. But it was the furtive way he did it that caught my attention."
735,sh,"Exactly. And it looks out on an angle of the courtyard so as to be
     partly invisible. The man might have effected his entrance there,
     left traces as he passed through the bedroom, and, finally, finding
     the door open have escaped that way."
736,sh,"Oh, he has a European fame, has he? Well, we've learned all about
     him in America. We know he is at the bottom of fifty murders, and yet
     we have nothing positive we can take him on. I tracked him over from
     New York, and I've been close to him for a week in London, waiting
     some excuse to get my hand on his collar. Mr. Gregson and I ran him
     to ground in that big tenement house, and there's only one door, so
     he can't slip us. There's three folk come out since he went in, but
     I'll swear he wasn't one of them."
737,sh,"Yes, sir. He told me that a gipsy had done it for him when he was a
     lad."
738,hp,Aren’t you getting a good way from the essentials of this business? What I believe or don’t believe is surely not relevant to the plain fact of murder?
739,hp,That is what I heard. And then you went away?
740,hp,"That was in the Armstrong case, was it not? You were the chauffeur?"
741,hp,"The murderer comes to her cabin, gives her the money, and then—"
742,mm,"almost too good to be true. I should—well, I should be a little careful if I were you."
743,sh,"My old friend
     here will tell you that I have an impish habit of practical joking.
     Also that I can never resist a dramatic situation. I took the
     liberty--the very great liberty, I admit--of putting the stone into
     your pocket at the beginning of our interview."
744,sh,"Heavy steps and the clamor of loud voices were audible from below,
     and the hall door shut with a loud crash."
745,sh,"you can
     understand that I am not accustomed to doing such business in my own
     person. Yet the matter was so delicate that I could not confide it to
     an agent without putting myself in his power. I have come incognito
     from Prague for the purpose of consulting you."
746,sh,"Mortimer, James, M.R.C.S., 1882, Grimpen, Dartmoor, Devon.
     House-surgeon, from 1882 to 1884, at Charing Cross Hospital. Winner
     of the Jackson prize for Comparative Pathology, with essay entitled
     'Is Disease a Reversion?' Corresponding member of the Swedish
     Pathological Society. Author of 'Some Freaks of Atavism' (Lancet
     1882). 'Do We Progress?' (Journal of Psychology, March, 1883).
     Medical Officer for the parishes of Grimpen, Thorsley, and High
     Barrow."
747,hp,You think definitely that Blatt is the murderer?
748,mm,"it seems to me we are a pretty representative gathering. How would it be if we formed a Club? What is today? Tuesday? We will call it The Tuesday Night Club. It is to meet every week, and each member in turn has to propound a problem. Some mystery of which they have personal knowledge, and to which, of course, they know the answer. Let me see, how many are we? One, two, three, four, five. We ought really to be six."
749,hp,"Me, I suspect everybody till the last minute,"
750,hp,"I’m sorry, sir, but I can’t find anything missing. I’m sure there’s nothing gone from Captain Marshall’s room, or Miss Linda Marshall’s room, or Mr. and Mrs. Redfern’s room, and I’m pretty sure there’s nothing gone from Miss Darnley’s either. But I couldn’t say about Mrs. Marshall’s. As I say, she’s got such a lot."
751,mm,"Although one never can be quite certain, can one?"
752,sh,"You might start a paper on those lines. Call it the 'Police
     News of the Past.'"
753,mm,Did you come on this trip to see the houses or to see gardens?
754,mm,"is where my story ends. I cannot go on because I do not know what happened. I only know that I agreed to do as they asked, that I made the necessary arrangements; we settled a day, an hour, a time, a place. I think perhaps that I was to blame for agreeing to the secrecy."
755,hp,Did Linda say why she had bought candles?
756,mm,If she didn’t take the brooch—which I’m sure she didn’t—then she has no cause to be upset.
757,mm,"I mean, dear, that you’re actually holding the money in your hand this minute."
758,sh,"You
     may rely upon my doing all that I can."
759,mm,"Dear me, past twelve o’clock. I hope Raymond has gone to bed and not waited up."
760,sh,"Well, good-morning, Mr. Gibson. You have a good deal yet to learn."
761,mm,"are Mr. Broadribb’s secretary. If she’s out, find out what time she will be in."
762,hp,Every one concerned in them has something to hide.
763,hp,"No, no, indeed. Always it is unwise to parade one’s knowledge. Until the last minute I keep everything here,"
764,sh,"Your theory holds
     together. But if this is true, then the case is at an end. On the one
     hand, the traitor is dead. On the other, the plans of the
     Bruce-Partington submarine are presumably already on the Continent.
     What is there for us to do?"
765,mm,"Yes. Yes, that is probably true. It seemed to me, you see, that Verity would have said nothing to the people who could have stopped her. Clotilde and Anthea Bradbury-Scott, but because she had always been very devoted to Elizabeth Temple—and Elizabeth Temple had had great influence over her—it seems to me that she would have written and given her information of some kind."
766,mm,"The fall might have killed her. But he couldn’t be sure of that. And he seems the sort of man who would lay his plans carefully and leave nothing to chance. After all, Mrs. Edge could get him something suitable without her husband knowing. Otherwise, why would Harry bother with her? Yes, I think he had some powerful drug handy, that could be administered before you arrived. After all, if a woman is thrown from her horse and has serious injuries and dies without recovering consciousness, well—a doctor wouldn’t normally be suspicious, would he? He’d put it down to shock or something."
767,hp,"Oh, I believe you. Dr. Leidner did not leave the roof. That is an undisputed fact. But what I saw—and what Miss Johnson had seen—was that Dr. Leidner could murder his wife from the roof without leaving it."
768,sh,"No
     wonder you get results that are beyond us. But some of these days
     you'll go too far, and you'll find yourself and your friend in
     trouble."
769,hp,"You need not offer apologies, Messieurs. I understand a murder has taken place. Naturally, you must interview all the passengers. I shall be glad to give all the assistance in my power."
770,sh,"said
     my companion, gravely; and as he spoke there rushed into the room
     half a dozen of the dirtiest and most ragged street Arabs that ever I
     clapped eyes on."
771,mm,You’re assuming—aren’t you?—that Sir Ambrose had the kind of heart that digitalin would affect adversely? But there’s nothing to prove that that’s so. It might be just the other way about.
772,hp,"One can’t go back, can one? That—never. But I’d like to have gone on—a different way."
773,sh,"shouted Mr. Windibank, turning white to his lips and
     glancing about him like a rat in a trap."
774,sh,"I wished Mr. Acton to be present while I demonstrated this small
     matter to you,"
775,mm,That is why she was coming to me. She wanted to know certain facts.
776,sh,"I tiptoed down the path and stooped behind the low wall which
     surrounded the stunted orchard. Creeping in its shadow I reached a
     point whence I could look straight through the uncurtained window.

     There were only two men in the room, Sir Henry and Stapleton. They
     sat with their profiles towards me on either side of the round table.
     Both of them were smoking cigars, and coffee and wine were in front
     of them. Stapleton was talking with animation, but the baronet looked
     pale and distrait. Perhaps the thought of that lonely walk across the
     ill-omened moor was weighing heavily upon his mind.

     As I watched them Stapleton rose and left the room, while Sir Henry
     filled his glass again and leaned back in his chair, puffing at his
     cigar. I heard the creak of a door and the crisp sound of boots upon
     gravel. The steps passed along the path on the other side of the wall
     under which I crouched. Looking over, I saw the naturalist pause at
     the door of an out-house in the corner of the orchard. A key turned
     in a lock, and as he passed in there was a curious scuffling noise
     from within. He was only a minute or so inside, and then I heard the
     key turn once more and he passed me and re-entered the house. I saw
     him rejoin his guest, and I crept quietly back to where my companions
     were waiting to tell them what I had seen."
777,sh,"I did a good deal of shopping. Dr. Mortimer here went round with me.
     You see, if I am to be squire down there I must dress the part, and
     it may be that I have got a little careless in my ways out West.
     Among other things I bought these brown boots--gave six dollars for
     them--and had one stolen before ever I had them on my feet."
778,sh,"In accordance with the scheme which we had formed in order to test
     our theories"
779,hp,Did she say who it was she saw?
780,sh,"that the clips are lined with tiny
     bands of cork to soften the pressure upon the nose. One of these is
     discoloured and worn to some slight extent, but the other is new.
     Evidently one has fallen off and been replaced. I should judge that
     the older of them has not been there more than a few months. They
     exactly correspond, so I gather that the lady went back to the same
     establishment for the second."
781,hp,"No, it is not at all the same."
782,hp,I’m glad you both realize my feelings. I am not accustomed to anything of this kind.
783,hp,There is an alphabetical complex. But why an alphabetical complex? A madman in particular has always a very strong reason for the crimes he commits.
784,sh,"Don't you think that
     is an admirable sentiment?"
785,sh,"if we can only
     find the man to put them on."
786,hp,"I hardly think so. I suppose he is on board. The information was very precise. Oh, well, one job at a time. Let’s have a go at Pennington."
787,hp,"that reaction came pretty quickly. That’s a very coolheaded and astute young woman—perfectly capable of holding out on us and still further if she thinks it suits her book. What about Miss Marie Van Schuyler now? I don’t think we can eliminate her from the possible suspects. You know, she might have committed murder to get hold of those jewels. We can’t take the nurse’s word for it. She’s all out to do the best for the family."
788,mm,"I do rather agree with you. They don’t seem very real. I have wondered about them a good deal. Wondered, I mean, why they came on this tour and if they were really enjoying it. And what was their reason for coming."
789,hp,"What did you think of the inquest, Mr. Gardener?"
790,mm,"what a tiresome man you are, Mr. Rafiel!"
791,sh,"I think, Watson, we cannot do better. Do not allow yourself to
     indulge in false hopes, Mr. Phelps. The affair is a very tangled
     one."
792,hp,"Look here—you aren’t thinking…it wasn’t I who killed her! I’ll swear that! I’ve been in the most awful stew. To have chosen that night of all others…God, it’s been awful!"
793,hp,"But it will do her good to come. Persuade her, Mademoiselle."
794,sh,"I confess that I share Dr. Mortimer's belief that it will not be
     long before the missing boot is found."
795,hp,"Here comes Mrs. Redfern now, coming up from her bathe."
796,sh,"from the point of view of
     the man who called himself Stapleton was simple and direct, although
     to us, who had no means in the beginning of knowing the motives of
     his actions and could only learn part of the facts, it all appeared
     exceedingly complex. I have had the advantage of two conversations
     with Mrs. Stapleton, and the case has now been so entirely cleared up
     that I am not aware that there is anything which has remained a
     secret to us. You will find a few notes upon the matter under the
     heading B in my indexed list of cases."
797,sh,"May I ask, in the first place, why you came to me at all?"
798,hp,"Frankly—it’s hard to say! I didn’t know her well enough. She’d got charm—any amount of it. Brains, sympathy . . . What else? She hadn’t any of the ordinary unpleasant vices. She wasn’t sensual or lazy or even particularly vain. She was, I’ve always thought (but I’ve no proofs of it), a most accomplished liar. What I don’t know (and what I’d like to know) is whether she lied to herself or only to other people. I’m rather partial to liars myself. A woman who doesn’t lie is a woman without imagination and without sympathy. I don’t think she was really a manhunter—she just liked the sport of bringing them down ‘with my bow and arrow.’ If you get my daughter on the subject—"
799,sh,"Ah, yes, the box. The professor brought back a little wooden box
     from his travels. It was the one thing which suggested a Continental
     tour, for it was one of those quaint carved things which one
     associates with Germany. This he placed in his instrument cupboard.
     One day, in looking for a canula, I took up the box. To my surprise
     he was very angry, and reproved me in words which were quite savage
     for my curiosity. It was the first time such a thing had happened,
     and I was deeply hurt. I endeavoured to explain that it was a mere
     accident that I had touched the box, but all the evening I was
     conscious that he looked at me harshly and that the incident was
     rankling in his mind."
800,mm,You know what the doctor said. You weren’t to take too much exercise.
801,mm,"Oh well, I shall be glad to get to bed. Good night, Miss Bradbury-Scott."
802,hp,"The answer to that is yes. We are confronted here by an unknown personage. He is in the dark and seeks to remain in the dark. But in the very nature of things he cannot help throwing light upon himself. In one sense we know nothing about him—in another sense we know already a good deal. I see his figure dimly taking shape—a man who prints clearly and well—who buys good-quality paper—who is at great needs to express his personality. I see him as a child possibly ignored and passed over—I see him growing up with an inward sense of inferiority—warring with a sense of injustice…I see that inner urge—to assert himself—to focus attention on himself ever becoming stronger, and events, circumstances—crushing it down—heaping, perhaps, more humiliations on him. And inwardly the match is set to the powder train…."
803,hp,The cool way she answered you this morning about these same letters!
804,sh,"he remarked,
     pointing to the toes. Then he laid upon the table a long, deadly,
     sheathed knife. Finally he unravelled a bundle of clothing,
     comprising a complete set of underclothes, socks, a gray tweed suit,
     and a short yellow overcoat."
805,mm,"I’d like to know something about the cook,"
806,mm,"If Miss Marple says she had no pistol with her, you can take it for granted that it is so,"
807,hp,"Those blows—the ones delivered with great force penetrating the muscle—never, never could anyone with so frail a physique inflict them."
808,sh,"Perhaps I should have said 'replaced it there,'"
809,sh,"As
     for the article I wrote it myself."
810,hp,"I doubt if you’d know the truth if you heard it,"
811,hp,"Biggest surprise of my life. The thing I’ve never got over, though, is the way you got round me about that funeral business. Absolutely unorthodox, the whole thing. Fantastic!"
812,sh,"The matches have, of course, been
     used to light cigarettes. That is obvious from the shortness of the
     burnt end. Half the match is consumed in lighting a pipe or cigar.
     But, dear me! this cigarette stub is certainly remarkable. The
     gentleman was bearded and moustached, you say?"
813,hp,Did you meet anyone on your way here?
814,sh,"I am sorry to say that we have made very little progress,"
815,hp,All along—ever since I arrived here—I have been conscious—very conscious—of the forces of evil close at hand.
816,mm,I talked to Sister Barker on the telephone.
817,mm,I just wondered if I could ever be ruthless.
818,hp,"So it lay there—between Simon Doyle and Dr. Bessner. But what reason has Bessner to kill Linnet Doyle? None, so far as I know. Simon Doyle, then? But that was impossible! There were plenty of witnesses who could swear that Doyle never left the saloon that evening until the quarrel broke out. After that he was wounded and it would then have been physically impossible for him to have done so. Had I good evidence on both those points? Yes, I had the evidence of Mademoiselle Robson, of Jim Fanthorp, and of Jacqueline de Bellefort as to the first, and I had the skilled testimony of Dr. Bessner and of Mademoiselle Bowers as to the other. No doubt was possible.

“So Dr. Bessner must be the guilty one. In favour of this theory there was the fact that the maid had been stabbed with a surgical knife. On the other hand Bessner had deliberately called attention to this fact.

“And then, my friends, a second perfectly indisputable fact became apparent to me. Louise Bourget’s hint could not have been intended for Dr. Bessner, because she could perfectly well have spoken to him in private at any time she liked. There was one person, and one person only, who corresponded to her necessity—Simon Doyle! Simon Doyle was wounded, was constantly attended by a doctor, was in that doctor’s cabin. It was to him therefore that she risked saying those ambiguous words, in case she might not get another chance. And I remember how she had gone on, turning to him: ‘Monsieur, I implore you—you see how it is? What can I say?’ And this answer: ‘My good girl, don’t be a fool. Nobody thinks you saw or heard anything. You’ll be quite all right. I’ll look after you. Nobody’s accusing you of anything.’ That was the assurance she wanted, and she got it!"
819,sh,"CHAPTER XII
          Death on the Moor


     For a moment or two I sat breathless, hardly able to believe my ears.
     Then my senses and my voice came back to me, while a crushing weight
     of responsibility seemed in an instant to be lifted from my soul.
     That cold, incisive, ironical voice could belong to but one man in
     all the world."
820,mm,"I’m not sure, but I think Elizabeth Temple did know or was beginning to know what happened. A frightening word, she said. Love. I thought when she spoke that what she meant was that because of a love affair Verity committed suicide. Because she found out something about Michael, or because something about Michael suddenly upset her and revolted her. But it couldn’t have been suicide."
821,sh,"He is looking
     up at the numbers of the houses."
822,hp,First millennium. A lady of some consequence perhaps. Skull looks rather odd—I must get Mercado to look at it. It suggests death by foul play.
823,hp,"My God, I’m sick of answering questions. I’ve answered the police questions. I don’t feel called upon to answer yours."
824,mm,"meeting again so soon—such a small world, isn’t it?"
825,mm,"that I’ve got wasps on the brain. Poor things, destroyed in their thousands—and usually on such a beautiful summer’s day. But I remember thinking, when I saw the gardener shaking up the cyanide of potassium in a bottle with water, how like smelling salts it looked. And if it were put in a smelling salt bottle and substituted for the real one—well, the poor lady was in the habit of using her smelling salts. Indeed you said they were found by her hand. Then, of course, while Mr. Pritchard went to telephone to the doctor, the nurse would change it for the real bottle, and she’d just turn on the gas a little bit to mask any smell of almonds and in case anyone felt queer, and I always have heard that cyanide leaves no trace if you wait long enough. But, of course I may be wrong, and it may have been something entirely different in the bottle; but that doesn’t really matter, does it?"
826,sh,"I've had a plain-clothes man waiting at the station all the week.
     Wherever the High Gable folk go he will keep them in sight. But he
     must have been hard put to it when Miss Burnet broke away. However,
     your man picked her up, and it all ends well. We can't arrest without
     her evidence, that is clear, so the sooner we get a statement the
     better."
827,sh,"I think that your decision is a wise
     one. I have ample evidence that you are being dogged in London, and
     amid the millions of this great city it is difficult to discover who
     these people are or what their object can be. If their intentions are
     evil they might do you a mischief, and we should be powerless to
     prevent it. You did not know, Dr. Mortimer, that you were followed
     this morning from my house?"
828,sh,"Now would you mind going down and
     fetching that poor little devil of a terrier which has been bad so
     long, and which the landlady wanted you to put out of its pain
     yesterday."
829,mm,"we can’t help—well, thinking about that sort of thing. I mean, there must be some explanation. If the police seem sure it wasn’t an accident, well then it must have been done by somebody and—well, I mean, Miss Temple was a stranger to this place here. It doesn’t seem as if anyone could have done it—anyone local I mean. So it really comes back to—well, I mean, to all of us who were in the coach, doesn’t it?"
830,sh,"The Inspector here has done all that could possibly be
     suggested, but I wish to leave no stone unturned in trying to avenge
     poor Straker and in recovering my horse."
831,mm,"and I am not doing anything. Digging, I mean, or weeding. I just—well, I just put one foot in front of the other and wonder about things."
832,sh,"It was not the wife; it was the children,"
833,hp,And it really wasn’t true! We were a thoroughly happy family here.
834,mm,"Even if you brought it me, I should not drink it."
835,hp,"You take the holiday; that is it, yes?"
836,sh,"It must be very familiar to you. Have you not
     tethered a young kid under a tree, lain above it with your rifle, and
     waited for the bait to bring up your tiger? This empty house is my
     tree and you are my tiger. You have possibly had other guns in
     reserve in case there should be several tigers, or in the unlikely
     supposition of your own aim failing you. These,"
837,mm,"Not feeling bad, are you? Wanting to write to a clergyman and all that?"
838,mm,"but after all, that is a very sound way of arriving at the truth. It’s really what people call intuition and make such a fuss about. Intuition is like reading a word without having to spell it out. A child can’t do that because it has had so little experience. But a grown-up person knows the word because they’ve seen it often before. You catch my meaning, Vicar?"
839,hp,"She didn’t mention any man—forgive me, Mr. Fraser—she might be meeting?"
840,sh,I believe that you are the devil himself!
841,hp,"Well, you see, Cousin Marie—that’s Miss Van Schuyler—never gets up very early. She has to be very, very careful of her health. And of course she wanted Miss Bowers, that’s her hospital nurse, to do things for her. And she said, too, that this isn’t one of the best temples—but she was frightfully kind and said it would be quite all right for me to come."
842,hp,"And then I got that wound on the head. Very slight. But they found out I had fits…I’d always known, of course, that there were times when I hadn’t been quite sure what I was doing. Lapses, you know. And of course, once or twice I’d fallen down. But I don’t really think they ought to have discharged me for that. No, I don’t think it was right."
843,mm,What in my day they used to call ‘having the come hither in your eye.’
844,sh,What the devil is the meaning of all this?
845,sh,"Dear me, this is very disappointing! I fear, Watson, that all our
     expectations come to nothing. I trust that the man Porlock will come
     to no harm."
846,mm,because he would have said that I ought to have given it to the Eccleses. But I thought I’d rather bring it to you instead.
847,hp,She said she wanted to think it over—eh? That is what signed her death warrant. If she had only spoken out—then—at once.
848,mm,"It reminds me of the time the man went round pretending to be the Gas Inspector,"
849,sh,"Quite so. It doesn't prove it wasn't used. But there might have been
     stains, and that would have helped us. As a matter of fact there were
     none. Then I examined the gun. They were buckshot cartridges, and, as
     Sergeant Wilson pointed out, the triggers were wired together so
     that, if you pulled on the hinder one, both barrels were discharged.
     Whoever fixed that up had made up his mind that he was going to take
     no chances of missing his man. The sawed gun was not more than two
     foot long--one could carry it easily under one's coat. There was no
     complete maker's name; but the printed letters P-E-N were on the
     fluting between the barrels, and the rest of the name had been cut
     off by the saw."
850,sh,"I have given you the chance. Here
     are your lodgings. Good-bye. I shall drop you a line before I leave."
851,sh,"If you know anything, you can surely say it
     without all this tomfoolery."
852,sh,"No fence wants stuff of that sort that you can neither melt
     nor sell."
853,hp,But—but it is maddening! It is intolerable that I should have to put up with this!
854,sh,"None as yet. But the affair is a pretty one, one of our little
     country crimes, which must seem too small for your attention, Mr.
     Holmes, after this great international affair."
855,hp,"Thought you wouldn’t agree. This character stuff is M. Poirot’s specialty, I believe."
856,mm,"That is really not a very good simile, dear Raymond,"
857,hp,"It is a busy time for this young M. Raymond,"
858,mm,"Half the time I was ashamed of myself for thinking so. Who was I to go suspecting this nice, pleasant-mannered English lady of a foul and cold-blooded crime? I did my best to be as cordial as possible to her during the short time she stayed on the island. I helped her with the Spanish authorities. I did everything I could do as an Englishman to help a compatriot in a foreign country; and yet I am convinced that she knew I suspected and disliked her."
859,hp,"It’s all clear enough. It fits in without a flaw. At twenty-five
minutes past nine, Captain Paton is seen passing the lodge; at
nine-thirty or thereabouts, Mr. Geoffrey Raymond hears some one in here
asking for money and Mr. Ackroyd refusing. What happens next? Captain
Paton leaves the same way—through the window. He walks along the
terrace, angry and baffled. He comes to the open drawing-room window.
Say it’s now a quarter to ten. Miss Flora Ackroyd is saying good-night
to her uncle. Major Blunt, Mr. Raymond, and Mrs. Ackroyd are in the
billiard room. The drawing-room is empty. He steals in, takes the
dagger from the silver table, and returns to the study window. He slips
off his shoes, climbs in, and—well, I don’t need to go into details.
Then he slips out again and goes off. Hadn’t the nerve to go back to
the inn. He makes for the station, rings up from there——"
860,hp,"that proves at least that Cassetti—or Ratchett, as I shall continue to call him—was certainly alive at twenty minutes to one."
861,mm,"A girl I knew died of ptomaine poisoning,"
862,mm,"That, I am sure, was the reason she was coming to you."
863,mm,"He had a return ticket to Paddington in his pocket,"
864,mm,"As I say, Sir Henry, I felt no doubt in my own mind. Mr. Sanders was a big, good-looking, florid-faced man, very hearty in his manner and popular with all. And nobody could have been pleasanter to his wife than he was. But I knew! He meant to make away with her."
865,mm,"Why do you say ‘poor lost soul,’ Miss Marple?"
866,sh,"And you'll probably find that your creditors will impound the
     banking account of Mr. Cornelius,"
867,sh,"He was a large man with rounded shoulders, a massive head, and a
     broad, intelligent face, sloping down to a pointed beard of grizzled
     brown. A touch of red in nose and cheeks, with a slight tremor of his
     extended hand, recalled Holmes' surmise as to his habits. His rusty
     black frock-coat was buttoned right up in front, with the collar
     turned up, and his lank wrists protruded from his sleeves without a
     sign of cuff or shirt. He spoke in a slow staccato fashion, choosing
     his words with care, and gave the impression generally of a man of
     learning and letters who had had ill-usage at the hands of fortune."
868,hp,"The door was locked and chained on the inside,"
869,hp,"What are you hinting at, M. Poirot? What is the meaning of all this?"
870,mm,I—do you mind if we don’t talk about it any more just now?
871,mm,Which of her seven solutions do you refer to?
872,mm,You will remember my saying this morning that that struck me as exceedingly peculiar.
873,sh,"I see that you have read it since you have
     marked it. I don't deny that it is smartly written. It irritates me
     though. It is evidently the theory of some arm-chair lounger who
     evolves all these neat little paradoxes in the seclusion of his own
     study. It is not practical. I should like to see him clapped down in
     a third class carriage on the Underground, and asked to give the
     trades of all his fellow-travellers. I would lay a thousand to one
     against him."
874,mm,"When you caught him torturing his cat that day. Never knew you had it in you to go for anyone like that! Scared him stiff, you did. He’s never forgotten it."
875,mm,"I did a certain amount of walking round the town yesterday and I don’t feel any necessity to do so again today. I’d rather wait here in case there is anything I can do to help. Not that I suppose there is, but one never knows."
876,sh,"I have a small pawnbroker's
     business at Coburg Square, near the City. It's not a very large
     affair, and of late years it has not done more than just give me a
     living. I used to be able to keep two assistants, but now I only keep
     one; and I would have a job to pay him but that he is willing to come
     for half wages so as to learn the business."
877,hp,"But if you did not write them, who did?"
878,hp,because it is fairly obvious that you have a very special and immediate interest in the case.
879,mm,"Joanna seemed to me a particularly—you know, capable girl."
880,sh,"Down on the beach. Exactly where poor McPherson met his end. If this
     man's heart had been weak as McPherson's was, he would not be here
     now. More than once I thought he was gone as I brought him up. It was
     too far to The Gables, so I made for you."
881,sh,"Yes, we've had a scare in this part lately. Old Acton, who is one of
     our county magnates, had his house broken into last Monday. No great
     damage done, but the fellows are still at large."
882,sh,"I was weary of our little sitting-room and gladly acquiesced. For
     three hours we strolled about together, watching the ever-changing
     kaleidoscope of life as it ebbs and flows through Fleet Street and
     the Strand. His characteristic talk, with its keen observance of
     detail and subtle power of inference held me amused and enthralled.
     It was ten o'clock before we reached Baker Street again. A brougham
     was waiting at our door."
883,hp,"Take James here—weak as water, if I weren’t
about to look after him."
884,sh,"If you will take one elbow of the too faithful Dolores, I
     will take the other. There, now,"
885,sh,"said he.

     There had been some talking in gruff voices outside, and now Mrs.
     Hudson opened the door to say that there were three men inquiring for
     Captain Basil."
886,sh,"But
     as to your ideas that the man had robbed the house before William
     tackled him, I think it a most absurd notion. Wouldn't we have found
     the place disarranged, and missed the things which he had taken?"
887,mm,I understand—I think you are right. I wish you good luck in the life you are now going to begin.
888,hp,"I can see nothing. It was an ant, perhaps?"
889,hp,"and he is an Italian, and Italians use the knife! And they are great liars! I do not like Italians."
890,hp,"she stabbed him in the dark, not realizing that he was dead already, but somehow deduced that he had a watch in his pyjama pocket, took it out, put back the hands blindly and gave it the requisite dent."
891,sh,"Oh, he mentioned his
     name, did he? That was imprudent. What was the name that he
     mentioned?"
892,hp,What did I tell you? I have learned to be very acute—to read the face. It is necessary. Only in America do they teach you the proper way to sell.
893,sh,"I've a bill against her for a nearly a
     hundred pounds, and nothing to show for it but a couple of trumpery
     pendants that the dealer would hardly look at. She attached herself
     to Mrs. Peters and me at Baden--it is a fact that I was using another
     name at the time--and she stuck on to us until we came to London. I
     paid her bill and her ticket. Once in London, she gave us the slip,
     and, as I say, left these out-of-date jewels to pay her bills. You
     find her, Mr. Holmes, and I'm your debtor."
894,hp,When was this M. Ratchett last seen alive?
895,mm,"I have lived in Hell. I hope, at least, that I may expiate my crime by dying honourably."
896,mm,"About a very beautiful girl whom you killed,"
897,mm,"Oh I know. Yes, we’ve heard already. We’ve heard from Professor Wanstead and from the legal department and from the police authorities. Yes, it’s been a splendid job, Miss Marple. We congratulate you."
898,hp,"Some day, I feel, we’ve got to make a stand and fight it out. Her attitude isn’t reasonable."
899,mm,One always does. Is Miss Instow a pretty girl? I suppose she plays golf?
900,mm,"My dear lady, Miss Temple is not an old friend of yours or anything like that. Sad as this accident has been."
901,mm,Sometimes one remembers a voice even if one hasn’t heard it for over a year.
902,sh,"Official requisition for your services is in separate envelope. This
     is for your private eye. Wire me what train in the morning you can
     get for Birlstone, and I will meet it--or have it met if I am too
     occupied. This case is a snorter. Don't waste a moment in getting
     started. If you can bring Mr. Holmes, please do so; for he will find
     something after his own heart. We would think the whole thing had
     been fixed up for theatrical effect if there wasn't a dead man in the
     middle of it. My word! it is a snorter."
903,sh,"I think, perhaps, we had better go down to Tredannick Wartha
     without further delay. I confess that I have seldom known a case
     which at first sight presented a more singular problem."
904,mm,that Miss Cram may just like having an interesting job? And that she considers Dr. Stone just as an employer?
905,sh,"Ah, you must give us a little time,"
906,sh,Did you ever know him to cut himself in shaving before?
907,hp,I mean that this is not a crime that was committed single-handed. Two people were in it. It is quite true that you could not have typed that letter and at the same time gone to the cove—but there would have been time for you to have jotted down that letter in shorthand—and for someone else to have typed it in your room while you yourself were absent on your murderous errand.
908,hp,You must excuse me. I like attacking established institutions.
909,sh,"And now, sir, since
     you are here, we had best have a clear account from your own lips. My
     friend here knows nothing of the details."
910,hp,"that the fingerprints on the
dagger handle are those of Mr. Ackroyd himself. It is an easy matter to
verify. His body is still available."
911,sh,"A threadbare and venerable device, but useful upon occasion. I
     walked into the doctor's yard this morning and shot my syringe full
     of aniseed over the hind wheel. A draghound will follow aniseed from
     here to John o' Groat's, and our friend Armstrong would have to drive
     through the Cam before he would shake Pompey off his trail. Oh, the
     cunning rascal! This is how he gave me the slip the other night."
912,sh,"Don't you smoke? Then you will
     excuse me if I light my pipe. If your man is more dangerous than the
     late Professor Moriarty, or than the living Colonel Sebastian Moran,
     then he is indeed worth meeting. May I ask his name?"
913,mm,The whole thing’s a sell. There never was a female missionary. It must be a code.
914,mm,Gardeners don’t work on Whit Monday. Everybody knows that.
915,sh,"Your cipher was not difficult, madam. Your presence here was
     desirable. I knew that I had only to flash 'Vieni' and you would
     surely come."
916,hp,"I put that in to please you, my friend."
917,sh,"Your red-headed idea was very new and
     effective."
918,sh,"I stooped to the hole, and recoiled in horror. Moonlight was
     streaming into the room, and it was bright with a vague and shifty
     radiance. Looking straight at me, and suspended, as it were, in the
     air, for all beneath was in shadow, there hung a face,--the very face
     of our companion Thaddeus. There was the same high, shining head, the
     same circular bristle of red hair, the same bloodless countenance.
     The features were set, however, in a horrible smile, a fixed and
     unnatural grin, which in that still and moonlit room was more jarring
     to the nerves than any scowl or contortion. So like was the face to
     that of our little friend that I looked round at him to make sure
     that he was indeed with us. Then I recalled to mind that he had
     mentioned to us that his brother and he were twins."
919,hp,"Are you suggesting that Miss Darnley’s mixed up in this? Nonsense, seems absurd to me. Why should she be?"
920,mm,"I know what you mean, dear. We women—well, it’s different."
921,mm,there is one thing that you don’t know.
922,mm,"Actually the next thing was my arrival at The Old Manor House. The kindness of my reception and taking up my stay there under their hospitable roof. That again had been arranged by Mr. Rafiel. So I knew that I must go there, but not for what reason I was to go there. It might be merely a place where more information would come to me to lead me onwards in my quest. I am sorry,"
923,sh,"Little
     Purlington is in Essex, I believe, not far from Frinton. Well, of
     course you will start at once. This is evidently from a responsible
     person, the vicar of the place. Where is my Crockford? Yes, here we
     have him: 'J. C. Elman, M. A., Living of Moosmoor cum Little
     Purlington.' Look up the trains, Watson."
924,hp,True. And these last two compartments are occupied by men.
925,mm,"I expect every one of us suspects someone different. In fact, one can see they do."
926,mm,"it seems indicated that there is someone on our coach tour who recognized Miss Temple or knew who she was, but who perhaps after the passage of some years was not remembered or might even not have been recognized by Miss Temple. It seems to throw it back on our passengers, does it not?"
927,hp,"Say what you like, trial by jury is a sound system."
928,sh,"Quite so. We will come to the bicycle presently. To continue our
     reasoning: if these people did not go by the road, they must have
     traversed the country to the north of the house or to the south of
     the house. That is certain. Let us weigh the one against the other.
     On the south of the house is, as you perceive, a large district of
     arable land, cut up into small fields, with stone walls between them.
     There, I admit that a bicycle is impossible. We can dismiss the idea.
     We turn to the country on the north. Here there lies a grove of
     trees, marked as the 'Ragged Shaw,' and on the farther side stretches
     a great rolling moor, Lower Gill Moor, extending for ten miles and
     sloping gradually upwards. Here, at one side of this wilderness, is
     Holdernesse Hall, ten miles by road, but only six across the moor. It
     is a peculiarly desolate plain. A few moor farmers have small
     holdings, where they rear sheep and cattle. Except these, the plover
     and the curlew are the only inhabitants until you come to the
     Chesterfield high road. There is a church there, you see, a few
     cottages, and an inn. Beyond that the hills become precipitous.
     Surely it is here to the north that our quest must lie."
929,hp,"Let us get back to the culpable conduct of Dr. Sheppard,"
930,hp,"Saw him give young Redfern a dirty look once or twice. Dark horse, Marshall. Looks very meek and mild and as though he were half asleep all the time—but that’s not his reputation in the City. I’ve heard a thing or two about him. Nearly had up for assault once. Mind you, the fellow in question had put up a pretty dirty deal. Marshall had trusted him and the fellow had let him down cold. Particularly dirty business, I believe. Marshall went for him and half-killed him. Fellow didn’t prosecute—too afraid of what might come out. I give you that for what it’s worth."
931,mm,"We were bound to guess, you know. And you haven’t given us the name of the place or anything that really matters."
932,sh,"my suggestion is that we lock this
     door, leave things as we found them, go with this lady to her room,
     and form our opinion after we have heard what it is that she has to
     say to us."
933,sh,"I fancy
     that my pal is all right, though I see you have got his coat-tails."
934,sh,"Still, I confess that I miss my rubber. It is the
     first Saturday night for seven-and-twenty years that I have not had
     my rubber."
935,mm,"Do you think—I have often wondered—do you think that Mr. Rafiel had any particular interest in criminology, the study of it, I mean? He—well, I don’t know…."
936,sh,Then go to London and test your conclusions.
937,hp,Mr. Pennington was sufficiently perturbed to tell a rather stupid lie. He was not in the temple of Abu Simbel when that boulder fell. I—moi qui vous parle—can swear to that. I had just come from there.
938,mm,"Yes, I know. That’s what my nephew, Raymond West, would say. He’d tell me I hadn’t a shadow of proof. But I remember Walter Hones, who kept the Green Man. Walking home with his wife one night she fell into the river—and he collected the insurance money! And one or two other people that are walking about scot-free to this day—one indeed in our own class of life. Went to Switzerland for a summer holiday climbing with his wife. I warned her not to go—the poor dear didn’t get angry with me as she might have done—she only laughed. It seemed to her funny that a queer old thing like me should say such things about her Harry. Well, well, there was an accident—and Harry is married to another woman now. But what could I do? I knew, but there was no proof."
939,sh,"That is my
     magnum opus--the pile of papers on the side table yonder. It is my
     analysis of the documents found in the Coptic monasteries of Syria
     and Egypt, a work which will cut deep at the very foundations of
     revealed religion. With my enfeebled health I do not know whether I
     shall ever be able to complete it now that my assistant has been
     taken from me. Dear me, Mr. Holmes; why, you are even a quicker
     smoker than I am myself."
940,mm,that those two women were private agents accompanying you for your protection?
941,hp,a person A who has grievously wronged a person B. The person B desires the revenge. The person B makes the threats.
942,hp,"It
will be a great privilege to watch you at work——Hallo, what’s this?"
943,mm,"And someone called Miss Bartlett, I think it is, who lives with her—"
944,sh,"Why don't you introduce this
     pattern at Scotland Yard?"
945,hp,"I’ve decided, more or less, on a course of action. But I’d like your opinion on it before I act decisively."
946,sh,"He has considerable gifts himself. He possesses two out of
     the three qualities necessary for the ideal detective. He has the
     power of observation and that of deduction. He is only wanting in
     knowledge; and that may come in time. He is now translating my small
     works into French."
947,mm,Very painful and distressing things happen in villages sometimes.
948,sh,"Yes, Mr. Holmes; Cyril Morton, an electrical engineer, and we hope
     to be married at the end of the summer. Dear me, how did I get
     talking about him? What I wished to say was that Mr. Woodley was
     perfectly odious, but that Mr. Carruthers, who was a much older man,
     was more agreeable. He was a dark, sallow, clean-shaven, silent
     person; but he had polite manners and a pleasant smile. He inquired
     how we were left, and on finding that we were very poor he suggested
     that I should come and teach music to his only daughter, aged ten. I
     said that I did not like to leave my mother, on which he suggested
     that I should go home to her every week-end, and he offered me a
     hundred a year, which was certainly splendid pay. So it ended by my
     accepting, and I went down to Chiltern Grange, about six miles from
     Farnham. Mr. Carruthers was a widower, but he had engaged a
     lady-housekeeper, a very respectable, elderly person, called Mrs.
     Dixon, to look after his establishment. The child was a dear, and
     everything promised well. Mr. Carruthers was very kind and very
     musical, and we had most pleasant evenings together. Every week-end I
     went home to my mother in town."
949,mm,I suppose you don’t know. I’ve forgotten to tell you. Miss Bradbury-Scott very kindly asked me to come back and stay another night—or two nights—here.
950,sh,"It was easier to know it than to explain why I knew it. If you were
     asked to prove that two and two made four, you might find some
     difficulty, and yet you are quite sure of the fact. Even across the
     street I could see a great blue anchor tattooed on the back of the
     fellow's hand. That smacked of the sea. He had a military carriage,
     however, and regulation side whiskers. There we have the marine. He
     was a man with some amount of self-importance and a certain air of
     command. You must have observed the way in which he held his head and
     swung his cane. A steady, respectable, middle-aged man, too, on the
     face of him--all facts which led me to believe that he had been a
     sergeant."
951,hp,But I guess every nation likes its own girls best.
952,mm,"And Mrs. Toomie’s cook mistook them for onions, and all the Toomies were very ill indeed."
953,sh,"There is one other point,
     however. Is this handwriting the same as that upon the pearl-box
     addresses?"
954,sh,"He gave an exclamation; that was all. I waited but he never
     returned. Then I walked home. Next morning, after the office opened,
     they came to inquire. About twelve o'clock we heard the terrible
     news. Oh, Mr. Holmes, if you could only, only save his honour! It was
     so much to him."
955,hp,Were you far from the sea where you were sitting?
956,hp,"Rather! I knew this place before there was a hotel on it. There were just a few fishermen’s cottages at Leathercombe Bay and a tumbledown old house, all shut up, on the island."
957,sh,"Mr. Gibson
     seems to have a nice loyal household. But the warning is a useful
     one, and now we can only wait till the man himself appears."
958,sh,"and the reason why I tell you is
     that I hope frankness may beget frankness. What my next step may be
     will depend entirely upon the nature of your own defence."
959,mm,"but really you know, I’m not so young and vigorous as you are, Mrs. Riseley-Porter, and I really feel after all the—well, shock and everything else the last few days, I really must have a complete twenty-four hours’ rest."
960,sh,"There are limits, you see, to our friend's
     intelligence.  It would have been a coup-de-maître had he deduced
     what I would deduce and acted accordingly."
961,mm,"Of course, all that we were told is very interesting,"
962,mm,It all perplexes me very much indeed. But curious things do happen. At Lady Sharpley’s garden party last year the man who was arranging the clock golf tripped over one of the numbers—quite unconscious he was—and didn’t come round for about five minutes.
963,sh,someone cut out this message with a scissors--
964,hp,"Is it permitted that I, too, see him?"
965,mm,"About herself, you know, and her people. They all seem to be dead or in India. Very sad. By the way, she has gone to Old Hall for the weekend."
966,mm,"I suppose there’s no doubt about what she says, eh?"
967,sh,"Yes, sir. I married, and so left the hospital, and with it all hopes
     of a consulting practice. It was necessary to make a home of my own."
968,sh,"He speaks as a pupil to his master,"
969,mm,"She may remember. By the way, there seems to me to be one curious fact that needs explanation. Mrs. Lestrange, the Mystery Lady of St. Mary Mead, paid a visit to old Protheroe after dinner on Wednesday night. And nobody seems to have any idea what it was all about. Old Protheroe said nothing to either his wife or Lettice."
970,mm,"You have a very nice garden, I expect,"
971,hp,"That’s an idea, that is. Ought to be put in a book."
972,mm,"Then you think the same as I do,"
973,hp,Linnet Doyle’s dead—shot through the head last night.
974,hp,"That’s what Dr. Kerr says. I’m glad it was that way, poor old soul. A decent woman she was."
975,sh,"Send the boy for a four-wheeler,
     and we shall be off at once."
976,sh,"we'll talk about it when we've had
     something to eat."
977,hp,"It makes me madder than a hornet to be disbelieved,"
978,sh,"The name of the maker, no doubt; or his monogram, rather."
979,hp,What does that matter? A woman’s as old as she looks! Her looks are all right.
980,sh,"How did you know, for example, that I did manual
     labour. It's as true as gospel, for I began as a ship's carpenter."
981,sh,"I've wanted to meet you for some time,"
982,sh,"Can a husband ever carry
     about a secret all his life and a woman who loves him have no
     suspicion of it? I knew it by his refusal to talk about some episodes
     in his American life. I knew it by certain precautions he took. I
     knew it by certain words he let fall. I knew it by the way he looked
     at unexpected strangers. I was perfectly certain that he had some
     powerful enemies, that he believed they were on his track, and that
     he was always on his guard against them. I was so sure of it that for
     years I have been terrified if ever he came home later than was
     expected."
983,hp,—so difficult to know which pieces are part of the fur rug and which are the cat’s tail.
984,mm,"Anyway, there wouldn’t have been time for a quarrel,"
985,sh,"Perhaps we can clear the point up before we separate,"
986,sh,"Possibly it is
     familiar to you. In any case, my business is that of every other good
     citizen--to uphold the law. It seems to me that you have much to
     answer for."
987,sh,"Even in his chastened frame of mind the noble miser could give us no
     information which could help us, for he knew little of the private
     life of his nephew. Our only clue lay in the truncated telegram, and
     with a copy of this in his hand Holmes set forth to find a second
     link for his chain. We had shaken off Lord Mount-James, and Overton
     had gone to consult with the other members of his team over the
     misfortune which had befallen them.

     There was a telegraph-office at a short distance from the hotel. We
     halted outside it."
988,mm,"It is most kind of you, Mr. Clement,"
989,sh,"the most
     extraordinary and tragic affair has occurred during the night. It is
     the most unheard-of business. We can only regard it as a special
     Providence that you should chance to be here at the time, for in all
     England you are the one man we need."
990,hp,"Not so much that, but I think I put the wind up Pennington. I felt convinced he wouldn’t try anymore funny business for some time, and by then I hoped to have got intimate enough with Mr. and Mrs. Doyle to convey some kind of a warning. As a matter of fact I hoped to do so through Doyle. Mrs. Doyle was so attached to Mr. Pennington that it would have been a bit awkward to suggest things to her about him. It would have been easier for me to approach the husband."
991,hp,this is a matter of life and death. What does it matter what happens to our clothes?
992,mm,"I should say, if you say that about yourself, that you are probably speaking the truth. You are, perhaps, a medical man."
993,mm,"But, as a matter of fact, it was Lettice Protheroe who upset her. Mary came back from the inquest in rather a temperamental state and found Lettice here and—well, they had words."
994,hp,"You might not. You might not. But we will go into that presently. The question is, what to do?"
995,sh,"He is my husband, Gennaro
     Lucca. I am Emilia Lucca, and we are both from New York. Where is
     Gennaro? He called me this moment from this window, and I ran with
     all my speed."
996,mm,I’m afraid I don’t quite understand what you’re talking about.
997,mm,Neither at two thirty nor any other time.
998,mm,"It’s different for you and your sisters who’ve lived here and who knew the dead girl. She was, I gather, as Archdeacon Brabazon was saying—a very charming and beautiful girl."
999,sh,"I think also that the probability is in favour of his being a
     country practitioner who does a great deal of his visiting on foot."
1000,hp,Did you hear any noise from M. Ratchett’s compartment after that?
1001,sh,"Mr. Woodley seemed to me to be a most odious person. He was for ever
     making eyes at me--a coarse, puffy-faced, red-moustached young man,
     with his hair plastered down on each side of his forehead. I thought
     that he was perfectly hateful--and I was sure that Cyril would not
     wish me to know such a person."
1002,sh,"Quite so. These are what one may call the private guests. Now, what
     in the world is Mr. James Wilder doing in that den at this hour of
     night, and who is the companion who comes to meet him there? Come,
     Watson, we must really take a risk and try to investigate this a
     little more closely."
1003,hp,"See you, if they were both in this together, what should we expect to find—that each of them would provide an alibi for the other. Is not that so? But no—that does not happen. Miss Debenham’s alibi is provided by a Swedish woman whom she has never seen before, and Colonel Arbuthnot’s alibi is vouched for by MacQueen, the dead man’s secretary. No, that solution of the puzzle is too easy."
1004,mm,"If you ask me, I say ‘blackmail.’ Seems funny, when you think of what Colonel Protheroe was always supposed to be. But there, you never can tell. He wouldn’t be the first churchwarden who’d led a double life."
1005,mm,"When you said that the young people were engaged. You said that that was what made it so sad. But, if you know what I mean, your voice didn’t sound right when you said it—not convincing, you know."
1006,mm,All I wonder is who wanted to murder her? I should think probably some pupil of hers at the school who always hated her and had it in for her.
1007,mm,"I would not say that. We were fellow visitors in a hotel. We had occasional conversations. I never saw him again after my return to England. I live very quietly in the country, you see, and I gather that he was completely absorbed in business."
1008,sh,"I come now to the body of the young man. It was found near the
     bureau, and just to the left of it, as marked upon that chart. The
     stab was on the right side of the neck and from behind forwards, so
     that it is almost impossible that it could have been self-inflicted."
1009,sh,"No, Mr. Holmes, that is the amazing part of it. There is no possible
     way of reaching the window--and yet he was there."
1010,hp,"From Inspector Glen? What can I do for you, Mr. Poirot?"
1011,mm,"My dear, these things are very common—very common indeed. And gentlemen are especially tempted, being so much the stronger. So easy if a thing looks like an accident. As I say, I knew at once with the Sanders. It was on a tram. It was full inside and I had had to go on top. We all three got up to get off and Mr. Sanders lost his balance and fell right against his wife, sending her headfirst down the stairs. Fortunately the conductor was a very strong young man and caught her."
1012,mm,"Thank you, I will, I am not quite as strong as I was."
1013,hp,"I know. That’s what I keep saying to myself. One mustn’t judge her. All the same, I thought I’d show you this. I don’t want you to get a false impression of Thora from anything Lady Clarke may have said."
1014,mm,"Joanna told me that she had the impression there was someone on the hillside. Rather high up. She and Emlyn were climbing up from the lower main path, following a rough track that wound round the curve of the hill. As they turned a corner she definitely saw, outlined against the skyline, a man or a woman who was trying to roll a big boulder forward along the ground. The boulder was rocking—and finally it started to roll, at first slowly and then gathering speed down the hillside. Miss Temple was walking along the main path below, and had come to a point just underneath it when the boulder hit her. If it was done deliberately it might not, of course, have succeeded; it might have missed her—but it did succeed. If what was being attempted was a deliberate attack on the woman walking below it succeeded only too well."
1015,mm,what the old lady meant by that remark about a policeman?
1016,mm,"And such nice ladies as they all are, too—Miss Anthea is the scatty one, but Miss Clotilde went to university and is very brainy—she talks three languages—and Mrs. Glynne, she’s a very nice lady indeed. I thought when she came to join them as things might go better. But you never know, do you, what the future holds? I feel sometimes, as though there was a doom on this house."
1017,mm,"It’s only the vaguest impression in my mind,"
1018,sh,"You don't look quite the man you did when I threw you over the ropes
     into the crowd at the Old Deer Park. I expect I have changed a bit
     also. But it's this last day or two that has aged me. I see by your
     telegram, Mr. Holmes, that it is no use my pretending to be anyone's
     deputy."
1019,hp,Certainly I did. As soon as I heard of the shocking occurrence I perceived that my statement might be helpful and came forward accordingly.
1020,mm,you wondered if that someone was one of our fellow travellers.
1021,mm,but I don’t think today I feel quite strong enough for expeditions. Perhaps tomorrow if there is anything interesting to see.
1022,sh,"Oh, there can be no doubt as to the sequence of events,"
1023,sh,"A big P with a flourish above it, E and N smaller?"
1024,hp,Well—naturally—my husband and I cannot continue being subjected to this annoyance. There must be some kind of legal redress against such a thing.
1025,hp,"We all do these things when we are young,"
1026,mm,"The friend who sent me on this tour and paid all my expenses, is now dead. He was a Mr. Rafiel, a very rich man. Did you by any chance know him?"
1027,hp,"Yes, indeed. I cannot think of any detail that has escaped me."
1028,mm,and I have always heard that in these tours they are careful to provide restful intervals for such people who are not particularly strong.
1029,sh,"Lestrade whispered.

     But before we could move the man had emerged again. As he came out
     into the glimmering patch of light we saw that he carried something
     white under his arm. He looked stealthily all round him. The silence
     of the deserted street reassured him. Turning his back upon us he
     laid down his burden, and the next instant there was the sound of a
     sharp tap, followed by a clatter and rattle. The man was so intent
     upon what he was doing that he never heard our steps as we stole
     across the grass plot. With the bound of a tiger Holmes was on his
     back, and an instant later Lestrade and I had him by either wrist and
     the handcuffs had been fastened. As we turned him over I saw a
     hideous, sallow face, with writhing, furious features, glaring up at
     us, and I knew that it was indeed the man of the photograph whom we
     had secured.

     But it was not our prisoner to whom Holmes was giving his attention.
     Squatted on the doorstep, he was engaged in most carefully examining
     that which the man had brought from the house. It was a bust of
     Napoleon like the one which we had seen that morning, and it had been
     broken into similar fragments. Carefully Holmes held each separate
     shard to the light, but in no way did it differ from any other
     shattered piece of plaster. He had just completed his examination
     when the hall lights flew up, the door opened, and the owner of the
     house, a jovial, rotund figure in shirt and trousers, presented
     himself."
1030,sh,"I am a bit of an archaeologist myself when it comes to houses,"
1031,sh,"He was a
     devil and a monster, and there can be no judge in the world who would
     punish my husband for having killed him."
1032,mm,"that we’re all inclined to let our tongues run away with us too much. Charity thinketh no evil, you know. Inestimable harm may be done by foolish wagging of tongues in ill-natured gossip."
1033,sh,Without a word the Duke pressed the electric bell. A servant entered.
1034,hp,"Your responsibility, Mr. Pennington, and that of your partner, has been a very grave one."
1035,sh,"I can follow each of your arguments. I confess,
     however, that I am unable to understand how you arrive at the double
     visit to the optician."
1036,mm,"I think I’m wrong. No. I don’t think she’s concerned in this business, whatever it is, in any way. Oh dear, I feel Mr. Rafiel expected me to be much cleverer than I am being. I think he expected me to put things together—but what things? And what do I do next, I wonder?"
1037,sh,"I have
     already heard of your meeting with Mrs. Barclay, and your mutual
     recognition.  You then, as I understand, followed her home and saw
     through the window an altercation between her husband and her, in
     which she doubtless cast his conduct to you in his teeth.  Your own
     feelings overcame you, and you ran across the lawn and broke in upon
     them."
1038,hp,That’s a fantastic thought! All the crimes must have been committed by the same person!
1039,hp,"Look here, sir, let’s look at it this way. Supposing Miss Darnley wasn’t on Sunny Ledge this morning as she says. That story’s a lie. Now suppose that after telling us her story, she finds that somebody saw her somewhere else or alternatively that someone went to the Ledge and didn’t find her there. Then she thinks up this story quick and comes and tells it to us to account for her absence. You’ll notice that she was careful to say Captain Marshall didn’t see her when she looked into his room."
1040,mm,"We don’t want you falling down with a heart attack, even if you are looking at a particularly sumptuous fountain or something. You’re a bit old, you know, to do this sort of thing. Excuse me saying it, it sounds rude, but I don’t like to think of you passing out because you’ve done too much or anything like that."
1041,hp,"It is the kind you get on a train,"
1042,hp,that Miss Debenham’s father and brothers were at the same kind of school as Colonel Arbuthnot.
1043,sh,"Well, it is not for me to judge you,"
1044,hp,"She is truly grande dame. These two are also of the same position, but the Count impressed me as a man of somewhat truculent disposition. He was not pleased when you insisted on questioning his wife. And this will annoy him still further. Suppose—eh—we omit them. After all, they can have nothing to do with the matter. Why should I stir up needless trouble for myself."
1045,hp,I should like a word or two with young M. MacQueen. He may be able to give us valuable information.
1046,sh,"this is too much. You would certainly have
     been burned, had you lived a few centuries ago. It is true that I had
     a country walk on Thursday and came home in a dreadful mess, but as I
     have changed my clothes I can't imagine how you deduce it. As to Mary
     Jane, she is incorrigible, and my wife has given her notice, but
     there, again, I fail to see how you work it out."
1047,sh,"it's as
     workmanlike a job as I can remember."
1048,sh,"I would have spoken now had it not been for my dear girl. It would
     break her heart--it will break her heart when she hears that I am
     arrested."
1049,sh,"Come, Watson!
     And you, Lestrade, could you favour us with your company for an hour
     or two? We will begin our investigation by a visit to Aldgate
     Station. Good-bye, Mycroft. I shall let you have a report before
     evening, but I warn you in advance that you have little to expect."
1050,mm,"I’m going to spend it, you know. I’m going to have some fun with it."
1051,hp,And she—what do you think she thought of him?
1052,sh,"And now, Lord
     Holdhurst, we have already taken up too much of your valuable time,
     and we shall wish you good-day."
1053,sh,"We got off, paid our fare, and the trap rattled back on its way to
     Leatherhead."
1054,sh,"You work your own method,
     and I shall work mine. I shall be busy this afternoon, and shall
     probably return to London by the evening train."
1055,sh,"I had intended to bury myself in central Africa. My work there is
     but half finished."
1056,sh,"was the message, and the place of origin,
     Baden."
1057,sh,"Twenty-two guineas is rather heavy for a
     single costume. However there appears to be nothing more to learn,
     and we may now go down to the scene of the crime."
1058,mm,She died quite a number of years ago. Did you know that?
1059,hp,Yes. He spoke against Mrs. Doyle once or twice. I myself have heard him.
1060,mm,"You take very good care of me, Cherry,"
1061,hp,"You are very full of an insular superiority, but for myself I consider your crime not an English crime at all—not aboveboard—not sporting—"
1062,sh,"That's my name, Masser Holmes, and you'll get put through it for
     sure if you give me any lip."
1063,mm,"but like you I heard from a friend that they had seen a notice of her remarriage. Her name now is, I believe, Mrs. Alderson or Anderson. Her address is Winslow Lodge, near Alton, Hants. My brother sends his best wishes to you. It is sad that we live so far apart. We in the north of England and you south of London. I hope that we may meet on some occasion in the future.

Yours sincerely,

Joan Prescott."
1064,sh,"Ah, my unfortunate nephew! You can understand that our kinship makes
     it the more impossible for me to screen him in any way. I fear that
     the incident must have a very prejudicial effect upon his career."
1065,hp,"Then we confess ourselves beaten there. The next question has, at any rate, possibilities. Who was the man or woman masquerading in Wagon Lit uniform? Well, one can say with certainty a number of people whom it could not be. Hardman, Colonel Arbuthnot, Foscarelli, Count Andrenyi and Hector MacQueen are all too tall. Mrs. Hubbard, Hildegarde Schmidt and Greta Ohlsson are too broad. That leaves the valet, Miss Debenham, Princess Dragomiroff and Countess Andrenyi—and none of them sounds likely! Greta Ohlsson in one case and Antonio Foscarelli in the other both swear that Miss Debenham and the valet never left their compartments, Hildegarde Schmidt swears to the Princess being in hers, and Count Andrenyi has told us that his wife took a sleeping draught. Therefore it seems impossible that it can be anybody—which is absurd!"
1066,mm,So you are not going to tell me anything either?
1067,hp,"This button. I cannot understand it. Does it mean that, after all, Pierre Michel is involved in some way?"
1068,sh,Is it possible that it has any bearing upon the case?
1069,mm,"I have some natural curiosity, you know. I really can’t think of any other advantage I conceivably could have. I am slightly deaf. My eyesight is not quite as good as it used to be. I cannot really think that I have any advantages beyond the fact that I may, I suppose, seem rather foolish and simple, and am in fact, what used to be called in rather earlier days an ‘old pussy.’ I am an old pussy. Is that the sort of thing he said?"
1070,mm,"a lot of people are stupid. And stupid people get found out, whatever they do. But there are quite a number of people who aren’t stupid, and one shudders to think of what they might accomplish unless they had very strongly rooted principles."
1071,sh,"He has his own little methods, which are, if
     he won't mind my saying so, just a little too theoretical and
     fantastic, but he has the makings of a detective in him. It is not
     too much to say that once or twice, as in that business of the Sholto
     murder and the Agra treasure, he has been more nearly correct than
     the official force."
1072,sh,"That also I have arranged, Mr. Holmes. I wrote to the Duchess this
     morning."
1073,mm,The police constable you saw wasn’t a real police constable. You never thought of him again—one doesn’t—one just accepts one more uniform as part of the law.
1074,hp,It is not my desire to speak technically—that is only confusing—but I can assure you that one or two of the blows were delivered with such force as to drive them through hard belts of bone and muscle.
1075,sh,"He relapsed into a moody silence,
     which was not broken until we drew up in Serpentine Avenue.

     The door of Briony Lodge was open, and an elderly woman stood upon
     the steps. She watched us with a sardonic eye as we stepped from the
     brougham."
1076,hp,"Mrs. Gardener’s been in grand form this morning. Absolutely nonstop. ‘Isn’t that so, Odell?’ ‘Yes, darling.’"
1077,mm,That’s the point of the telephone call. Kind of alibi. Knew we’d connect it with the first one. I’m going to look into this. She may have bribed some village lad to do the phoning for her. He’d never think of connecting it with the murder.
1078,hp,"You call it guessing. I call it knowing, my friend."
1079,hp,"I’m afraid I can tell you very little,"
1080,hp,"My dear Inspector, she came down to the beach before Mrs. Marshall could have reached Pixy Cove and she was within my sight until she set off with Mr. Redfern in the boat."
1081,sh,"The family was at one time among the richest in England, and the
     estates extended over the borders into Berkshire in the north, and
     Hampshire in the west. In the last century, however, four successive
     heirs were of a dissolute and wasteful disposition, and the family
     ruin was eventually completed by a gambler in the days of the
     Regency. Nothing was left save a few acres of ground, and the
     two-hundred-year-old house, which is itself crushed under a heavy
     mortgage. The last squire dragged out his existence there, living the
     horrible life of an aristocratic pauper; but his only son, my
     stepfather, seeing that he must adapt himself to the new conditions,
     obtained an advance from a relative, which enabled him to take a
     medical degree and went out to Calcutta, where, by his professional
     skill and his force of character, he established a large practice. In
     a fit of anger, however, caused by some robberies which had been
     perpetrated in the house, he beat his native butler to death and
     narrowly escaped a capital sentence. As it was, he suffered a long
     term of imprisonment and afterwards returned to England a morose and
     disappointed man."
1082,hp,"I think it would be better for Madame to have a different number altogether. The No. 12, for instance."
1083,mm,"Mrs. Glynne and her two sisters have been very kind,"
1084,mm,"Don’t be so—so manly, Arthur. Men are always afraid to say anything. Anyway, this is all between ourselves. It’s just a wild fantastic idea of mine that possibly—only possibly—Jean Instow disguised herself as a fortune-teller. Mind you, she may have done it for a joke. I don’t for a minute think that she meant any harm; but if she did do it, and if Mrs. Pritchard was foolish enough to die of fright—well, that’s what Miss Marple meant, wasn’t it?"
1085,hp,"To questions Nos. 9 and 10. Can we be sure that Ratchett was stabbed by more than one person, and what other explanation of the wounds can there be? In my opinion, medically speaking, there can be no other explanation of those wounds. To suggest that one man struck first feebly and then with violence, first with the right hand and then with the left, and after an interval of perhaps half an hour inflicted fresh wounds on a dead body—well, it does not make sense."
1086,hp,"If you solve this case, mon cher, I shall indeed believe in miracles!"
1087,sh,"From what I have seen of the lady she seems indeed to be on a very
     different level to your Majesty,"
1088,mm,by the dying wishes of Michael Rafiel’s father. He asked me to do this for him.
1089,mm,"Yes, ma’am, and it’s upset Gladdie something awful."
1090,sh,"But this is my special hobby, and the differences are equally
     obvious. There is as much difference to my eyes between the leaded
     bourgeois type of a Times article and the slovenly print of an
     evening half-penny paper as there could be between your negro and
     your Esquimau. The detection of types is one of the most elementary
     branches of knowledge to the special expert in crime, though I
     confess that once when I was very young I confused the Leeds Mercury
     with the Western Morning News. But a Times leader is entirely
     distinctive, and these words could have been taken from nothing else.
     As it was done yesterday the strong probability was that we should
     find the words in yesterday's issue."
1091,hp,I speak the language of the tables. At roulette there may be a long run on the black—but in the end red must turn up. It is the mathematical laws of chance.
1092,sh,"He is my general utility
     man who looks up routine business. It was important to know something
     of the man with whom our professor was so secretly corresponding. His
     nationality connects up with the Prague visit."
1093,sh,"Oh, if you find your own cases more interesting than mine--"
1094,hp,"I’m trusting you now, M. Poirot. I’m going to give you the absolute truth. Don is, as I say, a very quiet person—a bottled-up person, if you know what I mean. He can’t always express what he feels in words. But underneath it all he minds things terribly. And he’s got a jealous nature. He was always jealous of Betty. He was devoted to her—and of course she was very fond of him, but it wasn’t in Betty to be fond of one person and not notice anybody else. She wasn’t made that way. She’d got a—well, an eye for any nice-looking man who’d pass the time of day with her. And of course, working in the Ginger Cat, she was always running up against men—especially in the summer holidays. She was always very pat with her tongue and if they chaffed her she’d chaff back again. And then perhaps she’d meet them and go to the pictures or something like that. Nothing serious—never anything of that kind—but she just liked her fun. She used to say that as she’d got to settle down with Don one day she might as well have her fun now while she could."
1095,hp,"Oh, it’s of no consequence, really. But, as a matter of fact, my
conscience has been pricking me ever since yesterday afternoon. You
accused us all of keeping back something, M. Poirot. I plead guilty.
I’ve had something up my sleeve."
1096,mm,"Because quite a short time afterwards she came back, and she hadn’t got the suitcase with her."
1097,sh,"It is the one quality
     which Gregory lacks. We imagined what might have happened, acted upon
     the supposition, and find ourselves justified. Let us proceed."
1098,sh,"There was no wind that night, I understand,"
1099,mm,That’s just what I wondered myself. Though the explanation was quite simple. In it were a pair of embroidered slippers and some pocket handkerchiefs that the poor girl was embroidering for her husband for Christmas. That’s why she locked the cupboard. The key was found in her handbag.
1100,hp,"Yes, that letter is important. I find it very important."
1101,hp,"And I’ll tell you this, M. Poirot. Ruth—my wife—was innocent. That I know with complete and absolute certainty. In the intimacy of our life I could not have been deceived. She was an innocent victim of circumstances."
1102,mm,that couldn’t be so. The injuries were described very fully at the trial. You don’t commit suicide by beating in your own head.
1103,mm,"Up to now I hope you’ve enjoyed yourself,"
1104,hp,Oh! one of these Balkan things. What can you expect?
1105,sh,"Your three birds are all in their nests,"
1106,sh,"Well, I don't profess to understand it yet. This case of yours is
     very complex, Sir Henry. When taken in conjunction with your uncle's
     death I am not sure that of all the five hundred cases of capital
     importance which I have handled there is one which cuts so deep. But
     we hold several threads in our hands, and the odds are that one or
     other of them guides us to the truth. We may waste time in following
     the wrong one, but sooner or later we must come upon the right."
1107,sh,"There are three hundred pounds in gold and seven hundred in notes,"
1108,sh,He wants us all four to go up to the house together.
1109,sh,"I will go no further in this matter. It is too dangerous--he
     suspects me. I can see that he suspects me. He came to me quite
     unexpectedly after I had actually addressed this envelope with the
     intention of sending you the key to the cipher. I was able to cover
     it up. If he had seen it, it would have gone hard with me. But I read
     suspicion in his eyes. Please burn the cipher message, which can now
     be of no use to you."
1110,sh,"Sherlock Holmes and I had no difficulty in engaging a bedroom and
     sitting-room at the Crown Inn. They were on the upper floor, and from
     our window we could command a view of the avenue gate, and of the
     inhabited wing of Stoke Moran Manor House. At dusk we saw Dr.
     Grimesby Roylott drive past, his huge form looming up beside the
     little figure of the lad who drove him. The boy had some slight
     difficulty in undoing the heavy iron gates, and we heard the hoarse
     roar of the doctor's voice and saw the fury with which he shook his
     clinched fists at him. The trap drove on, and a few minutes later we
     saw a sudden light spring up among the trees as the lamp was lit in
     one of the sitting-rooms."
1111,mm,"You can, can’t you? Say you can. I’ve not much time. I know that. I know it quite well. One of them, but which? Find out. Henry would have said you can. It may be dangerous for you—but you’ll find out, won’t you?"
1112,sh,"I left him full of the image of this magnificent intellect babbling
     like a foolish child. He had handed me the key, and with a happy
     thought I took it with me lest he should lock himself in. Mrs. Hudson
     was waiting, trembling and weeping, in the passage. Behind me as I
     passed from the flat I heard Holmes's high, thin voice in some
     delirious chant. Below, as I stood whistling for a cab, a man came on
     me through the fog."
1113,hp,"I must sympathize with you, Madame—especially as I imagine that you have not often had to put up with things."
1114,hp,"It is a very expensive handkerchief that, and Americans, as all the world knows, do not care what they pay."
1115,hp,"I wished to ask you, Mademoiselle, why you lied to us this morning?"
1116,sh,"Holmes had taken several notes during Mr. Harding's evidence, and I
     could see that he was thoroughly satisfied by the turn which affairs
     were taking. He made no remark, however, save that, unless we
     hurried, we should be late for our appointment with Lestrade. Sure
     enough, when we reached Baker Street the detective was already there,
     and we found him pacing up and down in a fever of impatience. His
     look of importance showed that his day's work had not been in vain."
1117,mm,"Oh no. There’s never been anything. She gets nervous fits of temper sometimes and she takes rather sudden dislikes to people. She’s very jealous, you know, over things. Very jealous of a lot of—well, fuss being made over different people. I don’t know. Sometimes I think we’d better sell this house and leave it altogether."
1118,hp,"Your questions to Mrs. Hubbard were unnecessary. Locked or not locked, the man could easily get through the communicating door. After all, if a Wagon Lit uniform, why not a Wagon Lit key?"
1119,hp,"Oh, I get up. Breakfast in bed’s so stuffy."
1120,mm,"Sir Henry has put it all very clearly—very clearly indeed,"
1121,sh,"You are ready enough to use all the information that the police can
     lay at your disposal, and then you try to finish the case yourself
     and bring discredit on them."
1122,mm,"Did you imagine the agony, the agony of thinking, of knowing you are going to lose the thing you love best in the world. And I was losing it to a miserable, depraved delinquent. A man unworthy of my beautiful, splendid girl. I had to stop it. I had to—I had to."
1123,mm,Because the interpretation is up to you. I want to see if you’re as clever as you always make out.
1124,hp,"I have already told Hastings that I am like the prima donna who makes always one more appearance,"
1125,mm,"I’m quite sure of it, as a matter of fact."
1126,sh,"I said, sir, to the precisely scientific mind. But as a practical
     man of affairs it is acknowledged that you stand alone. I trust, sir,
     that I have not inadvertently--"
1127,hp,And if one did not give her that satisfaction?
1128,hp,"Yes, but what appeal is there? What mystery? I, I am old, of the old school, When I was young, one saw barely the ankle. The glimpse of a foamy petticoat, how alluring! The gentle swelling of the calf—a knee—a beribboned garter—"
1129,hp,"Yes. The day of the murder was a glorious day, but the day before, remember, there was rain and thick mist. Anyone could come on to the island then without being seen. He had only to go down to the beach and spend the night in the cave. That mist, M. Poirot, is important."
1130,hp,I do not think you have either of you appreciated the most interesting point about that watch.
1131,hp,"And, as I say, sailing round this coast is good fun. Hullo, Redfern, have one with me? What’ll you have? Dry Martini? Right. What about you, M. Poirot?"
1132,sh,"Some one calls him a soul concealed in an animal,"
1133,sh,"I need not say that I have confirmed it, Watson,"
1134,sh,"The man is not a burglar, supposing that he ever existed. The ring
     business and the card point to premeditated murder for some private
     reason. Very good. Here is a man who slips into a house with the
     deliberate intention of committing murder. He knows, if he knows
     anything, that he will have a deeficulty in making his escape, as the
     house is surrounded with water. What weapon would he choose? You
     would say the most silent in the world. Then he could hope when the
     deed was done to slip quickly from the window, to wade the moat, and
     to get away at his leisure. That's understandable. But is it
     understandable that he should go out of his way to bring with him the
     most noisy weapon he could select, knowing well that it will fetch
     every human being in the house to the spot as quick as they can run,
     and that it is all odds that he will be seen before he can get across
     the moat? Is that credible, Mr. Holmes?"
1135,mm,But I mean it would be so much better if you came to us. We’d try and make you comfortable.
1136,sh,"He was, indeed, half
     blubbering with fear, and his twitching feeble face peeping out from
     the great Astrakhan collar had the helpless appealing expression of a
     terrified child."
1137,hp,"That’s my theory, for what it is worth. Now tell me yours."
1138,mm,The kind of man who gets the wrong idea into his head and is obstinate about it. Do you remember Joe Bucknell who used to keep the Blue Boar? Such a to-do about his daughter carrying on with young Bailey. And all the time it was that minx of a wife of his.
1139,sh,"I rather fancy that this lady
     may be as anxious to give us information as we can be to get it. You
     understand, madam, that your husband will be arrested and tried for
     the death of the man who lies before us? What you say may be used in
     evidence. But if you think that he has acted from motives which are
     not criminal, and which he would wish to have known, then you cannot
     serve him better than by telling us the whole story."
1140,mm,"But after all, everyone knows quite well about her,"
1141,mm,I feel sure that Mr. Petherick has some clever legal legerdemain up his sleeve.
1142,mm,"I have been reading a lot of American detective stories from the library lately,"
1143,mm,"I suppose, ma’am, there isn’t anything you could do about it? Gladdie’s in ever such a taking."
1144,hp,"Every time we come back to Ralph Paton. How
did you manage to spot Miss Russell as the person Charles Kent came to
meet? Did you notice the resemblance?"
1145,hp,"Imagine my childhood. No, you can’t! You’re not English!"
1146,mm,I think married ones are the worst. Remember poor Mollie Carter.
1147,sh,"That was what I read in the inspector's
     smile."
1148,sh,"He sleeps at the end of the passage and would have to pass my door
     in order to reach the staircase. It was a really terrifying
     experience, Mr. Holmes. I think that I am as strong-nerved as my
     neighbours, but I was shaken by what I saw. The passage was dark save
     that one window halfway along it threw a patch of light. I could see
     that something was coming along the passage, something dark and
     crouching. Then suddenly it emerged into the light, and I saw that it
     was he. He was crawling, Mr. Holmes--crawling! He was not quite on
     his hands and knees. I should rather say on his hands and feet, with
     his face sunk between his hands. Yet he seemed to move with ease. I
     was so paralyzed by the sight that it was not until he had reached my
     door that I was able to step forward and ask if I could assist him.
     His answer was extraordinary. He sprang up, spat out some atrocious
     word at me, and hurried on past me, and down the staircase. I waited
     about for an hour, but he did not come back. It must have been
     daylight before he regained his room."
1149,mm,Can we go somewhere where we can talk?
1150,sh,"you have had your revenge upon them.
     There can be no question that it was your oil-lamp which, when it was
     crushed in the press, set fire to the wooden walls, though no doubt
     they were too excited in the chase after you to observe it at the
     time. Now keep your eyes open in this crowd for your friends of last
     night, though I very much fear that they are a good hundred miles off
     by now."
1151,sh,"What can this man
     possibly know of what has occurred? It is waste of time and money."
1152,sh,"Our birds are flown and the nest empty,"
1153,mm,"Well, I don’t think it ever got as far as that. I don’t think he ever wanted to marry her or thought of such a thing."
1154,hp,Looks as though he knows everything—and what does he know? Nothing at all as far as I can make out.
1155,sh,"I was not sure whether I had left it here or in the
     Shipping Office. I would not lose that stick for the world."
1156,sh,"I have no doubt
     that you have been annoyed more than enough already over this
     business."
1157,mm,"No, there was really only one thing that everyone did know about him."
1158,mm,"You see, I don’t really know what I ought to do. I can’t ask Julian because—well, I mean, Julian’s so full of rectitude. . . ."
1159,mm,"It happened just before dinner, didn’t it? When you took Joyce out to admire the sunset. It is a very favourite place, that. There by the jasmine hedge. That is where the milkman asked Annie if he could put up the banns."
1160,hp,We’re as much in the dark as ever.
1161,hp,"She was lying on the bed, asleep or resting—someone opens the door, she looks up, rises to her feet—"
1162,sh,"Nothing. Stangerson had Drebber's purse in his pocket, but it seems
     that this was usual, as he did all the paying. There was eighty odd
     pounds in it, but nothing had been taken. Whatever the motives of
     these extraordinary crimes, robbery is certainly not one of them.
     There were no papers or memoranda in the murdered man's pocket,
     except a single telegram, dated from Cleveland about a month ago, and
     containing the words, 'J. H. is in Europe.' There was no name
     appended to this message."
1163,sh,"Yes, sir, and got five years for it, though it was he who pulled on
     me. Five years--when I should have had a medal the size of a soup
     plate. No living man could tell a Prescott from a Bank of England,
     and if I hadn't put him out he would have flooded London with them. I
     was the only one in the world who knew where he made them. Can you
     wonder that I wanted to get to the place? And can you wonder that
     when I found this crazy boob of a bug-hunter with the queer name
     squatting right on the top of it, and never quitting his room, I had
     to do the best I could to shift him? Maybe I would have been wiser if
     I had put him away. It would have been easy enough, but I'm a
     soft-hearted guy that can't begin shooting unless the other man has a
     gun also. But say, Mr. Holmes, what have I done wrong, anyhow? I've
     not used this plant. I've not hurt this old stiff. Where do you get
     me?"
1164,sh,"This
     is Mr. Leverton, of Pinkerton's American Agency."
1165,hp,"Does your maid always carry your keys, Madame?"
1166,mm,"If you should find or receive any further instructions in this matter, you will perhaps let me know, Mr. Broadribb. It seems to me extraordinary that there should not be something of that kind. This leaves me entirely in the dark really as to what Mr. Rafiel is asking me to do or try to do."
1167,sh,"--he sank his face into his thin, white hands--"
1168,sh,"Is Briony Lodge, Serpentine Avenue, St. John's Wood."
1169,hp,"A mere bagatelle—but if he had not been in the
billiard room—who knows? After all, many crimes have been committed for
the sake of less than five hundred pounds. It all depends on what sum
is sufficient to break a man. A question of the relativity, is it not
so? Have you reflected, my friend, that many people in that house stood
to benefit by Mr. Ackroyd’s death? Mrs. Ackroyd, Miss Flora, young Mr.
Raymond, the housekeeper, Miss Russell. Only one, in fact, does not,
Major Blunt."
1170,mm,"Indeed I can’t. There is Lettice Protheroe, I suppose, since she probably comes into money on her father’s death. But it is absurd to think of her in such a connection, and outside her I can think of nobody."
1171,hp,The handkerchief to begin with. Let us by all means be orderly and methodical.
1172,sh,"Have you, though? You haven't been slow on the job if you only
     started this morning. Maybe dear Adelbert has met his match this
     time. The outer study is the one with the Chinese crockery in it--big
     glass cupboard between the windows. Then behind his desk is the door
     that leads to the inner study--a small room where he keeps papers and
     things."
1173,sh,"I think your idea is
     an excellent one."
1174,mm,"it’s extraordinary, I never thought about it before. I believe, you know, I could be ruthless…."
1175,sh,"I feared as much. How was it
     done?"
1176,hp,"There are better reasons than that for leaving Mrs. Redfern out of it. It would, I am convinced, be physically impossible and mentally impossible for her to strangle anyone. She is cold rather than warm blooded, capable of deep devotion and unswerving constancy, but not of hot-blooded passion or rage. Moreover, her hands are far too small and delicate."
1177,hp,"You have not
the nerve—the courage. But I must have the truth."
1178,hp,"What’s it to do with me, anyway? Told it to the blarsted police, I ’ave, and now I’ve got to spit it all out again to a couple of blarsted foreigners."
1179,hp,"It is that you have really the love of the machinery,"
1180,sh,"But he has a struggle to keep up his position. He is far from rich
     and has many calls. You noticed, of course, that his boots had been
     re-soled? Now, Watson, I won't detain you from your legitimate work
     any longer. I shall do nothing more to-day, unless I have an answer
     to my cab advertisement. But I should be extremely obliged to you if
     you would come down with me to Woking to-morrow, by the same train
     which we took yesterday."
1181,mm,not an enthusiastic young man. He could have thanked you a bit more enthusiastically for what you did for him.
1182,hp,"She hasn’t wasted much time! Shoved her knife into her pretty thoroughly, I should imagine! The younger generation has no sentiment towards the dead. It’s a pity all young people are prigs! They condemn the ‘old morality’ and then proceed to set up a much more hard-and-fast code of their own. If Mrs. Leidner had had half a dozen affairs Sheila would probably have approved of her as ‘living her life fully’—or ‘obeying her blood instincts.’ What she doesn’t see is that Mrs. Leidner was acting true to type—her type. The cat is obeying its blood instinct when it plays with the mouse! It’s made that way. Men aren’t little boys to be shielded and protected. They’ve got to meet cat women—and faithful spaniel, yours-till-death adoring women, and hen-pecking nagging bird women—and all the rest of it! Life’s a battlefield—not a picnic! I’d like to see Sheila honest enough to come off her high horse and admit that she hated Mrs. Leidner for good old thorough-going personal reasons. Sheila’s about the only young girl in this place and she naturally assumes that she ought to have it all her own way with the young things in trousers. Naturally it annoys her when a woman, who in her view is middle-aged and who has already two husbands to her credit, comes along and licks her on her own ground. Sheila’s a nice child, healthy and reasonably good-looking and attractive to the other sex as she should be. But Mrs. Leidner was something out of the ordinary in that line. She’d got just that sort of calamitous magic that plays the deuce with things—a kind of Belle Dame sans Merci."
1183,mm,"You know, I’ve got a nephew like that. He oughtn’t to be at his age, he’s not much over fifty but now and then he’ll come over giddy all of a sudden and unless he sits down at once—why you don’t know, sometimes he’ll pass out right on the floor. Terrible, it is. Terrible. And doctors, they don’t seem able to do anything about it. Here’s your glass of water."
1184,mm,Was there anything in them about picric acid?
1185,sh,"If the launch is above water they will find her,"
1186,sh,"I was wondering if this was Queen Anne or
     Georgian."
1187,mm,"I went to see Mrs. Pritchard and did my best to ridicule the whole thing; but without success. I came away really concerned, and I remember I met Jean Instow and told her about it. Jean is a queer girl. She said, ‘So she’s really upset about it?’ I told her that I thought the woman was perfectly capable of dying of fright—she was really abnormally superstitious.

“I remember Jean rather startled me with what she said next. She said, ‘Well, that might be all for the best, mightn’t it?’ And she said it so coolly, in so matter-of-fact a tone that I was really—well, shocked. Of course I know it’s done nowadays—to be brutal and outspoken; but I never get used to it. Jean smiled at me rather oddly and said, ‘You don’t like my saying that—but it’s true. What use is Mrs. Pritchard’s life to her? None at all; and it’s hell for George Pritchard. To have his wife frightened out of existence would be the best thing that could happen to him.’ I said, ‘George is most awfully good to her always.’ And she said, ‘Yes, he deserves a reward, poor dear. He’s a very attractive person, George Pritchard. The last nurse thought so—the pretty one—what was her name? Carstairs. That was the cause of the row between her and Mrs. P.’

“Now I didn’t like hearing Jean say that. Of course one had wondered—"
1188,sh,MacDonald pointed ruefully to his heap of correspondence.
1189,sh,"I expect the old gentleman has been putting two and two together,"
1190,hp,"Rather an odd little comedy that I watch here,"
1191,hp,Yes. Oh yes. My pipe is an old friend and companion.
1192,sh,"that, interesting and indeed essential
     as these details are, my inquiries must go more to the root of
     things. What was the letter?"
1193,sh,"The man stood blinking at us with the dazed look of one who comes
     from the dark into the light. It was a remarkable face, bold gray
     eyes, a strong, short-clipped, grizzled moustache, a square,
     projecting chin, and a humorous mouth. He took a good look at us all,
     and then to my amazement he advanced to me and handed me a bundle of
     paper."
1194,mm,"I expect Aunt Jane’s got it by now,"
1195,mm,I think you’ve known all the evening. Perhaps before that.
1196,mm,"Murder. That’s why I came to you, darling."
1197,mm,"Now, since you seem very good at observing, did you happen to notice, Miss Marple, what sort of expression Mrs. Protheroe and Mr. Redding had as they passed along the lane?"
1198,sh,"Oh, one more word. You have
     not mentioned to any of the three gentlemen whom you attend that
     anything is amiss?"
1199,hp,"I understood, sir, that you wished to ask me a few questions about my
late master—private like."
1200,hp,"And if you ask me, even M. Poirot here is what I should call a shade on the indulgent side about her, calling her a natural victim and all that. Of course it’s true that she wasn’t a cultured woman at all, and as Captain Marshall isn’t here I don’t mind saying that she always did seem to me kind of dumb. I said so to Mr. Gardener, didn’t I, Odell?"
1201,mm,"There are one or two things I could do here, I think. One thing I have done already."
1202,sh,"He is his own
     master, and would act as his own judgment directed. At the same time,
     he would naturally feel loyalty towards the officials who were
     working on the same case, and he would not conceal from them anything
     which would help them in bringing a criminal to justice. Beyond this
     I can say nothing, and I would refer you to Mr. Holmes himself if you
     wanted fuller information."
1203,mm,"I may, of course, be imagining what occurred. My hearing is not as good as it was. But I distinctly think I heard a small boy call after me, ‘Yah, who’s a Crippen?’ It—it conveyed the impression to me that he was of the opinion that I had—had killed my dear wife."
1204,mm,"Well, she says not. I can’t see anything much the matter with her. She says she’s got a sore throat, she feels she might have a temperature coming on. All nonsense, I think."
1205,sh,"Pray sit down. I fear I
     can only give you a short time, for I have an appointment at eleven."
1206,mm,"I must confess it does remind me, just a little, of old Mrs. Trout. She drew the old age pension, you know, for three old women who were dead, in different parishes."
1207,mm,"Your maid, Mary, had already told him that you wouldn’t be in till half past six at the earliest, and he appeared to be quite willing to wait until then. And yet at twenty past six he sits down and says he ‘can’t wait any longer.’"
1208,sh,"I trust that you are as comfortable as circumstances permit,"
1209,sh,"because it serves to show very clearly how
     simple the explanation may be of an affair which at first sight seems
     to be almost inexplicable. Nothing could be more natural than the
     sequence of events as narrated by this lady, and nothing stranger
     than the result when viewed, for instance, by Mr. Lestrade of
     Scotland Yard."
1210,hp,"It was cold outside. You have returned to the train. You sit down again, you smoke—perhaps a cigarette, perhaps a pipe—"
1211,sh,"I got your note, Mr. Holmes. Sir
     Robert has not returned yet, but I hear that he is expected
     to-night."
1212,sh,"He heard from
     his London correspondent to-day. There was a letter and there was a
     small packet, each with the cross under the stamp which warned me not
     to touch them. There has been nothing else."
1213,mm,"You did have it in for little Gary Hopkins I must say,"
1214,hp,"but no one would believe it to look at you. I take off my hat to you. I do, indeed."
1215,mm,"It is sad that it has been interrupted in this fashion,"
1216,hp,"Well, it may be that you are right, but I will point out to you, my friend, that there is absolutely no evidence against the man."
1217,sh,"See here, Masser Holmes,
     you keep your hands out of other folks' business. Leave folks to
     manage their own affairs. Got that, Masser Holmes?"
1218,sh,He asked me to show you up at once when you came.
1219,mm,"Well, I must explain how that comes about. I’m quite aware that I am a complete stranger to you. As a matter of fact I made a short visit to the hospital at Carristown, talking to the matron before going on to the church here. It was she who told me that before she died Elizabeth had asked to see a fellow member of the tour. Miss Jane Marple. And that Miss Jane Marple had visited her and sat with her just a very, very short time before Elizabeth died."
1220,mm,No. I think—I think that what has happened inclines me to remain here a little longer.
1221,hp,"Do you believe that letter, then, to be a forgery?"
1222,sh,"The faculty of deduction is certainly contagious, Watson,"
1223,hp,"they have detained a man at Liverpool. His name is
Charles Kent, and he is believed to be the stranger who visited Fernly
that night. They want me to go to Liverpool at once and identify him."
1224,mm,I agree with you. We must do away with some of these limits. I am going to tell you certain facts that will make certain things fairly clear to you. You in turn may be able to tell me certain facts.
1225,hp,you don’t subscribe to his theory that she wrote them and retained no memory of her act?
1226,sh,"that seemed to me to be the most damning
     incident of all."
1227,sh,"We were as good as our word, for it was just seven when we reached
     the Copper Beeches, having put up our trap at a wayside public-house.
     The group of trees, with their dark leaves shining like burnished
     metal in the light of the setting sun, were sufficient to mark the
     house even had Miss Hunter not been standing smiling on the
     door-step."
1228,mm,I think her end shows her to have been a very clever and resourceful woman.
1229,hp,"My friend the inspector took it for granted that any one using that
path did so as a short cut to the house, but as soon as I saw the
summer-house, I realized that the same path would be taken by any one
using the summer-house as a rendezvous. Now it seems fairly certain
that the stranger came neither to the front nor to the back door. Then
did some one from the house go out and meet him? If so, what could be a
more convenient place than that little summer-house? I searched it with
the hope that I might find some clew inside. I found two, the scrap of
cambric and the quill."
1230,hp,"But do not worry yourself. All this is of no importance. These imbecilities, even, may help."
1231,sh,"I take it, Miss Presbury, that there
     is some fresh development in the case, and that you thought we should
     know?"
1232,hp,"Now, may I ask you a few questions?"
1233,hp,"Ah, pardon—I was confused. She is a young lady much in the news, that. I have been interested in her for some time."
1234,sh,"I thought you Londoners were
     never at fault. You don't seem to be so very quick, after all."
1235,sh,"When the light of the hall lamp fell upon our midnight visitor I had
     no difficulty in recognising him. It was young Stanley Hopkins, a
     promising detective, in whose career Holmes had several times shown a
     very practical interest."
1236,mm,"I think I have. There are four possibilities. Either Mrs. Rhodes was killed by her husband, or by the chambermaid, or she committed suicide, or she was killed by an outsider whom nobody saw enter or leave."
1237,mm,"I suppose you have been told what happened that night,"
1238,sh,"But how come you into this matter, Miss Burnet?"
1239,mm,"how much we go by what is called, I believe, the context? There is a place on Dartmoor called Grey Wethers. If you were talking to a farmer there and mentioned Grey Wethers, he would probably conclude that you were speaking of these stone circles, yet it is possible that you might be speaking of the atmosphere; and in the same way, if you were meaning the stone circles, an outsider, hearing a fragment of the conversation, might think you meant the weather. So when we repeat a conversation, we don’t, as a rule, repeat the actual words; we put in some other words that seem to us to mean exactly the same thing.

“I saw both the cook and Dorothy separately. I asked the cook if she was quite sure that her master had really mentioned a heap of fish. She said she was quite sure.

“‘Were these his exact words,’ I asked, ‘or did he mention some particular kind of fish?’

“‘That’s it,’ said the cook; ‘it was some particular kind of fish, but I can’t remember what now. A heap of—now what was it? Not any of the fish you send to table. Would it be a perch now—or pike? No. It didn’t begin with a P.’

“Dorothy also recalled that her master had mentioned some special kind of fish. ‘Some outlandish kind of fish it was,’ she said.

“‘A pile of—now what was it?’

“‘Did he say heap or pile?’ I asked.

“‘I think he said pile. But there, I really can’t be sure—it’s so hard to remember the actual words, isn’t it, miss, especially when they don’t seem to make sense. But now I come to think of it, I am pretty sure that it was a pile, and the fish began with C; but it wasn’t a cod or a crayfish.’

“The next part is where I am really proud of myself,"
1240,hp,How do you know the murderer is of the first class?
1241,sh,"Show him up, Billy. This is the eminent peer who represents the very
     highest interests,"
1242,hp,"but never mind. The
old ones they laugh last sometimes, when the young, clever ones do not
laugh at all."
1243,hp,"Of course. He could move in two directions on one plane, but he could go at right angles to that plane too. That is, he couldn’t go up very well, but he could go down."
1244,mm,"The churchyard, you know, and the church. I’m always very interested in churches. Sometimes there are very curious epitaphs. Things like that. I make quite a collection of them. I suppose the church here was restored in Victorian times?"
1245,hp,"You drink wine always; Tim drinks whisky and soda, and I try all the different brands of mineral water in turn."
1246,sh,"said the inspector.

     But Trevelyan and I looked at each other in bewilderment."
1247,mm,"It reminds you, I suppose, of countless village tragedies?"
1248,hp,"I don’t like it. I would much prefer to
go home."
1249,sh,"Come, come, we are not so far wrong, after all,"
1250,hp,"If it is not in Madame Doyle’s cabin, there is, logically, only one other place where it could be."
1251,sh,"Such paper could
     not be bought under half a crown a packet. It is peculiarly strong
     and stiff."
1252,hp,"Yes, it all sounds practicable enough. Now these dope organizations are pretty ruthless. If any one blundered in and got wise to things they wouldn’t make any bones about silencing that person. It seems to me that that is the right explanation of Arlena Marshall’s death. It’s possible that on that morning Blatt was actually at the cove stowing the stuff away. His accomplices were to come for it that very day. Arlena arrives on her float and sees him going into the cave with the box. She asks him about it and he kills her then and there and sheers off in his boat as quick as possible."
1253,hp,"No, they separated some years ago. Ascher’s a German. He was a waiter at one time, but he took to drink and gradually became unemployable. His wife went into service for a bit. Her last place was as cook-housekeeper to an old lady, Miss Rose. She allowed her husband so much out of her wages to keep himself, but he was always getting drunk and coming round and making scenes at the places where she was employed. That’s why she took the post with Miss Rose at The Grange. It’s three miles out of Andover, dead in the country. He couldn’t get at her there so well. When Miss Rose died, she left Mrs. Ascher a small legacy, and the woman started this tobacco and newsagent business—quite a tiny place—just cheap cigarettes and a few newspapers—that sort of thing. She just about managed to keep going. Ascher used to come round and abuse her now and again and she used to give him a bit to get rid of him. She allowed him fifteen shillings a week regular."
1254,hp,You are quite wrong. He admits the fact.
1255,hp,Did you see anyone going away from you down the corridor in the other direction?
1256,hp,"But my sister-in-law got it into her head to be—well—jealous, I suppose. Not that she ever showed anything. But after Car’s death, when there was a question of Miss Grey staying on—well, Charlotte cut up rough. Of course, it’s partly the illness and the morphia and all that—Nurse Capstick says so—she says we mustn’t blame Charlotte for getting these ideas into her head—"
1257,hp,"Yes, he is not happy, our Monsieur Pennington."
1258,sh,"I will lay an account of the case before you in its due
     order, showing you the various points which guided me in my decision.
     Pray interrupt me if there is any inference which is not perfectly
     clear to you."
1259,hp,I wish I could make you believe that.
1260,hp,"But yes, look at the line of the jaw, the bones, the moulding of the head."
1261,mm,"Everybody is very much alike, really. But fortunately, perhaps, they don’t realize it."
1262,mm,"He used to entertain there, I think, sometimes. Business friends, mostly you know, or people from abroad. I don’t think any of us ever visited him there. He nearly always entertained us in London on the rare occasions when we happened to meet."
1263,sh,"I have not yet described to you the most singular part. About six
     years ago--to be exact, upon the 4th of May, 1882--an advertisement
     appeared in the Times asking for the address of Miss Mary Morstan and
     stating that it would be to her advantage to come forward. There was
     no name or address appended. I had at that time just entered the
     family of Mrs. Cecil Forrester in the capacity of governess. By her
     advice I published my address in the advertisement column. The same
     day there arrived through the post a small card-board box addressed
     to me, which I found to contain a very large and lustrous pearl. No
     word of writing was enclosed. Since then every year upon the same
     date there has always appeared a similar box, containing a similar
     pearl, without any clue as to the sender. They have been pronounced
     by an expert to be of a rare variety and of considerable value. You
     can see for yourselves that they are very handsome."
1264,sh,"I join in it because there is no other way in the world by which
     justice can be gained. What does the law of England care for the
     rivers of blood shed years ago in San Pedro, or for the shipload of
     treasure which this man has stolen? To you they are like crimes
     committed in some other planet. But we know. We have learned the
     truth in sorrow and in suffering. To us there is no fiend in hell
     like Juan Murillo, and no peace in life while his victims still cry
     for vengeance."
1265,mm,"That’s very definite. Colonel Protheroe had made arrangements for a man to come down from London on Monday—tomorrow—to make a full valuation. Owing to the Colonel’s death, the matter has been put off."
1266,mm,"Tried to make a regular story of it. ‘He said,’ ‘she said,’ ‘the girl thought,’ etc. Facts of the story are true."
1267,hp,"There’s no reason why women shouldn’t behave like rational beings,"
1268,mm,"I wonder if there is anything between young Lawrence Redding and Lettice Protheroe,"
1269,sh,"There is no object in our following them,"
1270,mm,I see what you mean … A life of whatever length is a complete experience. But don’t you—
1271,hp,"And the
penalty for murder is not a pleasant one."
1272,mm,"You are worried about your sister, about Anthea?"
1273,mm,"and there are always people. People whom one wishes one could do a little something for but one’s own funds do not admit of it. And then I will not pretend that there are not pleasures and desires—things that one has not been able to indulge in or to afford—I think Mr. Rafiel knew quite well that to be able to do so, quite unexpectedly, would give an elderly person a great deal of pleasure."
1274,mm,"of writing a name—the name—on a piece of paper and giving it to you. Then if, on investigation, you decided that the—the person—is not involved in any way—well, I shall have been quite wrong."
1275,sh,"You had best take Baker Street as we pass,"
1276,hp,She’s handsome—yes. I think—she looks rather a beast!
1277,hp,She prefers that pompous old bore to me?
1278,hp,"In fact, he’s just the person we are looking for?"
1279,mm,"Fallowfield is situated not very far from here. Sixteen miles, I think. So this is Elizabeth Temple’s part of the world, a part she knows well with people in it that she also might know well."
1280,sh,"I am accustomed to have mystery at one
     end of my cases, but to have it at both ends is too confusing. I
     fear, Sir James, that I must decline to act."
1281,hp,Not in the least. I puzzled and puzzled over it but I couldn’t even get a glimmering.
1282,hp,"I’m perfectly innocent! It’s all a mistake. Why, look at that second crime—that Bexhill one. I was playing dominoes at Eastbourne. You’ve got to admit that!"
1283,sh,"I shall be happy to look into it and to give you such advice as I
     can,"
1284,hp,"There is a lot in what you say, madame,"
1285,sh,"answered my companion, looking at her with a
     questioning and rather startled gaze."
1286,mm,"that I went into the post office here and I explained rather scattily and—well, like the old pussy I am—that I had very foolishly asked someone to take a parcel for me and post it, and I had put the wrong address on it. I was very upset by this. The postmistress very kindly said she remembered the parcel, but the address on it was not the one I was mentioning. It was this one, the one I have just given to you. I explained that I had been very foolish and written the wrong address on it, confusing it with another one I sometimes send things to. She told me it was too late to do anything about it now because the parcel, naturally, had gone off. I said it was quite all right, that I would send a letter to the particular charity to which the parcel had been sent, and explain that it had been addressed to them by mistake. Would they very kindly forward it on to the charity that I had meant to receive it."
1287,mm,Mr. Dennis is not with you this morning?
1288,hp,Now what do I see? I see half the courtyard—and the archway—and the doors of the drawing office and the photographic room and the laboratory. Was there anyone in the courtyard?
1289,mm,"I saw her talking to Footit, the butcher, as I passed. Henry Footit was run over yesterday—that was his dog. One of those smooth-haired fox terriers, rather stout and quarrelsome, that butchers always seem to have."
1290,hp,"I am sure of it! But even then, what does that tell us? What did Kenneth Marshall feel about his wife?"
1291,sh,"You place me in a most serious dilemma, for I am perfectly
     certain that you would be proud to take over the case if I could give
     you the facts, and yet a promise forbids me from revealing them all.
     May I, at least, lay all that I can before you?"
1292,sh,"For answer Holmes pushed back the frill of black lace which fringed
     the hand that lay upon our visitor's knee. Five little livid spots,
     the marks of four fingers and a thumb, were printed upon the white
     wrist."
1293,sh,I've come over this little matter of Colonel Barclay's death.
1294,hp,What about this belt she was strangled with?
1295,sh,"The man who entered was a sturdy, middle-sized fellow, some thirty
     years of age, clean-shaven, and sallow-skinned, with a bland,
     insinuating manner, and a pair of wonderfully sharp and penetrating
     grey eyes. He shot a questioning glance at each of us, placed his
     shiny top-hat upon the sideboard, and with a slight bow sidled down
     into the nearest chair."
1296,hp,"You know, there is a good deal in what you have just said."
1297,hp,"I have not the least idea where Ralph Paton
is at the present moment."
1298,hp,"I guess I’ll go right to bed and read,"
1299,hp,"You do not understand, Monsieur. I have been very fortunate in my profession. I have made enough money to satisfy both my needs and my caprices. I take now only such cases as—interest me."
1300,mm,"What do you mean, you miserable, shrivelled up old woman?"
1301,mm,"I think it is really quite natural. They have a rather exact plan, I imagine."
1302,hp,Because we heard that a handkerchief had been found with the initial H on it. We talked the matter over together before we came to be interviewed. I pointed out to Helena that if it were seen that her Christian name began with an H she would immediately be subjected to much more rigorous questioning. And the thing was so simple—to alter Helena to Elena was easily done.
1303,hp,"I don’t think we need detain the doctor any longer, eh? Thank you, Doctor."
1304,sh,"Mr. Henry Wood, late of India, I believe,"
1305,mm,"That’s the maddening part of it. He didn’t. He’d been unconscious for somedays, but he rallied before he died. He looked at us both and chuckled—a faint, weak little chuckle. He said, ‘You’ll be all right, my pretty pair of doves.’ And then he tapped his eye—his right eye—and winked at us. And then—he died. Poor old Uncle Mathew."
1306,hp,"Oh, I dare say she was innocent. Nobody really knows! But there are plenty of women to marry in the world without going out of your way to marry one who’s stood her trial for murder."
1307,sh,"It at least bears out the theory that it is on the side of the
     Lower Gill Moor that we must hope for results. The police have really
     done nothing locally, save the arrest of these gipsies. Look here,
     Watson! There is a watercourse across the moor. You see it marked
     here in the map. In some parts it widens into a morass. This is
     particularly so in the region between Holdernesse Hall and the
     school. It is vain to look elsewhere for tracks in this dry weather;
     but at that point there is certainly a chance of some record being
     left. I will call you early to-morrow morning, and you and I will try
     if we can throw some little light upon the mystery."
1308,hp,"See you, when I know that any one is hiding things from me,
I suspect that the thing hidden may be something very bad indeed. You
have done well."
1309,hp,"See you, I recognize my own weaknesses. It has been said of me that I like to make a case difficult. This solution that you put to me—it is too simple, too easy. I cannot feel that it really happened. And yet, that may be the sheer prejudice on my part."
1310,sh,"said he.

     I heard a click of steel and a bellow like an enraged bull. The next
     instant Holmes and the seaman were rolling on the ground together. He
     was a man of such gigantic strength that, even with the handcuffs
     which Holmes had so deftly fastened upon his wrists, he would have
     very quickly overpowered my friend had Hopkins and I not rushed to
     his rescue. Only when I pressed the cold muzzle of the revolver to
     his temple did he at last understand that resistance was vain. We
     lashed his ankles with cord and rose breathless from the struggle."
1311,sh,I gazed with interest and some surprise upon the portrait.
1312,sh,"said she, smoothing it out upon the
     counter."
1313,sh,"I am no official agent. I understand that it was your daughter who
     required my presence here, and I am acting in her interests. Young
     McCarthy must be got off, however."
1314,mm,She sent over a very incoherent note—all spidery and underlined. I couldn’t read most of it. Apparently she can’t leave home herself. Hurry up and go across and see her and find out what it is. I’ve got my old women coming in two minutes or I’d come myself. I do hate old women—they tell you about their bad legs and sometimes insist on showing them to you. What luck that the inquest is this afternoon! You won’t have to go and watch the Boys’ Club Cricket Match.
1315,mm,"No, no, I didn’t mean that. But either you know too much—which might be dangerous … I think I am going to stay here to keep an eye on you."
1316,hp,Does Miss Van Schuyler suffer at all from deafness?
1317,mm,"I’m afraid there is not very much to see,"
1318,hp,It is one little question that I would like to ask you.
1319,hp,What do you really think of the stuff?
1320,sh,"it has been a pretty business for me! I have
     lost my thumb and I have lost a fifty-guinea fee, and what have I
     gained?"
1321,sh,"Oh, no, sir.  He was a little gentleman, with glasses, thin in the
     face, but very pleasant in his ways, for he was laughing all the time
     that he was talking."
1322,hp,"I read my Dickens. M. Harris, he will not arrive."
1323,sh,"Should I be guilty of
     a liberty if I lit a cigar and placed it between your lips?"
1324,hp,"This stranger hanging about, he may be important—he may not. At any rate he must be found. Let us continue our inquiry."
1325,mm,You mean it was someone pretending to be her? But surely when you touched her—
1326,mm,Don’t you think so too? Don’t you feel a shadow here?
1327,sh,"Well, Watson, what do you think of it?"
1328,hp,"it was a little difficult for
Mademoiselle Flora. She is told simply that the police are here and
that there has been a robbery. Naturally she jumps to the conclusion
that the theft of the money has been discovered. Her one idea is to
stick to her story. When she learns that her uncle is dead she is
panic-stricken. Young women do not faint nowadays, monsieur, without
considerable provocation. _Eh bien!_ there it is. She is bound to stick
to her story, or else confess everything. And a young and pretty girl
does not like to admit that she is a thief—especially before those
whose esteem she is anxious to retain."
1329,mm,"I’m really very, very sorry. Please tell your sister that I didn’t know. I had no idea."
1330,hp,"Not me! Why, I was a stranger. I’d only just come."
1331,sh,"and I am
     sure Amberley himself never observed it. You'll get results,
     Inspector, by always putting yourself in the other fellow's place,
     and thinking what you would do yourself. It takes some imagination,
     but it pays. Now, we will suppose that you were shut up in this
     little room, had not two minutes to live, but wanted to get even with
     the fiend who was probably mocking at you from the other side of the
     door. What would you do?"
1332,hp,"It might be a question of the influence of mind over body,"
1333,sh,"But you have read the evidence. You have formed some conclusion? Do
     you not see some loophole, some flaw? Do you not yourself think that
     he is innocent?"
1334,mm,"Nothing. It’s only the awful thought that, but for Miss Marple, we might have burned these letters in a decent, gentlemanly way!"
1335,hp,"Why, yes, I appreciate that point. Enemy or enemies—it doesn’t matter. What does matter is my safety."
1336,sh,"When a
     crisis comes, as it will do, I will direct how you shall act. I
     suppose that by Saturday all might be ready?"
1337,hp,"And anyway, Mrs. Redfern could never do a thing like that—kill anybody. She isn’t—she isn’t violent, if you know what I mean."
1338,sh,"It was evidently taken by a snap-shot from a small camera. It
     represented an alert, sharp-featured simian man with thick eyebrows,
     and a very peculiar projection of the lower part of the face like the
     muzzle of a baboon."
1339,mm,No indeed. I expect the Coroner’ll mention it today.
1340,mm,"having spent nearly all my life amongst the young, look at life as a period in time complete in itself. What did T. S. Eliot say: The moment of the rose and the moment of the yew tree are of equal duration."
1341,sh,"in the insistent tone of one who
     awakens a sleeper."
1342,mm,"Well, it’s a lovely day, it is. They’ll have it nice for going to the Bonaventure Rocks. It’s just as well you’re not doing it. It’s cruel hard on the legs, it is."
1343,sh,"he reported, after a short examination
     of the grass bed,"
1344,hp,The murderer is with us—on the train now….
1345,sh,"If criminals would always schedule
     their movements like railway trains, it would certainly be more
     convenient for all of us. As to what it is we--Well, that's what we
     are watching for!"
1346,mm,"Life is, after all, very much the same everywhere,"
1347,sh,"You are perfectly right. Let it play!
     These modern gramophones are a remarkable invention."
1348,mm,when you said that if you were a certain person you would not have trusted to fright?
1349,hp,You didn’t hear him snore after you had had the scare about a man being in your compartment?
1350,sh,"He tried to stagger to his feet; but he was still ghastly pale and
     trembling in every limb. We helped him to a rock, where he sat
     shivering with his face buried in his hands."
1351,sh,"At present the scandal is
     confined to our own household. It is safe with us. If it gets beyond
     these walls it will never stop. Consider his position at the
     university, his European reputation, the feelings of his daughter."
1352,mm,Was it a man or a woman they saw?
1353,hp,The hands of the watch pointed to 1:15—the exact time when the intruder actually left the scene of the crime.
1354,sh,"Not very prepossessing externally, as you can see, but a heart of
     gold, and devoted to the child."
1355,sh,"that I may be of more use at Lamberley than
     here. It is eminently a case for personal investigation. If the lady
     remains in her room, our presence could not annoy or inconvenience
     her. Of course, we would stay at the inn."
1356,mm,"No. As it happens my friend and I were wrong. Nothing in the least exciting happened to the Spanish beauty. She married a clerk in a shipping office, and by the time I left the island she had had five children and was getting very fat."
1357,hp,Do you know anything about your mistress’s pearls?
1358,hp,you may not want the truth but—ma foi—you can speak it!
1359,mm,Mr. Rafiel has done me very proud! as one used to say.
1360,mm,There’s no reason really why one should not enjoy the local sights when one can.
1361,hp,Then do not repeat to yourself the imbecilities. Just make up your mind not to hate your next stepmother.
1362,hp,"You do well. Method and order, they are everything,"
1363,sh,"You take me out of my province there,"
1364,mm,"but we’ve got to find the money, haven’t we? You mustn’t give up, Mr. Rossiter. ‘If at first you don’t succeed, try, try, try again.’"
1365,mm,"And then the girl finds she is pregnant,"
1366,hp,"I am Helena Goldenberg, the younger sister of Mrs. Armstrong."
1367,hp,"Well, no matter. I have still my little
idea."
1368,hp,"Not yet do you appreciate
Hercule Poirot at his true worth."
1369,mm,But it doesn’t seem to me to throw any light upon our present problem.
1370,sh,"Is this cove trying to be funny, or what? I'm not in the funny mood
     myself."
1371,mm,that is explained now. It was written at six thirty five and another hand—the murderer’s—put the misleading 6:20 at the top. I think that is clearly established.
1372,mm,I don’t know whether you like sitting rather high? So many people do.
1373,mm,"I incline to suspicion of the city gentleman. He’d know the sort of telegram to get the lady out of the way, and he could manage the rest easily enough with the help of a new lady friend. Nobody seems to have thought of asking him for an alibi."
1374,hp,"Ah, the sea, it does not agree with you?"
1375,mm,"I’m not quite sure of it. You are a strong woman, a great deal stronger than I am."
1376,hp,"I need hardly ask you the number of your compartment,"
1377,sh,"He tore off a strip of the blotting-paper and turned towards us the
     following hieroglyphic:

     [ Picture: Several unreadable scrawls on paper ]

     Cyril Overton was much excited."
1378,mm,"You see, he really kept the money somewhere else—behind some volumes of sermons in the library, as a matter of fact. He said people never took a book of that kind out of the shelf!"
1379,hp,"Yes, she is beautiful. But it is not beauty that counts in the end. It is not beauty that makes every head (except one) turn on the beach to look at her."
1380,sh,"I perceive that you
     are not yourself a member of the family."
1381,sh,"At least, we may take counsel how far we can
     minimize this hideous scandal."
1382,mm,"They must have been in it together, though,"
1383,hp,"And unluckily I didn’t hear anything at all. I can’t think why not. After all, Linnet’s cabin is only one away from mine. I should think I’d have been bound to hear the shot. Go along, Tim; they’re waiting for you."
1384,mm,"I got even with Geoffrey. I was too clever for Geoffrey. He was going to put me away, was he? Have me shut up in an asylum? I heard them talking about it. Mabel is a good girl—Mabel stuck up for me, but I knew she wouldn’t be able to stand up against Geoffrey. In the end he would have his own way; he always did. But I settled him—I settled my kind, loving son! Ha, ha! I crept down in the night. It was quite easy. Brewster was away. My dear son was asleep; he had a glass of water by the side of his bed; he always woke up in the middle of the night and drank it off. I poured it away—ha, ha!—and I emptied the bottle of eyedrops into the glass. He would wake up and swill it down before he knew what it was. There was only a tablespoonful of it—quite enough, quite enough. And so he did! They came to me in the morning and broke it to me very gently. They were afraid it would upset me. Ha! Ha! Ha! Ha! Ha!"
1385,mm,"because Mrs. Pritchard might have recognized her in spite of the disguise—though of course if she had, the nurse could have pretended it was a joke."
1386,mm,You think that because I have lived in this out-of-the-way spot all my life I am not likely to have had any very interesting experiences.
1387,sh,"The Thursday brought us another letter from our client.

     You will not be surprised, Mr. Holmes [said she] to hear that I am
     leaving Mr. Carruthers's employment. Even the high pay cannot
     reconcile me to the discomforts of my situation. On Saturday I come
     up to town and I do not intend to return. Mr. Carruthers has got a
     trap, and so the dangers of the lonely road, if there ever were any
     dangers, are now over.
     As to the special cause of my leaving, it is not merely the strained
     situation with Mr. Carruthers, but it is the reappearance of that
     odious man, Mr. Woodley. He was always hideous, but he looks more
     awful than ever now, for he appears to have had an accident and he is
     much disfigured. I saw him out of the window, but I am glad to say I
     did not meet him. He had a long talk with Mr. Carruthers, who seemed
     much excited afterwards. Woodley must be staying in the
     neighbourhood, for he did not sleep here, and yet I caught a glimpse
     of him again this morning slinking about in the shrubbery. I would
     sooner have a savage wild animal loose about the place. I loathe and
     fear him more than I can say. How can Mr. Carruthers endure such a
     creature for a moment? However, all my troubles will be over on
     Saturday."
1388,mm,"I haven’t told you that yet. The day was fixed. The time, the hour and the place, and I waited. Waited for a bride and bridegroom who didn’t come, who sent no word, no excuse, nothing. I didn’t know why! I never have known why. It still seems to me unbelievable. Unbelievable, I mean, not that they did not come, that could be explicable easily enough, but that they sent no word. Some scrawled line of writing. And that is why I wondered and hoped that Elizabeth Temple, before she died, might have told you something. Given you some message perhaps for me. If she knew or had any idea that she was dying, she might have wanted to get a message to me."
1389,hp,"You’ll excuse me, sir, but the elderly American lady is in what I might describe as a state, sir. She’s saying she knows all about the murderer. She’s in a very excitable condition, sir."
1390,hp,that I shall have to give my second solution. But do not abandon this one too abruptly. You may agree with it later.
1391,mm,I’m sure it was nothing that she said—
1392,sh,"though it is
     some years since he used my services in some trifling matter."
1393,hp,I suppose the stewardess is in attendance to see I don’t hang myself or swallow a miraculous capsule of prussic acid as people always do in books. You needn’t be afraid! I shan’t do that. It will be easier for Simon if I’m standing by.
1394,hp,"is a mere précis of the evidence we heard, arranged that way for convenience."
1395,sh,"Yes, and no later than to-day. That is why I have come to you.  This
     morning I received this letter, which you will perhaps read for
     yourself."
1396,sh,"I am so glad that you have come. I have driven down to
     tell you so. I know that James didn't do it. I know it, and I want
     you to start upon your work knowing it, too. Never let yourself doubt
     upon that point. We have known each other since we were little
     children, and I know his faults as no one else does; but he is too
     tender-hearted to hurt a fly. Such a charge is absurd to anyone who
     really knows him."
1397,mm,"but I took the precaution of verifying that there was a Mrs. Greene and a Church Social. One can’t be too careful, you know."
1398,sh,"Might we
     make the acquaintance of the baby?"
1399,hp,Not at all. I hope you’ll sleep well and that your head will be better in the morning.
1400,mm,I was just thinking about our District Nurse. A most difficult problem.
1401,sh,"There was no difficulty at all about the appointment,"
1402,sh,"He scribbled three or four words upon a sheet of his notebook, folded
     it, and handed it to the man."
1403,sh,"That will do, Mr. Wilson. I shall be happy to give you an opinion
     upon the subject in the course of a day or two. To-day is Saturday,
     and I hope that by Monday we may come to a conclusion."
1404,sh,Someone has got ahead of us this time.
1405,hp,Are you going to tackle her about them?
1406,mm,"There’s been some fuss about that young artist, Mr. Redding, hasn’t there?"
1407,hp,What are you getting at? That Jackie stole the pearls? She didn’t. I’ll swear she didn’t. Jackie’s as straight as a die. The mere idea of her being a thief is ridiculous—absolutely ridiculous.
1408,hp,"Tscha, tscha, you are not a child! You are an educated woman. You must look at things sensibly."
1409,mm,"Ernie always says to me, ‘Everything what’s good you learned from that Miss Marple of yours that you were in service with,’ and I’m sure I’m always glad to oblige you, miss."
1410,sh,"We descended and started off once
     more for Briony Lodge."
1411,mm,"Oh, yes, ma’am. She’s always one for a change, Gladdie is. She never seems to get really settled, if you know what I mean. But she’s always been the one to give the notice, you see!"
1412,mm,"Mr. Rafiel would have liked me to have fun,"
1413,mm,Very curious indeed. But the note seems to me even more curious still. I mean—
1414,hp,I know a bit too much about her.
1415,sh,"and then came several sheets of numbers. Another
     heading was Argentine, another Costa Rica, and another San Paulo,
     each with pages of signs and figures after it."
1416,sh,"If I may put it in a nutshell, Mr. Merton, I should say it was all
     up."
1417,hp,"It is the simple truth. Have you any idea, Mr. Lane, whose hands those were?"
1418,sh,"My father is dead, Mr. Holmes. He was James Smith, who conducted the
     orchestra at the old Imperial Theatre. My mother and I were left
     without a relation in the world except one uncle, Ralph Smith, who
     went to Africa twenty-five years ago, and we have never had a word
     from him since. When father died we were left very poor, but one day
     we were told that there was an advertisement in the Times inquiring
     for our whereabouts. You can imagine how excited we were, for we
     thought that someone had left us a fortune. We went at once to the
     lawyer whose name was given in the paper. There we met two gentlemen,
     Mr. Carruthers and Mr. Woodley, who were home on a visit from South
     Africa. They said that my uncle was a friend of theirs, that he died
     some months before in great poverty in Johannesburg, and that he had
     asked them with his last breath to hunt up his relations and see that
     they were in no want. It seemed strange to us that Uncle Ralph, who
     took no notice of us when he was alive, should be so careful to look
     after us when he was dead; but Mr. Carruthers explained that the
     reason was that my uncle had just heard of the death of his brother,
     and so felt responsible for our fate."
1419,mm,I’m sorry to hear that Joanna is under the weather this morning.
1420,hp,"I’ve no doubt that Crome is a very efficient officer, but, frankly, he puts my back up. That air of his of knowing best! I hinted something of what I had in mind to your friend here when he was down at Churston, but I’ve had all my brother’s affairs to settle up and I haven’t been free until now. My idea is, M. Poirot, that we oughtn’t to let the grass grow under our feet—"
1421,hp,"Oh, come now—don’t go looking for trouble—that’s my motto! But you can’t fasten anything on me. I never went into the courtyard, and you can’t find anyone who’ll say I did."
1422,mm,"Oh, much better, my dear. In these days men age so much quicker than women. I know it used not to be said so, but actually it’s true. I mean, they get more things the matter with them. I think, perhaps, they worry and work too much. And then they get high blood pressure or low blood pressure or sometimes a little heart trouble. They’re rather prone to gastric ulcers, too. I don’t think we worry so much, you know. I think we’re a tougher sex."
1423,mm,"which was quite untrue. But post offices are careful. And, you see, I wanted to find out where it had been sent."
1424,sh,"Well, we may save the police some little trouble in that direction,"
1425,mm,"I killed a silly little tramp, an adolescent tart. Nora Broad. How did you know about her?"
1426,mm,You did not ring up Mr. Spenlow at two thirty?
1427,hp,"to the final name on our list. Hildegarde Schmidt, lady’s maid."
1428,mm,to know exactly what something wrong in the atmosphere really means.
1429,hp,"Well, I do assure you that they’re very, very interesting. What with Moscow being exactly a thousand miles due north of—now what was it?—would it be Nineveh?—but anyway you take a circle and it just shows the most surprising things—and one can just see that there must have been special guidance, and that those ancient Egyptians couldn’t have thought of what they did all by themselves. And when you’ve gone into the theory of the numbers and their repetition, why it’s all just so clear that I can’t see how anyone can doubt the truth of it for a moment."
1430,sh,"How often have I heard it in days
     gone by. It was a favorite ditty of the late lamented Professor
     Moriarty.  Colonel Sebastian Moran has also been known to warble it.
     And yet I live and keep bees upon the South Downs."
1431,mm,"I hadn’t asked anyone to post anything. The first I saw of the parcel was when Anthea passed the garden of the Golden Boar where you and I were sitting talking, carrying it."
1432,sh,"I have been on the turf for twenty
     years, and never was asked such a question as that before,"
1433,mm,"No. Verity did not want anyone to know, and I should say most certainly Mike did not want anyone to know. They were afraid of being stopped. To Verity, I think, besides love, there was also a feeling of escape. Natural, I think, owing to the circumstances of her life. She had lost her real guardians, her parents, she had entered on her new life after their death, at an age when a school girl arrives at having a ‘crush’ on someone. An attractive mistress. Anything from the games mistress to the mathematics mistress, or a prefect or an older girl. A state that does not last for very long, is merely a natural part of life. Then from that you go on to the next stage when you realize that what you want in your life is what complements yourself. A relationship between a man and a woman. You start then to look about you for a mate. The mate you want in life. And if you are wise, you take your time, you have friends, but you are looking, as the old nurses used to say to children, for Mr. Right to come along. Clotilde Bradbury-Scott was exceptionally good to Verity, and Verity, I think, gave her what I should call hero worship. She was a personality as a woman. Handsome, accomplished, interesting. I think Verity adored her in an almost romantic way and I think Clotilde came to love Verity as though she were her own daughter. And so Verity grew to maturity in an atmosphere of adoration, lived an interesting life with interesting subjects to stimulate her intellect. It was a happy life, but I think little by little she was conscious—conscious without knowing she was conscious, shall we say—of a wish to escape. Escape from being loved. To escape, she didn’t know into what or where. But she did know after she met Michael. She wanted to escape to a life where male and female come together to create the next stage of living in this world. But she knew that it was impossible to make Clotilde understand how she felt. She knew that Clotilde would be bitterly opposed to her taking her love for Michael seriously. And Clotilde, I fear, was right in her belief … I know that now. He was not a husband that Verity ought to have taken or had. The road that she started out on led not to life, not to increased living and happiness. It led to shock, pain, death. You see, Miss Marple, that I have a grave feeling of guilt. My motives were good, but I didn’t know what I ought to have known. I knew Verity, but I didn’t know Michael. I understood Verity’s wish for secrecy because I knew what a strong personality Clotilde Bradbury-Scott had. She might have had a strong enough influence over Verity to persuade her to give up the marriage."
1434,mm,I suppose they’ve lived here a long time?
1435,hp,"it is Papa Poirot who
asks you this. The old Papa Poirot who has much knowledge and much
experience. I would not seek to entrap you, mademoiselle. Will you not
trust me—and tell me where Ralph Paton is hiding?"
1436,mm,"is not what puts any girl off a boy. No. Young women like bad lots. They always have. They fall in love with bad lots. They are quite sure they can change them. And the nice, kind, steady, reliable husbands got the answer, in my young days, that one would be ‘a sister to them,’ which never satisfied them at all. Verity fell in love with Michael Rafiel, and Michael Rafiel was prepared to turn over a new leaf and marry this girl and was sure he would never wish to look at another girl again. I don’t say this would have been a happy-ever-after thing, but it was, as the Archdeacon said quite surely, it was real love. And so they planned to get married. And I think Verity wrote to Elizabeth and told her that she was going to marry Michael Rafiel. It was arranged in secret because I think Verity did realize that what she was doing was essentially an escape. She was escaping from a life that she didn’t want to live any longer, from someone whom she loved very much but not in the way she loved Michael. And she would not be allowed to do so. Permission would not be willingly given, every obstacle would be put in their way. So, like other young people, they were going to elope. There was no need for them to fly off to Gretna Green, they were of sufficiently mature age to marry. So she appealed to Archdeacon Brabazon, her old friend who had confirmed her—who was a real friend. And the wedding was arranged, the day, the time, probably even she bought secretly some garment in which to be married. They were to meet somewhere, no doubt. They were to come to the rendezvous separately. I think he came there, but she did not come. He waited perhaps. Waited and then tried to find out, perhaps, why she didn’t come. I think then a message may have been given him, even a letter sent him, possibly in her forged handwriting, saying she had changed her mind. It was all over and she was going away for a time to get over it. I don’t know. But I don’t think he ever dreamt of the real reason of why she hadn’t come, of why she had sent no word. He hadn’t thought for one moment that she had been deliberately, cruelly, almost madly perhaps, destroyed. Clotilde was not going to lose the person she loved. She was not going to let her escape, she was not going to let her go to the young man whom she herself hated and loathed. She would keep Verity, keep her in her own way. But what I could not believe was—I did not believe that she’d strangled the girl and had then disfigured her face. I don’t think she could have borne to do that. I think that she had rearranged the bricks of the fallen greenhouse and piled up earth and turf over most of it. The girl had already been given a drink, an overdose of sleeping draught probably. Grecian, as it were, in tradition. One cup of hemlock—even if it wasn’t hemlock. And she buried the girl there in the garden, piled the bricks over her and the earth and the turf—"
1437,sh,"Of course, it is a possible
     supposition that the thief has had a sudden illness--"
1438,mm,"You are a very well educated woman. Nemesis is long delayed sometimes, but it comes in the end."
1439,hp,You killed her after Miss Brewster had gone off in the boat to fetch the police. Arlena Marshall was not dead when you got to the beach. She was waiting hidden in the cave until the coast could be clear.
1440,hp,Mr. Allerton’s story is that he went to her cabin last night and exchanged a string of fake pearls for the real ones.
1441,sh,"you have drawn a net round this man from which he
     cannot escape, and you have saved an innocent human life as truly as
     if you had cut the cord which was hanging him. I see the direction in
     which all this points. The culprit is--"
1442,hp,"That is, if I’m not to go to Bexhill."
1443,mm,you wouldn’t do that. You loved her and you would not be able to do that.
1444,sh,"On the contrary, I have half a sovereign for you if you will give me
     a clear answer to my questions."
1445,sh,"It will
     require some checking and you have little time to check it. Your
     admiral may find the new guns rather larger than he expects, and the
     cruisers perhaps a trifle faster."
1446,sh,"CHAPTER III



     I slept at Baker Street that night, and we were engaged upon our
     toast and coffee in the morning when the King of Bohemia rushed into
     the room."
1447,hp,"Eh bien, Mademoiselle. I am a very simple person. I always incline to the belief that the most likely person committed the crime. At the very beginning it seemed to me that one person was very clearly indicated."
1448,sh,"he answered, and, springing against it, he
     put all his weight upon the lock. It creaked and groaned, but did not
     yield. Together we flung ourselves upon it once more, and this time
     it gave way with a sudden snap, and we found ourselves within
     Bartholomew Sholto's chamber.

     It appeared to have been fitted up as a chemical laboratory. A double
     line of glass-stoppered bottles was drawn up upon the wall opposite
     the door, and the table was littered over with Bunsen burners,
     test-tubes, and retorts. In the corners stood carboys of acid in
     wicker baskets. One of these appeared to leak or to have been broken,
     for a stream of dark-colored liquid had trickled out from it, and the
     air was heavy with a peculiarly pungent, tar-like odor. A set of
     steps stood at one side of the room, in the midst of a litter of lath
     and plaster, and above them there was an opening in the ceiling large
     enough for a man to pass through. At the foot of the steps a long
     coil of rope was thrown carelessly together.

     By the table, in a wooden arm-chair, the master of the house was
     seated all in a heap, with his head sunk upon his left shoulder, and
     that ghastly, inscrutable smile upon his face. He was stiff and cold,
     and had clearly been dead many hours. It seemed to me that not only
     his features but all his limbs were twisted and turned in the most
     fantastic fashion. By his hand upon the table there lay a peculiar
     instrument,--a brown, close-grained stick, with a stone head like a
     hammer, rudely lashed on with coarse twine. Beside it was a torn
     sheet of note-paper with some words scrawled upon it. Holmes glanced
     at it, and then handed it to me."
1449,sh,"said he. There was a whisk of feminine
     skirts down the passage, and the hall door was opened and shut."
1450,hp,No stranger came to the house that day.
1451,hp,"We’ve warned Tell Kotchek and Abu Kemal—all the frontier posts, in fact."
1452,mm,"Sooner than let the girl go, you killed her. Because you loved her, you killed her."
1453,hp,"You’d learn a few go-ahead methods over there,"
1454,sh,"He held down the lamp to the floor, and as he did so I saw for the
     second time that night a startled, surprised look come over his face.
     For myself, as I followed his gaze my skin was cold under my clothes.
     The floor was covered thickly with the prints of a naked
     foot,--clear, well defined, perfectly formed, but scarce half the
     size of those of an ordinary man."
1455,mm,"One so often looks at a thing the wrong way round,"
1456,sh,"I understand you to say that there
     are three students who use this stair and are in the habit of passing
     your door?"
1457,mm,"Had the stones taken out of their setting and fastened here and there on her theatrical costume, where everyone would take them for merely coloured rhinestones. Then she had a replica made of the real necklace, and that, of course, was what was stolen. No wonder it never came on the market. The thief soon discovered the stones were false."
1458,mm,"If we can’t alter the movements or the position of those three people, then couldn’t we perhaps alter the time of the murder?"
1459,mm,A series of murders that took place a good many years ago?
1460,sh,"I stooped under the rude lintel, and there he sat upon a stone
     outside, his gray eyes dancing with amusement as they fell upon my
     astonished features. He was thin and worn, but clear and alert, his
     keen face bronzed by the sun and roughened by the wind. In his tweed
     suit and cloth cap he looked like any other tourist upon the moor,
     and he had contrived, with that cat-like love of personal cleanliness
     which was one of his characteristics, that his chin should be as
     smooth and his linen as perfect as if he were in Baker Street."
1461,mm,"There are, of course, all kinds of possible explanations,"
1462,hp,There passes itself something on this boat that causes me much inquietude.
1463,hp,or would you prefer to examine the study?
1464,mm,"Well, go on, Aunt Jane; haven’t you got anything to say?"
1465,sh,"I hope we may clear him, Miss Turner,"
1466,sh,"'A marriage has been arranged [it says] and will, if rumour is
     correct, very shortly take place, between Lord Robert St. Simon,
     second son of the Duke of Balmoral, and Miss Hatty Doran, the only
     daughter of Aloysius Doran. Esq., of San Francisco, Cal., U.S.A.'

     That is all."
1467,mm,"Yes, I can see I’m quite recognizable as an old pussy. There are so many old pussies, and they’re all so much alike. And, of course, yes, I’m very ordinary. An ordinary rather scatty old lady. And that of course is very good camouflage. Dear me, I wonder if I’m thinking on the right lines. I do, sometimes, know what people are like. I mean, I know what people are like, because they remind me of certain other people I have known. So I know some of their faults and some of their virtues. I know what kind of people they are. There’s that."
1468,sh,"Three of them are receipted hay-dealers' accounts. One of them is a
     letter of instructions from Colonel Ross. This other is a milliner's
     account for thirty-seven pounds fifteen made out by Madame Lesurier,
     of Bond Street, to William Derbyshire. Mrs. Straker tells us that
     Derbyshire was a friend of her husband's and that occasionally his
     letters were addressed here."
1469,mm,"I do believe you, Miss Marple. But I do not see what you want me to do in the matter, or why you have come to me."
1470,hp,And what do you think of the Armstrong affair?
1471,mm,Malignant evil is like cancer—a malignant tumour. It brings suffering.
1472,sh,"When I went down there I found him talking with his son, so I smoked
     a cigar and waited behind a tree until he should be alone. But as I
     listened to his talk all that was black and bitter in me seemed to
     come uppermost. He was urging his son to marry my daughter with as
     little regard for what she might think as if she were a slut from off
     the streets. It drove me mad to think that I and all that I held most
     dear should be in the power of such a man as this. Could I not snap
     the bond? I was already a dying and a desperate man. Though clear of
     mind and fairly strong of limb, I knew that my own fate was sealed.
     But my memory and my girl! Both could be saved if I could but silence
     that foul tongue. I did it, Mr. Holmes. I would do it again. Deeply
     as I have sinned, I have led a life of martyrdom to atone for it. But
     that my girl should be entangled in the same meshes which held me was
     more than I could suffer. I struck him down with no more compunction
     than if he had been some foul and venomous beast. His cry brought
     back his son; but I had gained the cover of the wood, though I was
     forced to go back to fetch the cloak which I had dropped in my
     flight. That is the true story, gentlemen, of all that occurred."
1473,mm,"I have everything I want. I have my little night bag here, you see, so I need not do anymore unpacking. Thank you,"
1474,hp,"Oh, yes—I agree with that which you have just this minute said. Arlena Marshall herself is the best, the only clue, to her own death."
1475,mm,"I didn’t expect him to do so. It would have embarrassed him even more. It is, you know,"
1476,mm,"He’d always given trouble. He’d been had up in court once or twice for various things. Once assaulting a teenager—other things of that type. Of course I consider myself that the magistrates are too lenient with that kind of thing. They don’t want to upset a young man’s university career. And so they let them off with a—I forget what they call it—a suspended sentence, something of that kind. If these boys were sent to gaol at once it would perhaps warn them off that type of life. He was a thief, too. He had forged cheques, he pinched things. He was a thoroughly bad lot. We were friends of his mother’s. It was lucky for her, I think, that she died young before she had time to be upset by the way her son was turning out. Mr. Rafiel did all he could, I think. Tried to find suitable jobs for the boy, paid fines for him and things like that. But I think it was a great blow to him, though he pretended to be more or less indifferent and to write it off as one of those things that happen. We had, as probably people here in the village will tell you, we had a bad outbreak of murders and violence in this district. Not only here. They were in different parts of the country, twenty miles away, sometimes fifty miles away. One or two, it’s suspected by the police, were nearly a hundred miles away. But they seemed to centre more or less on this part of the world. Anyway, Verity one day went out to visit a friend and—well, she didn’t come back. We went to the police about it, the police sought for her, searched the whole countryside but they couldn’t find any trace of her. We advertised, they advertised, and they suggested that she’d gone off with a boyfriend. Then word began to get round that she had been seen with Michael Rafiel. By now the police had their eye on Michael as a possibility for certain crimes that had occurred, although they couldn’t find any direct evidence. Verity was said to have been seen, described by her clothing and other things, with a young man of Michael’s appearance and in a car that corresponded to a description of his car. But there was no further evidence until her body was discovered six months later, thirty miles from here in a rather wild part of wooded country, in a ditch covered with stones and piled earth. Clotilde had to go to identify it—it was Verity all right. She’d been strangled and her head beaten in. Clotilde has never quite got over the shock. There were certain marks, a mole and an old scar and of course her clothes and the contents of her handbag. Miss Temple was very fond of Verity. She must have thought of her just before she died."
1477,hp,"What can one say? He is the closed box—the fastened oyster. He has chosen his rôle. He has heard nothing, he has seen nothing, he knows nothing!"
1478,hp,But all the same I think I should like to have just one little word with Madame la Comtesse.
1479,mm,That rather depends as to whether I receive any further invitation to go back to The Old Manor House. I would not like to suggest it myself because my original invitation was for the two nights that the tour was to have stayed here originally. I think possibly it would be better for me to remain at the Golden Boar.
1480,hp,"We are now private and undisturbed. We can speak freely. We have heard what the members of the expedition have to tell us and—But yes, ma soeur, what is it that you think?"
1481,sh,"I'm asking you to conseedar what it involves if you
     suppose that this gun was ever brought into the house, and that all
     these strange things were done by a person from outside. Oh, man,
     it's just inconceivable! It's clean against common sense! I put it to
     you, Mr. Holmes, judging it by what we have heard."
1482,hp,it must have taken quite a time to grow.
1483,hp,Cette pauvre Madame Doyle. Lying there so peacefully…with the little hole in her head. You remember how she looked?
1484,hp,"we handle him with the gloves of kid, is it not so?"
1485,hp,What is the truth? You seem to know it better than I do.
1486,hp,"Dr. Sheppard has been a model of discretion,"
1487,mm,"I wanted Clotilde Bradbury-Scott to come in. I wanted to see what she would say or do. I thought it was almost certain that she would come in when sufficient time had elapsed, to make sure that I had drunk the milk, and was in an unconscious sleep from which presumably I would not have woken up again."
1488,sh,"Our friend of yesterday, looking very pale and ill, had entered the
     room, leaning upon a little maidservant."
1489,hp,"And by it, I shall know the truth!"
1490,hp,"Well, not exactly. I’ll tell you about it. You know that big map of
the county we have in the hall?"
1491,hp,"On the contrary, Madame, there was a bedside electric lamp in perfect order."
1492,hp,It can do no harm to try. I think myself that A B C will be too cunning to reply.
1493,hp,"if there’s anything to be found here, for God’s sake go ahead and find it. You can if anyone can—I know that."
1494,mm,"She was so queer at that time. She was—she was very jealous. She suddenly seemed to turn against Verity. To look at her as though she hated her. Sometimes I thought—I thought perhaps—oh no, it’s an awful thing to think, you can’t think that about your own sister—she did once attack someone. You know, she used to get these storms of rage. I wondered if it could have been—oh, I mustn’t say such things. There’s no question of any such thing. Please forget what I’ve said. There’s nothing in it, nothing at all. But—but—well, she’s not quite normal. I’ve got to face that. When she was quite young queer things happened once or twice—with animals. We had a parrot. A parrot that said things, silly things like parrots do say and she wrung its neck and I’ve never felt the same since. I’ve never felt that I could trust her. I’ve never felt sure. I’ve never felt—oh, goodness, I’m getting hysterical, too."
1495,sh,"Now, if you
     please, we will get off on what I hope is the last stage of our
     journey."
1496,hp,"But no matter.
What we have to look at is this—Captain Paton is missing, under
circumstances which call for an explanation. I will not hide from you
that the matter looks grave. Still, it may admit of a perfectly simple
explanation."
1497,hp,I can assure you I never take cold.
1498,sh,"I do not know how the bank can thank you or repay you.
     There is no doubt that you have detected and defeated in the most
     complete manner one of the most determined attempts at bank robbery
     that have ever come within my experience."
1499,mm,"Yes, I think there was a shot somewhere in the woods. But quite five or ten minutes afterwards—and, as I say, out in the woods. At least, I think so. It couldn’t have been—surely it couldn’t have been—"
1500,sh,"is never to let them think that their
     information can be of the slightest importance to you. If you do,
     they will instantly shut up like an oyster. If you listen to them
     under protest, as it were, you are very likely to get what you want."
