number,quote
1,"I was thinking of actual bare prosaic facts, things that have happened and that no one has ever explained."
2,"I know just the sort of thing you mean, dear,"
3,For instance Mrs. Carruthers had a very strange experience yesterday morning. She bought two gills of picked shrimps at Elliot’s. She called at two other shops and when she got home she found she had not got the shrimps with her. She went back to the two shops she had visited but these shrimps had completely disappeared. Now that seems to me very remarkable.
4,"There are, of course, all kinds of possible explanations,"
5,"For instance, somebody else—"
6,"One sees, perhaps, motives that the ordinary person would pass by."
7,"I know, dear,"
8,that your books are very clever. But do you think that people are really so unpleasant as you make them out to be?
9,keep your beliefs. Heaven forbid that I should in any way shatter them.
10,"I mean,"
11,"I bet I could beat you all at this game. I am not only a woman—and say what you like, women have an intuition that is denied to men—I am an artist as well. I see things that you don’t. And then, too, as an artist I have knocked about among all sorts and conditions of people. I know life as darling Miss Marple here cannot possibly know it."
12,"I don’t know about that, dear,"
13,Very painful and distressing things happen in villages sometimes.
14,"it seems to me we are a pretty representative gathering. How would it be if we formed a Club? What is today? Tuesday? We will call it The Tuesday Night Club. It is to meet every week, and each member in turn has to propound a problem. Some mystery of which they have personal knowledge, and to which, of course, they know the answer. Let me see, how many are we? One, two, three, four, five. We ought really to be six."
15,"You have forgotten me, dear,"
16,I didn’t think you would care to play.
17,"I think it would be very interesting,"
18,"especially with so many clever gentlemen present. I am afraid I am not clever myself, but living all these years in St. Mary Mead does give one an insight into human nature."
19,"As I say, the facts as such were very simple. Death was considered to be due to ptomaine poisoning, a certificate was given to that effect, and the victim was duly buried. But things did not rest at that."
20,there usually is.
21,"And now, Sir Henry, tell us,"
22,"One moment,"
23,Miss Marple has not yet spoken.
24,"I have dropped another stitch. I have been so interested in the story. A sad case, a very sad case. It reminds me of old Mr. Hargraves who lived up at the Mount. His wife never had the least suspicion—until he died, leaving all his money to a woman he had been living with and by whom he had five children. She had at one time been their housemaid. Such a nice girl, Mrs. Hargraves always said—thoroughly to be relied upon to turn the mattresses every day—except Fridays, of course. And there was old Hargraves keeping this woman in a house in the neighbouring town and continuing to be a Churchwarden and to hand round the plate every Sunday."
25,What has dead and gone Hargraves got to do with the case?
26,"This story made me think of him at once,"
27,"The facts are so very alike, aren’t they? I suppose the poor girl has confessed now and that is how you know, Sir Henry."
28,"But that is impossible,"
29,They all ate the trifle.
30,"Oh, no,"
31,"The companion was banting, you remember. You never eat anything like trifle if you are banting; and I expect Jones just scraped the hundreds and thousands off his share and left them at the side of his plate. It was a clever idea, but a very wicked one."
32,"It is a very curious thing,"
33,"Well, Aunt Jane, this is one up to you. I can’t think how on earth you managed to hit upon the truth. I should never have thought of the little maid in the kitchen being connected with the case."
34,"No, dear,"
35,"but you don’t know as much of life as I do. A man of that Jones’s type—coarse and jovial. As soon as I heard there was a pretty young girl in the house I felt sure that he would not have left her alone. It is all very distressing and painful, and not a very nice thing to talk about. I can’t tell you the shock it was to Mrs. Hargraves, and a nine days’ wonder in the village."
36,Since then I have never laughed at the people who use the word atmosphere. There is such a thing. There are certain places imbued and saturated with good or evil influences which can make their power felt.
37,"That house, The Larches, is a very unhappy one,"
38,"Old Mr. Smithers lost all his money and had to leave it, then the Carslakes took it and Johnny Carslake fell downstairs and broke his leg and Mrs. Carslake had to go away to the south of France for her health, and now the Burdens have got it and I hear that poor Mr. Burden has got to have an operation almost immediately."
39,"At the moment I am not concerned with theories. It seems to me, excluding the supernatural in which I do not for one moment believe, that that was the only way things could have happened. He stabbed himself, and as he fell his arms flew out, wrenching the dagger from the wound and flinging it far into the zone of the trees. That is, I think, although somewhat unlikely, a possible happening."
40,"I don’t like to say, I am sure,"
41,It all perplexes me very much indeed. But curious things do happen. At Lady Sharpley’s garden party last year the man who was arranging the clock golf tripped over one of the numbers—quite unconscious he was—and didn’t come round for about five minutes.
42,"but he wasn’t stabbed, was he?"
43,"Of course not, dear,"
44,"That is what I am telling you. Of course there is only one way that poor Sir Richard could have been stabbed, but I do wish I knew what caused him to stumble in the first place. Of course, it might have been a tree root. He would be looking at the girl, of course, and when it is moonlight one does trip over things."
45,"It is very sad and I don’t like to think of it. He was a right-handed man, was he not? I mean to stab himself in the left shoulder he must have been. I was always so sorry for poor Jack Baynes in the War. He shot himself in the foot, you remember, after very severe fighting at Arras. He told me about it when I went to see him in hospital, and very ashamed of it he was. I don’t expect this poor man, Elliot Haydon, profited much by his wicked crime."
46,You think he did it?
47,"I don’t see how anyone else could have done it,"
48,"I mean if, as Mr. Petherick so wisely says, one looks at the facts and disregards all that atmosphere of heathen goddesses which I don’t think is very nice. He went up to him first and turned him over, and of course to do that he would have to have had his back to them all, and being dressed as a brigand chief he would be sure to have a weapon of some kind in his belt. I remember dancing with a man dressed as a brigand chief when I was a young girl. He had five kinds of knives and daggers, and I can’t tell you how awkward and uncomfortable it was for his partner."
49,"No. My village is called Polperran. It is situated on the west coast of Cornwall; a very wild and rocky spot. I had been introduced a few weeks previously and had found him a most interesting companion. A man of intelligence and independent means, he was possessed of a romantic imagination. As a result of his latest hobby he had taken the lease of Pol House. He was an authority on Elizabethan times, and he described to me in vivid and graphic language the rout of the Spanish Armada. So enthusiastic was he that one could almost imagine that he had been an eyewitness at the scene. Is there anything in reincarnation? I wonder—I very much wonder."
50,"You are so romantic, Raymond dear,"
51,"Romantic is the last thing that I am,"
52,"Well, go on, Aunt Jane; haven’t you got anything to say?"
53,"In a minute, dear,"
54,"I am afraid I have counted wrong. Two purl, three plain, slip one, two purl—yes, that’s right. What did you say, dear?"
55,"You wouldn’t like my opinion, dear. Young people never do, I notice. It is better to say nothing."
56,"Nonsense, Aunt Jane; out with it."
57,"Well, dear Raymond,"
58,"I do think you should be more careful how you choose your friends. You are so credulous, dear, so easily gulled. I suppose it is being a writer and having so much imagination. All that story about a Spanish galleon! If you were older and had more experience of life you would have been on your guard at once. A man you had known only a few weeks, too!"
59,"Got you this time, Raymond,"
60,"Oh, I saw that at once, dear, although I know nothing about motors,"
61,"People change a wheel, you know—I have often seen them doing it—and, of course, they could take a wheel off Kelvin’s lorry and take it out through the small door into the alley and put it on to Mr. Newman’s lorry and take the lorry out of one gate down to the beach, fill it up with the gold and bring it up through the other gate, and then they must have taken the wheel back and put it back on Mr. Kelvin’s lorry while, I suppose, someone else was tying up Mr. Newman in a ditch. Very uncomfortable for him and probably longer before he was found than he expected. I suppose the man who called himself the gardener attended to that side of the business."
62,"Well, he can’t have been a real gardener, can he?"
63,Gardeners don’t work on Whit Monday. Everybody knows that.
64,"Of course, it is different for me. I mean, we, being women, appreciate the point about clothes. I don’t think it is a fair problem to put to a man. It must have meant a lot of rapid changing. What a wicked woman! And a still more wicked man."
65,"Aunt Jane,"
66,"Miss Marple, I mean, I believe—I do really believe you know the truth."
67,"Well, dear,"
68,"it is much easier for me sitting here quietly than it was for you—and being an artist you are so susceptible to atmosphere, aren’t you? Sitting here with one’s knitting, one just sees the facts. Bloodstains dropped on the pavement from the bathing dress hanging above, and being a red bathing dress, of course, the criminals themselves did not realize it was bloodstained. Poor thing, poor young thing!"
69,"but you do know that I am entirely in the dark still. You and Miss Lemprière seem to know what you are talking about, but we men are still in utter darkness."
70,how do you do it? You have lived such a peaceful life and yet nothing seems to surprise you.
71,"I always find one thing very like another in this world,"
72,"There was Mrs. Green, you know, she buried five children—and every one of them insured. Well, naturally, one began to get suspicious."
73,"No, no, my dear young lady. You need have no fears on that score. The story I am about to tell is a perfectly simple and straightforward one and can be followed by any layman."
74,"No legal quibbles, now,"
75,"Certainly not,"
76,but surely that has nothing to do with the very interesting story that Mr. Petherick has been telling us.
77,"Oh yes, it has,"
78,"It is a catch! And so is Mr. Petherick’s story a catch. So like a lawyer! Ah, my dear old friend!"
79,"I wonder if you really know,"
80,is there anything you do not know?
81,"I knew that as a child,"
82,Played with it too.
83,"I feel rather out of this,"
84,I feel sure that Mr. Petherick has some clever legal legerdemain up his sleeve.
85,"‘I should like to tell you about it, Petherick, in confidence, of course.’

“‘Quite so,’ I replied.

“‘A friend of mine who had expectations from one of his relatives was greatly distressed to find that that relative had thoughts of benefiting a totally unworthy person. My friend, I am afraid, is a trifle unscrupulous in his methods. There was a maid in the house who was greatly devoted to the interests of what I may call the legitimate party. My friend gave her very simple instructions. He gave her a fountain pen, duly filled. She was to place this in a drawer in the writing table in her master’s room, but not the usual drawer where the pen was generally kept. If her master asked her to witness his signature to any document and asked her to bring him his pen, she was to bring him not the right one, but this one which was an exact duplicate of it. That was all she had to do. He gave her no other information. She was a devoted creature and she carried out his instructions faithfully.’

“He broke off and said:

“‘I hope I am not boring you, Petherick.’

“‘Not at all,’ I said. ‘I am keenly interested.’

“Our eyes met.

“‘My friend is, of course, not known to you,’ he said.

“‘Of course not,’ I replied.

“‘Then that is all right,’ said Philip Garrod.

“He paused then said smilingly, ‘You see the point? The pen was filled with what is commonly known as Evanescent Ink—a solution of starch in water to which a few drops of iodine has been added. This makes a deep blue-black fluid, but the writing disappears entirely in four or five days.’"
86,I know it. Many is the time I have played with it as a child.
87,"Now, you are laughing at me, my dears,"
88,You think that because I have lived in this out-of-the-way spot all my life I am not likely to have had any very interesting experiences.
89,Not after the horrible revelations we have heard from you! The cosmopolitan world seems a mild and peaceful place compared with St. Mary Mead.
90,"Well, my dear,"
91,"human nature is much the same everywhere, and, of course, one has opportunities of observing it at close quarters in a village."
92,I hope you don’t mind me calling you Aunt Jane?
93,I don’t know why I do it.
94,"Don’t you, my dear?"
95,"I saw,"
96,"the window of the fishmonger’s shop. There was only one thing in it, a fresh haddock."
97,An answer to prayer—a fresh haddock!
98,"Yes, Raymond,"
99,"and there is no need to be profane about it. The hand of God is everywhere. The first thing I saw were the black spots—the marks of St. Peter’s thumb. That is the legend, you know. St. Peter’s thumb. And that brought things home to me. I needed faith, the ever true faith of St. Peter. I connected the two things together, faith—and fish."
100,"how much we go by what is called, I believe, the context? There is a place on Dartmoor called Grey Wethers. If you were talking to a farmer there and mentioned Grey Wethers, he would probably conclude that you were speaking of these stone circles, yet it is possible that you might be speaking of the atmosphere; and in the same way, if you were meaning the stone circles, an outsider, hearing a fragment of the conversation, might think you meant the weather. So when we repeat a conversation, we don’t, as a rule, repeat the actual words; we put in some other words that seem to us to mean exactly the same thing.

“I saw both the cook and Dorothy separately. I asked the cook if she was quite sure that her master had really mentioned a heap of fish. She said she was quite sure.

“‘Were these his exact words,’ I asked, ‘or did he mention some particular kind of fish?’

“‘That’s it,’ said the cook; ‘it was some particular kind of fish, but I can’t remember what now. A heap of—now what was it? Not any of the fish you send to table. Would it be a perch now—or pike? No. It didn’t begin with a P.’

“Dorothy also recalled that her master had mentioned some special kind of fish. ‘Some outlandish kind of fish it was,’ she said.

“‘A pile of—now what was it?’

“‘Did he say heap or pile?’ I asked.

“‘I think he said pile. But there, I really can’t be sure—it’s so hard to remember the actual words, isn’t it, miss, especially when they don’t seem to make sense. But now I come to think of it, I am pretty sure that it was a pile, and the fish began with C; but it wasn’t a cod or a crayfish.’

“The next part is where I am really proud of myself,"
101,"because, of course, I don’t know anything about drugs—nasty, dangerous things I call them. I have got an old recipe of my grandmother’s for tansy tea that is worth any amount of your drugs. But I knew that there were several medical volumes in the house, and in one of them there was an index of drugs. You see, my idea was that Geoffrey had taken some particular poison, and was trying to say the name of it.

“Well, I looked down the list of H’s, beginning He. Nothing there that sounded likely; then I began on the P’s, and almost at once I came to—what do you think?"
102,"Go on, Aunt Jane, and tell us what was so startlingly clear to you."
103,"I don’t know anything about medicine, of course,"
104,"but I did happen to know this, that when my eyesight was failing, the doctor ordered me drops with atropine sulphate in them. I went straight upstairs to old Mr. Denman’s room. I didn’t beat about the bush.

“‘Mr. Denman,’ I said, ‘I know everything. Why did you poison your son?’

“He looked at me for a minute or two—rather a handsome old man he was, in his way—and then he burst out laughing. It was one of the most vicious laughs I have ever heard. I can assure you it made my flesh creep. I had only heard anything like it once before, when poor Mrs. Jones went off her head.

“‘Yes,’ he said, ‘I got even with Geoffrey. I was too clever for Geoffrey. He was going to put me away, was he? Have me shut up in an asylum? I heard them talking about it. Mabel is a good girl—Mabel stuck up for me, but I knew she wouldn’t be able to stand up against Geoffrey. In the end he would have his own way; he always did. But I settled him—I settled my kind, loving son! Ha, ha! I crept down in the night. It was quite easy. Brewster was away. My dear son was asleep; he had a glass of water by the side of his bed; he always woke up in the middle of the night and drank it off. I poured it away—ha, ha!—and I emptied the bottle of eyedrops into the glass. He would wake up and swill it down before he knew what it was. There was only a tablespoonful of it—quite enough, quite enough. And so he did! They came to me in the morning and broke it to me very gently. They were afraid it would upset me. Ha! Ha! Ha! Ha! Ha!’

“Well,"
105,"that is the end of the story. Of course, the poor old man was put in an asylum. He wasn’t really responsible for what he had done, and the truth was known, and everyone was sorry for Mabel and could not do enough to make up to her for the unjust suspicions they had had. But if it hadn’t been for Geoffrey realizing what the stuff was he had swallowed and trying to get everybody to get hold of the antidote without delay, it might never have been found out. I believe there are very definite symptoms with atropine—dilated pupils of the eyes, and all that; but, of course, as I have said, Dr. Rawlinson was very shortsighted, poor old man. And in the same medical book which I went on reading—and some of it was most interesting—it gave the symptoms of ptomaine poisoning and atropine, and they are not unlike. But I can assure you I have never seen a pile of fresh haddock without thinking of the thumb mark of St. Peter."
106,there is one thing that you don’t know.
107,"Oh, yes, I do, dear,"
108,"It happened just before dinner, didn’t it? When you took Joyce out to admire the sunset. It is a very favourite place, that. There by the jasmine hedge. That is where the milkman asked Annie if he could put up the banns."
109,don’t spoil all the romance. Joyce and I aren’t like the milkman and Annie.
110,"That is where you make a mistake, dear,"
111,"Everybody is very much alike, really. But fortunately, perhaps, they don’t realize it."
112,When you were here last year?
113,"Tell me,"
114,"I went to see Mrs. Pritchard and did my best to ridicule the whole thing; but without success. I came away really concerned, and I remember I met Jean Instow and told her about it. Jean is a queer girl. She said, ‘So she’s really upset about it?’ I told her that I thought the woman was perfectly capable of dying of fright—she was really abnormally superstitious.

“I remember Jean rather startled me with what she said next. She said, ‘Well, that might be all for the best, mightn’t it?’ And she said it so coolly, in so matter-of-fact a tone that I was really—well, shocked. Of course I know it’s done nowadays—to be brutal and outspoken; but I never get used to it. Jean smiled at me rather oddly and said, ‘You don’t like my saying that—but it’s true. What use is Mrs. Pritchard’s life to her? None at all; and it’s hell for George Pritchard. To have his wife frightened out of existence would be the best thing that could happen to him.’ I said, ‘George is most awfully good to her always.’ And she said, ‘Yes, he deserves a reward, poor dear. He’s a very attractive person, George Pritchard. The last nurse thought so—the pretty one—what was her name? Carstairs. That was the cause of the row between her and Mrs. P.’

“Now I didn’t like hearing Jean say that. Of course one had wondered—"
115,"Yes, dear,"
116,One always does. Is Miss Instow a pretty girl? I suppose she plays golf?
117,"Yes. She’s good at all games. And she’s nice-looking, attractive-looking, very fair with a healthy skin, and nice steady blue eyes. Of course we always have felt that she and George Pritchard—I mean if things had been different—they are so well suited to one another."
118,And they were friends?
119,Oh yes. Great friends.
120,"Do you think, Dolly,"
121,One can make guesses; but to guess—
122,Has Mr. Pritchard married Miss Instow?
123,Now why do you ask that?
124,Have they married?
125,"We—well, we expected something of the kind—but it’s eighteen months now. I don’t believe they even see much of each other."
126,"That is important,"
127,Very important.
128,"Then you think the same as I do,"
129,You think—
130,"Don’t be so—so manly, Arthur. Men are always afraid to say anything. Anyway, this is all between ourselves. It’s just a wild fantastic idea of mine that possibly—only possibly—Jean Instow disguised herself as a fortune-teller. Mind you, she may have done it for a joke. I don’t for a minute think that she meant any harm; but if she did do it, and if Mrs. Pritchard was foolish enough to die of fright—well, that’s what Miss Marple meant, wasn’t it?"
131,"No, dear, not quite,"
132,"You see, if I were going to kill anyone—which, of course, I wouldn’t dream of doing for a minute, because it would be very wicked, and besides I don’t like killing—not even wasps, though I know it has to be, and I’m sure the gardener does it as humanely as possible. Let me see, what was I saying?"
133,"Oh yes. Well, if I did, I shouldn’t be at all satisfied to trust to fright. I know one reads of people dying of it, but it seems a very uncertain sort of thing, and the most nervous people are far more brave than one really thinks they are. I should like something definite and certain, and make a thoroughly good plan about it."
134,you frighten me. I hope you will never wish to remove me. Your plans would be too good.
135,"perhaps she wasn’t so far wrong. And mind you, a nurse often knows. She can’t say—she’s got no proof—but she knows."
136,You’re lost in a daydream. Won’t you tell us all about it?
137,I was just thinking about our District Nurse. A most difficult problem.
138,More difficult than the problem of the blue geranium?
139,"It really depends on the primroses,"
140,"I mean, Mrs. Bantry said they were yellow and pink. If it was a pink primrose that turned blue, of course, that fits in perfectly. But if it happened to be a yellow one—"
141,"It was a pink one,"
142,"Then that seems to settle it,"
143,And the wasp season and everything. And of course the gas.
144,"It reminds you, I suppose, of countless village tragedies?"
145,"Not tragedies,"
146,"That’s a most important point, of course."
147,"Rather a bold step to take,"
148,"because Mrs. Pritchard might have recognized her in spite of the disguise—though of course if she had, the nurse could have pretended it was a joke."
149,when you said that if you were a certain person you would not have trusted to fright?
150,"One couldn’t be sure that way,"
151,"No, I think that the warnings and the blue flowers were, if I may use a military term,"
152,just camouflage.
153,And the real thing?
154,"I know,"
155,"that I’ve got wasps on the brain. Poor things, destroyed in their thousands—and usually on such a beautiful summer’s day. But I remember thinking, when I saw the gardener shaking up the cyanide of potassium in a bottle with water, how like smelling salts it looked. And if it were put in a smelling salt bottle and substituted for the real one—well, the poor lady was in the habit of using her smelling salts. Indeed you said they were found by her hand. Then, of course, while Mr. Pritchard went to telephone to the doctor, the nurse would change it for the real bottle, and she’d just turn on the gas a little bit to mask any smell of almonds and in case anyone felt queer, and I always have heard that cyanide leaves no trace if you wait long enough. But, of course I may be wrong, and it may have been something entirely different in the bottle; but that doesn’t really matter, does it?"
156,"But the blue geranium, and the other flowers?"
157,"Nurses always have litmus paper, don’t they?"
158,"for—well, for testing. Not a very pleasant subject. We won’t dwell on it. I have done a little nursing myself."
159,"Blue turns red with acids, and red turns blue with alkalis. So easy to paste some red litmus over a red flower—near the bed, of course. And then, when the poor lady used her smelling salts, the strong ammonia fumes would turn it blue. Really most ingenious. Of course, the geranium wasn’t blue when they first broke into the room—nobody noticed it till afterwards. When nurse changed the bottles, she held the Sal Ammoniac against the wallpaper for a minute, I expect."
160,"You might have been there, Miss Marple,"
161,"What worries me,"
162,"is poor Mr. Pritchard and that nice girl, Miss Instow. Probably both suspecting each other and keeping apart—and life so very short."
163,As a matter of fact I have something up my sleeve. A nurse has been arrested on a charge of murdering an elderly patient who had left her a legacy. It was done with cyanide of potassium substituted for smelling salts. Nurse Copling trying the same trick again. Miss Instow and Mr. Pritchard need have no doubts as to the truth.
164,Now isn’t that nice?
165,"I don’t mean about the new murder, of course. That’s very sad, and shows how much wickedness there is in the world, and that if once you give way—which reminds me I must finish my little conversation with Dr. Lloyd about the village nurse."
166,I always thought so.
167,"Did you, my dear?"
168,"We don’t get much in the creepy line—and still less in the criminal line—in St. Mary Mead, you know, Miss Helier,"
169,"No. As it happens my friend and I were wrong. Nothing in the least exciting happened to the Spanish beauty. She married a clerk in a shipping office, and by the time I left the island she had had five children and was getting very fat."
170,"Just like that girl of Israel Peters,"
171,"The one who went on the stage and had such good legs that they made her principal boy in the pantomime. Everyone said she’d come to no good, but she married a commercial traveller and settled down splendidly."
172,"My dear young lady, what could I do? There was no evidence. The majority of the eyewitnesses told the same story as Miss Barton. I had built up my own suspicions out of a fleeting expression which I might possibly have imagined. The only thing I could and did do was to see that the widest inquiries were made for the relations of Amy Durrant. The next time I was in England I even went and saw the landlady of her room, with the results I have told you."
173,"But you felt there was something wrong,"
174,"Half the time I was ashamed of myself for thinking so. Who was I to go suspecting this nice, pleasant-mannered English lady of a foul and cold-blooded crime? I did my best to be as cordial as possible to her during the short time she stayed on the island. I helped her with the Spanish authorities. I did everything I could do as an Englishman to help a compatriot in a foreign country; and yet I am convinced that she knew I suspected and disliked her."
175,How long did she stay out there?
176,"I think it was about a fortnight. Miss Durrant was buried there, and it must have been about ten days later when she took a boat back to England. The shock had upset her so much that she felt she couldn’t spend the winter there as she had planned. That’s what she said."
177,Did it seem to have upset her?
178,"Well, I don’t know that it affected her appearance at all,"
179,"She didn’t, for instance, grow fatter?"
180,"Do you know—it’s a curious thing your saying that. Now I come to think back, I believe you’re right. She—yes, she did seem, if anything, to be putting on weight."
181,"though I admit it’s only a guess. I suggest that Miss Barton was always mentally unhinged. There are more cases like that than you would imagine. Her mania grew stronger and she began to believe it her duty to rid the world of certain persons—possibly what is termed unfortunate females. Nothing much is known about Miss Durrant’s past. So very possibly she had a past—an ‘unfortunate’ one. Miss Barton learns of this and decides on extermination. Later, the righteousness of her act begins to trouble her and she is overcome by remorse. Her end shows her to be completely unhinged. Now, do say you agree with me, Miss Marple."
182,"I’m afraid I don’t, Sir Henry,"
183,I think her end shows her to have been a very clever and resourceful woman.
184,Oh! I’ve been so stupid. May I guess again? Of course it must have been that. Blackmail! The companion woman was blackmailing her. Only I don’t see why Miss Marple says it was clever of her to kill herself. I can’t see that at all.
185,Ah!
186,"You see, Miss Marple knew a case just like it in St. Mary Mead."
187,"You always laugh at me, Sir Henry,"
188,"I must confess it does remind me, just a little, of old Mrs. Trout. She drew the old age pension, you know, for three old women who were dead, in different parishes."
189,But it doesn’t seem to me to throw any light upon our present problem.
190,"Of course not,"
191,"It wouldn’t—to you. But some of the families were very poor, and the old age pension was a great boon to the children. I know it’s difficult for anyone outside to understand. But what I really meant was that the whole thing hinged upon one old woman being so like any other old woman."
192,It’s the only natural way of thinking of it. Dear Mrs. Bantry began that way just now. Why should the rich employer kill the humble companion? It’s so much more likely to be the other way about. I mean—that’s the way things happen.
193,Is it?
194,"she would have to wear Miss Barton’s clothes, and they would probably be a little tight on her, so that her general appearance would look as though she had got a little fatter. That’s why I asked that question. A gentleman would be sure to think it was the lady who had got fatter, and not the clothes that had got smaller—though that isn’t quite the right way of putting it."
195,"And during that time I expect she travelled, keeping away from anyone who might know her. That’s what I meant by saying that one lady of a certain age looks so like another. I don’t suppose the different photograph on her passport was ever noticed—you know what passports are. And then in March, she went down to this Cornish place and began to act queerly and draw attention to herself so that when people found her clothes on the beach and read her last letter they shouldn’t think of the commonsense conclusion."
196,Which was?
197,"No body,"
198,"That’s the thing that would stare you in the face, if there weren’t such a lot of red herrings to draw you off the trail—including the suggestion of foul play and remorse. No body. That was the real significant fact."
199,do you mean that there wasn’t any remorse? That there wasn’t—that she didn’t drown herself?
200,Not she!
201,"It’s just Mrs. Trout over again. Mrs. Trout was very good at red herrings, but she met her match in me. And I can see through your remorse-driven Miss Barton. Drown herself? Went off to Australia, if I’m any good at guessing."
202,"Undoubtedly you are. Now it again took me quite by surprise. Why, you could have knocked me down with a feather that day in Melbourne."
203,"I was in a very curious position, Mrs. Bantry. Of evidence as the law understands it, I still have very little. Also, there were certain signs, plain to me as a medical man, that though strong and vigorous in appearance, the lady was not long for this world. I went home with her and saw the rest of the family—a charming family, devoted to their eldest sister and without an idea in their heads that she might prove to have committed a crime. Why bring sorrow on them when I could prove nothing? The lady’s admission to me was unheard by anyone else. I let Nature take its course. Miss Amy Barton died six months after my meeting with her. I have often wondered if she was cheerful and unrepentant up to the last."
204,"Surely not,"
205,"I expect so,"
206,Mrs. Trout was.
207,"Well,"
208,"It’s very, very thrilling. I don’t quite understand now who drowned which. And how does this Mrs. Trout come into it?"
209,"She doesn’t, my dear,"
210,She was only a person—not a very nice person—in the village.
211,Aren’t there?
212,Sir Henry! You don’t mean there are?
213,"I should think,"
214,that there must be a very large number.
215,"My dear Miss Marple,"
216,"Of course,"
217,"a lot of people are stupid. And stupid people get found out, whatever they do. But there are quite a number of people who aren’t stupid, and one shudders to think of what they might accomplish unless they had very strongly rooted principles."
218,"But you know, it isn’t really guilt that is important—it’s innocence. That’s the thing that nobody will realize."
219,"I don’t understand,"
220,"I do,"
221,"When Mrs. Trent found half a crown missing from her bag, the person it affected most was the daily woman, Mrs. Arthur. Of course the Trents thought it was her, but being kindly people and knowing she had a large family and a husband who drinks, well—they naturally didn’t want to go to extremes. But they felt differently towards her, and they didn’t leave her in charge of the house when they went away, which made a great difference to her; and other people began to get a feeling about her too. And then it suddenly came out that it was the governess. Mrs. Trent saw her through a door reflected in a mirror. The purest chance—though I prefer to call it Providence. And that, I think, is what Sir Henry means. Most people would be only interested in who took the money, and it turned out to be the most unlikely person—just like in detective stories! But the real person it was life and death to was poor Mrs. Arthur, who had done nothing. That’s what you mean, isn’t it, Sir Henry?"
222,"but I took the precaution of verifying that there was a Mrs. Greene and a Church Social. One can’t be too careful, you know."
223,"That’s what our friend Miss Marple always says,"
224,"You’re lost in a daydream, Miss Marple. What are you thinking out?"
225,I was just wondering why the word Honesty in Dr. Rosen’s letter was spelt with a capital H.
226,"So it is,"
227,Oh!
228,"Yes, dear,"
229,I thought you’d notice!
230,"There’s a definite warning in that letter,"
231,"It seems—oh! I don’t know—it seems queer. Why should he have letters from Germany? Although, of course, if he’s above suspicion, as you say—"
232,"But Sir Henry didn’t say that,"
233,"Yes, Miss Marple. I have learned one thing through bitter experience. Never say to yourself that anyone is above suspicion. I gave you reasons just now why three of these people might after all be guilty, unlikely as it seemed. I did not at that time apply the same process to Charles Templeton. But I came to it at last through pursuing the rule I have just mentioned. And I was forced to recognize this: That every army and every navy and every police force has a certain number of traitors within its ranks, much as we hate to admit the idea. And I examined dispassionately the case against Charles Templeton.

“I asked myself very much the same questions as Miss Helier has just asked. Why should he, alone of all the house, not be able to produce the letter he had received—a letter, moreover, with a German stamp on it. Why should he have letters from Germany?

“The last question was an innocent one, and I actually put it to him. His reply came simply enough. His mother’s sister was married to a German. The letter had been from a German girl cousin. So I learned something I did not know before—that Charles Templeton had relations with people in Germany. And that put him definitely on the list of suspects—very much so. He is my own man—a lad I have always liked and trusted; but in common justice and fairness I must admit that he heads that list.

“But there it is—I do not know! I do not know . . . And in all probability I never shall know. It is not a question of punishing a murderer. It is a question that to me seems a hundred times more important. It is the blighting, perhaps, of an honourable man’s whole career . . . because of suspicion—a suspicion that I dare not disregard."
234,"Then, Sir Henry, if I understand you rightly, it is this young Mr. Templeton only who is so much on your mind?"
235,"And their initial letters spell ‘DEATH,’ explained Miss Marple.

“But the letter came to Dr. Rosen himself,"
236,"That was the clever part of it,"
237,"That and the warning in it. What would he do, getting a letter from someone he didn’t know, full of names he didn’t know. Why, of course, toss it over to his secretary."
238,"Then, after all—"
239,"Oh, no!"
240,"Not the secretary. Why, that’s what makes it so perfectly clear that it wasn’t him. He’d never have let that letter be found if so. And equally he’d never have destroyed a letter to himself with a German stamp on it. Really, his innocence is—if you’ll allow me to use the word—just shining."
241,Then her visit to me—
242,"Gentlemen never see through these things,"
243,"And I’m afraid they often think we old women are—well, cats, to see things the way we do. But there it is. One does know a great deal about one’s own sex, unfortunately. I’ve no doubt there was a barrier between them. The young man felt a sudden inexplicable repulsion. He suspected, purely through instinct, and couldn’t hide the suspicion. And I really think that the girl’s visit to you was just pure spite. She was safe enough really; but she just went out of her way to fix your suspicions definitely on poor Mr. Templeton. You weren’t nearly so sure about him until after her visit."
244,I’m sure it was nothing that she said—
245,"Gentlemen,"
246,never see through these things.
247,And that girl—
248,She commits a cold-blooded murder and gets off scot-free!
249,"Oh! no, Sir Henry,"
250,"Not scot-free. Neither you nor I believe that. Remember what you said not long ago. No. Greta Rosen will not escape punishment. To begin with, she must be in with a very queer set of people—blackmailers and terrorists—associates who will do her no good, and will probably bring her to a miserable end. As you say, one mustn’t waste thoughts on the guilty—it’s the innocent who matter. Mr. Templeton, who I dare say will marry that German cousin, his tearing up her letter looks—well, it looks suspicious—using the word in quite a different sense from the one we’ve been using all the evening. A little as though he were afraid of the other girl noticing or asking to see it? Yes, I think there must have been some little romance there. And then there’s Dobbs—though, as you say, I dare say it won’t matter much to him. His elevenses are probably all he thinks about. And then there’s that poor old Gertrud—the one who reminded me of Annie Poultny. Poor Annie Poultny. Fifty years’ faithful service and suspected of making away with Miss Lamb’s will, though nothing could be proved. Almost broke the poor creature’s faithful heart; and then after she was dead it came to light in the secret drawer of the tea caddy where old Miss Lamb had put it herself for safety. But too late then for poor Annie.

“That’s what worries me so about that poor old German woman. When one is old, one becomes embittered very easily. I felt much more sorry for her than for Mr. Templeton, who is young and good-looking and evidently a favourite with the ladies. You will write to her, won’t you, Sir Henry, and just tell her that her innocence is established beyond doubt? Her dear old master dead, and she no doubt brooding and feeling herself suspected of . . . Oh! It won’t bear thinking about!"
251,"You know, I shall never quite understand you. Your outlook is always a different one from what I expect."
252,"My outlook, I am afraid, is a very petty one,"
253,I hardly ever go out of St. Mary Mead.
254,"And yet you have solved what may be called an International mystery,"
255,"‘I await your favours,’—that’s what that means,"
256,"I see we shall have to have that epic of the shrimps,"
257,"You’re so fond of your joke, Sir Henry. The shrimps are only nonsense; but now I come to think of it, I do remember one incident—at least not exactly an incident, something very much more serious—a tragedy. And I was, in a way, mixed up in it; and for what I did, I have never had any regrets—no, no regrets at all. But it didn’t happen in St. Mary Mead."
258,"Lot of old women sitting round talking scandal,"
259,"That I am afraid is true,"
260,I myself—
261,"My dear Miss Marple,"
262,I didn’t mean for one moment—
263,"After all,"
264,what is wrong with a sink?
265,"Exactly,"
266,"It’s the most necessary thing in any house; but, of course, not romantic. Now I must confess that I have my feelings, like everyone else, and I have sometimes been cruelly hurt by unthinking remarks. I know gentlemen are not interested in domestic matters, but I must just mention my maid Ethel—a very good-looking girl and obliging in every way. Now I realized as soon as I saw her that she was the same type as Annie Webb and poor Mrs. Bruitt’s girl. If the opportunity arose mine and thine would mean nothing to her. So I let her go at the month and I gave her a written reference saying she was honest and sober, but privately I warned old Mrs. Edwards against taking her; and my nephew, Raymond, was exceedingly angry and said he had never heard of anything so wicked—yes, wicked. Well, she went to Lady Ashton, whom I felt no obligation to warn—and what happened? All the lace cut off her underclothes and two diamond brooches taken—and the girl departed in the middle of the night and never heard of since!"
267,You’ll be saying this has nothing to do with what went on at Keston Spa Hydro—but it has in a way. It explains why I felt no doubt in my mind the first moment I saw the Sanders together that he meant to do away with her.
268,Eh?
269,"As I say, Sir Henry, I felt no doubt in my own mind. Mr. Sanders was a big, good-looking, florid-faced man, very hearty in his manner and popular with all. And nobody could have been pleasanter to his wife than he was. But I knew! He meant to make away with her."
270,"Yes, I know. That’s what my nephew, Raymond West, would say. He’d tell me I hadn’t a shadow of proof. But I remember Walter Hones, who kept the Green Man. Walking home with his wife one night she fell into the river—and he collected the insurance money! And one or two other people that are walking about scot-free to this day—one indeed in our own class of life. Went to Switzerland for a summer holiday climbing with his wife. I warned her not to go—the poor dear didn’t get angry with me as she might have done—she only laughed. It seemed to her funny that a queer old thing like me should say such things about her Harry. Well, well, there was an accident—and Harry is married to another woman now. But what could I do? I knew, but there was no proof."
271,You don’t really mean—
272,"My dear, these things are very common—very common indeed. And gentlemen are especially tempted, being so much the stronger. So easy if a thing looks like an accident. As I say, I knew at once with the Sanders. It was on a tram. It was full inside and I had had to go on top. We all three got up to get off and Mr. Sanders lost his balance and fell right against his wife, sending her headfirst down the stairs. Fortunately the conductor was a very strong young man and caught her."
273,"Of course it was an accident—nothing could have looked more accidental! But Mr. Sanders had been in the Merchant Service, so he told me, and a man who can keep his balance on a nasty tilting boat doesn’t lose it on top of a tram if an old woman like me doesn’t. Don’t tell me!"
274,Made it up then and there.
275,"I was sure enough, and another incident in crossing the street not long afterwards made me surer still. Now I ask you, what could I do, Sir Henry? Here was a nice contented happy little married woman shortly going to be murdered."
276,What conceivable plan could you adopt?
277,"I’d have found one—never fear,"
278,"But the man was too clever for me. He didn’t wait. He thought I might suspect, and so he struck before I could be sure. He knew I would suspect an accident. So he made it murder."
279,"I know, my dear, that isn’t what you expected when I began this story. It wasn’t what I expected either. But facts are facts, and if one is proved to be wrong, one must just be humble about it and start again. That Mr. Sanders was a murderer at heart I knew—and nothing ever occurred to upset that firm conviction of mine.

“And now, I expect, you would like to hear the actual facts themselves. Mrs. Sanders, as you know, spent the afternoon playing bridge with some friends, the Mortimers. She left them at about a quarter past six. From her friends’ house to the Hydro was about a quarter of an hour’s walk—less if one hurried. She must have come in then about six thirty. No one saw her come in, so she must have entered by the side door and hurried straight up to her room. There she changed (the fawn coat and skirt she wore to the bridge party were hanging up in the cupboard) and was evidently preparing to go out again, when the blow fell. Quite possibly, they say, she never even knew who struck her. The sandbag, I understand, is a very efficient weapon. That looks as though the attackers were concealed in the room, possibly in one of the big wardrobe cupboards—the one she didn’t open.

“Now as to the movements of Mr. Sanders. He went out, as I have said, at about five thirty—or a little after. He did some shopping at a couple of shops and at about six o’clock he entered the Grand Spa Hotel where he encountered two friends—the same with whom he returned to the Hydro later. They played billiards and, I gather, had a good many whiskies and sodas together. These two men (Hitchcock and Spender, their names were) were actually with him the whole time from six o’clock onwards. They walked back to the Hydro with him and he only left them to come across to me and Miss Trollope. That, as I told you, was about a quarter to seven—at which time his wife must have been already dead.

“I must tell you that I talked myself to these two friends of his. I did not like them. They were neither pleasant nor gentlemanly men, but I was quite certain of one thing, that they were speaking the absolute truth when they said that Sanders had been the whole time in their company.

“There was just one other little point that came up. It seems that while bridge was going on Mrs. Sanders was called to the telephone. A Mr. Littleworth wanted to speak to her. She seemed both excited and pleased about something—and incidentally made one or two bad mistakes. She left rather earlier than they had expected her to do.

“Mr. Sanders was asked whether he knew the name of Little-worth as being one of his wife’s friends, but he declared he had never heard of anyone of that name. And to me that seems borne out by his wife’s attitude—she too, did not seem to know the name of Littleworth. Nevertheless she came back from the telephone smiling and blushing, so it looks as though whoever it was did not give his real name, and that in itself has a suspicious aspect, does it not?

“Anyway, that is the problem that was left. The burglar story, which seems unlikely—or the alternative theory that Mrs. Sanders was preparing to go out and meet somebody. Did that somebody come to her room by means of the fire escape? Was there a quarrel? Or did he treacherously attack her?"
280,What is the answer?
281,I wondered if any of you could guess.
282,was the hat cupboard locked?
283,"How very clever of you, my dear,"
284,That’s just what I wondered myself. Though the explanation was quite simple. In it were a pair of embroidered slippers and some pocket handkerchiefs that the poor girl was embroidering for her husband for Christmas. That’s why she locked the cupboard. The key was found in her handbag.
285,Then it isn’t very interesting after all.
286,"Oh! but it is,"
287,It’s just the one really interesting thing—the thing that made all the murderer’s plans go wrong.
288,"I didn’t see it myself for two days,"
289,"I puzzled and puzzled—and then suddenly there it was, all clear. I went to the Inspector and asked him to try something and he did."
290,You mean it was someone pretending to be her? But surely when you touched her—
291,"It was a dead body, right enough,"
292,"But, dash it all,"
293,you can’t get hold of dead bodies right and left. What did they do with the—the first corpse afterwards?
294,"He put it back,"
295,"It was a wicked idea—but a very clever one. It was our talk in the drawing room that put it into his head. The body of poor Mary, the housemaid—why not use it? Remember, the Sanders’ room was up amongst the servants’ quarters. Mary’s room was two doors off. The undertakers wouldn’t come till after dark—he counted on that. He carried the body along the balcony (it was dark at five), dressed it in one of his wife’s dresses and her big red coat. And then he found the hat cupboard locked! There was only one thing to be done, he fetched one of the poor girl’s own hats. No one would notice. He put the sandbag down beside her. Then he went off to establish his alibi.

“He telephoned to his wife—calling himself Mr. Littleworth. I don’t know what he said to her—she was a credulous girl, as I said just now. But he got her to leave the bridge party early and not to go back to the Hydro, and arranged with her to meet him in the grounds of the Hydro near the fire escape at seven o’clock. He probably told her he had some surprise for her.

“He returns to the Hydro with his friends and arranges that Miss Trollope and I shall discover the crime with him. He even pretends to turn the body over—and I stop him! Then the police are sent for, and he staggers out into the grounds.

“Nobody asked him for an alibi after the crime. He meets his wife, takes her up the fire escape, they enter their room. Perhaps he has already told her some story about the body. She stoops over it, and he picks up his sandbag and strikes. . . Oh, dear! It makes me sick to think of, even now! Then quickly he strips off her coat and skirt, hangs them up, and dresses her in the clothes from the other body.

“But the hat won’t go on. Mary’s head is shingled—Gladys Sanders, as I say, had a great bun of hair. He is forced to leave it beside the body and hope no one will notice. Then he carries poor Mary’s body back to her own room and arranges it decorously once more."
296,The risks he took. The police might have arrived too soon.
297,"You remember the line was out of order,"
298,"That was a piece of his work. He couldn’t afford to have the police on the spot too soon. When they did come, they spent some time in the manager’s office before going up to the bedroom. That was the weakest point—the chance that someone might notice the difference between a body that had been dead two hours and one that had been dead just over half an hour; but he counted on the fact that the people who first discovered the crime would have no expert knowledge."
299,It was actually committed at seven or a few minutes after. When the police surgeon examined the body it would be about half past seven at the earliest. He couldn’t possibly tell.
300,"I am the person who should have known,"
301,I felt the poor girl’s hand and it was icy cold. Yet a short time later the Inspector spoke as though the murder must have been committed just before we arrived—and I saw nothing!
302,The case was before my time. I don’t even remember hearing of it. What happened?
303,"Sanders was hanged,"
304,And a good job too. I have never regretted my part in bringing that man to justice. I’ve no patience with modern humanitarian scruples about capital punishment.
305,"We can’t believe that, Mrs. Bantry,"
306,Surely dear—
307,"We were staying, Arthur and I, with Sir Ambrose Bercy at Clodderham Court, and one day, by mistake (though very stupidly, I’ve always thought) a lot of foxglove leaves were picked with the sage. The ducks for dinner that night were stuffed with it and everyone was very ill, and one poor girl—Sir Ambrose’s ward—died of it."
308,"Dear, dear,"
309,how very tragic.
310,Wasn’t it?
311,"Well,"
312,what next?
313,"There isn’t any next,"
314,"Really, you know, Scheherazade, this is most refreshing. Our ingenuity is challenged. I’m not so sure you haven’t done it on purpose—to stimulate our curiosity. A few brisk rounds of ‘Twenty Questions’ is indicated, I think. Miss Marple, will you begin?"
315,"I’d like to know something about the cook,"
316,"She must have been a very stupid woman, or else very inexperienced."
317,"She cried a great deal afterwards and said the leaves had been picked and brought in to her as sage, and how was she to know?"
318,"Not one who thought for herself,"
319,"Probably an elderly woman and, I dare say, a very good cook?"
320,"Being young’s no good,"
321,You’ve got to have SA.
322,"What,"
323,is SA?
324,"Sex appeal,"
325,"Ah! yes,"
326,What in my day they used to call ‘having the come hither in your eye.’
327,"Mrs. MacArthur sent some special bulbs round to Mrs. Toomie the other day,"
328,"And Mrs. Toomie’s cook mistook them for onions, and all the Toomies were very ill indeed."
329,"But they didn’t die of it,"
330,"No. They didn’t die of it,"
331,"A girl I knew died of ptomaine poisoning,"
332,"We must get on with investigating the crime,"
333,"Because, as it happened, she was walking with me on the terrace that morning. We went out there after breakfast. It was unusually nice and warm for early spring. Sylvia went alone down into the garden, but later I saw her walking arm-in-arm with Maud Wye."
334,"So they were great friends, were they?"
335,"Yes,"
336,Had she been staying there long?
337,"About a fortnight,"
338,"You’re keeping something back, Mrs. Bantry,"
339,"I wondered just now,"
340,but I didn’t like to go on.
341,When did you wonder?
342,"When you said that the young people were engaged. You said that that was what made it so sad. But, if you know what I mean, your voice didn’t sound right when you said it—not convincing, you know."
343,"One evening—in fact the very evening before the tragedy—I happened to go out on the terrace before dinner. The window in the drawing room was open. And as it chanced I saw Jerry Lorimer and Maud Wye. He was—well—kissing her. Of course I didn’t know whether it was just a sort of chance affair, or whether—well, I mean, one can’t tell. I knew Sir Ambrose never had really liked Jerry Lorimer—so perhaps he knew he was that kind of young man. But one thing I am sure of: that girl, Maud Wye, was really fond of him. You’d only to see her looking at him when she was off guard. And I think, too, they were really better suited than he and Sylvia were."
344,"I want to know whether, after the tragedy, Jerry Lorimer married Maud Wye?"
345,And mightn’t he have poisoned himself too?
346,Was anyone absent from dinner that night?
347,Everyone was there.
348,"Except Mr. Lorimer, I suppose, my dear. He wasn’t staying in the house, was he?"
349,"No; but he was dining there that evening,"
350,Oh!
351,That makes all the difference in the world.
352,The one Mrs. Bantry calls the Pussy woman.
353,"She wasn’t mentioned in the will,"
354,You’re somewhere faraway.
355,"I was thinking of old Mr. Badger, the chemist,"
356,"He had a very young housekeeper—young enough to be not only his daughter, but his granddaughter. Not a word to anyone, and his family, a lot of nephews and nieces, full of expectations. And when he died, would you believe it, he’d been secretly married to her for two years? Of course Mr. Badger was a chemist, and a very rude, common old man as well, and Sir Ambrose Bercy was a very courtly gentleman, so Mrs. Bantry says, but for all that human nature is much the same everywhere."
357,"Sir Henry has put it all very clearly—very clearly indeed,"
358,"And Dr. Lloyd was so right in what he said. Between them they seem to have made things so very clear. Only I don’t think Dr. Lloyd quite realized one aspect of what he said. You see, not being Sir Ambrose’s medical adviser, he couldn’t know just what kind of heart trouble Sir Ambrose had, could he?"
359,You’re assuming—aren’t you?—that Sir Ambrose had the kind of heart that digitalin would affect adversely? But there’s nothing to prove that that’s so. It might be just the other way about.
360,"You mean Sir Ambrose poisoned his ward, the charming girl whom he loved?"
361,"That’s just it,"
362,"Like Mr. Badger and his young housekeeper. Don’t tell me it’s absurd for a man of sixty to fall in love with a girl of twenty. It happens every day—and I dare say with an old autocrat like Sir Ambrose, it might take him queerly. These things become a madness sometimes. He couldn’t bear the thought of her getting married—did his best to oppose it—and failed. His mad jealousy became so great that he preferred killing her to letting her go to young Lorimer. He must have thought of it sometime beforehand, because that foxglove seed would have to be sown among the sage. He’d pick it himself when the time came, and send her into the kitchen with it. It’s horrible to think of, but I suppose we must take as merciful a view of it as we can. Gentlemen of that age are sometimes very peculiar indeed where young girls are concerned. Our last organist—but there, I mustn’t talk scandal."
363,"Anyway, with the young man. So I said, ‘Of course not.’ And they brought him and said, ‘This is Miss Helier,’ and—Oh!"
364,"Never mind, my dear,"
365,"We were bound to guess, you know. And you haven’t given us the name of the place or anything that really matters."
366,Let me see—how had I better go on?
367,"Supposing you tell us what it was all about, dear,"
368,"I mean what the young man’s mistake was, and about the burglary."
369,"But you must admit that he could have invented the story quite easily. He could write the letter purporting to be from you himself. He could also dope himself after successfully committing the burglary. But I confess I don’t see where the point of all that would be. Easier to enter the house, help himself, and disappear quietly—unless just possibly he was observed by someone in the neighbourhood and knew himself to have been observed. Then he might hastily concoct this plan for diverting suspicion from himself and accounting for his presence in the neighbourhood."
370,Was he well-off?
371,"I don’t think so,"
372,"No, I believe he was rather hard up."
373,"The whole thing seems curious,"
374,"I incline to suspicion of the city gentleman. He’d know the sort of telegram to get the lady out of the way, and he could manage the rest easily enough with the help of a new lady friend. Nobody seems to have thought of asking him for an alibi."
375,"I’m rather in the position of agreeing with everyone’s solutions—and yet with none of them. I myself have a far-fetched and probably totally erroneous theory that the wife may have had something to do with it. Sir Herman’s wife, I mean. I’ve no grounds for thinking so—only you would be surprised if you knew the extraordinary—really very extraordinary things that a wronged wife will take it into her head to do."
376,"Oh! Dr. Lloyd,"
377,How clever of you. And I never thought of poor Mrs. Pebmarsh.
378,"And that makes it all perfectly clear to you, Miss Marple?"
379,Yes.
380,"I don’t think I could do that,"
381,"No, dear,"
382,Miss Helier couldn’t do that.
383,"Of course she could,"
384,I think—I think I rather enjoyed it.
385,"Well, perhaps you did,"
386,I suppose it was a break in the monotony. What play were you acting in?
387,"You’re reviving it to go on tour next autumn, aren’t you?"
388,"Well,"
389,I must go home. Such late hours! But we’ve had a very entertaining evening. Most unusually so. I think Miss Helier’s story wins the prize. Don’t you agree?
390,Which of her seven solutions do you refer to?
391,"The personal element. Oh, yes, the personal element. Jane, my good child, do you realize that theft is theft, and you might have been sent to prison?"
392,"Well, none of you guessed,"
393,"Dolly, do you really think there are many like her?"
394,I was going to do it this autumn—in September. I don’t know what to do now.
395,I’m afraid Mrs. Bantry’s out.
396,"Yes,"
397,"I saw her talking to Footit, the butcher, as I passed. Henry Footit was run over yesterday—that was his dog. One of those smooth-haired fox terriers, rather stout and quarrelsome, that butchers always seem to have."
398,Because it was you I wanted to see. About this sad affair.
399,Henry Footit?
400,"But, my dear lady, I am not the person to come to. I am merely a private individual nowadays. If you have knowledge of the kind you claim, you must go to the police."
401,"I don’t think I can do that,"
402,But why not?
403,"Because, you see, I haven’t got any—what you call knowledge."
404,You mean that you are simply judging from the facts in a parallel case.
405,"I know human nature,"
406,"It’s impossible not to know human nature living in a village all these years. The question is, do you believe me, or don’t you?"
407,"I do believe you, Miss Marple. But I do not see what you want me to do in the matter, or why you have come to me."
408,"I have thought and thought about it,"
409,"As I said, it would be useless going to the police without any facts. I have no facts. What I would ask you to do is to interest yourself in the matter—Inspector Drewitt would be most flattered, I am sure. And, of course, if the matter went farther, Colonel Melchett, the Chief Constable, I am sure, would be wax in your hands."
410,And what data are you going to give me to work upon?
411,"I thought,"
412,"of writing a name—the name—on a piece of paper and giving it to you. Then if, on investigation, you decided that the—the person—is not involved in any way—well, I shall have been quite wrong."
413,"Rather an extraordinary business, this. I’ve never done anything like it before. But I’m going to back my judgment—of you, Miss Marple."
414,At least I can try. . . .
415,you must forgive an old friend for taking a liberty. What I have come here for is a consultation.
416,"Perhaps,"
417,"Yes,"
418,"I think I have. There are four possibilities. Either Mrs. Rhodes was killed by her husband, or by the chambermaid, or she committed suicide, or she was killed by an outsider whom nobody saw enter or leave."
419,"Nobody could come in or go out through my room without my seeing them, and even if anyone did manage to come in through my wife’s room without the electrician seeing them, how the devil could they get out again leaving the door locked and bolted on the inside?"
420,"I should like,"
421,"to ask a question. Mr. Rhodes, what did the chambermaid look like?"
422,"And this,"
423,"It’s like this, you see. As Uncle Mathew grew older, he got more and more suspicious. He didn’t trust anybody."
424,"Very wise of him,"
425,The depravity of human nature is unbelievable.
426,"Well, you may be right. Anyway, Uncle Mathew thought so. He had a friend who lost his money in a bank, and another friend who was ruined by an absconding solicitor, and he lost some money himself in a fraudulent company. He got so that he used to hold forth at great length that the only safe and sane thing to do was to convert your money into solid bullion and bury it."
427,"Ah,"
428,I begin to see.
429,"Yes. Friends argued with him, pointed out that he’d get no interest that way, but he held that that didn’t really matter. The bulk of your money, he said, should be ‘kept in a box under the bed or buried in the garden.’ Those were his words."
430,"That’s the maddening part of it. He didn’t. He’d been unconscious for somedays, but he rallied before he died. He looked at us both and chuckled—a faint, weak little chuckle. He said, ‘You’ll be all right, my pretty pair of doves.’ And then he tapped his eye—his right eye—and winked at us. And then—he died. Poor old Uncle Mathew."
431,"He tapped his eye,"
432,Does that convey anything to you? It made me think of an Arsene Lupin story where there was something hidden in a man’s glass eye. But Uncle Mathew didn’t have a glass eye.
433,If you did know them?
434,"Well, it must be quite simple, really, mustn’t it?"
435,Simple!
436,You come down to Ansteys and see if it’s simple!
437,"Well, really, my dear, that’s very kind of you. I’ve always wanted to have the chance of looking for buried treasure. And,"
438,"You seem to have been very thorough, my dear. Perhaps, if I may say so, just a little too thorough. I always think, you know, that one should have a plan. It’s like my friend, Mrs. Eldritch, she had such a nice little maid, polished linoleum beautifully, but she was so thorough that she polished the bathroom floor too much, and as Mrs. Eldritch was stepping out of the bath the cork mat slipped from under her, and she had a very nasty fall and actually broke her leg! Most awkward, because the bathroom door was locked, of course, and the gardener had to get a ladder and come in through the window—terribly distressing to Mrs. Eldritch, who had always been a very modest woman."
439,"Please forgive me. So apt, I know, to fly off at a tangent. But one thing does remind one of another. And sometimes that is helpful. All I was trying to say was that perhaps if we tried to sharpen our wits and think of a likely place—"
440,"Oh, no, nothing like that, but I do believe I know what sort of man your Uncle Mathew was. Rather like my own Uncle Henry, I think. Fond of rather obvious jokes. A bachelor, evidently—I wonder why—perhaps an early disappointment? Methodical up to a point, but not very fond of being tied up—so few bachelors are!"
441,"Served him right,"
442,"Oh, but there was nothing in the safe,"
443,"You see, he really kept the money somewhere else—behind some volumes of sermons in the library, as a matter of fact. He said people never took a book of that kind out of the shelf!"
444,"It’s been awfully good of you to come down as you have and try to help us. Sorry it’s been all a washout. Feel we trespassed a lot on your time. However—I’ll get the car out, and you’ll be able to catch the three thirty—"
445,"Oh,"
446,"but we’ve got to find the money, haven’t we? You mustn’t give up, Mr. Rossiter. ‘If at first you don’t succeed, try, try, try again.’"
447,You mean you’re going to—go on trying?
448,"Strictly speaking,"
449,"I haven’t begun yet. ‘First catch your hare—’ as Mrs. Beaton says in her cookery book—a wonderful book but terribly expensive; most of the recipes begin, ‘Take a quart of cream and a dozen eggs.’ Let me see, where was I? Oh, yes. Well, we have, so to speak, caught our hare—the hare being, of course, your Uncle Mathew, and we’ve only got to decide now where he would have hidden the money. It ought to be quite simple."
450,"there’s nothing there, as you can see."
451,"I expect,"
452,your cabinetmaker was a young man. He didn’t know everything. People were very artful when they made hiding places in those days. There’s such a thing as a secret inside a secret.
453,"Fancy that, now!"
454,"Look here, Charmian, it might be, you know! No reason to put a cooking-recipe in a secret drawer otherwise."
455,"Exactly,"
456,"Very, very significant."
457,I know what it might be—invisible ink! Let’s heat it. Turn on the electric fire.
458,"I really think, you know, that you’re making it rather too difficult. The recipe is only an indication, so to speak. It is, I think, the letters that are significant."
459,The letters?
460,"Especially,"
461,the signature.
462,"Charmian! Come here! She’s right. See—the envelopes are old, right enough, but the letters themselves were written much later."
463,"Exactly,"
464,They’re only fake old. I bet anything old Uncle Mat faked them himself—
465,"Precisely,"
466,The whole thing’s a sell. There never was a female missionary. It must be a code.
467,"I mean, dear, that you’re actually holding the money in your hand this minute."
468,"Eighteen fifty-one. And that explains everything, doesn’t it?"
469,"Not to me,"
470,"Well, of course,"
471,"I dare say it wouldn’t to me if it weren’t for my great-nephew Lionel. Such a dear little boy and a passionate stamp collector. Knows all about stamps. It was he who told me about the rare and expensive stamps and that a wonderful new find had come up for auction. And I actually remember his mentioning one stamp—an eighteen fifty-one blue two-cent. It realized something like twenty-five thousand dollars, I believe. Fancy! I should imagine that the other stamps are something also rare and expensive. No doubt your uncle bought through dealers and was careful to ‘cover his tracks,’ as they say in detective stories."
472,"Nothing. It’s only the awful thought that, but for Miss Marple, we might have burned these letters in a decent, gentlemanly way!"
473,"Ah,"
474,"that’s just what these old gentlemen who are fond of their jokes never realize. Uncle Henry, I remember, sent a favourite niece a five-pound note for a Christmas present. He put it in a Christmas card, gummed the card together, and wrote on it, ‘Love and best wishes. Afraid this is all I can manage this year.’"
475,I’m going to get a bottle of champagne. We’ll all drink the health of your Uncle Henry.
476,"Certainly, Edna, come in and shut the door. What is it?"
477,"Yes, Edna?"
478,"Oh, please, ma’am, it’s my cousin, Gladdie."
479,"Dear me,"
480,"Oh, yes, ma’am. She’s always one for a change, Gladdie is. She never seems to get really settled, if you know what I mean. But she’s always been the one to give the notice, you see!"
481,And this time it’s the other way round?
482,"Yes, ma’am, and it’s upset Gladdie something awful."
483,"I suppose, ma’am, there isn’t anything you could do about it? Gladdie’s in ever such a taking."
484,"Tell her not to be silly,"
485,If she didn’t take the brooch—which I’m sure she didn’t—then she has no cause to be upset.
486,"It’ll get about,"
487,I—er—am going up that way this afternoon. I’ll have a word with the Misses Skinner.
488,"Wednesday week. Broke things, you know. Can’t have that."
489,"I’ve got my reasons,"
490,"You missed a brooch, I understand—"
491,"Now, who has been talking? I suppose the girl has. Quite frankly, I’m almost certain she took it. And then got frightened and put it back—but, of course, one can’t say anything unless one is sure."
492,"Well, really,"
493,"I really feel I owe a great deal to Mary, I am so thankful I had the resolution to get rid of that other girl. Mary is really invaluable. Cooks nicely and waits beautifully and keeps our little flat scrupulously clean—mattresses turned over every day. And she is really wonderful with Emily!"
494,"Oh, poor dear, she has been very much under the weather lately. She can’t help it, of course, but it really makes things a little difficult sometimes. Wanting certain things cooked and then, when they come, saying she can’t eat now—and then wanting them again half an hour later and everything spoiled and having to be done again. It makes, of course, a lot of work—but fortunately Mary does not seem to mind at all. She’s used to waiting on invalids, she says, and understands them. It is such a comfort."
495,"Dear me,"
496,You are fortunate.
497,"Yes, indeed. I really feel Mary has been sent to us as an answer to prayer."
498,"She sounds to me,"
499,"almost too good to be true. I should—well, I should be a little careful if I were you."
500,Oh! I assure you I do all I can to make her comfortable. I don’t know what I should do if she left.
501,"I don’t expect she’ll leave until she’s ready to leave,"
502,"If one has no domestic worries, it takes such a load off one’s mind, doesn’t it? How is your little Edna shaping?"
503,"Good afternoon, Miss Marple, what can I do for you?"
504,"Oh, dear,"
505,I’m afraid you’re in a hurry.
506,"Lots of work on,"
507,but I can spare a few moments.
508,"Oh dear,"
509,"I hope I shall be able to put what I say properly. So difficult, you know, to explain oneself, don’t you think? No, perhaps you don’t. But you see, not having been educated in the modern style—just a governess, you know, who taught one the dates of the kings of England and general knowledge—Doctor Brewer—three kinds of diseases of wheat—blight, mildew—now what was the third—was it smut?"
510,Do you want to talk about smut?
511,Have you any ideas on the subject?
512,"Well, as a matter of fact, I have,"
513,May I ask you a question? Are fingerprints of no use to you?
514,"From my handbag,"
515,The maid’s prints are on it. I think they should be satisfactory—she touched an extremely sticky substance a moment previously.
516,Just the thing for you. The kind of puzzle that is right up your street.
517,A puzzle?
518,"Tried to make a regular story of it. ‘He said,’ ‘she said,’ ‘the girl thought,’ etc. Facts of the story are true."
519,But why a puzzle?
520,Because the interpretation is up to you. I want to see if you’re as clever as you always make out.
521,what’s the verdict?
522,"Oh, my dear lady, do I have to tell you that?"
523,"I suppose,"
524,"that it’s the curious conduct of the caretaker. Why did she behave in that very odd way? People do mind being turned out of their old homes. But it wasn’t her home. In fact, she used to complain and grumble while she was there. Yes, it certainly looks very fishy. What became of her, by the way?"
525,Did a bunk to Liverpool. The accident scared her. Thought she’d wait there for her boat.
526,"All very convenient for somebody,"
527,"Yes, I think the ‘Problem of the Caretaker’s Conduct’ can be solved easily enough. Bribery, was it not?"
528,"The fall might have killed her. But he couldn’t be sure of that. And he seems the sort of man who would lay his plans carefully and leave nothing to chance. After all, Mrs. Edge could get him something suitable without her husband knowing. Otherwise, why would Harry bother with her? Yes, I think he had some powerful drug handy, that could be administered before you arrived. After all, if a woman is thrown from her horse and has serious injuries and dies without recovering consciousness, well—a doctor wouldn’t normally be suspicious, would he? He’d put it down to shock or something."
529,Why did you suspect?
530,"It wasn’t any particular cleverness on my part,"
531,"It was just the trite, well-known fact that a murderer is so pleased with his cleverness that he doesn’t take proper precautions. I was just saying a few consolatory words to the bereaved husband—and feeling damned sorry for the fellow, too—when he flung himself down on the settee to do a bit of playacting and a hypodermic syringe fell out of his pocket.

“He snatched it up and looked so scared that I began to think. Harry Laxton didn’t drug; he was in perfect health; what was he doing with a hypodermic syringe? I did the autopsy with a view to certain possibilities. I found strophanthin. The rest was easy. There was strophanthin in Laxton’s possession, and Bella Edge, questioned by the police, broke down and admitted to having got it for him. And finally old Mrs. Murgatroyd confessed that it was Harry Laxton who had put her up to the cursing stunt."
532,"If you don’t mind, ma’am, I’ve a few questions to ask you."
533,In connection with the murder of Mrs. Spenlow?
534,"May I ask, madam, how you got to know of it?"
535,"The fish,"
536,How that young Fred gets to know everything—
537,There’s a pin in your tunic.
538,"Statement was made to me by Mr. Arthur Spenlow, husband of the deceased. Mr. Spenlow says that at two thirty, as far as he can say, he was rung up by Miss Marple, and asked if he would come over at a quarter past three as she was anxious to consult him about something. Now, ma’am, is that true?"
539,"Certainly not,"
540,You did not ring up Mr. Spenlow at two thirty?
541,Neither at two thirty nor any other time.
542,"Mr. Spenlow’s statement was that he came over here as requested, leaving his own house at ten minutes past three; that on arrival here he was informed by the maidservant that Miss Marple was ‘not at ’ome.’"
543,"That part of it is true,"
544,"He did come here, but I was at a meeting at the Women’s Institute."
545,"Ah,"
546,"Do tell me, Constable, do you suspect Mr. Spenlow?"
547,"It’s not for me to say at this stage, but it looks to me as though somebody, naming no names, has been trying to be artful."
548,Mr. Spenlow?
549,"I have always intended, ever since I was a small boy, to live in the country someday and have a garden of my own. I have always been very much attached to flowers. My wife, you know, kept a flower shop. That’s where I saw her first."
550,"You have a sceptical mind, Slack,"
551,"What’s she got to do with it, sir?"
552,"Don’t think there’s anything in that. She didn’t even know Spenlow at the time. I remember the case. Opinion in police circles was that a son of the house was mixed up in it—Jim Abercrombie—awful young waster. Had a pile of debts, and just after the robbery they were all paid off—some rich woman, so they said, but I don’t know—Old Abercrombie hedged a bit about the case—tried to call the police off."
553,"It was just an idea, sir,"
554,"Under the circumstances, yes."
555,It might give us another motive for the husband. Jealousy.
556,was an old-fashioned crime—
557,Now what do you mean by that?
558,"I think, you know, that Constable Palk could help you. He was the first person on the—on the ‘scene of the crime,’ as they say."
559,"I may, of course, be imagining what occurred. My hearing is not as good as it was. But I distinctly think I heard a small boy call after me, ‘Yah, who’s a Crippen?’ It—it conveyed the impression to me that he was of the opinion that I had—had killed my dear wife."
560,"That was the impression he meant to convey, no doubt."
561,"My dear lady, many years ago I read of a certain Chinese philosopher who, when his dearly loved wife was taken from him, continued calmly to beat a gong in the street—a customary Chinese pastime, I presume—exactly as usual. The people of the city were much impressed by his fortitude."
562,"But,"
563,the people of St. Mary Mead react rather differently. Chinese philosophy does not appeal to them.
564,"I have a very nice catalogue here, with pictures. Perhaps you would like to look through it—I have to go up to the village."
565,Yes. From the post office at two thirty—just when the bus comes and the post office would be empty.
566,Will there be murder or won’t there? What do you think?
567,"I think,"
568,"that you shouldn’t joke about these things as much as you do, Raymond. Arsenic is, of course, quite a possibility. So easy to obtain. Probably present in the toolshed already in the form of weed killer."
569,or a hotel or an institution?
570,"They’d expect to buy it for a song,"
571,"You know, dear Raymond, I cannot agree with you there. About the money, I mean. The grandfather was evidently one of those lavish spenders who make money easily, but can’t keep it. He may have gone broke, as you say, but hardly bankrupt or else his son would not have had the house. Now the son, as is so often the case, was an entirely different character to his father. A miser. A man who saved every penny. I should say that in the course of his lifetime he probably put by a very good sum. This Miss Greenshaw appears to have taken after him, to dislike spending money, that is. Yes, I should think it quite likely that she had quite a good sum tucked away."
572,It’s work I could do—and I’d enjoy it.
573,"I’ll write to her,"
574,"I wonder,"
575,what the old lady meant by that remark about a policeman?
576,"Oh, it was just a joke."
577,"It reminded me,"
578,"yes, it reminded me very much of Mr. Naysmith."
579,Who was Mr. Naysmith?
580,"He kept bees,"
581,and was very good at doing the acrostics in the Sunday papers. And he liked giving people false impressions just for fun. But sometimes it led to trouble.
582,I don’t know anything about a policeman.
583,"That remark of hers, my dear,"
584,must have meant something.
585,No. Mrs. Cresswell isn’t named as beneficiary.
586,"Just like Mr. Naysmith,"
587,Miss Greenshaw told Mrs. Cresswell she was going to leave her everything and so got out of paying her wages; and then she left her money to somebody else. No doubt she was vastly pleased with herself. No wonder she chortled when she put the will away in Lady Audley’s Secret.
588,"Yes, Mrs. West. Alfred Pollock."
589,But why?
590,"I should imagine, though perhaps I am wrong, that there may have been—what we might call family reasons."
591,"I dare say,"
592,"that she thought Alfred Pollock might have a pride in the house, might even want to live in it, whereas her nephew would almost certainly have no use for it whatever and would sell it as soon as he could possibly do so. He’s an actor, isn’t he? What play exactly is he acting in at present?"
593,"I believe, madam, they are doing a season of James Barrie’s plays."
594,"Barrie,"
595,"What Every Woman Knows,"
596,"but the wife went along and saw it last week. Quite well done, she said it was."
597,"Barrie wrote some very charming plays,"
598,"though I must say that when I went with an old friend of mine, General Easterly, to see Barrie’s Little Mary—"
599,"The inspector’s baffled, the sergeant’s baffled, I’m baffled, Joan’s baffled, Lou is baffled. But to you, Aunt Jane, it is crystal clear. Am I right?"
600,"I wouldn’t say that, dear,"
601,"not crystal clear, and murder, dear Raymond, isn’t a game. I don’t suppose poor Miss Greenshaw wanted to die, and it was a particularly brutal murder. Very well planned and quite cold-blooded. It’s not a thing to make jokes about!"
602,"I’m not really as callous as I sound. One treats a thing lightly to take away from the—well, the horror of it."
603,"That is, I believe, the modern tendency,"
604,"All these wars, and having to joke about funerals. Yes, perhaps I was thoughtless when I said you were callous."
605,as though we’d known her at all well.
606,"That is very true,"
607,"You, dear Joan, did not know her at all. I did not know her at all. Raymond gathered an impression of her from one afternoon’s conversation. Lou knew her for two days."
608,"One so often looks at a thing the wrong way round,"
609,"If we can’t alter the movements or the position of those three people, then couldn’t we perhaps alter the time of the murder?"
610,You mean that both my watch and the clock were wrong?
611,"No dear,"
612,I didn’t mean that at all. I mean that the murder didn’t occur when you thought it occurred.
613,that Miss Greenshaw intended to be murdered.
614,"What I mean, dear,"
615,"is that you didn’t really know Miss Greenshaw. There’s no real reason, is there, why the Miss Greenshaw you saw when you went up to the house should be the same Miss Greenshaw that Raymond saw a few days earlier? Oh, yes, I know,"
616,"At twelve twenty-nine we received a telephone call from Mrs. Cresswell, housekeeper to Miss Greenshaw, stating that her mistress had been shot. Sergeant Cayley and myself went out there at once in a car and arrived at the house at twelve thirty-five. We found Miss Greenshaw dead and the two ladies locked in their rooms."
617,"So, you see, my dear,"
618,The police constable you saw wasn’t a real police constable. You never thought of him again—one doesn’t—one just accepts one more uniform as part of the law.
619,"Yes, I see."
620,"That’s why I felt I had to see you,"
621,"No, I’m not. Not clever like Julian."
622,"Julian, of course, has a very solid intellect,"
623,"That’s it,"
624,"Julian’s got the intellect, but on the other hand, I’ve got the sense."
625,"You see, I don’t really know what I ought to do. I can’t ask Julian because—well, I mean, Julian’s so full of rectitude. . . ."
626,"I know what you mean, dear. We women—well, it’s different."
627,"I’m quite sure she wasn’t his sister. They were horrid—both of them. They came to the vicarage to get his things and to find out if he’d said anything before he died. When I said he hadn’t I saw it in their faces—relief. I think myself,"
628,it was Eccles who shot him.
629,Murder?
630,"Yes,"
631,"Murder. That’s why I came to you, darling."
632,"Jewels,"
633,"I’m coming now,"
634,"to the most important thing of all. The reason why I’ve really come here today. You see, the Eccleses made a great fuss about having his coat. We took it off when the doctor was seeing him. It was an old, shabby sort of coat—there was no reason they should have wanted it. They pretended it was sentimental, but that was nonsense.

“Anyway, I went up to find it, and as I was just going up the stairs I remembered how he’d made a kind of picking gesture with his hand, as though he was fumbling with the coat. So when I got hold of the coat I looked at it very carefully and I saw that in one place the lining had been sewn up again with a different thread. So I unpicked it and I found a little piece of paper inside. I took it out and I sewed it up again properly with thread that matched. I was careful and I don’t really think that the Eccleses would know I’ve done it. I don’t think so, but I can’t be sure. And I took the coat down to them and made some excuse for the delay."
635,The piece of paper?
636,"I didn’t show it to Julian,"
637,because he would have said that I ought to have given it to the Eccleses. But I thought I’d rather bring it to you instead.
638,"A cloakroom ticket,"
639,Paddington Station.
640,"He had a return ticket to Paddington in his pocket,"
641,"This calls for action,"
642,"But it would be advisable, I think, to be careful. Would you have noticed at all, Bunch dear, whether you were followed when you came to London today?"
643,You don’t think—
644,"Well, I think it’s possible,"
645,"When anything is possible, I think we ought to take precautions."
646,"There you are, miss,"
647,"Oh, thank you, Gladys,"
648,Thank you very much. So kind of you.
649,"Always pleased to oblige, I’m sure,"
650,"Ernie always says to me, ‘Everything what’s good you learned from that Miss Marple of yours that you were in service with,’ and I’m sure I’m always glad to oblige you, miss."
651,"Such a dear girl,"
652,Always so willing and so kind.
653,"By the way, is there still that nice young inspector at Melchester that I remember?"
654,"I don’t know,"
655,I expect so.
656,"Well, if not,"
657,I can always ring up the Chief Constable. I think he would remember me.
658,"He was shot. It was Eccles’s revolver, but I rather fancy it was Moss who did the shooting. Now, Mrs. Harmon, what we want to know is, where is the suitcase that Walter St. John actually deposited at Paddington Station?"
659,"I expect Aunt Jane’s got it by now,"
660,"Wel-l, as a matter of fact, it’s very fortunate. I had a toothache last night so I really ought to go to London to see the dentist, oughtn’t I?"
661,"Definitely,"
662,it’s locked.
663,"Like to make a guess at what’s inside, Miss Marple?"
664,"I should imagine, you know,"
665,"that it would be Zobeida’s theatrical costumes. Would you like a chisel, Inspector?"
666,"Aladdin’s Cave,"
667,The flashing jewels the girl wore to dance.
668,"Ah,"
669,"Now, what’s so precious about it, do you think, that a man was murdered to get hold of it?"
670,"She was a shrewd girl, I expect,"
671,"She’s dead, isn’t she, Inspector?"
672,"Yes, died three years ago."
673,"She had this valuable emerald necklace,"
674,"Had the stones taken out of their setting and fastened here and there on her theatrical costume, where everyone would take them for merely coloured rhinestones. Then she had a replica made of the real necklace, and that, of course, was what was stolen. No wonder it never came on the market. The thief soon discovered the stones were false."
675,‘Marriage Certificate between Walter Edmund St. John and Mary Moss.’ That was Zobeida’s real name.
676,"So they were married,"
677,I see.
678,What’s the other?
679,"A birth certificate of a daughter, Jewel."
680,"I should imagine so, Mrs. Harmon. If they’re here."
681,"Oh, they’ll be here all right,"
682,"Thank goodness you’re back, dear,"
683,"It will come to me,"
684,"Ah,"
685,what a change for the better since—
686,"Oh, dear,"
687,"I always get all the names wrong. And of course, it was Miss Knight I was thinking of. Not Miss Bishop. Why do I think of her as Miss Bishop?"
688,"Surely,"
689,there can’t be a bond of ruthlessness between us?
690,"D’you know,"
691,"it’s extraordinary, I never thought about it before. I believe, you know, I could be ruthless…."
692,Did you say something?
693,"I was speaking to myself,"
694,I just wondered if I could ever be ruthless.
695,"What, you?"
696,Never! You’re kindness itself.
697,"All the same,"
698,I believe I could be ruthless if there was due cause.
699,What would you call due cause?
700,"In the cause of justice,"
701,"You did have it in for little Gary Hopkins I must say,"
702,"When you caught him torturing his cat that day. Never knew you had it in you to go for anyone like that! Scared him stiff, you did. He’s never forgotten it."
703,"Really,"
704,I don’t think I have ever behaved quite like that.
705,"Sulphur yellow,"
706,I beg your pardon? You said something?
707,"I was talking to myself, I’m afraid,"
708,"I’m afraid one does at my age,"
709,"Nice garden you’ve got here,"
710,"Not particularly nice now,"
711,When I could attend to it myself—
712,"Oh I know. I understand just what you feel. I suppose you’ve got one of those—I have a lot of names for them, mostly very rude—elderly chaps who say they know all about gardening. Sometimes they do, sometimes they don’t know a thing about it. They come and have a lot of cups of tea and do a little very mild weeding. They’re quite nice, some of them, but all the same it does make one’s temper rise."
713,I’m quite a keen gardener myself.
714,Do you live here?
715,"Well, I’m boarding with a Mrs. Hastings. I think I’ve heard her speak of you. You’re Miss Marple, aren’t you?"
716,"Of course I do a few odd jobs as well. Shopping, you know, and things like that. Anyway, if you want any time put in here, I could put in an hour or two for you. I’d say I might be better than any chap you’ve got now."
717,"That would be easy,"
718,I like flowers best. Don’t care so much for vegetables.
719,"I do vegetables for Mrs. Hastings. Dull but necessary. Well, I’ll be getting along."
720,"You take very good care of me, Cherry,"
721,"Got to,"
722,Good people are scarce.
723,"Well, thank you for the compliment,"
724,"Nothing the matter, is there?"
725,"You look a bit rattled like, if you know what I mean."
726,"No, nothing’s the matter,"
727,I had rather an unusual letter from a firm of solicitors.
728,"Nobody is suing you for anything, are they?"
729,"Oh no, I don’t think so,"
730,Nothing of that kind. They just asked me to call upon them next week in London.
731,"Perhaps you’ve been left a fortune,"
732,"That, I think, is very unlikely,"
733,"Well, you never know,"
734,"Oh well,"
735,I shall know next Tuesday.
736,"Wonder what she’ll be like,"
737,"Show her up,"
738,"No lift. Ah well, we are a very long established firm and we don’t go in for as many of the modern gadgets as perhaps our clients expect of us."
739,"This room has very pleasant proportions,"
740,"I’ll pull that curtain slightly, shall I? You may feel the sun a little too much in your eyes."
741,"Thank you,"
742,"You’ve heard, no doubt, of Mr. Rafiel’s death, or perhaps you saw it in the paper."
743,"I saw it in the paper,"
744,"He was, I understand, a friend of yours."
745,"I met him first just over a year ago,"
746,"In the West Indies,"
747,"Ah. I remember. He went out there, I believe, for his health. It did him some good, perhaps, but he was already a very ill man, badly crippled, as you know."
748,"Yes,"
749,You knew him well?
750,"No,"
751,"I would not say that. We were fellow visitors in a hotel. We had occasional conversations. I never saw him again after my return to England. I live very quietly in the country, you see, and I gather that he was completely absorbed in business."
752,A very fine financial brain.
753,"I am sure that was so,"
754,"I realized quite soon that he was a—well, a very remarkable character altogether."
755,I don’t know if you have any idea—whether you’ve been given any idea at some time by Mr. Rafiel—as to what this proposition is that I have been instructed to put up to you?
756,"I cannot imagine,"
757,what possible kind of proposition Mr. Rafiel might have wanted to put up to me. It seems most unlikely.
758,He had a very high opinion of you.
759,"That is kind of him, but hardly justified,"
760,I am a very simple person.
761,"As you no doubt realize, he died a very rich man. The provisions of his Will are on the whole fairly simple. He had already made dispositions of his fortune some time before his death. Trusts and other beneficiary arrangements."
762,"That is, I believe, very usual procedure nowadays,"
763,though I am not at all cognizant of financial matters myself.
764,"That is a very large sum of money,"
765,"Not quite so large as it used to be,"
766,Mere chicken feed nowadays
767,"I must admit,"
768,"that I am amazed. Frankly, quite amazed."
769,"You suggested, I suppose, that it might be better if he did,"
770,"You are quite right. That is what I did. I said that you might find it difficult to—oh, to understand exactly what he was driving at."
771,"Very remarkable,"
772,"There is no need, of course,"
773,for you to give me an answer now.
774,"No,"
775,I should have to reflect upon this.
776,"It is, as you have pointed out, quite a substantial sum of money."
777,"I am old,"
778,"Elderly, we say, but old is a better word. Definitely old. It is both possible and indeed probable that I might not live as long as a year to earn this money, in the rather doubtful case that I was able to earn it."
779,"I could benefit certain charities in which I have an interest,"
780,"and there are always people. People whom one wishes one could do a little something for but one’s own funds do not admit of it. And then I will not pretend that there are not pleasures and desires—things that one has not been able to indulge in or to afford—I think Mr. Rafiel knew quite well that to be able to do so, quite unexpectedly, would give an elderly person a great deal of pleasure."
781,"A cruise abroad, perhaps? One of these excellent tours as arranged nowadays. Theatres, concerts—the ability to replenish one’s cellars."
782,"My tastes would be a little more moderate than that,"
783,"Partridges,"
784,"it is very difficult to get partridges nowadays, and they’re very expensive. I should enjoy a partridge—a whole partridge—to myself, very much. A box of marrons glacés is an expensive taste which I cannot often gratify. Possibly a visit to the opera. It means a car to take one to Covent Garden and back, and the expense of a night in a hotel. But I must not indulge in idle chat,"
785,"Frankly, one would think so,"
786,"but he selected you, Miss Marple. Forgive me if this is idle curiosity but have you had—oh, how shall I put it?—any connection with crime or the investigation of crime?"
787,"Strictly speaking I should say no,"
788,"Nothing professional, that is to say. I have never been a probation officer or indeed sat as a magistrate on a Bench or been connected in any way with a detective agency. To explain to you, Mr. Broadribb, which I think it is only fair for me to do and which I think Mr. Rafiel ought to have done, to explain it in any way all I can say is that during our stay in the West Indies, we both, Mr. Rafiel and myself, had a certain connection with a crime that took place there. A rather unlikely and perplexing murder."
789,And you and Mr. Rafiel solved it?
790,"I should not put it quite like that,"
791,"Mr. Rafiel, by the force of his personality, and I, by putting together one or two obvious indications that came to my notice, were successful in preventing a second murder just as it was about to take place. I could not have done it alone, I was physically far too feeble. Mr. Rafiel could not have done it alone, he was a cripple. We acted as allies, however."
792,"Just one other question I should like to ask you, Miss Marple. Does the word “Nemesis"
793,"Nemesis,"
794,"You feel the same, I am sure,"
795,"If you should find or receive any further instructions in this matter, you will perhaps let me know, Mr. Broadribb. It seems to me extraordinary that there should not be something of that kind. This leaves me entirely in the dark really as to what Mr. Rafiel is asking me to do or try to do."
796,"If he does think that,"
797,"he’s gaga. I mean, he was gaga before he died."
798,"I shall receive instructions,"
799,But what instructions and when?
800,"I believe in eternal life,"
801,"I don’t know exactly where you are, Mr. Rafiel, but I have no doubt that you are somewhere—I will do my best to fulfil your wishes."
802,You know what the doctor said. You weren’t to take too much exercise.
803,"I walk very slowly,"
804,"and I am not doing anything. Digging, I mean, or weeding. I just—well, I just put one foot in front of the other and wonder about things."
805,What things?
806,"I wish I knew,"
807,"Do you know a woman who lives in a new house somewhere here, she’s called Mrs. Hastings?"
808,"And someone called Miss Bartlett, I think it is, who lives with her—"
809,What—do you mean the house that’s been all done up and repainted at the end of the village? The people there haven’t been there very long. I don’t know what their names are. Why do you want to know? They’re not very interesting. At least I shouldn’t say they were.
810,Are they related?
811,"No. Just friends, I think."
812,I wonder why—
813,You wondered why what?
814,"Nothing,"
815,"Clear my little hand desk, will you, and give me my pen and the notepaper. I’m going to write a letter."
816,"To a clergyman’s sister,"
817,His name is Canon Prescott.
818,"That’s the one you met abroad, in the West Indies, isn’t it? You showed me his photo in your album."
819,"Not feeling bad, are you? Wanting to write to a clergyman and all that?"
820,"I’m feeling extremely well,"
821,and I am anxious to get busy on something. It’s just possible Miss Prescott might help.
822,"I’ve started doing something. Not that I hope much from this, but still it might help."
823,"but like you I heard from a friend that they had seen a notice of her remarriage. Her name now is, I believe, Mrs. Alderson or Anderson. Her address is Winslow Lodge, near Alton, Hants. My brother sends his best wishes to you. It is sad that we live so far apart. We in the north of England and you south of London. I hope that we may meet on some occasion in the future.

Yours sincerely,

Joan Prescott."
824,"Winslow Lodge, Alton,"
825,"Not so far away from here, really. No. Not so far away. I could—I don’t know what would be the best method—possibly one of Inch’s taxis. Slightly extravagant, but if anything results from it, it could be charged as expenses quite legitimately. Now do I write to her beforehand or do I leave it to chance? I think it would be better really, to leave it to chance. Poor Esther. She could hardly remember me with any affection or kindliness."
826,"A nice woman,"
827,"a very nice woman. The kind that would so easily marry a bad lot. In fact, the sort of woman that would marry a murderer if she were ever given half a chance. I still consider,"
828,"Anyway,"
829,"I had a curious dream,"
830,Nightmare?
831,"No, no, nothing of that kind. I was talking to someone, not anyone I knew very well. Just talking. Then when I looked, I saw it wasn’t that person at all I was talking to. It was somebody else. Very odd."
832,"Bit of a mix up,"
833,"It just reminded me of something,"
834,"or rather of someone I once knew. Order Inch for me, will you? To come here about half past eleven."
835,"Endeavouring to meet someone by accident and make it seem purely natural,"
836,"Not really very easy, but I hope that I can manage it."
837,"Ring up this number, will you, Cherry? Ask if Mrs. Anderson is at home. If Mrs. Anderson answers or if she is going to come to the telephone, say a Mr. Broadribb wants to speak to her. You,"
838,"are Mr. Broadribb’s secretary. If she’s out, find out what time she will be in."
839,The things you think of! Why all this? Why do you want me to do it?
840,"Memory is a curious thing,"
841,Sometimes one remembers a voice even if one hasn’t heard it for over a year.
842,"Well, Mrs. What’s-a-name won’t have heard mine at any time, will she?"
843,"No,"
844,That is why you are making the call.
845,"Well, that makes things easier,"
846,"Is Inch here? Ah yes. Good morning, Edward,"
847,"Yes, of course. Anytime after 3 o’clock."
848,Fancy her turning up. I thought she’d died a long time ago.
849,"I’ve been married four or five months,"
850,My name is Anderson now.
851,"Mrs. Anderson,"
852,Yes. I must try and remember that. And your husband?
853,"He runs the Time and Motion Branch. He is,"
854,a little younger than I am.
855,"Much better,"
856,"Oh, much better, my dear. In these days men age so much quicker than women. I know it used not to be said so, but actually it’s true. I mean, they get more things the matter with them. I think, perhaps, they worry and work too much. And then they get high blood pressure or low blood pressure or sometimes a little heart trouble. They’re rather prone to gastric ulcers, too. I don’t think we worry so much, you know. I think we’re a tougher sex."
857,"Perhaps we are,"
858,"You look very well,"
859,"Well, of course, I am rather older now. And one has so many ailments. I mean, not desperate ones, nothing of that kind, but I mean one has always some kind of rheumatism or some kind of ache and pain somewhere. One’s feet are not what one would like feet to be. And there’s usually one’s back or a shoulder or painful hands. Oh, dear, one shouldn’t talk about these things. What a very nice house you have."
860,"I expect you saw the notice of Mr. Rafiel’s death,"
861,"Yes. Yes, indeed I did. It was about a month ago now, wasn’t it? I was so sorry. Very distressed really, although, well, I suppose one knew—he almost admitted it himself, didn’t he? He hinted several times that it wouldn’t be very long. I think he was quite a brave man about it all, don’t you?"
862,"He told me, you know, when I first worked for him, that he was going to give me a very good salary but that I would have to save out of it because I needn’t expect to have anything more from him. Well, I certainly didn’t expect to have anything more from him. He was very much a man of his word, wasn’t he? But apparently he changed his mind."
863,"Yes,"
864,"Yes. I am very glad of that. I thought perhaps—not that he, of course, said anything—but I wondered."
865,"I think he wanted it to be a surprise to you. I think he was perhaps that kind of man,"
866,"Did he leave anything to—oh, what was his name?—the man attendant, the nurse-attendant?"
867,"No. No, I don’t think I’ve met him once since the time out in the islands. He didn’t stay with Mr. Rafiel after they got back to England. I think he went to Lord somebody who lives in Jersey or Guernsey."
868,"I would like to have seen Mr. Rafiel again,"
869,"It seems odd after we’d all been mixed up so. He and you and I and some others. And then, later, when I’d come home, when six months had passed—it occurred to me one day how closely associated we had been in our time of stress, and yet how little I really knew about Mr. Rafiel. I was thinking it only the other day, after I’d seen the notice of his death. I wished I could know a little more. Where he was born, you know, and his parents. What they were like. Whether he had any children, or nephews or cousins or any family. I would so like to know."
870,"No, there was really only one thing that everyone did know about him."
871,"That he was very rich,"
872,"That’s what you mean, isn’t it? When you know that someone is very rich, somehow, well, you don’t ask anymore. I mean you don’t ask to know anymore. You say ‘He is very rich’ or you say ‘He is enormously rich,’ and your voice just goes down a little because it’s so impressive, isn’t it, when you meet someone who is immensely rich."
873,"He wasn’t married, was he?"
874,He never mentioned a wife.
875,"He lost his wife many years ago. Quite soon after they were married, I believe. I believe she was much younger than he was—I think she died of cancer. Very sad."
876,"He was the kind of man who would always decide to cut his losses. If his son turned out to be unsatisfactory, a burden instead of a blessing, I think he would just shrug the whole thing off. Do what was necessary perhaps in the way of sending him money for support, but never thinking of him again."
877,"One wonders,"
878,He never spoke of him or said anything?
879,"If you remember, he was a man who never said anything much about personal feelings or his own life."
880,No. Why should you think so?
881,"Well, I didn’t actually think so,"
882,"I just wondered because things do worry people more when they are—I won’t say getting old—because he really wasn’t old, but I mean things worry you more when you are laid up and can’t do as much as you did and have to take things easy. Then worries just come into your mind and make themselves felt."
883,"It made a bit of drama for him, I think."
884,"Drama,"
885,"Do you think—I have often wondered—do you think that Mr. Rafiel had any particular interest in criminology, the study of it, I mean? He—well, I don’t know…."
886,"A really clever swindle of a criminal kind might have interested him, nothing else—"
887,"I am sorry,"
888,"I—I shouldn’t have talked about distressing matters that are fortunately past. And I must be getting on my way,"
889,"I thought this might have been something to do with her or something she knew about,"
890,"I think I’m wrong. No. I don’t think she’s concerned in this business, whatever it is, in any way. Oh dear, I feel Mr. Rafiel expected me to be much cleverer than I am being. I think he expected me to put things together—but what things? And what do I do next, I wonder?"
891,"I must,"
892,I must have some qualification for something.
893,What qualities have I got that could be useful to anyone for anything?
894,"An old pussy,"
895,"Yes, I can see I’m quite recognizable as an old pussy. There are so many old pussies, and they’re all so much alike. And, of course, yes, I’m very ordinary. An ordinary rather scatty old lady. And that of course is very good camouflage. Dear me, I wonder if I’m thinking on the right lines. I do, sometimes, know what people are like. I mean, I know what people are like, because they remind me of certain other people I have known. So I know some of their faults and some of their virtues. I know what kind of people they are. There’s that."
896,"Dear me,"
897,"what a tiresome man you are, Mr. Rafiel!"
898,"Dear Miss Marple,

By the time you read this I shall be dead and also buried. Not cremated, I am glad to think. It has always seemed to me unlikely that one would manage to rise up from one’s handsome bronze vase full of ashes and haunt anyone if one wanted so to do! Whereas the idea of rising from one’s grave and haunting anyone is quite possible. Shall I want to do that? Who knows. I might even want to communicate with you.

By now my solicitors will have communicated with you and will have put a certain proposition before you. I hope you will have accepted it. If you have not accepted it, don’t feel in the least remorseful. It will be your choice.

This should reach you, if my solicitors have done what they were told to do, and if the posts have done the duty they are expected to perform, on the 11th of the month. In two days from now you will receive a communication from a travel bureau in London. I hope what it proposes will not be distasteful to you. I needn’t say more. I want you to have an open mind. Take care of yourself. I think you will manage to do that. You are a very shrewd person. The best of luck and may your guardian angel be at your side looking after you. You may need one.

Your affectionate friend,

J. B. Rafiel."
899,Two days!
900,One of these travel tours? You mean a package tour abroad?
901,"Not abroad. In this country,"
902,Mainly visiting historic buildings and gardens.
903,"Do you think it’s all right to do that at your age? These things can be very tiring, you know. You have to walk miles sometimes."
904,"My health is really very good,"
905,and I have always heard that in these tours they are careful to provide restful intervals for such people who are not particularly strong.
906,"We don’t want you falling down with a heart attack, even if you are looking at a particularly sumptuous fountain or something. You’re a bit old, you know, to do this sort of thing. Excuse me saying it, it sounds rude, but I don’t like to think of you passing out because you’ve done too much or anything like that."
907,"I can take care of myself,"
908,"All right, but you just be careful,"
909,"Am I to understand,"
910,that this trip is in my case—
911,"Oh yes, I ought to have explained perhaps better in the letter we sent you. Mr. Rafiel has paid all expenses."
912,You do know that he is dead?
913,"Oh yes, but this was arranged before his death. He mentioned that he was in ill health but wanted to provide a treat for a very old friend of his who had not had the opportunity of travelling as much as she could have wished."
914,"Perhaps I shall do better tomorrow,"
915,"In fact,"
916,"she really radiates integrity. If she had committed a murder, it would be a very popular murder. Perhaps for some noble reason or for some reason that she thought noble?"
917,"All the same,"
918,she’s someone and she might—she just might be a person Mr. Rafiel wanted me to meet for some reason.
919,"Oh really,"
920,What nonsense I am talking and thinking.
921,"Oh dear,"
922,I must go to bed.
923,"A friend of mine,"
924,had a most nerve-racking experience only a few years ago. A dead body on their library floor one morning.
925,The most tiring thing in the world. Especially if you have to listen to an exhaustive lecture in each room.
926,"Of course, all that we were told is very interesting,"
927,"Oh, do you think so?"
928,Don’t you?
929,"No,"
930,somewhere about 1800 or 1798. He died young. A pity. He had great genius.
931,"It is so sad when anyone dies young,"
932,"I wonder,"
933,"But they miss so much,"
934,So many things.
935,"Or escape so much,"
936,"Being as old as I am now,"
937,I suppose I can’t help feeling that early death means missing things.
938,"having spent nearly all my life amongst the young, look at life as a period in time complete in itself. What did T. S. Eliot say: The moment of the rose and the moment of the yew tree are of equal duration."
939,I see what you mean … A life of whatever length is a complete experience. But don’t you—
940,—ever feel that a life could be incomplete because it has been cut unduly short?
941,"Yes, that is so."
942,How beautiful peonies are. That long border of them—so proud and yet so beautifully fragile.
943,Did you come on this trip to see the houses or to see gardens?
944,"I suppose really to see the houses,"
945,"I shall enjoy the gardens most, though, but the houses—they will be a new experience for me. Their variety and their history, and the beautiful old furniture and the pictures."
946,Do you often go on these sightseeing tours?
947,No. This is not for me exactly a sightseeing tour.
948,"You wonder why I am here, what my motive is, my reason. Well, why don’t you make a guess?"
949,"Oh, I wouldn’t like to do that,"
950,"Yes, do do so."
951,"It would interest me. Yes, really interest me. Make a guess."
952,That describes it very well. Yes. I am on a pilgrimage.
953,"The friend who sent me on this tour and paid all my expenses, is now dead. He was a Mr. Rafiel, a very rich man. Did you by any chance know him?"
954,"Jason Rafiel? I know him by name, of course. I never knew him personally, or met him. He gave a large endowment once to an educational project in which I was interested. I was very grateful. As you say, he was a very wealthy man. I saw the notice of his death in the papers a few weeks ago. So he was an old friend of yours?"
955,"No,"
956,"I had met him just over a year ago abroad. In the West Indies. I never knew much about him. His life or his family or any personal friends that he had. He was a great financier but otherwise, or so people always said, he was a man who was very reserved about himself. Did you know his family or anyone …?"
957,"I knew a girl once … A girl who had been a pupil of mine at Fallowfield, my school. She was no actual relation to Mr. Rafiel, but she was at one time engaged to marry Mr. Rafiel’s son."
958,But she didn’t marry him?
959,No.
960,Why not?
961,One might hope to say—like to say—because she had too much sense. He was not the type of a young man one would want anyone one was fond of to marry. She was a very lovely girl and a very sweet girl. I don’t know why she didn’t marry him. Nobody has ever told me.
962,"Anyway, she died…."
963,Why did she die?
964,Love!
965,Love?
966,"One of the most frightening words there is in the world,"
967,"You know, I am quite sure we have met before. I have been wondering and wondering about it—I’m not as good as I was at remembering faces, but I’m sure I have met you somewhere."
968,"With a Mrs. Sutherland, was it?"
969,"Oh yes, in one of the new houses,"
970,"Hastings,"
971,"I have been to Hastings—I have been to Eastbourne, too."
972,Very nice—by the sea.
973,"Such a coincidence,"
974,"meeting again so soon—such a small world, isn’t it?"
975,"Oh, well, we are all so fond of gardens,"
976,"So many rare and beautiful shrubs,"
977,"Any coincidence,"
978,is always worth noticing. You can throw it away later if it is only a coincidence.
979,"Really,"
980,I must pull myself together.
981,"Excuse me, are you Miss Marple—Miss Jane Marple?"
982,"Yes, that is my name,"
983,"My name is Mrs. Glynne. Lavinia Glynne. I and my two sisters live near here and—well, we heard you were coming, you see—"
984,You heard I was coming?
985,"Yes. A very old friend of ours wrote to us—oh, quite some time ago, it must have been three weeks ago, but he asked us to make a note of this date. The date of the Famous Houses and Gardens Tour. He said that a great friend of his—or a relation, I’m not quite sure which—would be on that tour."
986,"I’m speaking of a Mr. Rafiel,"
987,"Oh! Mr. Rafiel,"
988,you—you know that—
989,"That he died? Yes. So sad. Just after his letter came. I think it must have been certainly very soon after he wrote to us. But we felt a special urgency to try to do what he had asked. He suggested, you know, that perhaps you would like to come and stay with us for a couple of nights. This part of the tour is rather strenuous. I mean, it’s all right for the young people, but it is very trying for anyone older. It involves several miles of walking and a certain amount of climbing up difficult cliff paths and places. My sisters and I would be so very pleased if you could come and stay in our house here. It is only ten minutes’ walk from the hotel and I’m sure we could show you many interesting things locally."
990,"So he thought of me,"
991,I do hope you will be quite comfortable here. Can I help you to unpack? We have a very nice woman who comes in but she is only here in the morning. But she’ll help you with anything.
992,"Oh no, thank you,"
993,I only took out just a few necessities.
994,"I thought I’d show you the way downstairs again. It’s rather a rambling house, you know. There are two staircases and it does make it a little difficult. Sometimes people lose their way."
995,"Oh, it’s very kind of you,"
996,I hope then you will come downstairs and we will have a glass of sherry before lunch.
997,Built I suppose in the 1700s. Am I right?
998,"1780,"
999,I don’t know whether you like sitting rather high? So many people do.
1000,"I do,"
1001,"It’s so much easier. One’s back, you know."
1002,"and he was killed in the war. We are really the last of the family, except for some very distant cousins."
1003,"A beautifully proportioned house,"
1004,Your sister tells me it was built about 1780.
1005,"Yes, I believe so. One could wish, you know, it was not quite so large and rambling."
1006,"Repairs too,"
1007,come very heavy nowadays.
1008,"Oh yes, indeed,"
1009,"Mr. Rafiel, I suppose, was an old friend of yours?"
1010,"Not really,"
1011,"I met him first when I was on a cruise to the West Indies. He was out there for his health, I imagine."
1012,"Yes, he had been very crippled for some years,"
1013,"Very sad,"
1014,"Very sad indeed. I really admired his fortitude. He seemed to manage to do so much work. Every day, you know, he dictated to his secretary and was continually sending off cables. He did not seem to give in at all kindly to being an invalid."
1015,"He was a busy man, of course. He always remembered us at Christmas very kindly."
1016,"Do you live in London, Miss Marple?"
1017,"Oh no,"
1018,"I live in the country. A very small place halfway between Loomouth and Market Basing. About twenty-five miles from London. It used to be a very pretty old-world village but of course like everything else, it is becoming what they call developed nowadays."
1019,"He used to entertain there, I think, sometimes. Business friends, mostly you know, or people from abroad. I don’t think any of us ever visited him there. He nearly always entertained us in London on the rare occasions when we happened to meet."
1020,"It was very kind of him,"
1021,to suggest to you that you should invite me here during the course of this tour. Very thoughtful. One wouldn’t really have expected a busy man such as he must have been to have had such kindly thoughts.
1022,"Even going round houses can be very tiring,"
1023,"Oh, I know,"
1024,"So much walking and standing about. One’s feet get very tired. I suppose really I ought not to take these expeditions, but it is such a temptation to see beautiful buildings and fine rooms and furniture. All these things. And of course some splendid pictures."
1025,"And the gardens,"
1026,"You like gardens, don’t you?"
1027,"Oh yes,"
1028,specially the gardens. From the description in the prospectus I am really looking forward very much to seeing some of the really finely kept gardens of the historic houses we have still to visit.
1029,"I am imagining things,"
1030,I mustn’t do that.
1031,"You have a very nice garden, I expect,"
1032,"Oh, it’s a very small one,"
1033,"Oh yes—we had peaches in it, too—and nectarines."
1034,"It looks really very pretty now,"
1035,"Very pretty little white flowers, aren’t they?"
1036,"but of course one would never dream of doing anything of that kind nowadays, would one? Rather too noisome, I am afraid. We have a few floribunda roses near the house. I really think floribundas are such a great answer to difficulties."
1037,"Oh, I know,"
1038,"I don’t know what one would do without the younger generation,"
1039,"They are so kind, are they not?"
1040,I—I suppose so. I don’t really know. I—we haven’t—any young relations.
1041,"It’s a nice day, it is. I see you’ve got your curtains drawn back already. You’ve slept well then?"
1042,"Very well indeed,"
1043,"Well, it’s a lovely day, it is. They’ll have it nice for going to the Bonaventure Rocks. It’s just as well you’re not doing it. It’s cruel hard on the legs, it is."
1044,"I’m really very happy to be here,"
1045,So kind of Miss Bradbury-Scott and Mrs. Glynne to issue this invitation.
1046,They never did much to the house—couldn’t afford it—and they let the garden go as well—
1047,"It all seems a great pity,"
1048,"And such nice ladies as they all are, too—Miss Anthea is the scatty one, but Miss Clotilde went to university and is very brainy—she talks three languages—and Mrs. Glynne, she’s a very nice lady indeed. I thought when she came to join them as things might go better. But you never know, do you, what the future holds? I feel sometimes, as though there was a doom on this house."
1049,good morning.
1050,"Good morning,"
1051,A very pleasant day.
1052,"It’ll turn to rain later,"
1053,"There seem to be a lot of Princes and Broads buried here,"
1054,"Ah yes, there’ve always been Princes here. Used to own quite a bit of land once. There have been Broads a good many years, too."
1055,"Ah, that’ll be little Melanie that was. Mellie, we called her. Yes, it was a sad death. Run over, she was. Ran out into the street, went to get sweets at the sweet shop. Happens a lot nowadays with cars going through at the pace they do."
1056,"It is sad to think,"
1057,"that there are so many deaths all the time. And one doesn’t really notice it until one looks at the inscriptions in the churchyard. Sickness, old age, children run over, sometimes even more dreadful things. Young girls killed. Crimes, I mean."
1058,"Mrs. Glynne and her two sisters have been very kind,"
1059,I suppose they’ve lived here a long time?
1060,Not so long as that. Twenty years maybe. Belonged to old Colonel Bradbury-Scott. The Old Manor House did. Close on seventy he was when he died.
1061,"And then the girl finds she is pregnant,"
1062,"and she tells the boy and she wants him to marry her. But he, perhaps, doesn’t want to marry her—he has never had any idea of marrying her. But things may be made difficult for him in this case. His father, perhaps, won’t hear of such a thing. Her relations will insist that he ‘does the right thing.’ And by now he is tired of the girl—he’s got another girl perhaps. And so he takes a quick brutal way out—strangles her, beats her head to a pulp to avoid identification. It fits with his record—a brutal sordid crime—but forgotten and done with."
1063,"We wondered, you know. I thought you must have gone out for a walk somewhere and I did so hope you wouldn’t overtire yourself. If I had known you had come downstairs and gone out, I would have come with you to show anything there is to show. Not that there is very much."
1064,"Oh, I just wandered around,"
1065,"The churchyard, you know, and the church. I’m always very interested in churches. Sometimes there are very curious epitaphs. Things like that. I make quite a collection of them. I suppose the church here was restored in Victorian times?"
1066,"Fancy your remembering that. Yes. Yes, it’s one of the things one does remember. Such a charming smell, heliotrope. And such a nice name for it, Cherry Pie. One always remembers that. And the grapevine. The little, small, early sweet grapes. Ah well, one must not remember the past too much."
1067,"And the flower borders too, I suppose,"
1068,"Yes. Yes, Anthea would like to have a big well kept herbaceous border again. Really not feasible now. It is as much as one can do to get local people who will come and mow the lawns every fortnight. Every year one seems to employ a different firm. And Anthea would like pampas grass planted again. And the Mrs. Simpkin pinks. White, you know. All along the stone edge border. And a fig tree that grew just outside the greenhouse. She remembers all these and talks about them."
1069,"Well, yes. Arguments, you see, hardly appeal in any way. Clotilde, of course, is very downright about things. She just refuses point-blank and says she doesn’t want to hear another word about it."
1070,"It is difficult,"
1071,"to know how to take things. Whether one should be firm. Rather authoritative. Perhaps, even, well, just a little—a little fierce, you know, or whether one should be sympathetic. Listen to things and perhaps hold out hopes which one knows are not justified. Yes, it’s difficult."
1072,"But it’s easier for me because you see I go away again, and then come back now and then to stay. So it’s easy for me to pretend things may be easier soon and that something may be done. But really, the other day when I came home and I found that Anthea had tried to engage a most expensive firm of landscape gardeners to renovate the garden, to build up the greenhouse again—which is quite absurd because even if you put vines in they would not bear for another two or three years. Clotilde knew nothing about it and she was extremely angry when she discovered the estimate for this work on Anthea’s desk. She was really quite unkind."
1073,"So many things are difficult,"
1074,"I shall have to go rather early tomorrow morning. I think,"
1075,"I was making enquiries at the Golden Boar where I understand the coach party assembles tomorrow morning. They are making quite an early start. Nine o’clock, I understand."
1076,"Well, you must rest this afternoon, so as to be fresh for tomorrow,"
1077,"I’m afraid there is not very much to see,"
1078,"Victorian glass of a most hideous kind, I think myself. No expense spared. I’m afraid my uncle was partly to blame. He was very pleased with those rather crude reds and blues."
1079,"Very crude. Very vulgar, I always think,"
1080,"No. No, it was not the coach. There was no trouble there. It was in the course of the expedition yesterday afternoon. There was a great deal of wind you may remember, though I don’t think that had anything to do with it. People strayed about a bit, I think. There is a regular path, but you can also climb up and go across the downs. Both ways lead to the Memorial Tower on the top of Bonaventure—where they were all making for. People got separated a bit and I suppose, really, there was no one actually guiding them or looking after them which, perhaps, there ought to have been. People aren’t very sure-footed always and the slope overhanging the gorge is very steep. There was a bad fall of stones or rocks which came crashing down the hillside and knocked someone out on the path below."
1081,"Oh dear,"
1082,I am sorry. I am most terribly sorry. Who was it who was hurt?
1083,"A Miss Temple or Tenderdon, I understand."
1084,"Elizabeth Temple,"
1085,"Oh dear, I am sorry. I talked to her a good deal. I sat in the next seat to her on the coach. She is, I believe, a retired schoolmistress, a very well known one."
1086,"I know her quite well. She was Headmistress of Fallowfield, quite a famous school. I’d no idea she was on this tour. She retired as Headmistress, I think a year or two ago, and there is a new, rather young Headmistress there now with rather advanced progressive ideas. But Miss Temple is not very old, really, she’s about sixty, I should think, and very active, fond of climbing and walking and all the rest of it. This really seems most unfortunate. I hope she’s not badly hurt. I haven’t heard any details yet."
1087,"This is quite ready now,"
1088,I will come down at once and see Mr. Price.
1089,"Such an unfortunate business,"
1090,"I thought I’d come along myself and—well, break it to you about the accident. I expect Miss Bradbury-Scott has told you. It’s Miss Temple. You know. The school dame. I don’t know quite what she was doing or what happened, but some stones, or rather boulders, rolled down from above. It’s rather a precipitous slope and it knocked her out and they had to take her off to hospital with concussion last night. I gather she’s rather bad. Anyway, the tour for today is cancelled and we are stopping on here tonight."
1091,"Oh dear,"
1092,I am sorry. I’m very sorry.
1093,"I think they’ve decided not to go on today because they really have to wait and see what the medical report is, so we are proposing to spend one more night here at the Golden Boar and to rearrange the tour a little, so that perhaps we shall miss out altogether going to Grangmering which we were going to do tomorrow, and which is not very interesting really, or so they say. Mrs. Sandbourne has gone off early to the hospital to see how things are this morning. She’s going to join us at the Golden Boar for coffee at 11 o’clock. I thought perhaps you’d like to come along and hear the latest news."
1094,"I’ll certainly come along with you,"
1095,Of course. At once.
1096,… although of course I expect it would be nicer for you to be with the others and to—
1097,"Oh yes, I think it would be better,"
1098,"I shall know then what the plans are and what to do about things, and perhaps I could be of help in some way. One never knows. So thank you again very much. It will not be difficult, I expect, to get a room at the Golden Boar."
1099,"That’ll be all right. Several rooms have been vacated today, They won’t be full at all. Mrs. Sandbourne, I think, has booked for all the party to stay there tonight, and tomorrow we shall see—well, we shall see how this all goes on."
1100,"I think myself,"
1101,that it would be pleasant to sit outside the hotel. There is a small terrace giving on the street. If I might persuade you?
1102,"For myself, I would prefer to wait somewhere peacefully for the return of Mrs. Sandbourne. It is important, I think, that we should know exactly what we are in for."
1103,"I quite agree with you, as to that,"
1104,"I did a certain amount of walking round the town yesterday and I don’t feel any necessity to do so again today. I’d rather wait here in case there is anything I can do to help. Not that I suppose there is, but one never knows."
1105,"I am not wrong, am I,"
1106,"Yes, I am Jane Marple."
1107,—from Mr. Rafiel.
1108,"Oh,"
1109,From Mr. Rafiel.
1110,You are surprised?
1111,"Well, yes, I am rather."
1112,"that you would be travelling on this tour, that he had in fact arranged for you to be travelling on this tour."
1113,"It was very kind of him,"
1114,Very kind indeed. I was most surprised when I found he’d booked me. Such a treat. Which I could not have afforded for myself.
1115,"It is sad that it has been interrupted in this fashion,"
1116,Very sad indeed. When I am sure we were all enjoying ourselves so much.
1117,"Mr. Rafiel,"
1118,"spoke to me about you at some length, Miss Marple. He suggested that I should be on this tour with you. I should in due course almost certainly make your acquaintance, since members in a tour inevitably do make each other’s acquaintance, though it usually takes a day or two for them to split up, as it were, into possible groupings led by similar tastes or interests. And he further suggested to me that I should, shall we say, keep an eye on you."
1119,Keep an eye on me?
1120,And for what reason?
1121,I think reasons of protection. He wanted to be quite sure that nothing should happen to you.
1122,"at least I think so. Content at present to be a beast of burden to an autocratic aunt, but I have no doubt will reach the age of rebellion fairly soon."
1123,What did you mean by what you said just now?
1124,"That is a question which, perhaps, owing to what has happened, we shall have to discuss."
1125,"Well, I think it’s just possible. That’s all."
1126,"I don’t of course know anything about it,"
1127,No. You were absent from the scene. You were—shall I put it this way—were you just possibly on duty elsewhere?
1128,You are being careful. You are quite right to be careful.
1129,"I have made it a habit,"
1130,To be careful?
1131,"I should not put it exactly like that, but I have made a point of being always ready to disbelieve as well as believe anything that is told to me."
1132,"Well, it was my part, or at any rate to begin with, to observe you, to watch what you were doing, to be near at hand in case there was any possibility of—well, we might call it roughly—dirty work of any kind. But things are slightly altered now. You must make up your mind if I am your enemy or your ally."
1133,"Perhaps you are right,"
1134,"You put it very clearly but you have not given me any information about yourself yet on which to judge. You were a friend, I presume, of the late Mr. Rafiel?"
1135,"I was not a friend of Mr. Rafiel. I had met him once or twice. Once on a committee of a hospital, once at some other public event. I knew about him. He, I gather, also knew about me. If I say to you, Miss Marple, that I am a man of some eminence in my own profession, you may think me a man of bounding conceit."
1136,"I don’t think so,"
1137,"I should say, if you say that about yourself, that you are probably speaking the truth. You are, perhaps, a medical man."
1138,"Ah. You are perceptive, Miss Marple. Yes, you are quite perceptive. I have a medical degree, but I have a speciality too. I am a pathologist and psychologist. I don’t carry credentials about with me. You will probably have to take my word up to a certain point, though I can show you letters addressed to me, and possibly official documents that might convince you. I undertake mainly specialist work in connection with medical jurisprudence. To put it in perfectly plain everyday language, I am interested in the different types of criminal brain. That has been a study of mine for many years. I have written books on the subject, some of them violently disputed, some of them which have attracted adherence to my ideas. I do not do very arduous work nowadays, I spend my time mainly writing up my subject, stressing certain points that have appealed to me. From time to time I come across things that strike me as interesting. Things that I want to study more closely. This I am afraid must seem rather tedious to you."
1139,"Not at all,"
1140,"I am hoping perhaps, from what you are saying now, that you will be able to explain to me certain things which Mr. Rafiel did not see fit to explain to me. He asked me to embark upon a certain project but he gave me no useful information on which to work. He left me to accept it and proceed, as it were, completely in the dark. It seemed to me extremely foolish of him to treat the matter in that way."
1141,Did that weigh with you?
1142,"You may not believe it, but my answer to that is, ‘Not really.’"
1143,I know that that was where Mr. Rafiel met you and where—shall I say—you two collaborated.
1144,"he said that, did he?"
1145,"Mr. Rafiel was a very shrewd and astute man, a good judge of people. He thought that you, too, were a good judge of people."
1146,"I would not set myself up as a good judge of people,"
1147,"I would only say that certain people remind me of certain other people that I have known, and that therefore I can presuppose a certain likeness between the way they would act. If you think I know all about what I am supposed to be doing here, you are wrong."
1148,"we seem to have settled here in a particularly suitable spot for discussion of certain matters. We do not appear to be overlooked, we cannot easily be overheard, we are not near a window or a door and there is no balcony or window overhead. In fact, we can talk."
1149,"I should appreciate that,"
1150,I am stressing the fact that I am myself completely in the dark as to what I am doing or supposed to be doing. I don’t know why Mr. Rafiel wanted it that way.
1151,So you are not going to tell me anything either?
1152,there are limits.
1153,"Yes,"
1154,I agree with you. We must do away with some of these limits. I am going to tell you certain facts that will make certain things fairly clear to you. You in turn may be able to tell me certain facts.
1155,"I rather doubt it,"
1156,"One or two rather peculiar indications perhaps, but indications are not facts."
1157,"For goodness’ sake, tell me something,"
1158,"I’m not going to make a long story of things. I’ll explain quite simply how I came into this matter. I act as confidential adviser from time to time for the Home Office. I am also in touch with certain institutions. There are certain establishments which, in the event of crime, provide board and lodging for certain types of criminal who have been found guilty of certain acts. They remain there at what is termed Her Majesty’s pleasure, sometimes for a definite length of time and in direct association with their age. If they are below a certain age they have to be received in some place of detention specially indicated. You understand that, no doubt."
1159,"Usually I am consulted fairly soon after whatever the—shall we call it—crime has happened, to judge such matters as treatment, possibilities in the case, prognosis favourable or unfavourable, all the various words. They do not mean much and I will not go into them. But occasionally also I am consulted by a responsible Head of such an institution for a particular reason. In this matter I received a communication from a certain Department which was passed to me through the Home Office. I went to visit the Head of this institution. In fact, the Governor responsible for the prisoners or patients or whatever you like to call them. He was by way of being a friend of mine. A friend of fairly long standing though not one with whom I was on terms of great intimacy. I went down to the institution in question and the Governor laid his troubles before me. They referred to one particular inmate. He was not satisfied about this inmate. He had certain doubts. This was the case of a young man or one who had been a young man, in fact little more than a boy, when he came there. That was now several years ago. As time went on, and after the present Governor had taken up his own residence there (he had not been there at the original arrival of this prisoner), he became worried. Not because he himself was a professional man, but because he was a man of experience of criminal patients and prisoners. To put it quite simply, this had been a boy who from his early youth had been completely unsatisfactory. You can call it by what term you like. A young delinquent, a young thug, a bad lot, a person of diminished responsibility. There are many terms. Some of them fit, some of them don’t fit, some of them are merely puzzling. He was a criminal type. That was certain. He had joined gangs, he had beaten up people, he was a thief, he had stolen, he had embezzled, he had taken part in swindles, he had initiated certain frauds. In fact, he was a son who would be any father’s despair."
1160,"Oh, I see,"
1161,"And what do you see, Miss Marple?"
1162,"Well, what I think I see is that you are talking of Mr. Rafiel’s son."
1163,You are quite right. I am talking of Mr. Rafiel’s son. What do you know about him?
1164,"Nothing,"
1165,"I only heard—and that was yesterday—that Mr. Rafiel had a delinquent, or unsatisfactory, if we like to put it mildly, son. A son with a criminal record. I know very little about him. Was he Mr. Rafiel’s only son?"
1166,"One never knows. His wife died young and I think it possible that her death saddened him very much, though he was never willing to show it. How much he cared for his son and daughters I don’t know. He provided for them. He did his best for them. He did his best for his son, but what his feelings were one cannot say. He was not an easy man to read that way. I think his whole life and interest lay in his profession of making money. It was the making of it, like all great financiers, that interested him. Not the actual money which he secured by it. That, as you might say, was sent out like a good servant to earn more money in more interesting and unexpected ways. He enjoyed finance. He loved finance. He thought of very little else.

“I think he did all that was possible for his son. He got him out of scrapes at school, he employed good lawyers to get him released from Court proceedings whenever possible, but the final blow came, perhaps presaged by some early happenings. The boy was taken to Court on a charge of assault against a young girl. It was said to be assault and rape and he suffered a term of imprisonment for it, with some leniency shown because of his youth. But later, a second and really serious charge was brought against him."
1167,"He killed a girl,"
1168,Is that right? That’s what I heard.
1169,"He lured a girl away from her home. It was some time before her body was found. She had been strangled. And afterwards her face and head had been disfigured by some heavy stones or rocks, presumably to prevent her identity being made known."
1170,"Not a very nice business,"
1171,You describe it that way?
1172,"It is how it seems to me,"
1173,"I don’t like that sort of thing. I never have. If you expect me to feel sympathy, regret, urge an unhappy childhood, blame bad environment; if you expect me in fact to weep over him, this young murderer of yours, I do not feel inclined so to do. I do not like evil beings who do evil things."
1174,"What I suffer in the course of my profession from people weeping and gnashing their teeth, and blaming everything on some happening in the past, you would hardly believe. If people knew the bad environments that people have had, the unkindness, the difficulties of their lives and the fact that nevertheless they can come through unscathed, I don’t think they would so often take the opposite point of view. The misfits are to be pitied, yes, they are to be pitied if I may say so for the genes with which they are born and over which they have no control themselves. I pity epileptics in the same way. If you know what genes are—"
1175,"I know, more or less,"
1176,"It’s common knowledge nowadays, though naturally I have no exact chemical or technical knowledge."
1177,"The Governor, a man of experience, told me exactly why he was so anxious to have my verdict. He had felt increasingly in his experience of this particular inmate that, in plain words, the boy was not a killer. He didn’t think he was the type of a killer, he was like no killer he had ever seen before, he was of the opinion that the boy was the kind of criminal type who would never go straight no matter what treatment was given to him, would never reform himself; and for whom nothing in one sense of the word could be done, but at the same time he felt increasingly certain that the verdict upon him had been a wrong one. He did not believe that the boy had killed a girl, first strangled her and then disfigured her after rolling her body into a ditch. He just couldn’t bring himself to believe it. He’d looked over the facts of the case, which seemed to be fully proved. This boy had known the girl, he had been seen with her on several different occasions before the crime. They had presumably slept together and there were other points. His car had been seen in the neighbourhood. He himself had been recognized and all the rest of it. A perfectly fair case. But my friend was unhappy about it, he said. He was a man who had a very strong feeling for justice. He wanted a different opinion. He wanted, in fact, not the police side which he knew, he wanted a professional medical view. That was my field, he said. My line of country entirely. He wanted me to see this young man and talk with him, visit him, make a professional appraisal of him and give him my opinion."
1178,"Very interesting,"
1179,"Yes, I call that very interesting. After all, your friend—I mean your Governor—was a man of experience, a man who loved justice. He was a man whom you’d be willing to listen to. Presumably then, you did listen to him."
1180,"I communicated with Mr. Rafiel. I told him that I would like an interview with him on a certain matter concerning his son. I went to him. I told him what I thought, what the Governor thought, that we had no evidence, that there were no grounds of appeal, at present, but that we both believed that a miscarriage of justice had been committed. I said I thought possibly an enquiry might be held, it might be an expensive business, it might bring out certain facts that could be laid before the Home Office, it might be successful, it might not. There might be something there, some evidence if you looked for it. I said it would be expensive to look for it but I presumed that would make no difference to anyone in his position. I had realized by that time that he was a sick man, a very ill man. He told me so himself. He told me that he had been in expectation of an early death, that he’d been warned two years ago that death could not be delayed for what they first thought was about a year, but later they realized that he would last rather longer because of his unusual physical strength. I asked him what he felt about his son."
1181,And what did he feel about his son?
1182,"Ah, you want to know that. So did I. He was, I think, extremely honest with me even if—"
1183,—even if rather ruthless?
1184,"Yes, Miss Marple. You are using the right word. He was a ruthless man, but he was a just man and an honest man. He said, ‘I’ve known what my son was like for many years. I have not tried to change him because I don’t believe that anyone could change him. He is made a certain way. He is crooked. He’s a bad lot. He’ll always be in trouble. He’s dishonest. Nobody, nothing could make him go straight. I am well assured of that. I have in a sense washed my hands of him. Though not legally or outwardly; he has always had money if he required it. Help legal or otherwise if he gets into trouble. I have done always what I could do. Well, let us say if I had a son who was a spastic who was sick, who was epileptic, I would do what I could for him. If you have a son who is sick morally, shall we say, and for whom there is no cure, I have done what I could also. No more and no less. What can I do for him now?’ I told him that it depended what he wanted to do. ‘There’s no difficulty about that,’ he said. ‘I am handicapped but I can see quite clearly what I want to do. I want to get him vindicated. I want to get him released from confinement. I want to get him free to continue to lead his own life as best he can lead it. If he must lead it in further dishonesties, then he must lead it that way. I will leave provision for him, to do for him everything that can be done. I don’t want him suffering, imprisoned, cut off from his life because of a perfectly natural and unfortunate mistake. If somebody else, some other man killed that girl, I want the fact brought to light and recognized. I want justice for Michael. But I am handicapped. I am a very ill man. My time is measured now not in years or months but in weeks.’

“Lawyers, I suggested—I know a firm—He cut me short. ‘Your lawyers will be useless. You can employ them but they will be useless. I must arrange what I can arrange in such a limited time.’ He offered me a large fee to undertake the search for the truth and to undertake everything possible with no expense spared. ‘I can do next to nothing myself. Death may come at any moment. I empower you as my chief help, and to assist you at my request I will try to find a certain person.’ He wrote down a name for me. Miss Jane Marple. He said ‘I don’t want to give you her address. I want you to meet her in surroundings of my own choosing,’ and he then told me of this tour, this charming, harmless, innocent tour of historic houses, castles and gardens. He would provide me with a reservation on it ahead for a certain date. ‘Miss Jane Marple,’ he said, ‘will also be on that tour. You will meet her there, you will encounter her casually, and thus it will be seen clearly to be a casual meeting.’

“I was to choose my own time and moment to make myself known to you if I thought that that would be the better way. You have already asked me if I or my friend, the Governor, had any reason to suspect or know of any other person who might have been guilty of the murder. My friend the Governor certainly suggested nothing of the kind, and he had already taken up the matter with the police officer who had been in charge of the case. A most reliable detective-superintendent with very good experience in these matters."
1185,There was nothing of that kind to find. I asked him to tell me a little about you. He did not however consent to do so. He told me you were elderly. He told me that you were a person who knew about people. He told me one other thing.
1186,What’s the other thing?
1187,"I have some natural curiosity, you know. I really can’t think of any other advantage I conceivably could have. I am slightly deaf. My eyesight is not quite as good as it used to be. I cannot really think that I have any advantages beyond the fact that I may, I suppose, seem rather foolish and simple, and am in fact, what used to be called in rather earlier days an ‘old pussy.’ I am an old pussy. Is that the sort of thing he said?"
1188,What he said was he thought you had a very fine sense of evil.
1189,"Oh,"
1190,Would you say that was true?
1191,"Perhaps it is. Yes, perhaps. I have at several different times in my life been apprehensive, have recognized that there was evil in the neighbourhood, the surroundings, that the environment of someone who was evil was near me, connected with what was happening."
1192,"like being born with a very keen sense of smell. You can smell a leak of gas when other people can’t do so. You can distinguish one perfume from another very easily. I had an aunt once,"
1193,"I’d better tell you briefly how I came into things now,"
1194,"Mr. Rafiel, as you know, died. His lawyers asked me to come and see them, apprised me of his proposition. I received a letter from him which explained nothing. After that I heard nothing more for some little time. Then I got a letter from the company who run these tours saying that Mr. Rafiel before his death had made a reservation for me knowing that I should enjoy a trip very much, and wanting to give it me as a surprise present. I was very astonished but took it as an indication of the first step that I was to undertake. I was to go on this tour and presumably in the course of the tour some other indication or hint or clue or direction would come to me. I think it did. Yesterday, no, the day before, I was received on my arrival here by three ladies who live at an old manor house here and who very kindly extended an invitation to me. They had heard from Mr. Rafiel, they said, who had written some time before his death, saying that a very old friend of his would be coming on this tour and would they be kind enough to put her up for two or three days as he thought she was not fit to attempt the particular ascent of this rather difficult climb up the headland to where there was a memorial tower which was the principal event of yesterday’s tour."
1195,And you took that also as an indication of what you were to do?
1196,"Of course,"
1197,"There can be no other reason for it. He was not a man to shower benefits for nothing, out of compassion for an old lady who wasn’t good at walking up hills. No. He wanted me to go there."
1198,And you went there? And what then?
1199,"Nothing,"
1200,Three sisters.
1201,Three weird sisters?
1202,"They ought to have been,"
1203,"but I don’t think they were. They didn’t seem to be anyway. I don’t know yet. I suppose they may have been—they may be, I mean. They seem ordinary enough. They didn’t belong to this house. It had belonged to an uncle of theirs and they’d come here to live some years ago. They are in rather poor circumstances, they are amiable, not particularly interesting. All slightly different in type. They do not appear to have been well acquainted with Mr. Rafiel. Any conversation I have had with them appears to yield nothing."
1204,"I learnt the facts of the case you’ve just told me. Not from them. From an elderly servant, who started her reminiscences dating back to the time of the uncle. She knew of Mr. Rafiel only as a name. But she was eloquent on the theme of the murder: it had all started with the visit here of a son of Mr. Rafiel’s who was a bad lot, of how the girl had fallen in love with him and that he’d strangled the girl, and how sad and tragic and terrible it all was. ‘With bells on,’ as you might say,"
1205,"Plenty of exaggeration, but it was a nasty story, and she seemed to believe that the police view was that this hadn’t been his only murder—"
1206,"I think so. She’s the same person who visited me—I won’t say visited me exactly, but she was outside my garden fence in St. Mary Mead, the village where I live. She expressed pleasure at my garden and talked about gardening with me. Told me she was living in the village and working in somebody’s garden, who’d moved into a new house there. I rather think,"
1207,"yes, I rather think that the whole thing was lies. There again, she knew nothing about gardening. She pretended to but it wasn’t true."
1208,"You may want to rest this afternoon. If not, I will call for you here in an hour’s time. There is an interesting church you might care to see—?"
1209,"That would be very nice,"
1210,There’s no reason really why one should not enjoy the local sights when one can.
1211,"It’s very kind of you, I’m sure,"
1212,"My dear lady, Miss Temple is not an old friend of yours or anything like that. Sad as this accident has been."
1213,"Well,"
1214,this is very kind of you.
1215,"We are not going to a church, I am afraid."
1216,"No,"
1217,I thought perhaps we weren’t.
1218,"Yes, the idea would have come to you."
1219,No. Not going on very well.
1220,"I see. At least—I hope I don’t see,"
1221,Her recovery is very problematical but there is nothing that can be done. She may not recover consciousness again. On the other hand she may have a few lucid intervals.
1222,"Yes, I realize that. I’m taking you there because in one of the lucid intervals she has had, she asked for you."
1223,"I see,"
1224,"I wonder why she should ask for me, why she should have thought that I—that I could be useful in any way to her, or do anything. She is a woman of perception. In her way, you know, a great woman. As Headmistress of Fallowfield she occupied a prominent position in the educational world."
1225,"Yes. She was a great personality. She was herself a woman of considerable scholarship. Mathematics were her speciality, but she was an ‘all round’—what I should call an educator. Was interested in education, what girls were fitted for, how to encourage them. Oh, many other things. It is sad and very cruel if she dies,"
1226,It will seem such a waste of a life. Although she had retired from her Headmistresship she still exercised a lot of power. This accident—
1227,"Joanna told me that she had the impression there was someone on the hillside. Rather high up. She and Emlyn were climbing up from the lower main path, following a rough track that wound round the curve of the hill. As they turned a corner she definitely saw, outlined against the skyline, a man or a woman who was trying to roll a big boulder forward along the ground. The boulder was rocking—and finally it started to roll, at first slowly and then gathering speed down the hillside. Miss Temple was walking along the main path below, and had come to a point just underneath it when the boulder hit her. If it was done deliberately it might not, of course, have succeeded; it might have missed her—but it did succeed. If what was being attempted was a deliberate attack on the woman walking below it succeeded only too well."
1228,Was it a man or a woman they saw?
1229,"Unfortunately, Joanna Crawford could not say. Whoever it was, was wearing jeans or trousers, and had on a lurid polo-neck pullover in red and black checks. The figure turned and moved out of sight almost immediately. She is inclined to think it was a man but cannot be certain."
1230,"No idea whatever. No more have they. It might be one of our fellow travellers, someone who went for a stroll that afternoon. It might be someone completely unknown who knew that the coach was making a halt here and chose this place to make an attack on one of the passengers. Some youthful lover of violence for violence’s sake. Or it might have been an enemy."
1231,"It seems very melodramatic if one says ‘a secret enemy,’"
1232,"Yes, it does. Who would want to kill a retired and respected Headmistress? That is a question we want answered. It is possible, faintly possible that Miss Temple herself might be able to tell us. She might have recognized the figure above her or she might more likely have known of someone who bore her ill will for some special reason."
1233,"Of a possibility? Well, I think I know or guess what you are suggesting. You are suggesting that Miss Temple knew something, knew some fact or had some knowledge that would be inconvenient or even dangerous to somebody if it was known."
1234,"Yes, I do feel exactly that."
1235,"In that case,"
1236,"it seems indicated that there is someone on our coach tour who recognized Miss Temple or knew who she was, but who perhaps after the passage of some years was not remembered or might even not have been recognized by Miss Temple. It seems to throw it back on our passengers, does it not?"
1237,What was it that struck you about that?
1238,"It was very noticeable,"
1239,That is what your words led me to infer. It was very mentionable. So much so that the girl Joanna mentioned it specifically.
1240,Yes. And what does that suggest to you?
1241,"The trailing of flags,"
1242,"Something that will be seen, remembered, observed, recognized."
1243,"Fallowfield is situated not very far from here. Sixteen miles, I think. So this is Elizabeth Temple’s part of the world, a part she knows well with people in it that she also might know well."
1244,"Yes. It widens the possibilities,"
1245,"I agree with you,"
1246,"that the attacker is more likely to have been a man than a woman. That boulder, if it was done with intent, was sent on its course very accurately. Accuracy is more a male quality than a female one. On the other hand there might easily have been someone on our coach, or possibly in the neighbourhood, who saw Miss Temple in the street, a former pupil of hers in past years. Someone whom she herself might not recognize after a period of time. But the girl or woman would have recognized her, because a Headmaster or Headmistress of over sixty is not unlike the same Headmaster or Headmistress at the age of fifty. She is recognizable. Some woman who recognized her former mistress and also knew that her mistress knew something damaging about her. Someone who might in some way prove a danger to her."
1247,"I could not claim a personal knowledge of this part of the country. I know something, however, of various things that have happened in this part of the world entirely because of what you have told me. If it had not been for my acquaintanceship with you and the things you have told me I could have been more at sea than I am.

“What are you yourself actually doing here? You do not know. Yet you were sent here. It was deliberately arranged by Rafiel that you should come here, that you should take this coach tour, that you and I should meet. There have been other places where we have stopped or through which we have passed, but special arrangements were made so that you should actually stay for a couple of nights here. You were put up with former friends of his who would not have refused any request he made. Was there a reason for that?"
1248,"So that I could learn certain facts that I had to know,"
1249,A series of murders that took place a good many years ago?
1250,Professor Wanstead. And—er—this is—er—
1251,I talked to Sister Barker on the telephone.
1252,"I don’t know what arrangements you have in mind,"
1253,"We have a police official there also, ready to take down anything. The Doctor thinks it advisable that he also should not be noticed by Miss Temple. One person alone, and that possibly a person she expects to see, will not alarm her or make her lose knowledge of what she wants to say to you. I hope this will not be too difficult a thing to ask you?"
1254,"Oh no,"
1255,"I’m quite prepared to do that. I have a small notebook with me and a Biro pen that will not be in evidence. I can remember things by heart for a very short time, so I need not appear to be obviously taking notes of what she says. You can trust my memory and I am not deaf—not deaf in the real sense of the word. I don’t think my hearing is quite as good as it used to be, but if I am sitting near a bedside, I ought to be able to hear anything she says quite easily even if it is whispered. I am used to sick people. I have had a good deal to do with them in my time."
1256,"Call me if necessary, Nurse Edmonds,"
1257,Miss Marple. You are Jane Marple?
1258,"That is right. Yes,"
1259,Jane Marple.
1260,Henry often spoke of you. He said things about you.
1261,Henry?
1262,"Henry Clithering, an old friend of mine—very old friend."
1263,"An old friend of mine too,"
1264,Henry Clithering.
1265,"If I can help, I will,"
1266,"Good,"
1267,"You can, can’t you? Say you can. I’ve not much time. I know that. I know it quite well. One of them, but which? Find out. Henry would have said you can. It may be dangerous for you—but you’ll find out, won’t you?"
1268,"With God’s help, I will,"
1269,Ah.
1270,She won’t regain consciousness again for some time. Perhaps not at all. I hope you learnt something?
1271,"I don’t think I did,"
1272,"but one never knows, does one."
1273,Did you get anything?
1274,"A name,"
1275,Verity. Was that the girl’s name?
1276,Yes. Verity Hunt.
1277,"Oh yes, I know. Oh the—er—yes, that’s the one we sent Miss What’s-a-name on. The one old Rafiel booked."
1278,"Not so far as I know,"
1279,"Well, you know—about these boulders that fall down cliff sides and drop on top of someone. It’s not always in the course of nature. Boulders usually stay where they are, in my experience."
1280,"Verity,"
1281,It’s a Christian name?
1282,"I never knew anyone of that name,"
1283,"but I did mean a Christian name. Yes. It is rather unusual, I think. Verity."
1284,"It was just that it is—it is a name we know, a name with which we have—associations."
1285,"It just came into my mind,"
1286,"because, you know, it was poor Miss Temple who said it. I went to see her, you know, yesterday afternoon. Professor Wanstead took me. He seemed to think that I might be able to—to—I don’t know if it’s the proper word—to rouse her, in some way. She was in a coma and they thought—not that I was a friend of hers at any time, but we had chatted together on the tour and we often sat beside each other, as you know, on some of the days and we had talked. And he thought perhaps I might be of some use. I’m afraid I wasn’t though. Not at all. I just sat there and waited and then she did say one or two words, but they didn’t seem to mean anything. But finally, just when it was time for me to go, she did open her eyes and looked at me—I don’t know if she was mistaking me for someone—but she did say that word. Verity! And, well of course it stuck in my mind, especially with her passing away yesterday evening. It must have been someone or something that she had in her mind. But of course it might just mean—well, of course it might just mean Truth. That’s what verity means, doesn’t it?"
1287,"But after all, everyone knows quite well about her,"
1288,"I thought perhaps you might have known about her because you knew Mr. Rafiel, didn’t you? Well, I mean, he wrote to us about you so you must have known him. And I thought perhaps—well, he’d mentioned the whole thing to you."
1289,"I’m so sorry,"
1290,I’m afraid I don’t quite understand what you’re talking about.
1291,"They found her body in a ditch,"
1292,I suppose that was how Miss Temple came to remember her.
1293,"Oh I see,"
1294,"Where Miss Temple was Headmistress, is that it? I have heard of Fallowfield often, of course. It’s a very fine school, isn’t it?"
1295,I—do you mind if we don’t talk about it any more just now?
1296,"Oh, of course not,"
1297,I’m so sorry to have impinged on some tragedy. I didn’t know. I—I haven’t heard … I thought—well I mean …
1298,"I think I’d better tell you the whole truth if you don’t know, and you don’t seem to. He was actually Mr. Rafiel’s son, Michael—"
1299,"Oh dear,"
1300,"not—not—I can’t remember his name but I do remember hearing that there was a son—and, that he hadn’t been very satisfactory."
1301,"He’d always given trouble. He’d been had up in court once or twice for various things. Once assaulting a teenager—other things of that type. Of course I consider myself that the magistrates are too lenient with that kind of thing. They don’t want to upset a young man’s university career. And so they let them off with a—I forget what they call it—a suspended sentence, something of that kind. If these boys were sent to gaol at once it would perhaps warn them off that type of life. He was a thief, too. He had forged cheques, he pinched things. He was a thoroughly bad lot. We were friends of his mother’s. It was lucky for her, I think, that she died young before she had time to be upset by the way her son was turning out. Mr. Rafiel did all he could, I think. Tried to find suitable jobs for the boy, paid fines for him and things like that. But I think it was a great blow to him, though he pretended to be more or less indifferent and to write it off as one of those things that happen. We had, as probably people here in the village will tell you, we had a bad outbreak of murders and violence in this district. Not only here. They were in different parts of the country, twenty miles away, sometimes fifty miles away. One or two, it’s suspected by the police, were nearly a hundred miles away. But they seemed to centre more or less on this part of the world. Anyway, Verity one day went out to visit a friend and—well, she didn’t come back. We went to the police about it, the police sought for her, searched the whole countryside but they couldn’t find any trace of her. We advertised, they advertised, and they suggested that she’d gone off with a boyfriend. Then word began to get round that she had been seen with Michael Rafiel. By now the police had their eye on Michael as a possibility for certain crimes that had occurred, although they couldn’t find any direct evidence. Verity was said to have been seen, described by her clothing and other things, with a young man of Michael’s appearance and in a car that corresponded to a description of his car. But there was no further evidence until her body was discovered six months later, thirty miles from here in a rather wild part of wooded country, in a ditch covered with stones and piled earth. Clotilde had to go to identify it—it was Verity all right. She’d been strangled and her head beaten in. Clotilde has never quite got over the shock. There were certain marks, a mole and an old scar and of course her clothes and the contents of her handbag. Miss Temple was very fond of Verity. She must have thought of her just before she died."
1302,"I’m sorry,"
1303,"I’m really very, very sorry. Please tell your sister that I didn’t know. I had no idea."
1304,"After the rain, you see, you get all the soil washed off and then the boulders get loose and then down they comes. I remember one year they had three falls—three accidents there was. One boy nearly killed, he was, and then later that year, oh six months later, I think, there was a man got his arm broken, and the third time it was poor old Mrs. Walker. Blind she was and pretty well deaf too. She never heard nothing or she could have got out of the way, they say. Somebody saw it and they called out to her, but they was too far away to reach her or to run to get her. And so she was killed."
1305,"Oh how sad,"
1306,"how tragic. The sort of thing that’s not easily forgotten, is it."
1307,No indeed. I expect the Coroner’ll mention it today.
1308,"I expect he will,"
1309,"In a terrible way it seems quite a natural thing to happen, doesn’t it, though of course there are accidents sometimes by pushing things about, you know. Just pushing, making stones rock. That sort of thing."
1310,"No. I suppose it might some day, but they think on the whole it was pushed into the river. Ah well, you never know, do you? You never know what you may dig up off a ploughed field or something like that. I was taken once to see all that treasure. Luton Loo was it—some name like that? Somewhere in the East Counties. Under a ploughed field it was. Beautiful. Gold ships and Viking ships and gold plate, enormous great platters. Well, you never know. Any day you may turn up a dead body or you may turn up a gold platter. And it may be hundreds of years old like that gold plate was, or it may be a three-or four-years-old body, like Mary Lucas who’d been missing for four years, they say. Somewhere near Reigate she was found. Ah well, all these things! It’s a sad life. Yes, it’s a very sad life. You never know what’s coming."
1311,"There was another girl who’d lived here, wasn’t there?"
1312,who was killed.
1313,"You mean the body they thought was Nora Broad’s but it wasn’t? Yes. I’ve forgotten her name now. Hope, it was, I think. Hope or Charity. One of those sort of names, if you know what I mean. Used to be used a lot in Victorian times but you don’t hear them so much nowadays. Lived at the Manor House, she did. She’d been there for some time after her parents were killed."
1314,"Oh no, she’s clever, she is. Knows Latin and Greek, I believe. Would have liked to go to university but she had to look after her mother who was an invalid for a long time. But she was very fond of Miss—now, what was her name?—Faith perhaps. She was very fond of her and treated her like a daughter. And then along comes this young what’s-his-name, Michael I think it was—and then one day the girl just goes off without saying a word to anyone. I don’t know if Miss Clotilde knew as she was in the family way."
1315,"But you knew,"
1316,"Ah well, I’ve got a lot of experience. I usually know when a girl’s that way. It’s plain enough to the eye. It’s not only the shape, as you might say, you can tell by the look in their eyes and the way they walk and sit, and the sort of giddy fits they get and sick turns now and again. Oh yes, I thought to myself, here’s another one of them. Miss Clotilde had to go and identify the body. Nearly broke her up, it did. She was like a different woman for weeks afterwards. Fairly loved that girl, she did."
1317,"Funnily enough, you know, I thought she had a kind of pleased look as though she was—yes, just pleased. Not nice, eh? Farmer Plummer’s daughter used to look like that. Always used to go and see pigs killed. Enjoyed it. Funny things goes on in families."
1318,"If you are not too busy, I wonder if you could answer a question of mine,"
1319,"I have done something extremely stupid. Of late years I make so many mistakes. This was a parcel addressed to a charity. I send them clothes—pullovers and children’s woollies, and I did it up and addressed it and it was sent off—and only this morning it came to me suddenly that I’d made a mistake and written the wrong address. I don’t suppose any list is kept of the address of parcels—but I thought someone might have just happened to remember it. The address I meant to put was The Dockyard and Thames Side Welfare Association."
1320,What will happen next?
1321,Do you mean legally or to us?
1322,"I suppose both,"
1323,because one will surely affect the other.
1324,"It will be presumably a case of the police making further enquiries, arising out of the evidence given by those two young people."
1325,we knew beforehand what they were going to say.
1326,"What you mean is that you are asking what I thought about them themselves, their feelings about it."
1327,"It was interesting,"
1328,"Very interesting. The red and black check pullover. Rather important, I think, don’t you? Rather striking?"
1329,What does it suggest to you exactly?
1330,"I think,"
1331,I think the description of that might give us a valuable clue.
1332,Are you continuing on the tour?
1333,"No,"
1334,No. I think—I think that what has happened inclines me to remain here a little longer.
1335,That rather depends as to whether I receive any further invitation to go back to The Old Manor House. I would not like to suggest it myself because my original invitation was for the two nights that the tour was to have stayed here originally. I think possibly it would be better for me to remain at the Golden Boar.
1336,You don’t feel like returning to St. Mary Mead?
1337,"Not yet,"
1338,"There are one or two things I could do here, I think. One thing I have done already."
1339,"I should like to return to London. I have work there waiting to be done. Unless, that is, I can be helpful to you here?"
1340,"No,"
1341,I do not think so at present. I expect you have various enquiries of your own that you wish to put in hand.
1342,You have perhaps pinned down the smell of evil?
1343,"It is difficult,"
1344,to know exactly what something wrong in the atmosphere really means.
1345,"And especially since Miss Temple’s death which, of course, was not an accident, no matter what Mrs. Sandbourne hopes."
1346,"No,"
1347,it was not an accident. What I don’t think I have told you is that Miss Temple said to me once that she was on a pilgrimage.
1348,"Yes, interesting. She didn’t tell you what the pilgrimage was, to where or to whom?"
1349,"No,"
1350,"if she’d lived just a little longer and not been so weak, she might have told me. But unfortunately, death came a little too soon."
1351,"No. Only a feeling of assurance that her pilgrimage was put an end to by malign design. Someone wanted to stop her going wherever she was going, or stop her going to whomever she was going to. One can only hope that chance or Providence may throw light on that."
1352,That’s why you’re staying here?
1353,"Not only that,"
1354,I want to find out something more about a girl called Nora Broad.
1355,"The other girl who disappeared about the same time as Verity Hunt did. You remember you mentioned her to me. A girl who had boyfriends and was, I understand, very ready to have boyfriends. A foolish girl, but attractive apparently to the male sex. I think,"
1356,that to learn a little more about her might help me in my enquiries.
1357,"I think we’ll stay at the Golden Boar for a little. That’s what you’re going to do, isn’t it, Miss Marple?"
1358,"I really think so,"
1359,I don’t feel quite equal to going on travelling and all that. I think a day or two’s rest would be helpful to me after what’s happened.
1360,"Dear me, now, dear me. Oh, I’m sorry for that. Come right in, ma’am, come right in. That’s right. You sit down here. Now I’ll get you a glass of water—or maybe you’d like a pot of tea?"
1361,"No, thank you,"
1362,a glass of water would put me right.
1363,"You know, I’ve got a nephew like that. He oughtn’t to be at his age, he’s not much over fifty but now and then he’ll come over giddy all of a sudden and unless he sits down at once—why you don’t know, sometimes he’ll pass out right on the floor. Terrible, it is. Terrible. And doctors, they don’t seem able to do anything about it. Here’s your glass of water."
1364,"Ah,"
1365,I feel much better.
1366,"Been to the service, have you, for the poor lady as got done in, as some say, or accident as others. I’d say it’s accident every time. But these inquests and coroners, they always want to make things look criminal, they do."
1367,"Oh yes,"
1368,"I’ve been so sorry to hear of a lot of things like that in the past. I was hearing a great deal about a girl called Nora. Nora Broad, I think."
1369,"Well, she accepted a lift from someone—a stranger. That’s the last time she was seen. I forget the make of the car now. Some funny name it had. An Audit or something like that. Anyway, she’d been seen once or twice in that car. And off she went in it. And it was said it was that same car that the poor girl what got herself murdered used to go riding in. But I don’t think as that happened to Nora. If Nora’d been murdered, the body would have come to light by now. Don’t you think so?"
1370,"It certainly seems likely,"
1371,Was she a girl who did well at school and all that?
1372,"Ah no, she wasn’t. She was idle and she wasn’t too clever at her books either. No. She was all for the boys from the time she was twelve-years-old onwards. I think in the end she must have gone off with someone or other for good. But she never let anyone know. She never sent as much as a postcard. Went off, I think, with someone as promised her things. You know. Another girl I knew—but that was when I was young—went off with one of them Africans. He told her as his father was a Shake. Funny sort of word, but a shake I think it was. Anyway it was somewhere in Africa or in Algiers. Yes, in Algiers it was. Somewhere there. And she was going to have all sorts of wonderful things. He had six camels, the boy’s father, she said and a whole troop of horses and she was going to live in a wonderful house, she was, with carpets hanging up all over the walls, which seems a funny place to put carpets. And off she went. She come back again three years later. Yes. Terrible time, she’d had. Terrible. They lived in a nasty little house made of earth. Yes, it was. And nothing much to eat except what they call cos-cos which I always thought was lettuce, but it seems it isn’t. Something more like semolina pudding. Oh terrible it was. And in the end he said she was no good to him and he’d divorce her. He said he’d only got to say ‘I divorce you’ three times, and he did and walked out and somehow or other, some kind of Society out there took charge of her and paid her fare home to England. And there she was. Ah, but that was about thirty to forty years ago, that was. Now Nora, that was only about seven or eight years ago. But I expect she’ll be back one of these days, having learnt her lesson and finding out that all these fine promises didn’t come to much."
1373,"Well, there’s many as was kind to her. There was the people at The Old Manor House, you know. Mrs. Glynne wasn’t there then, but Miss Clotilde, she was always one to be good to the girls from school. Yes, many a nice present she’s given Nora. She gave her a very nice scarf and a pretty dress once. Very nice, it was. A summer frock, a sort of foulard silk. Ah, she was very kind, Miss Clotilde was. Tried to make Nora take more interest in her schooling. Lots of things like that. Advised her against the way she was going on because, you see—well, I wouldn’t like to say it, not when she’s my cousin’s child though, mark you, my cousin is only one who married my boy cousin, that is to say—but I mean it was something terrible the way she went on with all the boys. Anyone could pick her up. Real sad it is. I’d say she’ll go on the streets in the end. I don’t believe she has any future but that. I don’t like to say these things, but there it is. Anyway, perhaps it’s better than getting herself murdered like Miss Hunt did, what lived at The Old Manor House. Cruel, that was. They thought she’d gone off with someone and the police, they was busy. Always asking questions and having the young men who’d been with the girl up to help them with their enquiries and all that. Geoffrey Grant there was, Billy Thompson, and the Landfords’ Harry. All unemployed—with plenty of jobs going if they’d wanted to take them. Things usedn’t to be like that when I was young. Girls behaved proper. And the boys knew they’d got to work if they wanted to get anywhere."
1374,"Nora Broad? Oh, she hasn’t been in the village for years. Went off with someone, she did. She was a great one for boys. I always wondered where she’d end up. Did you want to see her for any particular reason?"
1375,"I had a letter from a friend abroad,"
1376,"A very nice family and they were thinking of engaging a Miss Nora Broad. She’d been in some trouble, I think. Married someone who was rather a bad lot and had left her and gone off with another woman, and she wanted to get a job looking after children. My friend knew nothing about her, but I gathered she came from this village. So I wondered if there was anyone here who could—well, tell me something about her. You went to school with her, I understand?"
1377,"Yes. You see, she didn’t leave no word behind. She just went out one night and didn’t come back. She was seen getting into a car and nobody saw the car again and nobody saw her. Just at that time there’d been a good many murders, you know. Not specially round here, but all over the country. The police, they were rounding up a lot of young men and boys. Thought as Nora might be a body at the time we did. But not she. She was all right. I’d say as likely as not she’s making a bit of money still in London or one of these big towns doing a striptease, something of that kind. That’s the kind she was."
1378,"I don’t think,"
1379,"that if it’s the same person, that she’d be very suitable for my friend."
1380,"She’d have to change a bit if she was to be suitable,"
1381,"I am Archdeacon Brabazon. I came here this morning to attend the service for a very old friend of mine, Miss Elizabeth Temple."
1382,Oh yes?
1383,Do sit down.
1384,"Thank you, I will, I am not quite as strong as I was."
1385,And you—
1386,you wanted to see me?
1387,"Well, I must explain how that comes about. I’m quite aware that I am a complete stranger to you. As a matter of fact I made a short visit to the hospital at Carristown, talking to the matron before going on to the church here. It was she who told me that before she died Elizabeth had asked to see a fellow member of the tour. Miss Jane Marple. And that Miss Jane Marple had visited her and sat with her just a very, very short time before Elizabeth died."
1388,"Yes,"
1389,that is so. It surprised me to be sent for.
1390,You are an old friend of hers?
1391,"No,"
1392,"I only met her on this tour. That’s why I was surprised. We had expressed ideas to each other, occasionally sat next to each other in the coach, and had struck up quite an acquaintanceship. But I was surprised that she should have expressed a wish to see me when she was so ill."
1393,"Yes. Yes, I can quite imagine that. She was, as I have said, a very old friend of mine. In fact, she was coming to see me, to visit me. I live in Fillminster, which is where your coach tour will be stopping the day after tomorrow. And by arrangement she was coming to visit me there, she wanted to talk to me about various matters about which she thought I could help her."
1394,"I see,"
1395,May I ask you a question? I hope it is not too intimate a question.
1396,"Yes, I think so."
1397,"We had been talking,"
1398,about a young girl. A girl called Verity.
1399,Ah yes. Verity Hunt.
1400,She died quite a number of years ago. Did you know that?
1401,"Yes,"
1402,"I knew it. Miss Temple and I were talking about her. Miss Temple told me something that I did not know. She said she had been engaged to be married to the son of a Mr. Rafiel. Mr. Rafiel is, or again I must say was, a friend of mine. Mr. Rafiel has paid the expenses of this tour out of his kindness. I think, though, that possibly he wanted—indeed, intended—me to meet Miss Temple on this tour. I think he thought she could give me certain information."
1403,That is why she was coming to me. She wanted to know certain facts.
1404,"She wanted to know,"
1405,why Verity broke off her engagement to marry Mr. Rafiel’s son.
1406,No. I think she was puzzled and unhappy about what happened and was coming to me to ask me why the marriage did not take place.
1407,And why did it not take place?
1408,Please do not think that I am unduly curious. It’s not idle curiosity that is driving me. I too am on—not a pilgrimage—but what I should call a mission. I too want to know why Michael Rafiel and Verity Hunt did not marry.
1409,"You are involved in some way,"
1410,I see that.
1411,"I am involved,"
1412,by the dying wishes of Michael Rafiel’s father. He asked me to do this for him.
1413,"is where my story ends. I cannot go on because I do not know what happened. I only know that I agreed to do as they asked, that I made the necessary arrangements; we settled a day, an hour, a time, a place. I think perhaps that I was to blame for agreeing to the secrecy."
1414,They didn’t want anyone to know?
1415,"No. Verity did not want anyone to know, and I should say most certainly Mike did not want anyone to know. They were afraid of being stopped. To Verity, I think, besides love, there was also a feeling of escape. Natural, I think, owing to the circumstances of her life. She had lost her real guardians, her parents, she had entered on her new life after their death, at an age when a school girl arrives at having a ‘crush’ on someone. An attractive mistress. Anything from the games mistress to the mathematics mistress, or a prefect or an older girl. A state that does not last for very long, is merely a natural part of life. Then from that you go on to the next stage when you realize that what you want in your life is what complements yourself. A relationship between a man and a woman. You start then to look about you for a mate. The mate you want in life. And if you are wise, you take your time, you have friends, but you are looking, as the old nurses used to say to children, for Mr. Right to come along. Clotilde Bradbury-Scott was exceptionally good to Verity, and Verity, I think, gave her what I should call hero worship. She was a personality as a woman. Handsome, accomplished, interesting. I think Verity adored her in an almost romantic way and I think Clotilde came to love Verity as though she were her own daughter. And so Verity grew to maturity in an atmosphere of adoration, lived an interesting life with interesting subjects to stimulate her intellect. It was a happy life, but I think little by little she was conscious—conscious without knowing she was conscious, shall we say—of a wish to escape. Escape from being loved. To escape, she didn’t know into what or where. But she did know after she met Michael. She wanted to escape to a life where male and female come together to create the next stage of living in this world. But she knew that it was impossible to make Clotilde understand how she felt. She knew that Clotilde would be bitterly opposed to her taking her love for Michael seriously. And Clotilde, I fear, was right in her belief … I know that now. He was not a husband that Verity ought to have taken or had. The road that she started out on led not to life, not to increased living and happiness. It led to shock, pain, death. You see, Miss Marple, that I have a grave feeling of guilt. My motives were good, but I didn’t know what I ought to have known. I knew Verity, but I didn’t know Michael. I understood Verity’s wish for secrecy because I knew what a strong personality Clotilde Bradbury-Scott had. She might have had a strong enough influence over Verity to persuade her to give up the marriage."
1416,"I haven’t told you that yet. The day was fixed. The time, the hour and the place, and I waited. Waited for a bride and bridegroom who didn’t come, who sent no word, no excuse, nothing. I didn’t know why! I never have known why. It still seems to me unbelievable. Unbelievable, I mean, not that they did not come, that could be explicable easily enough, but that they sent no word. Some scrawled line of writing. And that is why I wondered and hoped that Elizabeth Temple, before she died, might have told you something. Given you some message perhaps for me. If she knew or had any idea that she was dying, she might have wanted to get a message to me."
1417,"She wanted information from you,"
1418,"That, I am sure, was the reason she was coming to you."
1419,"Yes. Yes, that is probably true. It seemed to me, you see, that Verity would have said nothing to the people who could have stopped her. Clotilde and Anthea Bradbury-Scott, but because she had always been very devoted to Elizabeth Temple—and Elizabeth Temple had had great influence over her—it seems to me that she would have written and given her information of some kind."
1420,"I think she did,"
1421,"Information, you think?"
1422,"The information she gave to Elizabeth Temple,"
1423,was this. That she was going to marry Michael Rafiel. Miss Temple knew that. It was one of the things she said to me. She said: ‘I knew a girl called Verity who was going to marry Michael Rafiel’ and the only person who could have told her that was Verity herself. Verity must have written to her or sent some word to her. And then when I said ‘Why didn’t she marry him?’ she said: ‘She died.’
1424,"Elizabeth and I know no more than those two facts. Elizabeth, that Verity was going to marry Michael. And I that those two were going to marry, that they had arranged it and that they were coming on a settled day and time. And I waited for them, but there was no marriage. No bride, no bridegroom, no word."
1425,And you have no idea what happened?
1426,"I do not for one minute believe that Verity or Michael definitely parted, broke off."
1427,"That is not a satisfying answer because still she would have let me know. She would not have left me waiting to join them together in holy matrimony. To put the most ridiculous side of it, she was a girl with beautiful manners, well brought up. She would have sent word. No. I’m afraid that only one thing could have happened."
1428,Death?
1429,Yes.
1430,Death.
1431,"Love,"
1432,By that you mean—
1433,It’s what Miss Temple said to me. I said ‘What killed her?’ and she said ‘Love’ and that love was the most frightening word in the world. The most frightening word.
1434,"Something that is not apparent to other people unless they are technically qualified to observe it. Jekyll and Hyde are real, you know. They were not Stevenson’s invention as such. Michael Rafiel was a—must have been schizophrenic. He had a dual personality. I have no medical knowledge, no psychoanalytic experience. But there must have been in him the two parts of two identities. One, a well-meaning, almost lovable boy, a boy perhaps whose principal attraction was his wish for happiness. But there was also a second personality, someone who was forced by some mental deformation perhaps—something we as yet are not sure of—to kill—not an enemy, but the person he loved, and so he killed Verity. Not knowing perhaps why he had to or what it meant. There are very frightening things in this world of ours, mental quirks, mental disease or deformity of a brain. One of my parishioners was a very sad case in point. Two elderly women living together, pensioned. They had been friends in service together somewhere. They appeared to be a happy couple. And yet one day one of them killed the other. She sent for an old friend of hers, the vicar of her parish, and said: ‘I have killed Louisa. It is very sad,’ she said, ‘but I saw the devil looking out of her eyes and I knew I was being commanded to kill her.’ Things like that make one sometimes despair of living. One says why? and how? and yet one day knowledge will come. Doctors will find out or learn just some small deformity of a chromosome or gene. Some gland that overworks or leaves off working."
1435,So you think that’s what happened?
1436,"It did happen. The body was not found, I know, for some time afterwards. Verity just disappeared. She went away from home and was not seen again…."
1437,"And yet, even now sometimes, I hope and feel that it was some other young man who killed her. Someone who was definitely mentally deranged, though no one had any idea of it. Some stranger, perhaps, whom she had met in the neighborhood. Someone who she had met by chance, who had given her a lift in a car, and then—"
1438,"I suppose that could have been true,"
1439,"Mike made a bad impression in court,"
1440,"Told foolish and senseless lies. Lied as to where his car had been. Got his friends to give him impossible alibis. He was frightened. He said nothing of his plan to marry. I believe his Counsel was of the opinion that that would tell against him—that she might have been forcing him to marry her and that he didn’t want to. It’s so long ago now, I remember no details. But the evidence was dead against him. He was guilty—and he looked guilty.

“So you see, do you not, Miss Marple, that I’m a very sad and unhappy man. I made the wrong judgment, I encouraged a very sweet and lovely girl to go to her death, because I did not know enough of human nature. I was ignorant of the danger she was running. I believed that if she had had any fear of him, any sudden knowledge of something evil in him, she would have broken her pledge to marry him and have come to me and told me of her fear, of her knowledge of him. But nothing of that ever happened. Why did he kill her? Did he kill her because perhaps he knew she was going to have a child? Because by now he had formed a tie with some other girl and did not want to be forced to marry Verity? I can’t believe it. Or was it some entirely different reason. Because she had suddenly felt a fear of him, a knowledge of danger from him, and had broken off her association with him? Did that rouse his anger, his fury, and did that lead him to violence and to killing her? One does not know."
1441,You do not know?
1442,"but you do still know and believe one thing, don’t you?"
1443,What do you mean exactly by ‘believe?’ Are you talking from the religious point of view?
1444,"Oh no,"
1445,"I didn’t mean that. I mean, there seems to be in you, or so I feel it, a very strong belief that those two loved each other, that they meant to marry, but that something happened that prevented it. Something that ended in her death, but you still really believe that they were coming to you to get married that day?"
1446,"You are quite right, my dear. Yes, I cannot help still believing in two lovers who wished to get married, who were ready to take each other on for better, for worse, for richer or poorer, in sickness and in health. She loved him and she would have taken him for better or for worse. As far as she had gone, she took him for worse. It brought about her death."
1447,"You must go on believing as you do,"
1448,"I think, you know, that I believe it too."
1449,But then what?
1450,"I don’t know yet,"
1451,"I’m not sure, but I think Elizabeth Temple did know or was beginning to know what happened. A frightening word, she said. Love. I thought when she spoke that what she meant was that because of a love affair Verity committed suicide. Because she found out something about Michael, or because something about Michael suddenly upset her and revolted her. But it couldn’t have been suicide."
1452,that couldn’t be so. The injuries were described very fully at the trial. You don’t commit suicide by beating in your own head.
1453,Horrible!
1454,"Horrible! And you couldn’t do that to anyone you loved even if you had to kill ‘for love,’ could you? If he’d killed her, he couldn’t have done it that way. Strangling—perhaps, but you wouldn’t beat in the face and the head that you loved."
1455,"Really, girls nowadays,"
1456,"Joanna, I mean. My niece."
1457,"Well, she says not. I can’t see anything much the matter with her. She says she’s got a sore throat, she feels she might have a temperature coming on. All nonsense, I think."
1458,"Oh, I’m very sorry,"
1459,Is there anything I can do? Look after her?
1460,"I should leave her alone, if I were you,"
1461,Girls are so silly. Always falling in love.
1462,Emlyn Price?
1463,"Oh, so you’ve noticed it too. Yes, they’re really getting to a stage of spooning about together. I don’t much care for him anyway. One of these long-haired students, you know. Always going on demos or something like that. Why can’t they say demonstration properly? I hate abbreviations. And how am I going to get along? Nobody to look after me, collect my luggage, take it in, take it out. Really. I’m paying for this complete trip and everything."
1464,"I thought she seemed so attentive to you,"
1465,"Well, not the last day or two. Girls don’t understand that people have to have a little assistance when they get to middle age. They seem to have some absurd idea—she and the Price boy—of going to visit some mountain or some landmark. About a seven or eight mile walk there and back."
1466,"Oh dear, we’ve got to get on board now. Oh, good-bye, Miss Marple, it’s nice to have met you. I’m sorry you’re not coming with us."
1467,"I’m very sorry myself,"
1468,"but really you know, I’m not so young and vigorous as you are, Mrs. Riseley-Porter, and I really feel after all the—well, shock and everything else the last few days, I really must have a complete twenty-four hours’ rest."
1469,Bon Voyage and Good Riddance.
1470,I’m sorry to hear that Joanna is under the weather this morning.
1471,"She’ll be all right,"
1472,as soon as that coach is gone.
1473,Oh really!
1474,do you mean—?
1475,"Yes, I do mean,"
1476,"Joanna’s had enough of that aunt of hers, bossing her around all the time."
1477,"No. I’m staying on here for a couple of days. I’m going to get around a bit and do a few excursions. Don’t look so disapproving, Miss Marple. You’re not really as disapproving as all that, are you?"
1478,"Well,"
1479,"I have known such things happen in my own youth. The excuses may have been different, and I think we had less chance of getting away with things than you do now."
1480,"I believe the day after tomorrow we’re going to have a real treat, if nothing else happens. Really it’s too sad, this very unfortunate accident. I must say I think myself it is an accident. I really think the Coroner was going beyond everything in his feelings about this."
1481,"It seems very odd,"
1482,"that nobody has come forward, if they were up on top there, pushing about rocks and boulders and things, that they haven’t come forward to say so."
1483,Can we go somewhere where we can talk?
1484,Why are you staying here? Nervous exhaustion or something else?
1485,"Something else,"
1486,"I’m not particularly exhausted, though it makes a perfectly natural excuse for somebody of my age."
1487,I feel really I ought to stay here and keep an eye on you.
1488,"No,"
1489,there’s no need to do that. There are other things you ought to be doing.
1490,"One of the better ones, I believe. They do a lot of good. You send them clothes,"
1491,"children’s clothes and women’s clothes. Coats. Pullovers, all those sort of things."
1492,"I want you to make enquiries there about a parcel which was sent from here two days ago, posted from this post office."
1493,Who posted it—did you?
1494,"No,"
1495,No. But I assumed responsibility for it.
1496,What does that mean?
1497,"It means,"
1498,"that I went into the post office here and I explained rather scattily and—well, like the old pussy I am—that I had very foolishly asked someone to take a parcel for me and post it, and I had put the wrong address on it. I was very upset by this. The postmistress very kindly said she remembered the parcel, but the address on it was not the one I was mentioning. It was this one, the one I have just given to you. I explained that I had been very foolish and written the wrong address on it, confusing it with another one I sometimes send things to. She told me it was too late to do anything about it now because the parcel, naturally, had gone off. I said it was quite all right, that I would send a letter to the particular charity to which the parcel had been sent, and explain that it had been addressed to them by mistake. Would they very kindly forward it on to the charity that I had meant to receive it."
1499,It seems rather a roundabout way.
1500,"Well,"
1501,one has to say something. I’m not going to do that at all. You are going to deal with the matter. We’ve got to know what’s inside that parcel! I have no doubt you can get means.
1502,"It might possibly, most unlikely but possible, have a slip saying ‘From Miss Anthea Bradbury-Scott’—"
1503,Did she—?
1504,"She took it to the post,"
1505,And you had asked her to take it there?
1506,"Oh no,"
1507,"I hadn’t asked anyone to post anything. The first I saw of the parcel was when Anthea passed the garden of the Golden Boar where you and I were sitting talking, carrying it."
1508,But you went to the post office and represented that the parcel was yours.
1509,"Yes,"
1510,"which was quite untrue. But post offices are careful. And, you see, I wanted to find out where it had been sent."
1511,"You wanted to find out if such a parcel had been sent, and if it had been sent by one of the Bradbury-Scotts—or especially Miss Anthea?"
1512,"I knew it would be Anthea,"
1513,because we’d seen her.
1514,Well?
1515,"You like keeping your secrets, don’t you?"
1516,"Not exactly secrets,"
1517,they are only probabilities that I am exploring. One does not like to make definite assertions unless one has a little more definite knowledge.
1518,Do you mean a second body connected with the particular crime that we have been considering? A crime that took place ten years ago?
1519,"Yes,"
1520,"I’m quite sure of it, as a matter of fact."
1521,Another body. Whose body?
1522,"Well,"
1523,it’s only my idea so far.
1524,Any idea where this body is?
1525,"Oh! Yes,"
1526,"I’m quite sure I know where it is, but I have to have a little more time before I can tell you that."
1527,What kind of a body? Man’s? Woman’s? Child’s? Girl’s?
1528,"There’s another girl who is missing,"
1529,A girl called Nora Broad. She disappeared from here and she’s never been heard anymore of. I think her body might be in a particular place.
1530,Having all these ideas—and possibly doing something foolish—either—
1531,Either it’s all nonsense?—
1532,"No, no, I didn’t mean that. But either you know too much—which might be dangerous … I think I am going to stay here to keep an eye on you."
1533,"No, you’re not,"
1534,You’ve got to go to London and set certain things moving.
1535,"You spoke as though you knew a good deal now, Miss Marple."
1536,"Yes, but if you make sure, that may be the last thing you do make sure of! We don’t want a third body. Yours."
1537,"Oh, I’m not expecting anything like that,"
1538,"There might be danger, you know, if any of your ideas are right. Have you suspicions of any one particular person?"
1539,One—two—three—four—
1540,What are you counting?
1541,"The people who left in the coach. Presumably you’re not interested in them, since you’ve let them go off and you’re staying here."
1542,Because you said Mr. Rafiel had sent you in the coach for a particular reason and sent you on this tour for a particular reason and sent you to The Old Manor House for a particular reason. Very well then. The death of Elizabeth Temple ties up with someone in the coach. Your remaining here ties up with The Old Manor House.
1543,"You’re not quite right,"
1544,There are connections between the two. I want someone to tell me things.
1545,Yes. We were fortunate enough to be able to get a very nice double room. Really a better one than the one we have had for the last two days.
1546,"You will miss your train,"
1547,"I wish,"
1548,that you—
1549,"I shall be quite all right,"
1550,"Such a kind man,"
1551,Perhaps you may like to come with us when we go to visit St. Martins in the Grove.
1552,"You’re very kind,"
1553,but I don’t think today I feel quite strong enough for expeditions. Perhaps tomorrow if there is anything interesting to see.
1554,"Oh, Miss Marple, we’ve only just heard, you know, that you didn’t go with the coach, after all. We thought you were going on with the tour. We had no idea you were staying on here. Both Clotilde and Lavinia sent me here to say we do so hope you will come back to The Old Manor House and stay with us. I’m sure it will be nicer for you to be there. There are so many people coming and going here always, especially over a weekend and things like that. So we’d be very, very glad—we really would—if you would come back to us."
1555,"Oh, that’s very kind of you,"
1556,"Really very kind, but I’m sure—I mean, you know it was just a two-day visit. I meant originally to go off with the coach. I mean, after the two days. If it hadn’t been for this very, very tragic accident but—well, I really felt I couldn’t go on any longer. I thought I must have at least, well at least one night’s rest."
1557,But I mean it would be so much better if you came to us. We’d try and make you comfortable.
1558,"Oh, there’s no question of that,"
1559,"I was extremely comfortable staying with you. Oh yes, I did enjoy it very much. Such a beautiful house. And all your things are so nice. You know, your china and glass and furniture. It’s such a pleasure to be in a home and not a hotel."
1560,"Well, shall I come and help you?"
1561,"That would be very kind,"
1562,"I think,"
1563,"that you know an Archdeacon Brabazon, do you not?"
1564,"Oh yes,"
1565,he was in church yesterday at the service. Do you know him?
1566,"Oh no,"
1567,"but he did come to the Golden Boar and he came and spoke to me there. I gather he had been to the hospital and was enquiring about poor Miss Temple’s death. He wondered if Miss Temple had sent any message to him. I gather she was thinking of paying him a visit. But of course I told him that although I did go there in case I could do anything there was nothing that could be done except sit by poor Miss Temple’s bed. She was unconscious, you know. I could have done nothing to help her."
1568,She didn’t say—say anything—any explanation of what had happened?
1569,Do you think it was an accident?
1570,Or do you think there is something in that story that Mrs. Riseley-Porter’s niece told? About seeing someone pushing a boulder.
1571,"Well, I suppose if those two said so, they must have seen it."
1572,"Yes. They both said so, didn’t they,"
1573,though not quite in the same terms. But perhaps that’s quite natural.
1574,You seem to be intrigued by that.
1575,"Well, it seems so very unlikely,"
1576,"an unlikely story, unless—"
1577,Unless what?
1578,"Well, I just wondered,"
1579,You just wondered what?
1580,But who—
1581,"It seems a very odd story that they told,"
1582,"There’s something about this place,"
1583,Something about this atmosphere. We never got over it here. Never. Never since—since Verity died. It’s years but it doesn’t go away. A shadow’s here.
1584,Don’t you think so too? Don’t you feel a shadow here?
1585,"Well, I’m a stranger,"
1586,"It’s different for you and your sisters who’ve lived here and who knew the dead girl. She was, I gather, as Archdeacon Brabazon was saying—a very charming and beautiful girl."
1587,Anthea! I do think she’s—
1588,"She’s getting worse,"
1589,"She’ll probably break a vase now,"
1590,"You are worried about your sister, about Anthea?"
1591,"Well yes, she’s always been rather unbalanced. She’s the youngest and she was rather delicate as a girl. But lately, I think, she’s got definitely worse. She hasn’t got any idea, I think, of the gravity of things. She has these silly fits of hysteria. Hysterical laughter at things one ought to be serious about. We don’t want to—well, to send her anywhere or—you know. She ought to have treatment, I think, but I don’t think she would like to go away from home. This is her home, after all. Though sometimes it’s—it’s very difficult."
1592,"All life is difficult sometimes,"
1593,"Lavinia talks of going away,"
1594,"She talks of going to live abroad again. At Taormina, I think. She was there with her husband a lot and they were very happy. She’s been at home with us now for many years, but she seems to have this longing to get away and to travel. Sometimes I think—sometimes I think she doesn’t like being in the same house as Anthea."
1595,"Oh dear,"
1596,"Yes, I have heard of cases like that where these difficulties do arise."
1597,"Oh no. There’s never been anything. She gets nervous fits of temper sometimes and she takes rather sudden dislikes to people. She’s very jealous, you know, over things. Very jealous of a lot of—well, fuss being made over different people. I don’t know. Sometimes I think we’d better sell this house and leave it altogether."
1598,"It is sad for you, isn’t it,"
1599,I think I can understand that it must be very sad for you living here with the memory of the past.
1600,"Yes. If only he’d never come here. It just happened that he was staying in this part of the world and his father suggested he might look us up and he came and had a meal with us. He could be very charming, you know. But he always had been a sad delinquent, a bad record. He’d been in prison twice, and a very bad history with girls. But I never thought that Verity … just a case of infatuation. I suppose it happens to girls of that age. She was infatuated with him. Insisted that everything that had happened to him had not been his fault. You know the things girls say. ‘Everyone is against him,’ that’s what they always say. Everyone’s against him. Nobody made allowances for him. Oh, one gets tired of hearing these things said. Can’t one put a little sense into girls?"
1601,"They have not usually very much sense, I agree,"
1602,"She wouldn’t listen. I—I tried to keep him away from the house. I told him he was not to come here any more. That of course was stupid. I realized that afterwards. It only meant that she went and met him outside the house. I don’t know where. They had various meeting places. He used to call for her in his car at an agreed spot and bring her home late at night. Once or twice he didn’t bring her home until the next day. I tried to tell them it must stop, that it must all cease, but they wouldn’t listen. Verity wouldn’t listen. I didn’t expect him to, of course."
1603,She intended to marry him?
1604,"Well, I don’t think it ever got as far as that. I don’t think he ever wanted to marry her or thought of such a thing."
1605,"I am very sorry for you,"
1606,You must have suffered a lot.
1607,"Yes. The worst was having to go and identify the body. That was some time after—after she’d disappeared from here. We thought of course that she’d run away with him and we thought that we’d get news of them some time. I knew the police seemed to be taking it rather seriously. They asked Michael to go to the police station and help them with enquiries and his account of himself didn’t seem to agree with what local people were saying.

“Then they found her. A long way from here. About thirty miles away. In a kind of ditchy hedgy spot down an unfrequented lane where anyone hardly ever went. Yes, I had to go and view the body in the mortuary. A terrible sight. The cruelty, the force that had been used. What did he want to do that to her for? Wasn’t it enough that he strangled her? He strangled her with her own scarf. I can’t—I can’t talk about it any more. I can’t bear it, I can’t bear it."
1608,"I’m sorry for you,"
1609,"I’m very, very sorry."
1610,I believe you are.
1611,"She was so queer at that time. She was—she was very jealous. She suddenly seemed to turn against Verity. To look at her as though she hated her. Sometimes I thought—I thought perhaps—oh no, it’s an awful thing to think, you can’t think that about your own sister—she did once attack someone. You know, she used to get these storms of rage. I wondered if it could have been—oh, I mustn’t say such things. There’s no question of any such thing. Please forget what I’ve said. There’s nothing in it, nothing at all. But—but—well, she’s not quite normal. I’ve got to face that. When she was quite young queer things happened once or twice—with animals. We had a parrot. A parrot that said things, silly things like parrots do say and she wrung its neck and I’ve never felt the same since. I’ve never felt that I could trust her. I’ve never felt sure. I’ve never felt—oh, goodness, I’m getting hysterical, too."
1612,"Come, come,"
1613,don’t think of these things.
1614,"No. It’s bad enough to know—to know that Verity died. Died in that horrible way. At any rate, other girls are safe from that boy. Life sentence he got. He’s still in prison. They won’t let him out to do anything to anyone else. Though why they couldn’t bring it in as some mental trouble—diminished responsibility—one of these things they use nowadays. He ought to have gone to Broadmoor. I’m sure he wasn’t responsible for anything that he did."
1615,"but surely you can’t think that—who on earth would want to roll a boulder down, do that sort of thing? I suppose there are always hooligans about. You know, some young foreigners or students. I really wonder, you know, whether—well—"
1616,"You mean,"
1617,you wondered if that someone was one of our fellow travellers.
1618,"Well, I—I didn’t say that,"
1619,"But surely,"
1620,"we can’t help—well, thinking about that sort of thing. I mean, there must be some explanation. If the police seem sure it wasn’t an accident, well then it must have been done by somebody and—well, I mean, Miss Temple was a stranger to this place here. It doesn’t seem as if anyone could have done it—anyone local I mean. So it really comes back to—well, I mean, to all of us who were in the coach, doesn’t it?"
1621,"Well, one does think of possibilities."
1622,"Oh, I don’t know. She might have gone peculiar or something."
1623,"I’m sure,"
1624,that Miss Marple has some ideas.
1625,"Well, I have some ideas,"
1626,"It seems to me that—well, the only people that could be … Oh dear, this is so difficult to say. But I mean there are two people who just spring into one’s mind as possibilities logically. I mean, I don’t think that it’s really so at all because I’m sure they’re both very nice people, but I mean there’s nobody else really logically who could be suspected, should I say."
1627,"Well, I suppose—one does hear of young people doing very extraordinary things nowadays,"
1628,"You know, putting things in horses’ eyes, smashing Legation windows and attacking people. Throwing stones, at people, and it’s usually being done by somebody young, isn’t it? And they were the only young people, weren’t they?"
1629,You mean Emlyn Price and Joanna might have rolled over that boulder?
1630,"Well, they’re the only sort of obvious people, aren’t they?"
1631,Fancy!
1632,"Oh, I should never have thought of that. But I see—yes, I just see that there could be something in what you say. Of course, I don’t know what those two were like. I haven’t been travelling with them."
1633,"Oh, they were very nice,"
1634,"Joanna seemed to me a particularly—you know, capable girl."
1635,Capable of doing anything?
1636,"Anthea,"
1637,do be quiet.
1638,"Yes. Quite capable,"
1639,"After all, if you’re going to do what may result in murder, you’d have to be rather capable so as to manage not to be seen or anything."
1640,"They must have been in it together, though,"
1641,"Oh yes,"
1642,"They were in it together and they told roughly the same story. They are the—well, they are the obvious suspects, that’s all I can say. They were out of sight of the others. All the other people were on the lower path. They could have gone up to the top of the hill, they could have rocked the boulder. Perhaps they didn’t mean to kill Miss Temple specially. They may have meant it just as a—well, just as a piece of anarchy or smashing something or someone—anyone in fact. They rolled it over. And then of course they told the story of seeing someone there. Some rather peculiar costume or other which also sounds very unlikely and—well, I oughtn’t to say these things but I have been thinking about it."
1643,"we must be going back to the Golden Boar now. Are you coming with us, Miss Marple?"
1644,"Oh no,"
1645,I suppose you don’t know. I’ve forgotten to tell you. Miss Bradbury-Scott very kindly asked me to come back and stay another night—or two nights—here.
1646,"It seems very funny of them,"
1647,to want to stay behind.
1648,"Oh, I don’t think so,"
1649,"I think it is really quite natural. They have a rather exact plan, I imagine."
1650,All I wonder is who wanted to murder her? I should think probably some pupil of hers at the school who always hated her and had it in for her.
1651,Do you think hate can last as long as that?
1652,"Oh, I should think so. I should think you could hate anyone for years."
1653,"No,"
1654,"I think hate would die out. You could try and keep it up artificially, but I think you would fail. It’s not as strong a force as love,"
1655,"Anyway, they were walking along the bottom path, weren’t they? You saw them there, didn’t you?"
1656,"I can’t say that I noticed them particularly,"
1657,"In fact, I had no opportunity of doing so."
1658,You mean—?
1659,"She wasn’t there,"
1660,"Oh, of course. I forgot."
1661,"A very nice, peaceful day it was,"
1662,"I enjoyed it very much. Tomorrow morning I would like to go out and look again at that mass of white flowers coming into bloom at the end of the garden near that raised up mound. It was just beginning to come out the other day. It must be a mass of bloom now. I shall always remember that as part of my visit here, you know."
1663,"Oh, do forgive me, Miss Marple, but really, do you know, I shouldn’t drink that if I were you. Coffee, I mean, at this time of night. You won’t sleep properly."
1664,"Oh, do you think so?"
1665,I am quite used to coffee in the evening.
1666,"Yes, but this is very strong, good coffee. I should advise you not to drink it."
1667,"I see what you mean,"
1668,"Perhaps you are right. You know something, I gather, about diet."
1669,"That was Verity,"
1670,"A beautiful face,"
1671,"Yes, a very beautiful and unusual face. Poor child."
1672,"It’s dreadful nowadays,"
1673,Oh dear!
1674,Was that my fault? Did I jog your arm?
1675,"No,"
1676,"it was my sleeve. It’s rather a floating sleeve. Perhaps you would like some hot milk, if you are afraid to take coffee?"
1677,"That would be very kind,"
1678,"A glass of hot milk when I go to bed would be very soothing indeed, and always gives one a good night."
1679,"I agree with Clotilde that those two don’t seem real, if you know what I mean,"
1680,"Yes,"
1681,"I do rather agree with you. They don’t seem very real. I have wondered about them a good deal. Wondered, I mean, why they came on this tour and if they were really enjoying it. And what was their reason for coming."
1682,And have you discovered the answers to all those things?
1683,"I think so,"
1684,"I’ve discovered the answers to a lot of things,"
1685,"Up to now I hope you’ve enjoyed yourself,"
1686,"I am glad to have left the tour now,"
1687,I don’t think I should have enjoyed much more of it.
1688,No. I can quite understand that.
1689,Is there anything else I can get you?
1690,Anything at all?
1691,"No, thank you,"
1692,"I have everything I want. I have my little night bag here, you see, so I need not do anymore unpacking. Thank you,"
1693,"Well, we couldn’t do much less, having had Mr. Rafiel’s letter. He was a very thoughtful man."
1694,"Yes,"
1695,"the kind of man who—well, thinks of everything. A good brain, I should think."
1696,I believe he was a very noted financier.
1697,"Financially and otherwise, he thought of a lot of things,"
1698,"Oh well, I shall be glad to get to bed. Good night, Miss Bradbury-Scott."
1699,"it’s you, Miss Bradbury-Scott. Is there anything special?"
1700,"I just came to see if you wanted anything,"
1701,You’re sure there is nothing I can bring you?
1702,"No, thank you,"
1703,"I’m afraid,"
1704,that I have not drunk my milk.
1705,"Oh dear, why not?"
1706,"I did not think it would be very good for me,"
1707,"Not wholesome, you know,"
1708,Just what do you mean by that?
1709,"I think you know what I mean,"
1710,I think you’ve known all the evening. Perhaps before that.
1711,I have no idea what you are talking about.
1712,"Don’t trouble yourself,"
1713,"Even if you brought it me, I should not drink it."
1714,"I really cannot understand the point of what you’re saying. Really,"
1715,is Nemesis.
1716,Nemesis? And what does that mean?
1717,"I think you know,"
1718,"You are a very well educated woman. Nemesis is long delayed sometimes, but it comes in the end."
1719,What are you talking about?
1720,"About a very beautiful girl whom you killed,"
1721,Whom I killed? What do you mean?
1722,I mean the girl Verity.
1723,And why should I kill her?
1724,"Because you loved her,"
1725,Of course I loved her. I was devoted to her. And she loved me.
1726,you seem to understand very well.
1727,"Yes, I do understand."
1728,What you say is quite true. I shan’t deny it. It doesn’t matter if I do or do not deny it.
1729,"No,"
1730,you are quite right there. It will not matter.
1731,Do you know at all—can you imagine—how I have suffered?
1732,"Yes,"
1733,I can imagine it. I’ve always been able to imagine things.
1734,"Did you imagine the agony, the agony of thinking, of knowing you are going to lose the thing you love best in the world. And I was losing it to a miserable, depraved delinquent. A man unworthy of my beautiful, splendid girl. I had to stop it. I had to—I had to."
1735,"Yes,"
1736,"Sooner than let the girl go, you killed her. Because you loved her, you killed her."
1737,"Do you think I could ever do a thing like that? Do you think I could strangle the girl I loved? Do you think I could bash her face in, crush her head to a pulp? Nothing but a vicious, depraved man would do a thing like that."
1738,"No,"
1739,you wouldn’t do that. You loved her and you would not be able to do that.
1740,You fool! You crazy old fool! Do you think you are ever going to get away to tell this story?
1741,"I think so,"
1742,"I’m not quite sure of it. You are a strong woman, a great deal stronger than I am."
1743,I’m glad you appreciate that.
1744,"And you wouldn’t have any scruples,"
1745,"You know one doesn’t stop at one murder. I have noticed that in the course of my life and in what I have observed of crime. You killed two girls, didn’t you? You killed the girl you loved and you killed a different girl."
1746,"I killed a silly little tramp, an adolescent tart. Nora Broad. How did you know about her?"
1747,"I wondered,"
1748,"I didn’t think from what I saw of you that you could have borne to strangle and disfigure the girl you loved. But another girl disappeared also about that time, a girl whose body has never been found. But I thought the body had been found, only they hadn’t known that the body was Nora Broad’s. It was dressed in Verity’s clothes, it was identified as Verity by the person who would be the first applied to, the person who knew her better than anyone else. You had to go and say if the body found was the body of Verity. You recognized it. You said that that dead body was Verity’s."
1749,"Strong enough to deal with you,"
1750,"I don’t think,"
1751,that you will be allowed to do that.
1752,"What do you mean, you miserable, shrivelled up old woman?"
1753,"Yes,"
1754,I’m an elderly pussy and I have very little strength in my arms or my legs. Very little strength anywhere. But I am in my own way an emissary of justice.
1755,And who’ll stop me from putting an end to you?
1756,"I think,"
1757,my guardian angel.
1758,"Trusting to your guardian angel, are you?"
1759,"Possibly two guardian angels,"
1760,Mr. Rafiel always did things on a lavish scale.
1761,"Two guardian angels,"
1762,Mr. Rafiel has done me very proud! as one used to say.
1763,that those two women were private agents accompanying you for your protection?
1764,"Not until the last evening,"
1765,"I wasn’t actually sure until then. Miss Cooke had come to St. Mary Mead and I found out fairly quickly that she was not what she represented herself to be, which was a woman knowledgeable in gardening who had come there to help a friend with her garden. So I was left with the choice of deciding what her real object had been, once she had acquainted herself with my appearance, which was obviously the only thing she could have come for. When I recognized her again, on the coach, I had to make up my mind if she was accompanying the tour in the rôle of guardianship, or whether those two women were enemies enlisted by what I might call the other side.

“I was only really sure that last evening when Miss Cooke prevented me, by very distinct words of warning, from drinking the cup of coffee that Clotilde Bradbury-Scott had just set down in front of me. She phrased it very cleverly, but the warning was clearly there. Later, when I was wishing those two good night, one of them took my hand in both of hers giving me a particularly friendly and affectionate handshake. And in doing so she passed something into my hand, which, when I examined it later, I found to be a high-powered whistle. I took it to bed with me, accepted the glass of milk which was urged upon me by my hostess, and wished her good night, being careful not to change my simple and friendly attitude."
1766,You didn’t drink the milk?
1767,"Of course not,"
1768,What do you take me for?
1769,"I beg your pardon,"
1770,It surprises me that you didn’t lock your door.
1771,"That would have been quite the wrong thing to do,"
1772,"I wanted Clotilde Bradbury-Scott to come in. I wanted to see what she would say or do. I thought it was almost certain that she would come in when sufficient time had elapsed, to make sure that I had drunk the milk, and was in an unconscious sleep from which presumably I would not have woken up again."
1773,"No. It was a complete surprise when she came out of that suddenly. I suppose,"
1774,I suppose she slipped in there just when I had gone down the passage to the—er—to the bathroom.
1775,"I thought they would be at hand somewhere after they’d given me the whistle. I do not think it was a difficult house to which to gain access, there were no shuttered windows or burglar alarms or anything of that kind. One of them came back on the pretext of having left a handbag and a scarf. Between them they probably managed to leave a window unfastened, and I should imagine they came back into the house almost as soon as they left it, while the inhabitants inside were going up to bed."
1776,"You took a big risk, Miss Marple."
1777,"I hoped for the best,"
1778,One cannot go through life without attracting certain risks if they are necessary.
1779,"Your tip about the parcel dispatched to that charity, by the way, was entirely successful. It contained a brand new brightly coloured man’s polo-necked jumper in scarlet and black checks. Most noticeable. What made you think of that?"
1780,"Well,"
1781,"that was really very simple. The description that Emlyn and Joanna gave of the figure they had seen made it seem almost certain that these very bright coloured and noticeable clothes were meant to be noticed, and that therefore it would be very important that they should not be hidden locally or kept among the person’s own belongings. They must be got out of the way as soon as could be. And really there is only one way successfully of disposing of something. That is through the general post. Anything in the nature of clothes can be very easily dispatched to charities. Think how pleased the people who collect winter garments for Unemployed Mothers, or whatever the name of the charity, would be to find a nearly brand new woollen jumper. All I had to do was to find out the address where it had been sent."
1782,"Not directly, of course. I mean, I had to be a little flustered and explain how I’d put the wrong address on some clothes that I was sending to a charity and could they by any chance tell me if the parcel one of my kind hostesses had brought up there, had been sent off. And a very nice woman there did her best and remembered that it was not the address I was hoping it had been sent to, and she gave me the address that she had noted. She had no suspicion, I think, that I had any wish for the information apart from being—well, rather muddleheaded, elderly, and very worried about where my parcel of worn clothes had gone."
1783,"Ah,"
1784,When did you first begin to discover what had happened ten years ago?
1785,"To begin with,"
1786,"I found things very difficult, almost impossible. In my mind I was blaming Mr. Rafiel for not having made things clear to me. But I see now that he’d been very wise not to do so. Really, you know, he was extraordinary clever. I can see why he was such a big financier and made so much money so easily. He laid his plans so well. He gave me just enough information in small packets each time. I was, as it were, directed. First my guardian angels were alerted to note what I looked like. Then I was directed on the tour and to the people on it."
1787,"Ah, you have remembered that. No, I did not think there was any definite atmosphere of evil. I was not told who my contact was there, but she made herself known to me."
1788,Elizabeth Temple?
1789,"Yes. It was like a searchlight,"
1790,"illuminating things on a dark night. So far, you see, I had been in the dark. There were certain things that must be, must logically be, I mean, because of what Mr. Rafiel had indicated. There must be somewhere a victim and somewhere a murderer. Yes, a killer was indicated because that was the only liaison that had existed between Mr. Rafiel and myself. There had been a murder in the West Indies. Both he and I had been involved in it and all he knew of me was my connection with that. So it could not be any other type of crime. And it could not, either, be a casual crime. It must be, and show itself definitely to be, the handiwork of someone who had accepted evil. Evil instead of good. There seemed to be two victims indicated. There must be someone who had been killed and there must be clearly a victim of injustice. A victim who had been accused of a crime he or she had not committed. So now, while I pondered these things, I had no light upon them until I talked to Miss Temple. She was very intense, very compelling. There came the first link which I had with Mr. Rafiel. She spoke of a girl she had known, a girl who had once been engaged to Mr. Rafiel’s son. Here then was my first ray of light. Presently she also told me that the girl had not married him. I asked why not and she said ‘because she died.’ I asked then how she died, what had killed her, and she said very strongly, very compellingly—I can hear her voice still, it was like the sound of a deep bell—she said Love. And she said after that ‘the most frightening word there can be is Love.’ I did not know then exactly what she meant. In fact the first idea that came to me was that the girl had committed suicide as a result of an unhappy love affair. It can happen often enough, and a very sad tragedy it is when it does happen. That was the most I knew then. That and the fact that the journey she herself was engaged upon was no mere pleasure tour. She was going, she told me, on a pilgrimage. She was going to some place or to some person. I did not learn then who the person was, that only came later."
1791,"Yes. I had no idea then of his existence. But from then on I felt that the chief characters—the chief actors—in the drama, whichever way you like to put it, were not on the tour. They were not members of the coach party. I hesitated just for a short time, hesitated over some particular persons. I hesitated, considering Joanna Crawford and Emlyn Price."
1792,Why fix on them?
1793,"Because of their youth,"
1794,"Because youth is so often associated with suicide, with violence, with intense jealousy and tragic love. A man kills his girl—it happens. Yes, my mind went to them but it did not seem to me there was any association there. No shadow of evil, of despair, of misery. I used the idea of them later as a kind of false pointer when we were drinking sherry at The Old Manor House that last evening. I pointed out how they could be the most easy suspects in the death of Elizabeth Temple. When I see them again,"
1795,I shall apologize to them for having used them as useful characters to distract attention from my real ideas.
1796,And the next thing was the death of Elizabeth Temple?
1797,"No,"
1798,"Actually the next thing was my arrival at The Old Manor House. The kindness of my reception and taking up my stay there under their hospitable roof. That again had been arranged by Mr. Rafiel. So I knew that I must go there, but not for what reason I was to go there. It might be merely a place where more information would come to me to lead me onwards in my quest. I am sorry,"
1799,I am talking at much too great a length. I really must not inflict on you all that I thought and….
1800,You may not know it but what you are telling me is particularly interesting to me. It ties up with so much I have known and seen in the work I do. Go on giving me what you felt.
1801,"Yes, go on,"
1802,"It was feeling,"
1803,"It wasn’t really, you know, logical deduction. It was based on a kind of emotional reaction or susceptibility to—well, I can only call it atmosphere."
1804,"Yes, it sounds rather silly, does it not, said like that? But I could see her that way, playing that part, that is to say. Very unfortunately, she had no husband. She had never had a husband, and therefore did not kill a husband. Then I considered my guide to the house. Lavinia Glynne. She seemed an extremely nice, wholesome and pleasant woman. But alas, certain people who have killed have produced much that effect on the world round them. They have been charming people. Many murderers have been delightful and pleasant men and people have been astonished. They are what I call the respectable killers. The ones who would commit murder from entirely utilitarian motives. Without emotion, but to gain a required end. I didn’t think it was very likely and I should be highly surprised if it was so, but I could not leave out Mrs. Glynne. She had had a husband. She was a widow and had been a widow for some years. It could be. I left it at that. And then I came to the third sister. Anthea. She was a disquieting personality. Badly coordinated, it seemed to me, scatterbrained, and in a condition of some emotion which I thought on the whole was fear. She was frightened of something. Intensely frightened of something. Well, that could fit in too. If she had committed a crime of some kind, a crime which she had thought was finished with and past, there might have been some recrudescence, some raising up of old problems, something perhaps connected with the Elizabeth Temple enquiries; she might have felt fear that an old crime would be revived or discovered. She had a curious way of looking at you, and then looking sharply from side to side over one shoulder as though she saw something standing behind her. Something that made her afraid. So she too was a possible answer. A possibly slightly mentally unhinged killer who could have killed because she considered herself persecuted. Because she was afraid. These were only ideas. They were only a rather more pronounced assessment of possibilities that I had already gone through on the coach. But the atmosphere of the house was on me more than ever. The next day I walked in the garden with Anthea. At the end of the principal grass path was a mound. A mound created by the falling down of a former greenhouse. Owing to a lack of repairs and of gardeners at the end of the war it had fallen into disuse, come to pieces, bricks had been piled up surmounted with earth and turf, and had been planted with a certain creeper. A creeper well known when you want to hide or cover some rather ugly pieces of building in your garden. Polygonum it is called. One of the quickest flowering shrubs which swallows and kills and dries up and gets rid of everything it grows over. It grows over everything. It is in a way a rather frightening plant. It has beautiful white flowers, it can look very lovely. It was not yet in bloom but it was going to be. I stood there with Anthea, and she seemed to be desperately unhappy over the loss of the greenhouse. She said it had had such lovely grapes, it seemed to be the thing she remembered most about the garden when she had been a child there. And she wanted, she wanted desperately to have enough money so as to dig up the mound, level the ground and rebuild the greenhouse and stock it with muscat grapes and peaches as the old greenhouse had been. It was a terrible nostalgia for the past she was feeling. It was more than that. Again, very clearly, I felt an atmosphere of fear. Something about the mound made her frightened. I couldn’t then think what it was. You know the next thing that happened. It was Elizabeth Temple’s death and there was no doubt from the story told by Emlyn Price and Joanna Crawford that there could be only one conclusion. It was not accident. It was deliberate murder.

“I think it was from then on,"
1805,"that I knew. I came to the conclusion there had been three killings. I heard the full story of Mr. Rafiel’s son, the delinquent boy, the exjailbird and I thought that he was all those things, but none of them showed him as being a killer or likely to be a killer. All the evidence was against him. There was no doubt in anyone’s mind that he had killed the girl whose name I had now learned as being Verity Hunt. But Archdeacon Brabazon put the final crown on the business, as it were. He had known those two young people. They had come to him with their story of wanting to get married and he had taken it upon himself to decide that they should get married. He thought that it was not perhaps a wise marriage, but it was a marriage that was justified by the fact that they both loved each other. The girl loved the boy with what he called a true love. A love as true as her name. And he thought that the boy, for all his bad sexual reputation, had truly loved the girl and had every intention of being faithful to her and trying to reform some of his evil tendencies. The Archdeacon was not optimistic. He did not, I think, believe it would be a thoroughly happy marriage, but it was to his mind what he called a necessary marriage. Necessary because if you love enough you will pay the price, even if the price is disappointment and a certain amount of unhappiness. But one thing I was quite sure of. That disfigured face, that battered-in head could not have been the action of a boy who really loved the girl. This was not a story of sexual assault. I was ready to take the Archdeacon’s word for that. But I knew, too, that I’d got the right clue, the clue that was given me by Elizabeth Temple. She had said that the cause of Verity’s death was Love—one of the most frightening words there is.

“It was quite clear then,"
1806,"I think I’d known for some time really. It was just the small things that hadn’t fitted in, but now they did. They fitted in with what Elizabeth Temple had said. The cause of Verity’s death. She had said first the one word ‘Love’ and then that ‘Love could be the most frightening word there was.’ It was all mapped out so plainly then. The overwhelming love that Clotilde had had for this girl. The girl’s hero worship of her, dependency on her, and then as she grew a little older, her normal instincts came into play. She wanted Love. She wanted to be free to love, to marry, to have children. And along came the boy that she could love. She knew that he was unreliable, she knew he was what was technically called a bad lot, but that,"
1807,"is not what puts any girl off a boy. No. Young women like bad lots. They always have. They fall in love with bad lots. They are quite sure they can change them. And the nice, kind, steady, reliable husbands got the answer, in my young days, that one would be ‘a sister to them,’ which never satisfied them at all. Verity fell in love with Michael Rafiel, and Michael Rafiel was prepared to turn over a new leaf and marry this girl and was sure he would never wish to look at another girl again. I don’t say this would have been a happy-ever-after thing, but it was, as the Archdeacon said quite surely, it was real love. And so they planned to get married. And I think Verity wrote to Elizabeth and told her that she was going to marry Michael Rafiel. It was arranged in secret because I think Verity did realize that what she was doing was essentially an escape. She was escaping from a life that she didn’t want to live any longer, from someone whom she loved very much but not in the way she loved Michael. And she would not be allowed to do so. Permission would not be willingly given, every obstacle would be put in their way. So, like other young people, they were going to elope. There was no need for them to fly off to Gretna Green, they were of sufficiently mature age to marry. So she appealed to Archdeacon Brabazon, her old friend who had confirmed her—who was a real friend. And the wedding was arranged, the day, the time, probably even she bought secretly some garment in which to be married. They were to meet somewhere, no doubt. They were to come to the rendezvous separately. I think he came there, but she did not come. He waited perhaps. Waited and then tried to find out, perhaps, why she didn’t come. I think then a message may have been given him, even a letter sent him, possibly in her forged handwriting, saying she had changed her mind. It was all over and she was going away for a time to get over it. I don’t know. But I don’t think he ever dreamt of the real reason of why she hadn’t come, of why she had sent no word. He hadn’t thought for one moment that she had been deliberately, cruelly, almost madly perhaps, destroyed. Clotilde was not going to lose the person she loved. She was not going to let her escape, she was not going to let her go to the young man whom she herself hated and loathed. She would keep Verity, keep her in her own way. But what I could not believe was—I did not believe that she’d strangled the girl and had then disfigured her face. I don’t think she could have borne to do that. I think that she had rearranged the bricks of the fallen greenhouse and piled up earth and turf over most of it. The girl had already been given a drink, an overdose of sleeping draught probably. Grecian, as it were, in tradition. One cup of hemlock—even if it wasn’t hemlock. And she buried the girl there in the garden, piled the bricks over her and the earth and the turf—"
1808,"Mrs. Glynne was not there then. Her husband had not died and she was still abroad. But Anthea was there. I think Anthea did know something of what went on. I don’t know that she suspected death at first, but she knew that Clotilde had been occupying herself with the raising up of a mound at the end of the garden to be covered with flowering shrubs, to be a place of beauty. I think perhaps the truth came to her little by little. And then Clotilde, having accepted evil, done evil, surrendered to evil, had no qualms about what she would do next. I think she enjoyed planning it. She had a certain amount of influence over a sly, sexy little village girl who came to her cadging for benefits now and then. I think it was easy for her to arrange one day to take the girl on a picnic or an expedition a good long way away. Thirty or forty miles. She’d chosen the place beforehand, I think. She strangled the girl, disfigured her, hid her under turned earth, leaves and branches. Why should anyone ever suspect her of doing any such thing? She put Verity’s handbag there and a little chain Verity used to wear round her neck and possibly dressed her in clothes belonging to Verity. She hoped the crime would not be found out for some time but in the meantime she spread abroad rumours of Nora Broad having been seen about in Michael’s car, going about with Michael. Possibly she spread a story that Verity had broken off the engagement to be married because of his infidelity with this girl. She may have said anything and I think everything she said she enjoyed, poor lost soul."
1809,"Why do you say ‘poor lost soul,’ Miss Marple?"
1810,"Because,"
1811,"I don’t suppose there can be any agony so great as what Clotilde has suffered all this time—ten years now—living in eternal sorrow. Living, you see, with the thing she had to live with. She had kept Verity, kept her there at The Old Manor House, in the garden, kept her there for ever. She didn’t realize at first what that meant. Her passionate longing for the girl to be alive again. I don’t think she ever suffered from remorse. I don’t think she had even that consolation. She just suffered—went on suffering year after year. And I know now what Elizabeth Temple meant. Better perhaps than she herself did. Love is a very terrible thing. It is alive to evil, it can be one of the most evil things there can be. And she had to live with that day after day, year after year. I think, you know, that Anthea was frightened of that. I think she knew more clearly the whole time what Clotilde had done and she thought that Clotilde knew that she knew. And she was afraid of what Clotilde might do. Clotilde gave that parcel to Anthea to post, the one with the pullover. She said things to me about Anthea, that she was mentally disturbed, that if she suffered from persecution or jealousy Anthea might do anything. I think—yes—that in the not so distant future—something might have happened to Anthea—an arranged suicide because of a guilty conscience—"
1812,Malignant evil is like cancer—a malignant tumour. It brings suffering.
1813,"Of course,"
1814,"I suppose you have been told what happened that night,"
1815,You sound sorrier for her than you were for the girl who died.
1816,"No,"
1817,"it’s a different kind of being sorry. I’m sorry for Verity because of all that she missed, all that she was so near to obtaining. A life of love and devotion and service to the man she had chosen, and whom she truly loved. Truly and in all verity. She missed all that and nothing can give that back to her. I’m sorry for her because of what she didn’t have. But she escaped what Clotilde had to suffer. Sorrow, misery, fear and a growing cultivation and imbibing of evil. Clotilde had to live with all those. Sorrow, frustrated love which she could never get back, she had to live with the two sisters who suspected, who were afraid of her, and she had to live with the girl she had kept there."
1818,"That old lady gives me the creeps,"
1819,"So gentle—and so ruthless,"
1820,"Michael,"
1821,"It will take a little getting used to, I expect,"
1822,"It’s been very kind of you, I’m sure, to take so much trouble."
1823,"I’ve enjoyed it,"
1824,"Well, I’m glad to have met you. Good-bye. I hope you’ve got a very good time coming to you. Our country is in rather a bad way just now, but you’ll probably find some job or other that you might quite enjoy doing."
1825,"It’s not me you ought to be grateful to,"
1826,you ought to be grateful to your father.
1827,Dad? Dad never thought much of me.
1828,"No, you are right, I do not want it. All that life is gone—she’s gone—I can’t keep her with me. Anything I do now has got to be new—going forward. You—"
1829,You understand?
1830,"Yes,"
1831,I understand—I think you are right. I wish you good luck in the life you are now going to begin.
1832,not an enthusiastic young man. He could have thanked you a bit more enthusiastically for what you did for him.
1833,"Oh, that’s quite all right,"
1834,"I didn’t expect him to do so. It would have embarrassed him even more. It is, you know,"
1835,"Well, perhaps he’ll go straight this time."
1836,"One rather doubts that,"
1837,"I don’t know that he’d be able to help himself unless—of course,"
1838,"Yes, I didn’t know that."
1839,"Very best wishes. Splendid job,"
1840,"Oh I know. Yes, we’ve heard already. We’ve heard from Professor Wanstead and from the legal department and from the police authorities. Yes, it’s been a splendid job, Miss Marple. We congratulate you."
1841,"I was afraid,"
1842,"that I would not be able to do what was required of me. It seemed so very difficult, almost impossible at first."
1843,"Yes indeed. It seems quite impossible to me. I don’t know how you did it, Miss Marple."
1844,"Oh well,"
1845,"it’s just perseverance, isn’t it, that leads to things."
1846,Now about the sum of money we are holding. It’s at your disposal at any time now. I don’t know whether you would like us to pay it into your bank or whether you would like to consult us possibly as to the investment of it? It’s quite a large sum.
1847,"Twenty thousand pounds,"
1848,"Yes, it is a very large sum by my way of thinking. Quite extraordinary,"
1849,But surely it would be—
1850,"There’s no point in saving at my age,"
1851,I mean the point of this money—I’m sure Mr. Rafiel meant it that way—is to enjoy a few things that one thought one never would have the money to enjoy.
1852,Then your instructions would be that we pay this sum of money into your bank?
1853,"Middleton’s Bank, 132 High Street, St. Mary Mead,"
1854,"You have a deposit account, I expect. We will place it to your deposit account?"
1855,"Certainly not,"
1856,Put it into my current account.
1857,You don’t think—
1858,"I do think,"
1859,I want it in my current account.
1860,"The only thing I shall want for a rainy day will be my umbrella,"
1861,"Thank you so much, Mr. Broadribb. And you too, Mr. Schuster. You’ve been so kind to me, giving me all the information I needed."
1862,You really want that money put into your current account?
1863,"Yes,"
1864,"I’m going to spend it, you know. I’m going to have some fun with it."
1865,"Mr. Rafiel would have liked me to have fun,"
1866,"Nemesis,"
1867,"That’s what Rafiel called her. Nemesis. Never seen anybody less like Nemesis, have you?"
1868,"For five years,"
1869,"I have lived in Hell. I hope, at least, that I may expiate my crime by dying honourably."
1870,"You see the point? The pen was filled with what is commonly known as Evanescent Ink—a solution of starch in water to which a few drops of iodine has been added. This makes a deep blue-black fluid, but the writing disappears entirely in four or five days."
1871,"I think he said pile. But there, I really can’t be sure—it’s so hard to remember the actual words, isn’t it, Miss, especially when they don’t seem to make sense. But now I come to think of it, I am pretty sure that it was a pile, and the fish began with C; but it wasn’t a cod or a crayfish."
1872,"I got even with Geoffrey. I was too clever for Geoffrey. He was going to put me away, was he? Have me shut up in an asylum? I heard them talking about it. Mabel is a good girl—Mabel stuck up for me, but I knew she wouldn’t be able to stand up against Geoffrey. In the end he would have his own way; he always did. But I settled him—I settled my kind, loving son! Ha, ha! I crept down in the night. It was quite easy. Brewster was away. My dear son was asleep; he had a glass of water by the side of his bed; he always woke up in the middle of the night and drank it off. I poured it away—ha, ha!—and I emptied the bottle of eyedrops into the glass. He would wake up and swill it down before he knew what it was. There was only a tablespoonful of it—quite enough, quite enough. And so he did! They came to me in the morning and broke it to me very gently. They were afraid it would upset me. Ha! Ha! Ha! Ha! Ha!"
1873,"I await your favours,"
1874,Yes.
1875,"I understand, Madam, that you were present when the body of the deceased was found?"
1876,having the come hither in your eye
1877,"This is Miss Helier,"
1878,"Mrs. Price Ridley, Miss Wetherby, Miss Hartnell, and that terrible Miss Marple."
1879,"She has, at least, a sense of humour."
1880,"She’s the worst cat in the village,"
1881,"Be a secretary to an unmarried man,"
1882,"Oh! my dear,"
1883,I think married ones are the worst. Remember poor Mollie Carter.
1884,that Miss Cram may just like having an interesting job? And that she considers Dr. Stone just as an employer?
1885,you are very young. The young have such innocent minds.
1886,"Naturally,"
1887,you think the best of everyone.
1888,Do you really think she wants to marry that baldheaded dull man?
1889,"I understand he is quite well off,"
1890,"Rather a violent temper, I’m afraid. He had quite a serious quarrel with Colonel Protheroe the other day."
1891,"Very like Colonel Protheroe, but I don’t know about it being absurd,"
1892,"You remember the woman who came down here and said she represented Welfare, and after taking subscriptions she was never heard of again and proved to having nothing whatever to do with Welfare. One is so inclined to be trusting and take people at their own valuation."
1893,"There’s been some fuss about that young artist, Mr. Redding, hasn’t there?"
1894,Colonel Protheroe turned him out of the house. It appears he was painting Lettice in her bathing dress.
1895,"He’s painting me too,"
1896,"But not in your bathing dress, dear,"
1897,"It might be worse,"
1898,"Naughty girl,"
1899,Did dear Lettice tell you of the trouble?
1900,Tell me?
1901,Yes. I saw her pass through the garden and go round to the study window.
1902,"She mentioned it, yes,"
1903,"Mr. Hawes looked worried,"
1904,I hope he hasn’t been working too hard.
1905,Oh!
1906,"Her husband was a missionary. Terrible story. He was eaten, you know. Actually eaten. And she was forced to become the chief’s head wife. Dr. Haydock was with an expedition and rescued her."
1907,Naughty girl!
1908,"I wonder if there is anything between young Lawrence Redding and Lettice Protheroe,"
1909,"It certainly looks like it. What do you think, Miss Marple?"
1910,But Colonel Protheroe must have thought….
1911,"He has always struck me as rather a stupid man,"
1912,The kind of man who gets the wrong idea into his head and is obstinate about it. Do you remember Joe Bucknell who used to keep the Blue Boar? Such a to-do about his daughter carrying on with young Bailey. And all the time it was that minx of a wife of his.
1913,"that we’re all inclined to let our tongues run away with us too much. Charity thinketh no evil, you know. Inestimable harm may be done by foolish wagging of tongues in ill-natured gossip."
1914,"Dear Vicar,"
1915,"You are so unworldly. I’m afraid that observing human nature for as long as I have done, one gets not to expect very much from it. I dare say the idle tittle-tattle is very wrong and unkind, but it is so often true, isn’t it?"
1916,"How very peculiar. One would think she would be certain to mention something casually. It almost looks, doesn’t it, as though she had a reason for not speaking?"
1917,I really don’t see that.
1918,Mr. Dennis is not with you this morning?
1919,"Dennis,"
1920,"fancies himself as an amateur detective. He is very excited about a footprint he found in one of the flower beds, and I fancy has gone off to tell the police about it."
1921,"Dear, dear,"
1922,"Such a to-do, is it not? And Mr. Dennis thinks he knows who committed the crime. Well, I suppose we all think we know."
1923,"I suppose, since the arrest, it isn’t necessary,"
1924,"I can’t believe it even now. No, not though he has actually confessed."
1925,Confessed?
1926,"You say he has confessed? Oh! dear, I see I have been sadly at sea—yes, sadly at sea."
1927,"He gave himself up, you say?"
1928,Yes.
1929,Oh!
1930,I am so glad—so very glad.
1931,"It shows a true state of remorse, I suppose,"
1932,"Oh, but surely, dear, dear Vicar, you don’t think that he is guilty?"
1933,"I may be dense, but I can’t see that it does. If you have not committed a murder, I cannot see the object of pretending you have."
1934,"Oh, of course, there’s a reason!"
1935,"Naturally. There’s always a reason, isn’t there? And young men are so hot-headed and often prone to believe the worst."
1936,It’s difficult to know what to think. I can’t see any reason for Lawrence behaving like a perfect idiot.
1937,If you had seen his face last night—
1938,"Tell me,"
1939,"Very curious,"
1940,Very curious indeed. But the note seems to me even more curious still. I mean—
1941,Shall I clear?
1942,"Not yet,"
1943,"Anyway, there wouldn’t have been time for a quarrel,"
1944,"To creep up, shoot him, alter the clock hands back to 6:20, and leave again would have taken him all his time. I shall never forget his face when I met him outside the gate, or the way he said, ‘You want to see Protheroe—oh, you’ll see him all right!’ That in itself ought to have made me suspicious of what had just taken place a few minutes before."
1945,I don’t want to give a member of your flock hysterics. So lend the weight of your soothing presence.
1946,"Got to do my duty, you know."
1947,"Of course, of course,"
1948,I quite understand. Won’t you sit down? And might I offer you a little glass of cherry brandy? My own making. A recipe of my grandmother’s.
1949,"I see. And—you didn’t hear a shot, Miss Marple?"
1950,"I didn’t hear a shot then,"
1951,But you did hear one sometime?
1952,"Yes, I think there was a shot somewhere in the woods. But quite five or ten minutes afterwards—and, as I say, out in the woods. At least, I think so. It couldn’t have been—surely it couldn’t have been—"
1953,"Yes, she went inside and waited. Presently Mr. Redding came along the lane from the village. He came to the Vicarage gate, looked all round—"
1954,"And saw you, Miss Marple."
1955,"As a matter of fact, he didn’t see me,"
1956,"Because, you see, just at that minute I was bending right over—trying to get up one of those nasty dandelions, you know. So difficult. And then he went through the gate and down to the studio."
1957,Perhaps she was sitting for him?
1958,"Perhaps,"
1959,And they came out—when?
1960,About ten minutes later.
1961,That was roughly?
1962,"You must have very good eyesight, Miss Marple, if you can observe as far as that."
1963,"I was observing a bird,"
1964,"A golden crested wren, I think he was. A sweet little fellow. I had my glasses out, and that’s how I happened to see Miss Cram (if it was Miss Cram, and I think so), join them."
1965,"Now, since you seem very good at observing, did you happen to notice, Miss Marple, what sort of expression Mrs. Protheroe and Mr. Redding had as they passed along the lane?"
1966,"They were smiling and talking,"
1967,"They seemed very happy to be together, if you know what I mean."
1968,Has Mrs. Protheroe been saying that she committed the crime now?
1969,"Upon my soul,"
1970,"how did you come to guess that, Miss Marple?"
1971,"Well, I rather thought it might happen,"
1972,"I think dear Lettice thought so, too. She’s really a very sharp girl. Not always very scrupulous, I’m afraid. So Anne Protheroe says she killed her husband. Well, well. I don’t think it’s true. No, I’m almost sure it isn’t true. Not with a woman like Anne Protheroe. Although one never can be quite sure about anyone, can one? At least that’s what I’ve found. When does she say she shot him?"
1973,Where did she find it?
1974,She brought it with her.
1975,"Well, that she didn’t do,"
1976,I can swear to that. She’d no such thing with her.
1977,"You must admit that it all fits in,"
1978,"It’s all very well, but they are the only two people who had a motive for making away with Protheroe."
1979,"Oh, I wouldn’t say that, Colonel Melchett,"
1980,"Why, can you think of anyone else?"
1981,"Oh! yes, indeed. Why,"
1982,Seven people? In St. Mary Mead?
1983,"That wouldn’t be right. But I’m afraid there’s a lot of wickedness in the world. A nice honourable upright soldier like you doesn’t know about these things, Colonel Melchett."
1984,I really believe that wizened-up old maid thinks she knows everything there is to know. And hardly been out of this village all her life. Preposterous. What can she know of life?
1985,"I suppose there’s no doubt about what she says, eh?"
1986,"If Miss Marple says she had no pistol with her, you can take it for granted that it is so,"
1987,"We’ve been discussing all sorts of possibilities,"
1988,"I wish you’d solve the case, Miss Marple, like you did the time Miss Wetherby’s gill of picked shrimps disappeared. And all because it reminded you of something quite different about a sack of coals."
1989,"You’re laughing, my dear,"
1990,"but after all, that is a very sound way of arriving at the truth. It’s really what people call intuition and make such a fuss about. Intuition is like reading a word without having to spell it out. A child can’t do that because it has had so little experience. But a grown-up person knows the word because they’ve seen it often before. You catch my meaning, Vicar?"
1991,"Indeed I can’t. There is Lettice Protheroe, I suppose, since she probably comes into money on her father’s death. But it is absurd to think of her in such a connection, and outside her I can think of nobody."
1992,"And you, my dear?"
1993,"Don’t look at me as though I were an interesting specimen you didn’t understand, Len. Don’t let’s get heated and wander from the point. I don’t believe that it was Lawrence or Anne, and Lettice is out of the question. There must be some clue or other that would help us."
1994,"There is the note, of course,"
1995,You will remember my saying this morning that that struck me as exceedingly peculiar.
1996,"I remember comparing it with my watch. Still, as you say, that has no bearing on the present matter."
1997,"My dear, I confess I wasn’t thinking about it from that point of view at all. What strikes me as so curious, and has done from the first, is the subject matter of that letter."
1998,Colonel Protheroe merely wrote that he couldn’t wait any longer—
1999,At twenty minutes past six?
2000,"Your maid, Mary, had already told him that you wouldn’t be in till half past six at the earliest, and he appeared to be quite willing to wait until then. And yet at twenty past six he sits down and says he ‘can’t wait any longer.’"
2001,"If only,"
2002,the letter hadn’t been dated—
2003,"Exactly,"
2004,If it hadn’t been dated!
2005,He’d hear the door and look up.
2006,"Colonel Protheroe was rather deaf, you remember,"
2007,"Yes, that’s true. He wouldn’t hear it. Whichever way the murderer came, he stole up behind the Colonel and shot him. Then he saw the note and the clock and the idea came to him. He put 6:20 at the top of the letter and he altered the clock to 6:22. It was a clever idea. It gave him, or so he would think, a perfect alibi."
2008,"I believe the old lady’s right. Look here, sir, don’t you see?—these figures are written in different ink. That date was written with a fountain pen or I’ll eat my boots!"
2009,"I know how to manage them,"
2010,We must see if she can fix the time at all precisely. Of course it may be a stray shot that had nothing to do with the case.
2011,"If you ask me, I say ‘blackmail.’ Seems funny, when you think of what Colonel Protheroe was always supposed to be. But there, you never can tell. He wouldn’t be the first churchwarden who’d led a double life."
2012,You really think that’s likely?
2013,"Oh, yes, quite a number of people. Dr. Stone and Miss Cram went that way—it’s the nearest way to the barrow for them. That was a little after two o’clock. And Dr. Stone returned that way—as you know, Mr. Redding, since he joined you and Mrs. Protheroe."
2014,"By the way,"
2015,I believe I did hear some shots. Weren’t there one or two shots?
2016,"I only heard one,"
2017,"It’s only the vaguest impression in my mind,"
2018,"Curse it all, I wish I could remember. If only I’d known. You see, I was so completely taken up with—with—"
2019,Not that there has ever been the slightest reason why he should be suspected of shooting poor old Protheroe.
2020,Ah!
2021,"But I always find it prudent to suspect everybody just a little. What I say is, you really never know, do you?"
2022,"I really can’t say. You see, it was such an ordinary sound. I should be inclined to think it had been fired when we were in the studio. The sound would have been deadened and—one would have noticed it less there."
2023,"She may remember. By the way, there seems to me to be one curious fact that needs explanation. Mrs. Lestrange, the Mystery Lady of St. Mary Mead, paid a visit to old Protheroe after dinner on Wednesday night. And nobody seems to have any idea what it was all about. Old Protheroe said nothing to either his wife or Lettice."
2024,"Perhaps the Vicar knows,"
2025,What does Inspector Slack think?
2026,He’s done his best to bully the butler—but apparently the butler wasn’t curious enough to listen at the door. So there it is—no one knows.
2027,"I expect someone overheard something, though, don’t you?"
2028,"I mean, somebody always does. I think that is where Mr. Redding may find out something."
2029,But Mrs. Protheroe knows nothing.
2030,"I didn’t mean Anne Protheroe,"
2031,"I meant the women servants. They do so hate telling anything to the police. But a nice looking young man—you’ll excuse me, Mr. Redding—and one who has been unjustly suspected—oh! I’m sure they’d tell him at once."
2032,"I’ll go and have a try this evening,"
2033,That’s the point of the telephone call. Kind of alibi. Knew we’d connect it with the first one. I’m going to look into this. She may have bribed some village lad to do the phoning for her. He’d never think of connecting it with the murder.
2034,She sent over a very incoherent note—all spidery and underlined. I couldn’t read most of it. Apparently she can’t leave home herself. Hurry up and go across and see her and find out what it is. I’ve got my old women coming in two minutes or I’d come myself. I do hate old women—they tell you about their bad legs and sometimes insist on showing them to you. What luck that the inquest is this afternoon! You won’t have to go and watch the Boys’ Club Cricket Match.
2035,"Oh! No, thank you,"
2036,"It’s very kind of you,"
2037,"There was—er—something you wanted to see me about, I think,"
2038,"I thought you would like to hear about it, though at the moment it doesn’t seem to make sense. I felt very wakeful last night—wondering about all this sad business. And I got up and looked out of my window. And what do you think I saw?"
2039,"Gladys Cram,"
2040,"As I live, going into the wood with a suitcase."
2041,"Isn’t it extraordinary? What should she want with a suitcase in the wood at twelve o’clock at night?

“You see,"
2042,I dare say it has nothing to do with the murder. But it is a Peculiar Thing. And just at present we all feel we must take notice of Peculiar Things.
2043,Was she going to—er—sleep in the barrow by any chance?
2044,"She didn’t, at any rate,"
2045,"Because quite a short time afterwards she came back, and she hadn’t got the suitcase with her."
2046,"That is really not a very good simile, dear Raymond,"
2047,"Nothing, I believe, is so full of life under the microscope as a drop of water from a stagnant pool."
2048,"It’s all much the same kind, really, isn’t it?"
2049,"You compare yourself to a denizen of a stagnant pond, Aunt Jane?"
2050,"Life is, after all, very much the same everywhere,"
2051,"Getting born, you know, and growing up—and coming into contact with other people—getting jostled—and then marriage and more babies—"
2052,"I take a great interest in all the local news,"
2053,"Have you a theory, Mr. West?"
2054,"Logically,"
2055,"Yet I hear you were wishing him out of the world not so long ago,"
2056,My theory falls to the ground. This is probably a very ordinary murder—a revengeful poacher or something of that sort.
2057,"Miss Cram came to see me this afternoon,"
2058,I met her in the village and I asked her if she would like to see my garden.
2059,Is she fond of gardens?
2060,"I don’t think so,"
2061,"But it makes a very useful excuse for talk, don’t you think?"
2062,"She volunteered a lot of information—really a lot of information,"
2063,"About herself, you know, and her people. They all seem to be dead or in India. Very sad. By the way, she has gone to Old Hall for the weekend."
2064,"Extraordinary,"
2065,"The suitcase,"
2066,But why?
2067,"It reminds me of the time the man went round pretending to be the Gas Inspector,"
2068,Now this is really interesting.
2069,"The question is, has it anything to do with the murder?"
2070,"Not necessarily,"
2071,But—
2072,"It is,"
2073,a Peculiar Thing. Another Peculiar Thing.
2074,"Yes,"
2075,"We shall do, sir. Not a doubt of it."
2076,"I’m not so sure,"
2077,"That’s the one,"
2078,I’d know it anywhere.
2079,What Slack says is quite true; there are no grounds for suspecting him of the murder. Everything’s accounted for quite satisfactorily.
2080,"It really would seem so,"
2081,"Although one never can be quite certain, can one?"
2082,"There’s a complete lack of motive,"
2083,"That’s very definite. Colonel Protheroe had made arrangements for a man to come down from London on Monday—tomorrow—to make a full valuation. Owing to the Colonel’s death, the matter has been put off."
2084,"Then there was a motive,"
2085,"A motive, yes. But that’s all. You forget. When the shot was fired, Dr. Stone had just joined the others, or was climbing over the stile in order to do so."
2086,"Yes,"
2087,So that rules him out.
2088,"Absolute denial. And, of course, the old lady may have been mistaken. No jury would believe you could recognize anyone from that distance on a moonlit night. And, of course, as I say, the old lady may have made a mistake."
2089,"She may,"
2090,"This,"
2091,"Very few of us are,"
2092,"It should be—logically, I admit. But I don’t know whether it really is."
2093,"Surely it must be the same,"
2094,"The—what one used to call the factors at school—are the same. There’s money, and the mutual attraction people of an—er—opposite sex—and there’s queerness of course—so many people are a little queer, aren’t they?—in fact, most people are when you know them well. And normal people do such astonishing things sometimes, and abnormal people are sometimes so very sane and ordinary. In fact, the only way is to compare people with other people you have known or come across. You’d be surprised if you knew how very few distinct types there are in all."
2095,"I have been reading a lot of American detective stories from the library lately,"
2096,hoping to find them helpful.
2097,Was there anything in them about picric acid?
2098,"Very clear,"
2099,Very clear indeed. Gentlemen always make such excellent memoranda.
2100,Who do you suspect? You once said that there were seven people.
2101,"Quite that, I should think,"
2102,"I expect every one of us suspects someone different. In fact, one can see they do."
2103,that is explained now. It was written at six thirty five and another hand—the murderer’s—put the misleading 6:20 at the top. I think that is clearly established.
2104,"But even then,"
2105,it’s all wrong.
2106,But why?
2107,Listen.
2108,as she attends to anything.
2109,"A little raw at present,"
2110,"And Griselda steadily refuses to attempt to sack her. Her idea is that only a thoroughly undesirable maid will remain with us. However, Mary herself gave us notice the other day."
2111,"But, as a matter of fact, it was Lettice Protheroe who upset her. Mary came back from the inquest in rather a temperamental state and found Lettice here and—well, they had words."
2112,Oh!
2113,I thought it one of those silly remarks women will make. If there seemed one thing sure on earth it was that Protheroe had written that note.
2114,"It’s curious,"
2115,"But no need to trouble. How did you know, by the way?"
2116,"Actually to hospital? Oh, that’s a great relief! I am so very glad to hear it. He’ll be quite safe there. When you say ‘nothing to be done,’ you don’t mean that he won’t recover?"
2117,"It’s very doubtful,"
2118,I suppose he took an overdose?
2119,"Very interesting. Very providential—if I may use the term. Yes, it brought you here in the nick of time."
2120,In the nick of time for what?
2121,"To save Mr. Hawes’s life, of course."
2122,"That’s what he wants you to think. Oh, he’s very clever! Keeping the letter and using it this way was very clever indeed."
2123,"Who do you mean,"
2124,by ‘he’?
2125,"I mean the murderer,"
2126,I mean Mr. Lawrence Redding….
2127,Young Redding has been completely cleared.
2128,"Naturally,"
2129,He saw to that.
2130,"On the contrary,"
2131,He did his best to get himself accused of the murder.
2132,"Yes,"
2133,"He took us all in that way—myself as much as anyone else. You will remember, dear Mr. Clement, that I was quite taken aback when I heard Mr. Redding had confessed to the crime. It upset all my ideas and made me think him innocent—when up to then I had felt convinced that he was guilty."
2134,She returned by the 6:50 train.
2135,One should never go by what people say. The 6:50 was half an hour late that night. But at a quarter past seven I saw her with my own eyes starting for Old Hall. So it followed that she must have come by the earlier train. Indeed she was seen; but perhaps you know that?
2136,And can you explain the other telephone call—the one from Mr. Redding’s cottage to Mrs. Price Ridley?
2137,Ah!
2138,"That is what I call the coincidence. Dear Griselda sent that call—she and Mr. Dennis between them, I fancy. They had heard the rumours Mrs. Price Ridley was circulating about the Vicar, and they thought of this (perhaps rather childish) way of silencing her. The coincidence lies in the fact that the call should have been put through at exactly the same time as the fake shot from the wood. It led one to believe that the two must be connected."
2139,But you will allow me to point out that there is not a shadow of proof.
2140,"I know,"
2141,"But you believe it to be true, don’t you?"
2142,"It would have to be something specific. I quite realize that,"
2143,"I would suggest—this is just a mere suggestion—that the warning should come from somebody who is known to have rather unusual views on these matters. Dr. Haydock’s conversation would lead anyone to suppose that he might view such a thing as murder from an unusual angle. If he were to hint that somebody—Mrs. Sadler—or one of her children—had actually happened to see the transposing of the cachets—well, of course, if Mr. Redding is an innocent man, that statement will mean nothing to him, but if he isn’t—"
2144,"It is most kind of you, Mr. Clement,"
2145,"Dear me, past twelve o’clock. I hope Raymond has gone to bed and not waited up."
2146,"He should have accompanied you,"
2147,"I didn’t let him know I was going,"
2148,"If your theory turns out to be the truth—which I for one do not doubt for a minute,"
2149,"Bother! Here’s Miss Marple coming. Don’t let her suspect, will you? I don’t want everyone offering me cushions and urging me to put my feet up. Tell her I’ve gone down to the golf links. That will put her off the scent—and it’s quite true because I left my yellow pullover there and I want it."
2150,"Griselda,"
2151,that is most unwise—just now.
2152,if you were to commit a murder whether you would ever be found out.
2153,"What a terrible idea,"
2154,I hope I could never do such a wicked thing.
2155,"But human nature being what it is,"
