number,quote
1,quote
2,","
3,"""It was in the spring of the year 1894 that all London was interested, and the fashionable world dismayed, by the murder of the Honourable Ronald Adair under most unusual and inexplicable circumstances."""
4,"""The crime was of interest in itself, but that interest was as nothing to me compared to the inconceivable sequel, which afforded me the greatest shock and surprise of any event in my adventurous life."""
5,"""Even now, after this long interval, I find myself thrilling as I think of it, and feeling once more that sudden flood of joy, amazement, and incredulity which utterly submerged my mind."""
6,"""Let me say to that public which has shown some interest in those glimpses which I have occasionally given them of the thoughts and actions of a very remarkable man that they are not to blame me if I have not shared my knowledge with them, for I should have considered it my first duty to have done so had I not been barred by a positive prohibition from his own lips, which was only withdrawn upon the third of last month."""
7,"""It can be imagined that my close intimacy with Sherlock Holmes had interested me deeply in crime, and that after his disappearance I never failed to read with care the various problems which came before the public, and I even attempted more than once for my own private satisfaction to employ his methods in their solution, though with indifferent success."""
8,"""There were points about this strange business which would, I was sure, have specially appealed to him, and the efforts of the police would have been supplemented, or more probably anticipated, by the trained observation and the alert mind of the first criminal agent in Europe."""
9,"""All day as I drove upon my round I turned over the case in my mind, and found no explanation which appeared to me to be adequate."""
10,"""I confess that I made little progress."""
11,"""In the evening I strolled across the Park, and found myself about six o'clock at the Oxford Street end of Park Lane."""
12,"""A tall, thin man"""
13,quote
14,"""You're surprised to see me, sir,"""
15,"""You make too much of a trifle,"""
16,"""I owe you a thousand apologies. I had no idea that you would be so affected."""
17,"""Wait a moment,"""
18,"""I am all right, but indeed, Holmes, I can hardly believe my eyes."""
19,"""Well, you're not a spirit, anyhow,"""
20,"""I am glad to stretch myself, Watson,"""
21,"""It is no joke when a tall man has to take a foot off his stature for several hours on end."""
22,"""You'll come with me to-night?"""
23,"""This is indeed like the old days. We shall have time for a mouthful of dinner before we need go. Well, then, about that chasm. I had no serious difficulty in getting out of it, for the very simple reason that I never was in it."""
24,"""You never were in it?"""
25,"""No, Watson, I never was in it. My note to you was absolutely genuine."""
26,"my dear Watson,"""
27,""""
28,"when we start upon the notable adventure of the empty house."""
29,quote
30,"""Do you know where we are?"""
31,"""Surely that is Baker Street,"" I answered, staring through the dim window."
32,"""Exactly. We are in Camden House, which stands opposite to our own old quarters."""
33,"""But why are we here?"""
34,"""Because it commands so excellent a view of that picturesque pile. Might I trouble you, my dear Watson, to draw a little nearer to the window, taking every precaution not to show yourself, and then to look up at our old rooms--the starting-point of so many of our little adventures? We will see if my three years of absence have entirely taken away my power to surprise you."""
35,"As my eyes fell upon it I gave a gasp and a cry of amazement. The blind was down and a strong light was burning in the room. The shadow of a man who was seated in a chair within was thrown in hard, black outline upon the luminous screen of the window. There was no mistaking the poise of the head, the squareness of the shoulders, the sharpness of the features. The face was turned half-round, and the effect was that of one of those black silhouettes which our grandparents loved to frame. It was a perfect reproduction of Holmes. So amazed was I that I threw out my hand to make sure that the man himself was standing beside me."
36,"""Well?"""
37,"""Good heavens!"" I cried. ""It is marvellous."""
38,"""I trust that age doth not wither nor custom stale my infinite variety,'"" said he, and I recognised in his voice the joy and pride which the artist takes in his own creation. ""It really is rather like me, is it not?"""
39,"""I should be prepared to swear that it was you."""
40,"""The credit of the execution is due to Monsieur Oscar Meunier, of Grenoble, who spent some days in doing the moulding. It is a bust in wax. The rest I arranged myself during my visit to Baker Street this afternoon."""
41,"""But why?"""
42,"""Because, my dear Watson, I had the strongest possible reason for wishing certain people to think that I was there when I was really elsewhere."""
43,"""And you thought the rooms were watched?"""
44,"""I knew that they were watched."""
45,"""By whom?"""
46,"""By my old enemies, Watson. By the charming society whose leader lies"
47,quote
48,"""That you, Lestrade?"""
49,"""I think you want a little unofficial help. Three undetected murders in one year won't do, Lestrade. But you handled the Molesey Mystery with less than your usual—that's to say, you handled it fairly well."""
50,"""Ah, Colonel!"" ""'journeys end in lovers' meetings,' as the old play says. I don't think I have had the pleasure of seeing you since you favoured me with those attentions as I lay on the ledge above the Reichenbach Fall."""
51,"""I have not introduced you yet,"". ""This, gentlemen, is Colonel Sebastian Moran, once of Her Majesty's Indian Army, and the best heavy game shot that our Eastern Empire has ever produced. I believe I am correct, Colonel, in saying that your bag of tigers still remains unrivalled?"""
52,"""I wonder that my very simple stratagem could deceive so old a shikari."" ""It must be very familiar to you. Have you not tethered a young kid under a tree, lain above it with your rifle, and waited for the bait to bring up your tiger? This empty house is my tree and you are my tiger. You have possibly had other guns in reserve in case there should be several tigers, or in the unlikely supposition of your own aim failing you. These,"" he pointed around, ""are my other guns. The parallel is exact."""
53,"""I confess that you had one small surprise for me."" ""I did not anticipate that you would yourself make use of this empty house and this convenient front window. I had imagined you as operating from the street, where my friend Lestrade and his merry men were awaiting you. With that exception all has gone as I expected."""
54,"""An admirable and unique weapon,"". ""noiseless and of tremendous power. I knew Von Herder, the blind German mechanic, who constructed it to the order of the late Professor Moriarty. For years I have been aware of its existence, though I have never before had the opportunity of handling it. I commend it very specially to your attention, Lestrade, and also the bullets which fit it."""
55,"""You can trust us to look after that, Mr. Holmes,"". ""Anything further to say?"""
56,"""Only to ask what charge you intend to prefer?"""
57,"""The man that the whole force has been seeking in vain—Colonel Sebastian"
58,quote
59,"""No, I have not."""
60,"""Well, well, such is fame! But, then, if I remember aright, you had not heard the name of Professor James Moriarty, who had one of the great brains of the century. Just give me down my index of biographies from the shelf."""
61,"""My collection of M's is a fine one,"" said he. ""Moriarty himself is enough to make any letter illustrious, and here is Morgan the poisoner, and Merridew of abominable memory, and Mathews, who knocked out my left canine in the waiting-room at Charing Cross, and, finally, here is our friend of to-night."""
62,"""On the margin was written, in Holmes's precise hand: The second most dangerous man in London."""
63,"""It is true,"" Holmes answered. ""Up to a certain point he did well. He was always a man of iron nerve, and the story is still told in India how he crawled down a drain after a wounded man-eating tiger. There are some trees, Watson, which grow to a certain height and then suddenly develop some unsightly eccentricity. You will see it often in humans. I have a theory that the individual represents in his development the whole procession of his ancestors, and that such a sudden turn to good or evil stands for some strong influence which came into the line of his pedigree. The person becomes, as it were, the epitome of the history of his own family."""
64,"""It is surely rather fanciful."""
65,"""Well, I don't insist upon it. Whatever the cause, Colonel Moran began to go wrong. Without any open scandal he still made India too hot to hold him. He retired, came to London, and again acquired an evil name. It was at this time that he was sought out by Professor Moriarty, to whom for a time he was chief of the staff. Moriarty supplied him liberally with money and used him only in one or two very high-class jobs which no ordinary criminal could have undertaken. You may have some recollection of the death of Mrs. Stewart, of Lauder, in 1887. Not? Well, I am sure Moran was at the bottom of it; but nothing could be proved. So cleverly was the Colonel concealed that even when the Moriarty gang was broken up we could not incrim"
66,quote
67,Arrest you! This is really most interesting. On what charge do you expect to be arrested?
68,This is really most grati--most interesting. On what charge do you expect to be arrested?
69,quote
70,"one moment!"""
71,"Lestrade, are there not?"""
72,quote
73,"""It corroborates the young man's story to the extent that the"
74,"""Well, he drew up his own death-warrant at the same time."""
75,"""Oh, you think so?"""
76,"""Don't you?"""
77,"""Well, it is quite possible; but the case is not clear to me yet."""
78,"""Not clear? Well, if that isn't clear, what could be clear? Here is a"
79,but he arranges that he shall go out on some pretext to see
80,and then in the solitude of a man's room he murders
81,"burns his body in the wood-pile, and departs to a neighbouring"
82,and hoped that if the body were consumed it would hide all
83,"""It strikes me, my good Lestrade, as being just a trifle too"
84,"""You do not add imagination to your other great qualities; but if"
85,would
86,would you choose an occasion
87,"when a servant has let you in? And,"
88,would you take the great pains to conceal the body and yet
89,quote
90,"This place, Deep Dene House, is a big modern villa of staring brick,"
91,with a laurel-clumped lawn in front
92,you
93,but his head constable did the honours. They
94,and besides the
95,and there was no doubt that they
96,' who was Oldacre's tailor. I then
97,but this drought
98,"of course, fits in with"
99,but I got up at the end of an hour no wiser than before.
100,"Well, after this fiasco I went into the bedroom and examined that"
101,mere smears and
102,"but undoubtedly fresh. The stick had been removed,"
103,"but none of any third person, which"
104,Only one little gleam of hope did I get--and yet it amounted to
105,most of which had been
106,quote
107,This is where young McFarlane must have come out to get his hat
108,""""
109,"Look at that with your magnifying glass, Mr. Holmes."
110,You are aware that no two thumb marks are alike?
111,I have heard something of the kind.
112,"Well, then, will you please compare that print with this wax"
113,taken by my orders this
114,"That is final,"" said Lestrade."
115,"Yes, that is final,"" I involuntarily echoed."
116,"It is final,"" said Holmes."
117,"Dear me! Dear me!"" he said at last. ""Well, now, who would have"
118,to be sure! Such a
119,"is it not, Lestrade?"""
120,What a providential thing that this young man should press his right
121,"too, if you come to think of it."" Holmes was"
122,but his whole body gave a wriggle of suppressed
123,"Lestrade, who made this"
124,"There are really some very unique features about this case, Watson,"""
125,and
126,"yes; I think I see how we should approach it."""
127,"I understood that you were writing a report of this case,"" said he."
128,Don't you think it may be a little premature? I can't help thinking
129,"Only that there is an important witness whom you have not seen."""
130,"Can you produce him?"""
131,"Then do so."""
132,"How many constables have you?"""
133,"Excellent!"" said Holmes. ""May I ask if they are all large,"
134,quote
135,"my good sir, you will find that your"
136,and they will understand how
137,"Watson? Well, now, let us see"
138,""" said Holmes, as we came"
139,"of course, that precious housekeeper of his, whom"
140,"Lestrade."""
141,it was pretty clear where he was. I thought
142,
143,"have gone in and taken him, but it amused me to make him"
144,"I owed you a little mystification, Lestrade,"
145,"Lestrade. You said it was final; and so it was, in a"
146,as you may have
147,and I had examined the hall and was sure that the wall was
148,"it had been put on during the night."""
149,Jonas Oldacre got
150,and Oldacre had himself no notion of the use he
151,quote
152,""" said he, suddenly, ""you do not propose to invest in South African securities?"
153,"Watson, confess yourself utterly taken aback,"""
154,"my dear Watson""--he propped his test-tube in the rack and began to lecture with the air of a professor addressing his class--""it is not really difficult to construct a series of inferences, each dependent upon its predecessor and each simple in itself. If, after doing so, one simply knocks out all the central inferences and presents one's audience with the starting-point and the conclusion, one may produce a startling, though possibly a meretricious, effect. Now, it was not really difficult, by an inspection of the groove between your left forefinger and thumb, to feel sure that you did not propose to invest your small capital in the goldfields."""
155,"and which he desired you to share with him. 5. Your cheque-book is locked in my drawer, and you have not asked for the key. 6. You do not propose to invest your money in this manner."""
156,"a little nettled. ""Every problem becomes very childish when once it is explained to you. Here is an unexplained one. See what you can make of that, friend Watson."" He tossed a sheet of paper upon the table and turned once more to his chemical analysis."
157,"Holmes, it is a child's drawing,"" I cried."
158,"that's your idea!"""
159,"of Ridling Thorpe Manor, Norfolk, is very anxious to know. This little conundrum came by the first post,"
160,quote
161,"Don't you think, Mr. Cubitt, that your best plan would be to make a direct appeal to your wife, and to ask her to share her secret with you?"
162,"Then I will help you with all my heart. In the first place, have you heard of any strangers being seen in your neighbourhood?"
163,I presume that it is a very quiet place. Any fresh face would cause comment?
164,"These hieroglyphics have evidently a meaning. If it is a purely arbitrary one it may be impossible for us to solve it. If, on the other hand, it is systematic, I have no doubt that we shall get to the bottom of it. But this particular sample is so short that I can do nothing, and the facts which you have brought me are so indefinite that we have no basis for an investigation. I would suggest that you return to Norfolk, that you keep a keen look-out, and that you take an exact copy of any fresh dancing men which may appear. It is a thousand pities that we have not a reproduction of those which were done in chalk upon the window-sill. Make a discreet inquiry also as to any strangers in the neighbourhood. When you have collected some fresh evidence come to me again. That is the best advice which I can give you, Mr. Hilton Cubitt. If there are any pressing fresh developments I shall be always ready to run down and see you in your Norfolk home."
165,"You had better stay here, Watson."
166,Our material is rapidly accumulating.
167,quote
168,"""It was on a different panel of the door."""
169,"""Excellent! This is far the most important of all for our purpose. It fills me with hopes. Now, Mr. Hilton Cubitt, please continue your most interesting statement."""
170,"""I fear it is too deep a case for such simple remedies,"""
171,"""If my answer to this is as I hope, you will have a very pretty case to add to your collection, Watson,"""
172,"""We have let this affair go far enough,"""
173,"""Is there a train to North Walsham to-night?"""
174,"""One moment, Mrs. Hudson; there may be an answer. No, that is quite as I expected. This message makes it even more essential that we should not lose an hour in letting Hilton Cubitt know how matters stand, for it is a singular and a dangerous web in which our simple Norfolk squire is entangled,"""
175,"""I anticipated it. I came in the hope of preventing it."""
176,"""I have only the evidence of the dancing men,"""
177,"""I will explain the matter to you later. Meanwhile, since it is too late to prevent this tragedy, I am very anxious that I should use the knowledge which I possess in order to ensure that justice be done. Will you associate me in your investigation, or will you prefer that I should act independently?"""
178,quote
179,"""Has he been moved?"""
180,"""You have acted with great discretion. Who sent for you?"""
181,"""Was it she who gave the alarm?"""
182,"""Where are they now?"""
183,"""Then I think we had better hear their story at once."""
184,"""The absence of the latter means nothing, though its presence may mean everything."""
185,"""I would suggest that Mr. Cubitt's body may now be removed. I suppose, doctor, you have not recovered the bullet which wounded the lady?"""
186,"""Perhaps you can account also for the bullet which has so obviously struck the edge of the window?"""
187,"""Because I looked for it."""
188,"""That is the problem which we are now about to solve."""
189,"""It suggested that at the time of the firing the window as well as the door of the room had been open."""
190,"""Because the candle has not guttered."""
191,"""Feeling sure that the window had been open at the time of the tragedy I conceived that there might have been a third person in the affair, who stood outside this opening and fired through it."""
192,"""But how came the window to be shut and fastened?"""
193,"""The woman's first instinct would be to shut and fasten the window."""
194,"""But, halloa! what is this?"""
195,"""This must be preserved, for it will figure in the trial."""
196,"""I should like to see Mrs. King, the cook, again."""
197,"""You don't think that it might have been two shots fired almost at the same instant?"""
198,"""I believe that it was undoubtedly so."""
199,"""If you will kindly step round with me, we shall see what fresh evidence the garden has to offer."""
200,"""I thought so; the revolver had an ejector, and here is the third cartridge."""
201,"""I really think, Inspector Martin, that our case is almost complete."""
202,"""The country inspector's face had shown his intense amazement at the"
203,quote
204,"Just as you wish, Mr. Holmes, so long as we get our man."
205,Is it a lonely farm?
206,"Maybe not, sir."
207,"Saddle a horse, my lad, I shall wish you to take a note to Elrige's Farm."
208,"I think, inspector, that you would do well to telegraph for an escort, as, if my calculations prove to be correct, you may have a particularly dangerous prisoner to convey to the county jail."
209,"I think that I can help you to pass an hour in an interesting and profitable manner, said Holmes, drawing his chair up to the table and spreading out in front of him the various papers upon which were recorded the antics of the dancing men."
210,I owe you every atonement for having allowed your natural curiosity to remain so long unsatisfied.
211,I must tell you first of all the interesting circumstances connected with the previous consultations which Mr. Hilton Cubitt has had with me in Baker Street.
212,"Having once recognised, however, that the symbols stood for letters, and having applied the rules which guide us in all forms of secret writings, the solution was easy enough."
213,"I accepted this as a hypothesis, and noted that E was represented by."
214,"Now the first letter can only be A, which is a most useful discovery, since it occurs no fewer than three times in this short sentence, and the H is also apparent in the second word."
215,"Or, filling in the obvious vacancies in the name:--"
216,"I had so many letters now that I could proceed with considerable confidence to the second message, which worked out in this fashion:--"
217,"Here I could only make sense by putting T and G for the missing letters, and supposing that the name was that of some house or inn at"
218,quote
219,I have written and asked him.
220,To fly would be a confession of guilt.
221,"In fact, if I am not very much mistaken, here is the gentleman himself coming up the drive."
222,"Every precaution is necessary when dealing with such a fellow. You will need your handcuffs, inspector. You can leave the talking to me."
223,"She was pledged to me years ago. Who was this Englishman that he should come between us? I tell you that I had the first right to her, and that I was only claiming my own."
224,"She fled from America to avoid you, and she married an honourable gentleman in England. You dogged her and followed her and made her life a misery to her in order to induce her to abandon the husband whom she loved and respected in order to fly with you, whom she feared and hated. You have ended by bringing about the death of a noble man and driving his wife to suicide. That is your record in this business, Mr. Abe Slaney, and you will answer for it to the law."
225,What one man can invent another can discover.
226,"There is a cab coming to convey you to Norwich, Mr. Slaney. But, meanwhile, you have time to make some small reparation for the injury you have wrought. Are you aware that Mrs. Hilton Cubitt has herself lain under grave suspicion of the murder of her husband, and that it was only my presence here and the knowledge which I happened to possess which has saved her from the accusation? The least that you owe her is to make it clear to the whole world that she was in no way, directly or indirectly, responsible for his tragic end."
227,"I'll chance that,"
228,quote
229,"""At least it cannot be your health,"" said he, as his keen eyes darted"
230,"""Yes, I bicycle a good deal, Mr. Holmes, and that has something to do"
231,"""You will excuse me, I am sure. It is my business,"" said he, as he"
232,it is obvious that it is music. You observe the
233,"Watson, which is common to both professions? There"
234,"however""--he gently turned it towards"
235,"""In the country, I presume, from your complexion."""
236,"""A beautiful neighbourhood and full of the most interesting"
237,"Watson, that it was near there that we"
238,"the forger. Now, Miss Violet, what has happened to"
239,"on the borders of Surrey?"""
240,"""My father is dead, Mr. Holmes. He was James Smith, who conducted"
241,"Ralph Smith, who went"
242,and we have never had a word from him
243,but one day we were told
244,for we thought that someone had
245,"Mr. Carruthers and Mr. Woodley,"
246,that he died some months before in great poverty in
247,and that he had asked them with his last breath to hunt up
248,who
249,quote
250,"""Excuse me,"" said Holmes; ""when was this interview?"""
251,"""Pray proceed."""
252,"""The first flaw in my happiness was the arrival of the red-moustached Mr. Woodley."""
253,"""You can think that I looked out when I came to Charlington Heath, and there, sure enough, was the man, exactly as he had been the two weeks before."""
254,"""Ha!"" Holmes looked grave. ""What does he do for a living?"""
255,"""It is part of the settled order of Nature that such a girl should have followers,"" said Holmes, as he pulled at his meditative pipe, ""but for choice not on bicycles in lonely country roads. Some secretive lover, beyond all doubt. But there are curious and suggestive details about the case, Watson."""
256,"""That he should appear only at that point?"""
257,quote
258,"""Your hiding-place, my dear Watson, was very faulty. You should have been behind the hedge; then you would have had a close view of this interesting person."""
259,"""Gone to the nearest public-house. That is the centre of country gossip. They would have told you every name, from the master to the scullery-maid. Williamson! It conveys nothing to my mind. If he is an elderly man he is not this active cyclist who sprints away from that athletic young lady's pursuit. What have we gained by your expedition? The knowledge that the girl's story is true. I never doubted it."""
260,"""Well, well, my dear sir, don't look so depressed. We can do little more until next Saturday, and in the meantime I may make one or two inquiries myself."""
261,"""Our young friend seems to be getting into deep waters."""
262,quote
263,"""So I trust, Watson; so I trust,"""
264,"""There is some deep intrigue going on round that little woman, and it is our duty to see that no one molests her upon that last journey. I think, Watson, that we must spare time to run down together on Saturday morning, and make sure that this curious and inconclusive investigation has no untoward ending."""
265,"""I had given a margin of half an hour,"""
266,"""Fool that I was not to allow for that earlier train! It's abduction, Watson--abduction! Murder! Heaven knows what! Block the road! Stop the horse! That's right. Now, jump in, and let us see if I can repair the consequences of my own blunder."""
267,"""You're the man we want to see. Where is Miss Violet Smith?"""
268,"""We met the dog-cart on the road. There was no one in it. We drove back to help the young lady."""
269,quote
270,"""That's Peter, the groom,"""
271,"""They didn't go to the house. Here are their marks on the left--here, beside the laurel bushes! Ah, I said so!"""
272,"""Enough of this,"""
273,"""Who are you, then?"""
274,"""My name is Sherlock Holmes."""
275,"""You have heard of me, I see. I will represent the official police"
276,"you!"""
277,"""He will live,"""
278,"""What!"""
279,"""You need not concern yourself about that,"""
280,"""I think not. How about the license?"""
281,"""Then you got it by a trick. But in any case a forced marriage is no"
282,"but it is a very serious felony, as you will discover"
283,"unless I am mistaken. As to you,"
284,you would have done better to keep your pistol in your
285,"""I begin to think so, Mr. Holmes; but when I thought of all the"
286,Mr.
287,and it is the only time that ever I knew what love was--it
288,a man whose name is a holy
289,"Mr. Holmes, you'll hardly"
290,but ever since that girl has been in my employment I
291,where I knew these rascals
292,without following her on my bicycle just to see that
293,and I wore a beard
294,for she is a good and
295,and she wouldn't have stayed in my employment
296,"""Why didn't you tell her of her danger?"""
297,"""Maybe the two things go together. Anyhow, I couldn't let her go."
298,quote
299,"""I have been very obtuse, Watson,"" said he. ""When in your report you said that you had seen the cyclist as you thought arrange his necktie in the shrubbery, that alone should have told me all. However, we may congratulate ourselves upon a curious and in some respects a unique case. I perceive three of the county constabulary in the drive, and I am glad to see that the little ostler is able to keep pace with them; so it is likely that neither he nor the interesting bridegroom will be permanently damaged by their morning's adventures. I think, Watson, that in your medical capacity you might wait upon Miss Smith and tell her that if she is sufficiently recovered we shall be happy to escort her to her mother's home. If she is not quite convalescent you will find that a hint that we were about to telegraph to a young electrician in the Midlands would probably complete the cure. As to you, Mr. Carruthers, I think that you have done what you could to make amends for your share in an evil plot. There is my card, sir, and if my evidence can be of help to you in your trial it shall be at your disposal."""
300,quote
301,"""The greatest and perhaps the wealthiest. I am aware, Mr. Holmes, that you take a very high line in professional matters, and that you are prepared to work for the work's sake."""
302,"""It is a princely offer,"""
303,"""Watson, I think that we shall accompany Dr. Huxtable back to the North of England. And now, Dr. Huxtable, when you have consumed that milk you will kindly tell me what has happened, when it happened, how it happened, and, finally, what Dr. Thorneycroft Huxtable, of the Priory School, near Mackleton, has to do with the matter, and why he comes three days after an event--the state of your chin gives the date--to ask for my humble services."""
304,"""You have been very remiss in not coming to me sooner,"""
305,"""But there has been some official investigation?"""
306,"""I suppose the local investigation was relaxed while this false clue was being followed up?"""
307,"""And yet the problem should be capable of ultimate solution. I shall be very happy to look into it. Have you been able to trace any connection between the missing boy and this German master?"""
308,"""Was he in the master's class?"""
309,"""Then what is the theory in your mind?"""
310,"""The bicycle may have been a blind. It may have been hidden somewhere and the pair gone off on foot."""
311,"""Of course he would. The blind theory won't do. But the incident is an admirable starting-point for an investigation. After all, a bicycle is not an easy thing to conceal or to destroy. One other question. Did anyone call to see the boy on the day before he disappeared?"""
312,"""Did he get any letters?"""
313,"""From whom?"""
314,"Doctor, hardly that,"""
315,""""
316,"but I have no alternative. Do you think that the Duchess had anything to do with the matter?"""
317,"your Grace. I understand that you wrote to your son upon the day when this incident occurred."""
318,""""
319,"Mr. Holmes, I should be pleased if you would come and stay with me at Holdernesse Hall."""
320,""""
321,"Dr. Huxtable, that you would have done wisely to consult me. But since Mr. Holmes has already been taken into your confidence, it would indeed be absurd that we should not avail ourselves of his services."""
322,quote
323,"""Look at this map. This dark square is the Priory School. I'll put a pin in it. Now, this line is the main road. You see that it runs east and west past the school, and you see also that there is no side road for a mile either way. If these two folk passed away by road it was this road."""
324,"""Exactly."""
325,"""At last we have a clue! Thank Heaven! at last we are on the dear boy's track! It is his cap."""
326,"""Where was it found?"""
327,"""In the van of the gipsies who camped on the moor. They left on Tuesday. To-day the police traced them down and examined their caravan. This was found."""
328,"""How do they account for it?"""
329,"""They shuffled and lied--said that they found it on the moor on Tuesday morning. They know where he is, the rascals! Thank goodness, they are all safe under lock and key. Either the fear of the law or the Duke's purse will certainly get out of them all that they know."""
330,"""So far, so good. It at least bears out the theory that it is on the side of the Lower Gill Moor that we must hope for results. The police have really done nothing locally, save the arrest of these gipsies. Look here, Watson! There is a watercourse across the moor. You see it marked here in the map. In some parts it widens into a morass. This is particularly so in the region between Holdernesse Hall and the school. It is vain to look elsewhere for tracks in this dry weather; but at that point there is certainly a chance of some record being left. I will call you early to-morrow morning, and you and I will try if we can throw some little light upon the mystery."""
331,"""I have done the lawn and the bicycle shed,"" said he. ""I have also had a ramble through the Ragged Shaw. Now, Watson, there is cocoa ready in the next room. I must beg you to hurry, for we have a great day before us."""
332,"""Well, well!"" said Holmes, impatiently. ""A good cyclist does not need a high road. The moor is intersected with paths and the moon was at the"
333,quote
334,"""Well, well,"""
335,"""Here is Herr Heidegger, sure enough!"""
336,"""But we have a long way still to go. Kindly walk clear of the path."
337,"""Do you observe,"""
338,"""There can be no doubt of it. Look at this impression, where you get both tyres clear. The one is as deep as the other. That can only mean that the rider is throwing his weight on to the handle-bar, as a man does when he is sprinting. By Jove! he has had a fall."""
339,"""Bad!"""
340,"""Bad! Stand clear, Watson! Not an unnecessary footstep! What do I read here? He fell wounded, he stood up, he remounted, he proceeded. But there is no other track. Cattle on this side path. He was surely not gored by a bull? Impossible! But I see no traces of anyone else. We must push on, Watson. Surely with stains as well as the track to guide us he cannot escape us now."""
341,"""Here is Herr Heidegger, sure enough!"""
342,"""My reasoning seems to have been pretty sound, Watson."""
343,"""But we have a long way still to go. Kindly walk clear of the path."
344,"""Now, Watson,"""
345,"""Well, now, let us turn to this unfortunate German master. The boy was fully dressed when he fled. Therefore, he foresaw what he would do. But the German went without his socks. He certainly acted on very short notice."""
346,"""Why did he go? Because, from his bedroom window, he saw the flight of the boy. Because he wished to overtake him and bring him back. He seized his bicycle, pursued the lad, and in pursuing him met his death."""
347,"""Now I come to the critical part of my argument. The natural action of a man in pursuing a little boy would be to run after him. He would know that he could overtake him. But the German does not do so. He turns to his bicycle. I am told that he was an excellent cyclist. He would not do this if he did not see that"
348,quote
349,"Look here, my man,"" said he. ""This is really rather an awkward fix"
350,"Neither do I,"" said the morose landlord."
351,The matter is very important. I would offer you a sovereign for the
352,Where do you want to go?
353,To Holdernesse Hall.
354,"Pals of the Dook, I suppose?"" said the landlord, surveying our"
355,"He'll be glad to see us, anyhow."
356,Why?
357,Because we bring him news of his lost son.
358,"What, you're on his track?"
359,He has been heard of in Liverpool. They expect to get him every
360,"Again a swift change passed over the heavy, unshaven face. His manner"
361,"He's less reason to wish the Dook well than most men,"" said he, ""for"
362,But I'm glad to hear that the young lord was heard of
363,"Thank you,"" said Holmes. ""We'll have some food first. Then you can"
364,He hasn't got a bicycle.
365,"I tell you, man, that I haven't got one. I'll let you have two"
366,"Well, well,"" said Holmes, ""we'll talk about it when we've had"
367,When we were left alone in the stone-flagged kitchen it was
368,"By Heaven, Watson, I believe that I've got it!"" he cried. ""Yes, yes,"
369,Where?
370,"Well, everywhere. They were at the morass, and again on the path,"
371,"Exactly. Well, now, Watson, how many cows did you see on the moor?"
372,"Strange, Watson, that we should see tracks all along our line, but"
373,"Can you recall that the tracks were sometimes like that, Watson""--he"
374,Can you remember that?
375,"But I can. I could swear to it. However, we will go back at our"
376,And what is your conclusion?
377,"Only that it is a remarkable cow which walks, canters, and gallops."
378,"By George, Watson, it was no brain of a country publican that thought"
379,The coast seems
380,quote
381,"""I must have a peep through that, Watson. If you bend your back and support yourself upon the wall, I think that I can manage."""
382,"""Come, my friend,"" said he, ""our day's work has been quite long enough. I think that we have gathered all that we can. It's a long walk to the school, and the sooner we get started the better."""
383,"""All goes well, my friend,"" said he. ""I promise that before to-morrow evening we shall have reached the solution of the mystery."""
384,"""I must see the Duke, Mr. Wilder."""
385,"""Then I must go to his room."""
386,"""I believe he is in his bed."""
387,"""I will see him there."""
388,"""Very good, Mr. Holmes; I will tell him that you are here."""
389,"""I think, your Grace, that I could speak more freely in Mr. Wilder's absence."""
390,"""Yes, yes; you had better go. Now, Mr. Holmes, what have you to say?"""
391,"""The fact is, your Grace, that my colleague, Dr. Watson, and myself had an assurance from Dr. Huxtable that a reward had been offered in this case. I should like to have this confirmed from your own lips."""
392,"""It amounted, if I am correctly informed, to five thousand pounds to anyone who will tell you where your son is?"""
393,"""And another thousand to the man who will name the person or persons who keep him in custody?"""
394,"""Under the latter heading is included, no doubt, not only those who may have taken him away, but also those who conspire to keep him in his present position?"""
395,"""I fancy that I see your Grace's cheque-book upon the table,"" said he. ""I should be glad if you would make me out a cheque for six thousand pounds. It would be as well, perhaps, for you to cross it. The Capital and Counties Bank, Oxford Street branch, are my agents."""
396,"""Is this a joke, Mr. Holmes? It is hardly a subject for pleasantry."""
397,"""Not at all, your Grace. I was never more earnest in my life."""
398,"""What do you mean, then?"""
399,"""I mean that I have earned the reward. I know where your son"
400,quote
401,Your Grace
402,"I confess that this is entirely new to me, your Grace. I must beg you to be more explicit."
403,"I will conceal nothing from you. I agree with you that complete frankness, however painful it may be to me, is the best policy in this desperate situation to which James's folly and jealousy have reduced us."
404,"When I was a very young man, Mr. Holmes, I loved with such a love as comes only once in a lifetime. I offered the lady marriage, but she refused it on the grounds that such a match might mar my career. Had she lived I would certainly never have married anyone else. She died, and left this one child, whom for her sake I have cherished and cared for."
405,"I could not acknowledge the paternity to the world; but I gave him the best of educations, and since he came to manhood I have kept him near my person. He surprised my secret, and has presumed ever since upon the claim which he has upon me and upon his power of provoking a scandal, which would be abhorrent to me."
406,"His presence had something to do with the unhappy issue of my marriage. Above all, he hated my young legitimate heir from the first with a persistent hatred. You may well ask me why, under these circumstances, I still kept James under my roof."
407,"I answer that it was because I could see his mother's face in his, and that for her dear sake there was no end to my long-suffering. All her pretty ways, too--there was not one of them which he could not suggest and bring back to my memory."
408,"I could not send him away. But I feared so much lest he should do Arthur--that is, Lord Saltire--a mischief that I dispatched him for safety to Dr. Huxtable's school."
409,"James came into contact with this fellow Hayes because the man was a tenant of mine, and James acted as agent. The fellow was a rascal from the beginning; but in some extraordinary way James became intimate with him."
410,He had always a taste for low company. When James determined to kidnap Lord Saltire it was of this man's service that he av
411,quote
412,"""In that case, my friend and I can congratulate ourselves upon several most happy results from our little visit to the North."
413,"""In that case,"""
414,"""I think that my friend and I can congratulate ourselves upon several most happy results from our little visit to the North. There is one other small point upon which I desire some light. This fellow Hayes had shod his horses with shoes which counterfeited the tracks of cows. Was it from Mr. Wilder that he learned so extraordinary a device?"""
415,"""Thank you,"""
416,"""I am a poor man,"""
417,quote
418,"You remember that a stonemason, named Slater, walking from Forest Row about one o'clock in the morning--two days before the murder--stopped as he passed the grounds and looked at the square of light still shining among the trees. He swears that the shadow of a man's head turned sideways was clearly visible on the blind, and that this shadow was certainly not that of Peter Carey, whom he knew well."
419,Meaning that you saw none?
420,"My good Hopkins, I have investigated many crimes, but I have never yet seen one which was committed by a flying creature. As long as the criminal remains upon two legs so long must there be some indentation, some abrasion, some trifling displacement which can be detected by the scientific searcher. It is incredible that this blood-bespattered room contained no trace which could have aided us."
421,"I understand, however, from the inquest that there were some objects which you failed to overlook?"
422,Yes; I think that both inferences are permissible. Was there any other spirit but rum in the room?
423,"For all that its presence has some significance, however, let us hear some more about the objects which do seem to you to bear upon the case."
424,Excellent! What more?
425,What do you make of these?
426,Try Canadian Pacific Railway.
427,"What a fool I have been! of course, it is as you say. Then 'J.H.N.' are the only initials we have to solve. I have already examined the old Stock Exchange lists, and I can find no one in 1883 either in the House or among the outside brokers whose initials correspond with these."
428,"quote"""
429,"I must admit both your points,"""
430,"which did not appear at the inquest, modifies any views which I may have formed. I had come to a theory of the crime in which I can find no place for this. Have you endeavoured to trace any of the securities here mentioned?"""
431,""""
432,"sir, it is a blood-stain. I told you that I picked the book off the floor."""
433,"of course, that the book was dropped after the crime was committed."""
434,"Mr. Holmes. I appreciated that point, and I conjectured that it was dropped by the murderer in his hurried flight. It lay near the door."""
435,"sir."""
436,"sir. Nothing seemed to have been touched."""
437,"it is certainly a very interesting case. Then there was a knife, was there not?"""
438,"still in its sheath. It lay at the feet of the dead man. Mrs. Carey has identified it as being her husband's property."""
439,""""
440,"sir. That will indeed be a weight off my mind."""
441,""""
442,"if you can spare the time I should be very glad of your company. If you will call a four-wheeler, Hopkins, we shall be ready to start for Forest Row in a quarter of an hour."""
443,"let me see the inside of the cabin."""
444,"Hopkins?"""
445,quote
446,"""Now, my fine fellow,"""
447,"""Well, Watson, what do you think of it?"""
448,"""Oh, yes, my dear Watson, I am perfectly satisfied."""
449,"""The line of investigation which I have myself been pursuing."""
450,"""Excellent, Watson. The alternative develops."""
451,"""Sherlock Holmes."""
452,"""You really think that your solution must be correct?"""
453,"""It did not seem to me conclusive."""
454,"""Does your explanation cover every point?"""
455,quote
456,"""It seems to me to have only one drawback, Hopkins, and that is that"
457,"tut, my dear sir, you must really pay"
458,and
459,"no, Hopkins; it is another and a"
460,"""You can't deny that Neligan was present that night, Mr. Holmes. The"
461,"even if you are able to pick a hole in it. Besides, Mr."
462,I have laid my hand upon my man. As to this terrible person
463,"where is he?"""
464,"""I rather fancy that he is on the stair,"" said Holmes, serenely."
465,"Watson, that you would do well to put that revolver where you"
466,and laid a written paper upon a side-table.
467,""" said he."
468,"""I must really apologize, Hopkins,"" said Sherlock Holmes; ""I fear"
469,you will enjoy the rest of
470,"will you not, for the thought that you"
471,"""Well, well,"" said Holmes, good-humouredly. ""We all learn by"
472,and your lesson this time is that you should never lose
473,the true murderer of
474,"""Not at all,"" said Holmes. ""Let us hear what you have to say."""
475,"""It's soon told, and"
476,"quote"""
477,"the worst man in London,"""
478,""""
479,"as he sat down and stretched his legs before the fire."""
480,"Watson. He is the king of all the blackmailers."""
481,"and still more the woman, whose secret and reputation come into the power of Milverton."""
482,"and that the ruin of a noble family was the result."""
483,"and there are hundreds in this great city who turn white at his name."""
484,"for he is far too rich and far too cunning to work from hand to mouth."""
485,"and I would ask you how could one compare the ruffian who in hot blood bludgeons his mate with this man, who methodically and at his leisure tortures the soul"""
486,"shrinking sensation, Watson, when you stand before the serpents in the Zoo and see the slithery, gliding, venomous creatures, with their deadly eyes and wicked, flattened faces? Well, that's how Milverton impresses me."""
487,"but the worst of them never gave me the repulsion which I have for this fellow."""
488,"he is here at my invitation."""
489,"and not those of Peter Carey, since he seldom smoked, and no pipe was found in his cabin."""
490,"I was certain it was a seaman."""
491,quote
492,"""But surely,"" said I, ""the fellow must be within the grasp of the law?"""
493,"""Technically, no doubt, but practically not. What would it profit a woman, for example, to get him a few months' imprisonment if her own ruin must immediately follow?"""
494,"""Dr. Watson has already heard of it."""
495,"""You appear to me,"" he said, at last, ""to be taking matters too much for granted. I am, of course, familiar with the contents of these letters. My client will certainly do what I may advise. I shall counsel her to tell her future husband the whole story and to trust to his generosity."""
496,"""What harm is there in the letters?"""
497,"""What I say is true,"" Holmes answered. ""The money cannot be found. Surely it is better for you to take the substantial sum which I offer than to ruin this woman's career, which can profit you in no way?"""
498,"""Get behind him, Watson! Don't let him out! Now, sir, let us see the contents of that note-book."""
499,quote
500,"""You would not call me a marrying man, Watson?"""
501,"""I wanted information, Watson."""
502,"""To Milverton's housemaid."""
503,"""You can't help it, my dear Watson. You must play your cards as best"
504,"""You like this weather?"""
505,"""Watson, I mean to burgle Milverton's house"
506,"""My dear fellow, I have given it every consideration. I am never"
507,"""Let us look at the matter clearly and fairly. I suppose that you will admit that the"
508,"""Exactly. Since it is morally justifiable I have only to consider the"
509,"""Well, that is part of the risk. There is no other possible way of"
510,"""I must, therefore, abandon my client to her fate or I must play"
511,"""Between ourselves, Watson, it's a sporting duel"
512,"""What a splendid night it is!"""
513,"""It suits my purpose. Watson, I mean to burgle Milverton's house"
514,"""My dear fellow, I don't mind confessing to you that I"
515,"""This is the chance of my lifetime in that direction. See"
516,"""Here, too, is my dark lantern. Everything is in order. Have you a pair of silent"
517,"""Excellent. And a mask?"""
518,"""I can see that you have a strong natural turn for this sort of"
519,"""Very good; do you make the masks. We shall have some cold"
520,"""Milverton is a heavy sleeper and retires punctually at ten-thirty."
521,"""With any luck we should be back here by two, with the Lady Eva's"
522,"""It's a business that needs delicate treatment. These"
523,"""These documents are contained in a safe in the fellow's study, and the"
524,"""On the other hand, like all these stout, little men who do themselves well, he is a plethoric"
525,"""Agatha--that's my fiancee--says it is a joke in the"
526,"""This is the house, this big one in its own grounds. Through the"
527,"""You see, there is not a glimmer of light in any of the"
528,"""That's his bedroom,""Holmes,""Come round"
529,"quote"""
530,"I don't like it,"" he whispered, putting his lips to my very ear. ""I can't quite make it out. Anyhow, we have no time to lose."""
531,"bolt it on the inside, and we can get away as we came. If they come the other way, we can get through the door if our job is done, or hide behind these window curtains if it is not. Do you understand?"""
532,"and I thrilled now with a keener zest than I had ever enjoyed when we were the defenders of the law instead of its defiers. The high object of our mission, the consciousness that it was unselfish and chivalrous, the villainous character of our opponent, all added to the sporting interest of the adventure. Far from feeling guilty, I rejoiced and exulted in our dangers. With a glow of admiration I watched Holmes unrolling his case of instruments and choosing his tool with the calm, scientific accuracy of a surgeon who performs a delicate operation. I knew that the opening of safes was a particular hobby with him, and I understood the joy which it gave him to be confronted with this green and gold monster, the dragon which held in its maw the reputations of many fair ladies. Turning up the cuffs of his dress-coat--he had placed his overcoat on a chair--Holmes laid out two drills, a jemmy, and several skeleton keys. I stood at the centre door with my eyes glancing at each of the others, ready for any emergency; though, indeed, my plans were somewhat vague as to what I should do if we were interrupted. For half an hour Holmes worked with concentrated energy, laying down one tool, picking up another, handling each with the strength and delicacy of the trained mechanic. Finally I heard a click, the broad green door swung open, and inside I had a glimpse of a number of paper packets, each tied, sealed, and inscribed. Holmes picked one out, but it was hard to read by the flickering fire, and he drew out his little dark lantern, for it was too dangerous, with Milverton in the next room, to switch on the electric light. Suddenly I saw him halt, listen intently, and then in an instant he had"
533,quote
534,"""Not too busy to listen to you."""
535,"""Dear me!"""
536,"""Criminals!"""
537,"""That's rather vague,"""
538,"""Well, I am afraid I can't help you, Lestrade,"""
539,"""My sympathies are with the criminals rather than with the victim, and I will not handle this case."""
540,"""By Jove, Watson; I've got it!"""
541,"""Take your hat! Come with me!"""
542,"""Holmes,""Good morning, Mr. Holmes,"""
543,quote
544,"""Anything remarkable on hand?"""
545,"""Then tell me about it."""
546,"""That's no business of mine,"""
547,"""Burglary! This is more interesting. Let me hear the details."""
548,"""May I ask whether the two busts smashed in Dr. Barnicot's rooms were the exact duplicates of the one which was destroyed in Morse Hudson's shop?"""
549,"""Such a fact must tell against the theory that the man who breaks them is influenced by any general hatred of Napoleon."""
550,"""Well, how do you explain it?"""
551,"""I don't attempt to do so. I would only observe that there is a certain method in the gentleman's eccentric proceedings."""
552,"""I can't afford, therefore, to smile at your three broken busts, Lestrade, and I shall be very much obliged to you if you will let me hear of any fresh developments of so singular a chain of events."""
553,quote
554,"""By George! it's attempted murder at the least. Nothing less will"
555,
556,"anyhow! Well, well, there's Lestrade at the front window, and"
557,"""What has it turned to, then?"""
558,"""We have a long way to go yet,"" said he. ""And yet--and yet--well, we"
559,or immediately outside the
560,"if to break it was his sole object."""
561,"""He could see what he was doing here and he could not there. That was"
562,"""To remember it--to docket it. We may come on something later which"
563,"Lestrade?"""
564,quote
565,"""No doubt; and yet it is not quite the way in which I should approach"
566,"""What would you do, then?"""
567,"""Oh, you must not let me influence you in any way! I suggest that you"
568,and
569,"""If you are going back to Pitt Street you might see Mr. Horace"
570,and that
571,"""You don't seriously believe that?"""
572,"""Don't I? Well, perhaps I don't. But I am sure that it will interest"
573,"Watson, I think that we shall find that we have a long and"
574,"Lestrade, if"
575,if my chain of reasoning should
576,"good-bye and good luck!"""
577,"""Well, well, we can't expect to have it all our own way, Watson,"""
578,"""We must come back in the afternoon if Mr. Harding"
579,"as you have no doubt surmised,"
580,in order to find
581,of the Kennington
582,"and see if he can throw any light upon the problem."""
583,"""Yes, sir. On my very counter, sir,"" said he. ""What we pay rates and"
584,when any ruffian can come in and break one's
585,"sir, it was I who sold Dr"
586,"we should be late for our appointment with Lestrade."""
587,"and not entirely a wasted one,"""
588,this dead man had some Catholic emblem round
589,"and that, along with his colour, made me think he was from"
590,"from Naples, and he is one of the"
591,
592,"as you know, is a secret political society, enforcing its"
593,and a member of the Mafia.
594,so that he may not knife the wrong person. He dogs the
595,"he sees him enter a house, he waits outside for him, and in"
596,Mr.
597,"Lestrade, excellent!"""
598,"that is nothing; petty larceny, six months at the most. It is"
599,and I tell you that I am
600,"find the man whose photograph we have got, and arrest him on"
601,"Lestrade, I'll promise"
602,and no harm will be
603,for I
604,"I suppose?"""
605,"of Reading, I suppose?"""
606,"but the explanation is very simple. Mr. Harding, of Harding Brothers, said that they had sold you their last copy, and he gave me your address."""
607,"he did not."""
608,"I am an honest man, though not a very rich one. I only gave fifteen shillings for the bust, and I think you ought to know that before I take ten pounds from you."""
609,"Mr. Sandeford. But I have named that price, so I intend to stick to it."""
610,"it is very handsome of you, Mr. Holmes. I brought the bust up with me, as you asked me to do. Here it is!"""
611,"Mr. Sandeford, in the presence of these witnesses. It is simply to say that you transfer every possible right that you ever had in the bust to me. I am a methodical man, you see, and you never know what turn events might take afterwards."""
612,"Mr. Sandeford; here is your money, and I wish you a very good evening."""
613,""""
614,"gentlemen,"""
615,"quote"""
616,""" ""The main fact is that he had the pearl, and at that moment, when it was on his person, he was pursued by the police. He made for the factory in which he worked, and he knew that he had only a few minutes in which to conceal this enormously valuable prize, which would otherwise be found on him when he was searched."""
617,"""Six plaster casts of Napoleon were drying in the passage. One of them was still soft. In an instant Beppo, a skilful workman, made a small hole in the wet plaster, dropped in the pearl, and with a few touches covered over the aperture once more. It was an admirable hiding-place. No one could possibly find it."""
618,"""But Beppo was condemned to a year's imprisonment, and in the meanwhile his six busts were scattered over London. He could not tell which contained his treasure. Only by breaking them could he see. Even shaking would tell him nothing, for as the plaster was wet it was probable that the pearl would adhere to it--as, in fact, it has done."""
619,"""Beppo did not despair, and he conducted his search with considerable ingenuity and perseverance. Through a cousin who works with Gelder he found out the retail firms who had bought the busts. He managed to find employment with Morse Hudson, and in that way tracked down three of them. The pearl was not there."""
620,"""Then, with the help of some Italian employe, he succeeded in finding out where the other three busts had gone. The first was at Harker's. There he was dogged by his confederate, who held Beppo responsible for the loss of the pearl, and he stabbed him in the scuffle which followed."""
621,"""If he was his confederate why should he carry his photograph?"""
622,"""As a means of tracing him if he wished to inquire about him from any third person. That was the obvious reason. Well, after the murder I calculated that Beppo would probably hurry rather than delay his movements. He would fear that the police would read his secret, and so he hastened on before they should get ahead of him."""
623,"""Of course, I could not say that he had not found the pearl in Harker's bust. I had not even concluded for"
624,"""quote"""
625,"""The first page on the floor, the second in the window, the third where you left it."""
626,"""Pray continue your very interesting statement."""
627,"""Excellent! Fortune has been your friend."""
628,"""Well, let us go round. Not one of your cases, Watson--mental, not physical. All right; come if you want to. Now, Mr. Soames--at your disposal!"""
629,"""Dear me!"""
630,"""Well, if there is nothing to be learned here we had best go inside."""
631,"""I am afraid there are no signs here. One could hardly hope for any upon so dry a day."""
632,"""I see. Near this little table. You can come in now. I have finished with the carpet. Let us take the little table first. Of course, what has happened is very clear. The man entered and took the papers, sheet by sheet, from the central table. He carried them over to the window table, because from there he could see if you came across the courtyard, and so could effect an escape."""
633,"""As a matter of fact he could not,"""
634,"""Well, anyhow, that was in his mind. Let me see the three strips. No finger impressions--no! Well, he carried over this one first and he copied it. How long would it take him to do that, using every possible contraction? A quarter of an hour, not less. Then he tossed it down and seized the next. He was in the midst of that when your return caused him to make a very hurried retreat--very hurried, since he had not time to replace the papers which would tell you that he had been there. You were not aware of any hurrying feet on the stair as you entered the outer door?"""
635,"""Well, he wrote so furiously that he broke his pencil, and had, as you observe, to sharpen it again. This is of interest, Watson. The pencil was not an ordinary one. It was above the usual size, with a soft lead; the outer colour was dark blue, the maker's name was printed in silver lettering, and the piece remaining is only about an inch and a half long. Look for such a pencil, Mr. Soames, and you have got your man. When I add that he possesses a"
636,"quote"""
637,I have always done you an injustice. There are others. What
638,I see nothing.
639,"I presume, the black, doughy"
640,I
641,there appear to be grains of sawdust in it.
642,"this is very interesting. And the cut--a positive tear, I"
643,Mr.
644,old-fashioned
645,I see nothing. What about this curtain? You hang your
646,since the bed is too low and the wardrobe
647,"I suppose?"""
648,from some little rigidity and
649,that he was prepared for an emergency. As
650,"putty-like stuff, exactly like the"
651,"Mr. Soames."""
652,quote
653,
654,
655,""""
656,
657,
658,"Mr. Holmes, I cannot undertake to say. He is taller than the Indian, not so tall as Gilchrist. I suppose five foot six would be about it."""
659,
660,
661,
662,"also the pencil cuttings. Good-bye."""
663,
664,"Watson, what do you think of it?"""
665,
666,"is it not? There are your three men. It must be one of them. You take your choice. Which is yours?"""
667,
668,
669,
670,
671,"Bannister, the servant. What's his game in the matter?"""
672,
673,
674,"well, here's a large stationer's. We shall begin our researches here."""
675,
676,"my dear Watson. This, the best and only final clue, has run to nothing. But, indeed, I have little doubt that we can build up a sufficient case without it. By Jove! my dear fellow, it is nearly nine, and the landlady babbled of green peas at seven-thirty. What with your eternal tobacco, Watson, and your irregularity at meals, I expect that you will get notice to quit and that I shall share your downfall--not, however, before we have solved the problem of the nervous tutor, the careless servant, and the three enterprising students."""
677,
678,"quote"""
679,"""No, but you have now,"""
680,"come,"""
681,"Mr. Soames, that you said to me that no one, not even Bannister, could have told that the papers were in your room, the case began to take a definite shape in my mind. The printer one could, of course, dismiss. He could examine the papers in his own office. The Indian I also thought nothing of. If the proofs were in a roll he could not possibly know what they were. On the other hand, it seemed an unthinkable coincidence that a man should dare to enter the room, and that by chance on that very day the papers were on the table. I dismissed that. The man who entered knew that the papers were there. How did he know?"
682,"under the eyes of all these opposite rooms, forced himself through it. Such an idea was absurd. I was measuring how tall a man would need to be in order to see as he passed what papers were on the central table. I am six feet high, and I could do it with an effort. No one less than that would have a chance. Already you see I had reason to think that if one of your three students was a man of unusual height he was the most worth watching of the three."
683,"until in your description of Gilchrist you mentioned that he was a long-distance jumper. Then the whole thing came to me in an instant, and I only needed certain corroborative proofs, which I speedily obtained."
684,"where he had been practising the jump. He returned carrying his jumping shoes, which are provided, as you are aware, with several sharp spikes. As he passed your window he saw, by means of his great height, these proofs upon your table, and conjectured what they were. No harm would have been done had it not been that as he passed your door he perceived the key which had been left by the carelessness of your servant. A sudden impulse came over him to enter and see if they were indeed the proofs. It was not"
685,quote
686,"""Well, Watson, it's as well we have not to turn out to-night,"""
687,"""I've done enough for one sitting. It is trying work for the eyes."
688,"""Halloa! halloa! halloa! What's this?"""
689,"""Want! He wants us. And we, my poor Watson, want overcoats and"
690,"""cravats and galoshes, and every aid that man ever invented to"
691,"""fight the weather. Wait a bit, though! There's the cab off"
692,"""again! There's hope yet. He'd have kept it if he had wanted us"
693,"""to come. Run down, my dear fellow, and open the door, for"
694,"""all virtuous folk have been long in bed."""
695,"""Come up, my dear sir,"" said Holmes's voice from above. ""I hope"
696,"""you have no designs upon us on such a night as this."""
697,"""Now, my dear Hopkins, draw up and warm your toes,"" said he."
698,"""Here's a cigar, and the doctor has a prescription containing"
699,"""hot water and a lemon which is good medicine on a night like this."
700,"""It is indeed, Mr. Holmes. I've had a bustling afternoon, I promise"
701,"""you. Did you see anything of the Yoxley case in the latest editions?"""
702,"""I've seen nothing later than the fifteenth century to-day."""
703,"""Well, it was only a paragraph, and all wrong at that, so you"
704,"""have not missed anything. I haven't let the grass grow under my"
705,"""feet. It's down in Kent, seven miles from Chatham and three from"
706,"""the railway line. I was wired for at three-fifteen, reached Yoxley"
707,"""Old Place at five, conducted my investigation, was back at"
708,"""Charing Cross by the last train, and straight to you by cab."""
709,"""Which means, I suppose, that you are not quite clear about your"
710,"""case?"""
711,"""It means that I can make neither head nor tail of it. So far as"
712,"""I can see it is just as tangled a business as ever I handled,"
713,"""and yet at first it seemed so simple that one"
714,""" said my companion, with a somewhat bitter smile. ""Well, let us hear about it. What sort of job did you make of it?"
715,"of course, and it only deals with the points which seem to me to be essential. All the rest you will see later for yourself. Now, first of all, presuming that the assassin entered the house, how did he or she come in? Undoubtedly by the garden path and the back door, from which there is direct access to the study. Any other way would have been exceedingly complicated. The escape must have also been made along that line, for of the two other exits from the room one was blocked by Susan as she ran downstairs and the other leads straight to the Professor's bedroom. I therefore directed my attention at once to the garden path, which was saturated with recent rain and would certainly show any footmarks."
716,"however, that someone had passed along the grass border which lines the path, and that he had done so in order to avoid leaving a track. I could not find anything in the nature of a distinct impression, but the grass was trodden down and someone had undoubtedly passed. It could only have been the murderer, since neither the gardener nor anyone else had been there that morning and the rain had only begun during the night."
717,the path was tiled at that point.
718,on the road itself?
719,"then, these tracks upon the grass, were they coming or going?"
720,"said he. ""It will be harder to read now than that palimpsest. Well, well, it can't be helped. What did you do, Hopkins, after you had made certain that you had made certain of nothing?"
721,Mr. Holmes. I knew
722,"quote"""
723,"""Yes, I can follow each of your arguments. I confess, however, that I am unable to understand how you arrive at the double visit to the optician."""
724,"' he said, 'that the clips are lined with tiny bands of cork to soften the pressure upon the nose. One of these is discoloured and worn to some slight extent, but the other is new. Evidently one has fallen off and been replaced. I should judge that the older of them has not been there more than a few months. They exactly correspond, so I gather that the lady went back to the same establishment for the second.'"""
725,"""By George, it's marvellous!"" cried Hopkins, in an ecstasy of admiration. ""To think that I had all that evidence in my hand and never knew it! I had intended, however, to go the round of the London opticians."""
726,"""Of course you would. Meanwhile, have you anything more to tell us about the case?"""
727,"""Nothing, Mr. Holmes. I think that you know as much as I do now--probably more. We have had inquiries made as to any stranger seen on the country roads or at the railway station. We have heard of none. What beats me is the utter want of all object in the crime. Not a ghost of a motive can anyone suggest."""
728,"""Ah! there I am not in a position to help you. But I suppose you want us to come out tomorrow?"""
729,"""If it is not asking too much, Mr. Holmes. There's a train from Charing Cross to Chatham at six in the morning, and we should be at Yoxley Old Place between eight and nine."""
730,"""Then we shall take it. Your case has certainly some features of great interest, and I shall be delighted to look into it. Well, it's nearly one, and we had best get a few hours' sleep. I dare say you can manage all right on the sofa in front of the fire. I'll light my spirit-lamp and give you a cup of coffee before we start."""
731,"""The gale had blown itself out next day, but it was a bitter morning when we started upon our journey. We saw the cold winter sun rise over the dreary marshes"
732,quote
733,"""A smoker, Mr. Holmes?"" said he, speaking well-chosen English with a curious little mincing accent. ""Pray take a cigarette. And you, sir? I can recommend them, for I have them especially prepared by Ionides of Alexandria. He sends me a thousand at a time, and I grieve to say that I have to arrange for a fresh supply every fortnight. Bad, sir, very bad, but an old man has few pleasures. Tobacco and my work--that is all that is left to me."""
734,"""Tobacco and my work, but now only tobacco,"" the old man exclaimed. ""Alas! what a fatal interruption! Who could have foreseen such a terrible catastrophe? So estimable a young man! I assure you that after a few months' training he was an admirable assistant. What do you think of the matter, Mr. Holmes?"""
735,"""I have not yet made up my mind."""
736,"""I shall indeed be indebted to you if you can throw a light where all is so dark to us. To a poor bookworm and invalid like myself such a blow is paralyzing. I seem to have lost the faculty of thought. But you are a man of action--you are a man of affairs. It is part of the everyday routine of your life. You can preserve your balance in every emergency. We are fortunate indeed in having you at our side."""
737,smiling.
738,"""I am a connoisseur,"" said he, taking another cigarette from the box--his fourth--and lighting it from the stub of that which he had finished. ""I will not trouble you with any lengthy cross-examination, Professor Coram, since I gather that you were in bed at the time of the crime and could know nothing about it. I would only ask this. What do you imagine that this poor fellow meant by his last words: 'The Professor--it was she'?"""
739,"""Tobacco and my work, but now only tobacco,"" the old man exclaimed. ""Alas! what a fatal interruption! Who could have foreseen such a terrible catastrophe? So estimable a young man! I assure you that after a few months' training he was an admirable assistant. What do you think of the matter, Mr. Holmes?"""
740,"""I have not yet made up my"
741,"Mr. Holmes, have you solved this mystery yet?"""
742,"Mr. Sherlock Holmes. You compel me to tell you that this is too serious a matter to be treated in such a fashion."""
743,"Professor Coram, and I am sure that it is sound. What your motives are or what exact part you play in this strange business I am not yet able to say. In a few minutes I shall probably hear it from your own lips. Meanwhile I will reconstruct what is past for your benefit, so that you may know the information which I still require."
744,"and I do not find that slight discolouration which the scratch made upon the varnish would have produced. You were not an accessory, therefore, and she came, so far as I can read the evidence, without your knowledge to rob you."""
745,""" said he. ""Have you no more to add? Surely, having traced this lady so far, you can also say what has become of her."""
746,"and stabbed him in order to escape. This catastrophe I am inclined to regard as an unhappy accident, for I am convinced that the lady had no intention of inflicting so grievous an injury. An assassin does not come unarmed. Horrified by what she had done she rushed wildly away from the scene of the tragedy. Unfortunately for her she had lost her glasses in the scuffle, and as she was extremely short-sighted she was really helpless without them. She ran down a corridor, which she imagined to be that by which she had come--both were lined with cocoanut matting--and it was only when it was too late that she understood that she had taken the wrong passage and that her retreat was cut off behind her. What was she to do? She could not go back. She could not remain where she was. She must go on. She went on. She mounted a stair, pushed open a door, and found herself in your room."""
747,quote
748,"""The pince-nez,"" he said. ""It was the only article that was left in the study, and yet it was not on the shelf. It was on the floor, and it had been recently picked up."""
749,"""Exactly! exactly!"" said Holmes. ""The secretary came back and told his employer of the woman he had met. Then in his last breath he tried to send a message that it was she--the she whom he had just discussed with him."""
750,"""Stop her!"" cried Holmes. He had bounded across the room and had wrenched a small phial from her hand."
751,"""A simple case, and yet in some ways an instructive one,"" Holmes remarked, as we travelled back to town. ""It hinged from the outset upon the pince-nez. But for the fortunate chance of the dying man having seized these I am not sure that we could ever have reached our solution."""
752,quote
753,"""Pray sit down and tell me what is the matter."""
754,"""There is Arthur H. Staunton, the rising young forger,"""
755,"""You live in a different world to me, Mr. Overton, a sweeter and"
756,"but never, I am happy to say, into amateur sport, which is"
757,your unexpected
758,"my good sir, I beg"
759,"and how you desire that I should help you."""
760,"""What did you do?"""
761,"""Well, well, I have a clear day, and I shall be happy to look into"
762,""""
763,"""I should strongly recommend you to make your preparations for"
764,as you
765,have been an overpowering necessity which tore him away in such a
766,and the same necessity is likely to hold him away. Let us step
767,and see if the porter can throw any fresh
768,"""Sherlock Holmes,"""
769,quote
770,"""Let me see,"" said Holmes, seating himself on Staunton's bed. ""You"
771,"are you not?"""
772,"""The night porter saw nothing, I suppose?"""
773,"""Were you on duty all day yesterday?"""
774,"""Did you take any messages to Mr. Staunton?"""
775,"""Ah! that's interesting. What o'clock was this?"""
776,"""Where was Mr. Staunton when he received it?"""
777,"""Were you present when he opened it?"""
778,"""But he wrote it in your presence?"""
779,"""What did he write it with?"""
780,"""Was the telegraphic form one of these on the table?"""
781,"""It is a pity he did not write in pencil,"" said he, throwing them"
782,"Watson, the impression usually goes through--a fact which has"
783,I can find no trace here. I
784,"however, to perceive that he wrote with a broad-pointed quill"
785,and I can hardly doubt that we will find some impression upon this
786,"yes, surely this is the very thing!"""
787,"""So that is the tail end of the telegram which Godfrey Staunton"
788,"and from which someone else could protect him. 'Us,' mark"
789,
790,"who seemed himself in so nervous a state? What, then, is"
791,"""We have only to find to whom that telegram is addressed,"" I"
792,"""Exactly, my dear Watson. Your reflection, though profound,"
793,quote
794,"I confess, my dear Watson, that that does not appeal to me as a very probable explanation."
795,"I could mention several. You must admit that it is curious and suggestive that this incident should occur on the eve of this important match, and should involve the only man whose presence seems essential to the success of the side."
796,"Amateur sport is free from betting, but a good deal of outside betting goes on among the public, and it is possible that it might be worth someone's while to get at a player as the ruffians of the turf get at a race-horse."
797,"There is one explanation. A second very obvious one is that this young man really is the heir of a great property, however modest his means may at present be, and it is not impossible that a plot to hold him for ransom might be concocted."
798,"The telegram still remains the only solid thing with which we have to deal, and we must not permit our attention to wander away from it."
799,"We progress, my dear Watson, we progress. I had seven different schemes for getting a glimpse of that telegram, but I could hardly hope to succeed the very first time."
800,"We have a journey, then?"
801,I think we must run down to Cambridge together. All the indications seem to me to point in that direction.
802,Have you any suspicion yet as to the cause of the disappearance? I don't think that among all our cases I have known one where the motives are more obscure.
803,"I confess, my dear Watson, that that does not appeal to me as a very probable explanation. It struck me, however, as being the one which was most likely to interest that exceedingly unpleasant old person."
804,It certainly did that. But what are your alternatives?
805,"You must admit that it is curious and suggestive that this incident should occur on the eve of this important match, and should involve the only man whose presence seems essential to the success of the side."
806,"Amateur sport is free from betting, but a good deal of outside betting goes on among the public, and it is possible that it might be worth someone's while to get at a player as the ruffians of the turf get at a race-horse."
807,There is one explanation. A second very obvious one is that this young man really is the
808,"quote"""
809,"but he does not care for general practice, which distracts him from his literary work. Why, then, does he make these long journeys, which must be exceedingly irksome to him, and who is it that he visits?"""
810,"can you doubt that it was to him that I first applied? I do not know whether it came from his own innate depravity or from the promptings of his master, but he was rude enough to set a dog at me. Neither dog nor man liked the look of my stick, however, and the matter fell through. Relations were strained after that, and further inquiries out of the question. All that I have learned I got from a friendly native in the yard of our own inn. It was he who told me of the doctor's habits and of his daily journey. At that instant, to give point to his words, the carriage came round to the door."""
811,"Watson! You are scintillating this evening. The idea did cross my mind. There is, as you may have observed, a bicycle shop next to our inn. Into this I rushed, engaged a bicycle, and was able to get started before the carriage was quite out of sight. I rapidly overtook it, and then, keeping at a discreet distance of a hundred yards or so, I followed its lights until we were clear of the town. We had got well out on the country road when a somewhat mortifying incident occurred. The carriage stopped, the doctor alighted, walked swiftly back to where I had also halted, and told me in an excellent sardonic fashion that he feared the road was narrow, and that he hoped his carriage did not impede the passage of my bicycle. Nothing could have been more admirable than his way of putting it. I at once rode past the carriage, and, keeping to the main road, I went on for a few miles, and then halted in a convenient place to see if the carriage passed. There was no sign of it, however, and so it became evident that it had turned down one of several side roads which I had observed. I rode back, but again saw nothing of the carriage, and now, as you perceive, it has returned after me. Of course, I had at the outset no particular reason to connect these journeys with the disappearance of"
812,quote
813,"""No, no, my dear fellow, there is no cause for alarm. It is not upon this occasion the instrument of evil, but it will rather prove to be the key which will unlock our mystery. On this syringe I base all my hopes. I have just returned from a small scouting expedition and everything is favourable. Eat a good breakfast, Watson, for I propose to get upon Dr. Armstrong's trail to-day, and once on it I will not stop for rest or food until I run him to his burrow."""
814,"""In that case,"" said I, ""we had best carry our breakfast with us, for he is making an early start. His carriage is at the door."""
815,"""Never mind. Let him go. He will be clever if he can drive where I cannot follow him. When you have finished come downstairs with me, and I will introduce you to a detective who is a very eminent specialist in the work that lies before us."""
816,"""Let me introduce you to Pompey,"" said he. ""Pompey is the pride of the local draghounds, no very great flier, as his build will show, but a staunch hound on a scent. Well, Pompey, you may not be fast, but I expect you will be too fast for a couple of middle-aged London gentlemen, so I will take the liberty of fastening this leather leash to your collar. Now, boy, come along, and show what you can do."""
817,"""A threadbare and venerable device, but useful upon occasion. I walked into the doctor's yard this morning and shot my syringe full of aniseed over the hind wheel. A draghound will follow aniseed from here to John o' Groat's, and our friend Armstrong would have to drive through the Cam before he would shake Pompey off his trail. Oh, the cunning rascal! This is how he gave me the slip the other night."""
818,"""This détour has been entirely for our benefit, then?"""
819,"""No wonder that my inquiries among those villages led to nothing. The doctor has certainly played the game for all it is worth, and one would like to know the reason for such elaborate deception. This should be the village of Trumpington to the right of us. And, by Jove! here is the brougham coming round the corner. Quick, Watson, quick"
820,quote
821,"""Come, Watson,"" said he, and we passed from that house of grief into the pale sunlight of the winter day."
822,"""The game is afoot. Not a word! Into your clothes and come!"""
823,"by an inspection of the trains and by reckoning the time. The local police had to be called in, they had to communicate with Scotland Yard, Hopkins had to go out, and he in turn had to send for me. All that makes a fair night's work. Well, here we are at Chislehurst Station, and we shall soon set our doubts at rest."
824,"""Hopkins has called me in seven times, and on each occasion his summons has been entirely justified,"" said Holmes. ""I fancy that every one of his cases has found its way into your collection, and I must admit, Watson, that you have some power of selection which atones for much which I deplore in your narratives. Your fatal habit of looking at everything from the point of view of a story instead of as a scientific exercise has ruined what might have been an instructive and even classical series of demonstrations. You slur over work of the utmost finesse and delicacy in order to dwell upon sensational details which may excite, but cannot possibly instruct, the reader."""
825,"""I will, my dear Watson, I will. At present I am, as you know, fairly busy, but I propose to devote my declining years to the composition of a text-book which shall focus the whole art of detection into one volume. Our present research appears to be a case of murder."""
826,"""I should say so. Hopkins's writing shows considerable agitation, and he is not an emotional man. Yes, I gather there has been violence, and that the body is left for our inspection. A mere suicide would not have caused him to send for me. As to the release of the lady, it would appear that she has been locked in her room during the tragedy. We are moving in high life, Watson; crackling paper, 'E.B.' monogram, coat-of-arms, picturesque address. I think that friend Hopkins will live up to his reputation and that we shall have an interesting morning. The crime was committed before twelve last night."""
827,"""How can you possibly tell?"""
828,"""Well, here we are at Chislehurst Station, and we shall soon set our doubts"
829,quote
830,"""I will not impose any further tax upon Lady Brackenstall's patience"
831,""""
832,"""Before I go into the dining-room I should like to hear your experience."""
833,"""Any questions, Mr. Holmes?"""
834,quote
835,"""You should have no difficulty in getting him."""
836,"""Not the slightest. We have been on the look-out for him, and there"
837,and a reward will be offered before evening.
838,knowing
839,and that we could not fail to
840,"""Exactly. One would have expected that they would have silenced Lady"
841,"""They may not have realized,"" I suggested, ""that she had recovered"
842,"""That is likely enough. If she seemed to be senseless they would not"
843,Hopkins? I seem to have
844,"""He was a good-hearted man when he was sober, but a perfect fiend"
845,"or rather when he was half drunk, for he seldom"
846,"and he was capable of anything. From what I hear, in spite of"
847,he very nearly came our way once or
848,to make the matter
849,Theresa Wright; there was trouble about that.
850,"and between ourselves, it will be a brighter house"
851,"""When this was pulled down the bell in the kitchen must have rung"
852,"""No one could hear it. The kitchen stands right at the back of the"
853,"""How did the burglar know no one would hear it? How dared he pull at"
854,"""Exactly, Mr. Holmes, exactly. You put the very question which I have"
855,quote
856,"Their cumulative effect is certainly considerable, and yet each of them is quite possible in itself. The most unusual thing of all, as it seems to me, is that the lady should be tied to the chair."
857,"Well, I am not so clear about that, Watson; for it is evident that they must either kill her or else secure her in such a way that she could not give immediate notice of their escape."
858,And now on the top of this comes the incident of the wine-glasses.
859,What about the wine-glasses?
860,Can you see them in your mind's eye?
861,I see them clearly.
862,We are told that three men drank from them. Does that strike you as likely?
863,Why not? There was wine in each glass.
864,Exactly; but there was bees-wing only in one glass. You must have noticed that fact. What does that suggest to your mind?
865,The last glass filled would be most likely to contain bees-wing.
866,"Not at all. The bottle was full of it, and it is inconceivable that the first two glasses were clear and the third heavily charged with it. There are two possible explanations, and only two. One is that after the second glass was filled the bottle was violently agitated, and so the third glass received the bees-wing. That does not appear probable. No, no; I am sure that I am right."
867,"What, then, do you suppose?"
868,"That only two glasses were used, and that the dregs of both were poured into a third glass, so as to give the false impression that three people had been here. In that way all the bees-wing would be in the last glass, would it not? Yes, I am convinced that this is so."
869,"But if I have hit upon the true explanation of this one small phenomenon, then in an instant the case rises from the commonplace to the exceedingly remarkable, for it can only mean that Lady Brackenstall and her maid have deliberately lied to us, that not one word of their story is to be believed, that they have some very strong reason for covering the real criminal, and that we must construct our case for ourselves without any help from them. That is the mission which now lies before us, and here, Watson, is the Chislehurst train."
870,"It's all right, Watson"
871,"quote"""
872,"I hope, that you have not come to cross-examine me again?"""
873,"I will not cause you any unnecessary trouble, Lady Brackenstall, and my whole desire is to make things easy for you, for I am convinced that you are a much-tried woman. If you will treat me as a friend and trust me you may find that I will justify your trust."""
874,"no, Lady Brackenstall, it is no use. You may have heard of any little reputation which I possess. I will stake it all on the fact that your story is an absolute fabrication."""
875,"Lady Brackenstall. Would it not be better to be frank?"""
876,""""
877,"but we are bound to do something for friend Hopkins, just to justify this second visit,"""
878,"which stands at the end of Pall Mall, if I remember right. There is a second line of steamers which connect South Australia with England, but we will draw the larger cover first."""
879,"and he was not long in acquiring all the information which he needed. In June of '95 only one of their line had reached a home port. It was the Rock of Gibraltar, their largest and best boat. A reference to the passenger list showed that Miss Fraser of Adelaide, with her maid, had made the voyage in her. The boat was now on her way to Australia, somewhere to the south of the Suez Canal. Her officers were the same as in '95, with one exception. The first officer, Mr. Jack Croker, had been made a captain and was to take charge of their new ship, the Bass Rock, sailing in two days' time from Southampton. He lived at"
880,quote
881,"""Sit down, Captain Croker. You got my telegram?"""
882,"""Give him a cigar,"" said Holmes. ""Bite on that, Captain Croker, and don't let your nerves run away with you. I should not sit here smoking with you if I thought that you were a common criminal, you may be sure of that. Be frank with me, and we may do some good. Play tricks with me, and I'll crush you."""
883,"""To give me a true account of all that happened at the Abbey Grange last night--a true account, mind you, with nothing added and nothing taken off. I know so much already that if you go one inch off the straight I'll blow this police whistle from my window and the affair goes out of my hands for ever."""
884,"""What do you wish me to do?"""
885,"""I know that every word is true, for you have hardly said a word which I did not know. No one but an acrobat or a sailor could have got up to that bell-rope from the bracket, and no one but a sailor could have made the knots with which the cord was fastened to the chair. Only once had this lady been brought into contact with sailors, and that was on her voyage, and it was someone of her own class of life, since she was trying hard to shield him and so showing that she loved him."""
886,quote
887,"""I was only testing you, and you ring true every time. Well, it is a great responsibility that I take upon myself, but I have given Hopkins an excellent hint, and if he can't avail himself of it I can do no more. See here, Captain Croker, we'll do this in due form of law. You are the prisoner. Watson, you are a British jury, and I never met a man who was more eminently fitted to represent one. I am the judge. Now, gentleman of the jury, you have heard the evidence. Do you find the prisoner guilty or not guilty?"""
888,"""Vox populi, vox Dei. You are acquitted, Captain Croker. So long as the law does not find some other victim you are safe from me. Come back to this lady in a year, and may her future and yours justify us in the judgment which we have pronounced this night."""
889,"""I have long known, sir, how high is your sense of public duty,"""
890,quote
891,"Now, sir, I must ask you more particularly what this document is,"
892,"I fear, sir, that, interesting and indeed essential"
893,"You are two of the most busy men in the country,"""
894,"You are two of the most busy men in the country,"""
895,"""You are two of the most busy men in the country,"""
896,"""I agree with you, sir,"""
897,"""You may safely trust us."""
898,"""The letter, then, is from a certain foreign potentate who has been"
899,"""The letter, then, is from a certain foreign potentate who has been"
900,"""Exactly. It was he. And it is this letter--this letter which may"
901,"""Have you informed the sender?"""
902,"""No, sir, a cipher telegram has been despatched."""
903,"""Perhaps he desires the publication of the letter."""
904,"""No, sir, we have strong reason to believe that he already"
905,"""If this is so, whose interest is it that the letter should come out?"
906,"""Yes, sir, a cipher telegram has been despatched."""
907,"""To any of the great Chancelleries of Europe. It is probably speeding"
908,"""It is your misfortune, my dear fellow. No one can blame you. There"
909,"""You think, sir, that unless this document is recovered there will be"
910,"""Then, sir, prepare for war."""
911,"""Consider the facts, sir. It is inconceivable that it was taken after"
912,"""Now, sir, if a document of this importance were taken at that hour, where can it be now?"
913,"""Let us presume, for argument's sake, that the document was taken by"
914,"""They are both old and tried servants."""
915,"""I understand you to say that your room is on the second floor, that"
916,"""I understand you to say that your room is on the second floor, that"
917,"""I understand you to say that your room is on the second floor, that"
918,"""There are only those three capable of playing so bold a game;"
919,"""Is that Eduardo Lucas of Godolphin Street?"""
920,quote
921,"what do you make of this?"""
922,"Watson, what do you make of this?"""
923,"and he meets a violent death during the very hours when we know that that drama was being enacted. The odds are enormous against it being coincidence. No figures could express them. No, my dear Watson, the two events are connected--must be connected. It is for us to find the connection."""
924,"and can trace the relation between them. There is one obvious point which would, in any case, have turned my suspicions against Lucas. Godolphin Street, Westminster, is only a few minutes' walk from Whitehall Terrace. The other secret agents whom I have named live in the extreme West-end. It was easier, therefore, for Lucas than for the others to establish a connection or receive a message from the European Secretary's household--a small thing, and yet where events are compressed into a few hours it may prove essential. Halloa! what have we here?"""
925,""""
926,"Mr. Holmes?"""
927,"madam, he has been here."""
928,""" she said, and her white-gloved hands clasped and unclasped as she spoke--""I will speak frankly to you in the hope that it may induce you to speak frankly in return. There is complete confidence between my husband and me on all matters save one. That one is politics. On this his lips are sealed. He tells me nothing. Now, I am aware that there was a most deplorable occurrence in our house last night. I know that a paper has disappeared. But because the matter is political my husband refuses to take me into his complete confidence. Now it is essential--essential, I say--that I should thoroughly understand it. You are the only other person, save only these politicians, who"
929,quote
930,"""My dear Watson,"" said he, as he rose from the table and paced up and down the room, ""you are most long-suffering, but if I have told you nothing in the last three days it is because there is nothing to tell. Even now this report from Paris does not help us much."""
931,"""The man's death is a mere incident--a trivial episode--in comparison with our real task, which is to trace this document and save a European catastrophe. Only one important thing has happened in the last three days, and that is that nothing has happened. I get reports almost hourly from the Government, and it is certain that nowhere in Europe is there any sign of trouble. Now, if this letter were loose--no, it can't be loose--but if it isn't loose, where can it be? Who has it? Why is it held back? That's the question that beats in my brain like a hammer. Was it, indeed, a coincidence that Lucas should meet his death on the night when the letter disappeared? Did the letter ever reach him? If so, why is it not among his papers? Did this mad wife of his carry it off with her? If so, is it in her house in Paris? How could I search for it without the French police having their suspicions aroused? It is a case, my dear Watson, where the law is as dangerous to us as the criminals are. Every man's hand is against us, and yet the interests at stake are colossal. Should I bring it to a successful conclusion it will certainly represent the crowning glory of my career. Ah, here is my latest from the front!"""
932,"""Halloa! Lestrade seems to have observed something of interest. Put on your hat, Watson, and we will stroll down together to Westminster."""
933,quote
934,"""Seen the Paris news?"""
935,nodded
936,"""Our French friends seem to have touched the spot this time. No doubt it's just as they say. She knocked at the door--surprise visit, I guess, for he kept his life in water-tight compartments. He let her in--couldn't keep her in the street. She told him how she had traced him, reproached him, one thing led to another, and then with that dagger so handy the end soon came. It wasn't all done in an instant, though, for these chairs were all swept over yonder, and he had one in his hand as if he had tried to hold her off with it. We've got it all clear as if we had seen it."""
937,"""And yet you have sent for me?"""
938,"""Ah, yes, that's another matter--a mere trifle, but the sort of thing you take an interest in--queer, you know, and what you might call freakish. It has nothing to do with the main fact--can't have, on the face of it."""
939,"""What is it, then?"""
940,"""Well, you know, after a crime of this sort we are very careful to keep things in their position. Nothing has been moved. Officer in charge here day and night. This morning, as the man was buried and the investigation over--so far as this room is concerned--we thought we could tidy up a bit. This carpet. You see, it is not fastened down; only just laid there. We had occasion to raise it. We found--"""
941,"""Yes? You found--"""
942,"""Well, I'm sure you would never guess in a hundred years what we did find. You see that stain on the carpet? Well, a great deal must have soaked through, must it not?"""
943,"""Undoubtedly it must."""
944,"""Well, you will be surprised to hear that there is no stain on the white woodwork to correspond."""
945,"""No stain! But there must--"""
946,"""Yes; so you would say. But the fact remains that there isn't."""
947,"""But the underside is as stained as the upper. It must have left a mark."""
948,"""Now I'll show you the explanation. There is a second stain, but it does not correspond with the other. See for yourself"
949,quote
950,"""You have solved it!"""
951,"""Hardly that, Watson. There are some points which are as dark as ever. But we have so much that it will be our own fault if we cannot get the rest. We will go straight to Whitehall Terrace and bring the matter to a head."""
952,"""Mr. Holmes!"" said the lady, and her face was pink with her indignation, ""this is surely most unfair and ungenerous upon your part. I desired, as I have explained, to keep my visit to you a secret, lest my husband should think that I was intruding into his affairs. And yet you compromise me by coming here and so showing that there are business relations between us."""
953,"""Unfortunately, madam, I had no possible alternative. I have been commissioned to recover this immensely important paper. I must therefore ask you, madam, to be kind enough to place it in my hands."""
954,"""Come, come, madam, it is useless. Give up the letter."""
955,"""Do not ring, Lady Hilda. If you do, then all my earnest efforts to avoid a scandal will be frustrated. Give up the letter and all will be set right. If you will work with me I can arrange everything. If you work against me I must expose you."""
956,"""You are trying to frighten me. It is not a very manly thing, Mr. Holmes, to come here and browbeat a woman. You say that you know something. What is it that you know?"""
957,"""Pray sit down, madam. You will hurt yourself there if you fall. I will not speak until you sit down. Thank you."""
958,"""One is enough, Lady Hilda. I know of your visit to Eduardo Lucas, of your giving him this document, of your ingenious return to the room last night, and of the manner in which you took the letter from the hiding-place under the carpet."""
959,"""You are mad, Mr. Holmes--you are mad!"""
960,"""I have carried this because I thought it might be useful,"" said he. ""The policeman has recognised it."""
961,"""Come, Lady Hilda. You have the letter. The matter may still be adjusted. I have no desire to bring trouble to you. My duty ends when I have returned the lost letter to your husband. Take my advice and be frank with me; it is your only chance."""
962,""""
963,"and I am sure that there is no danger to be apprehended."""
964,"Hope, let us have the despatch-box brought in."""
965,"bring down my despatch-box. This is a farcical waste of time, but still, if nothing else will satisfy you, it shall be done."""
966,"Jacobs; put it here. I have always had the key on my watch-chain. Here are the papers, you see."""
967,"report from Sir Charles Hardy, memorandum from Belgrade, note on the Russo-German grain taxes, letter from Madrid, note from Lord Flowers--good heavens! what is this? Lord Bellinger!"""
968,"it is it--and the letter is intact. Hope, I congratulate you."""
969,"sir, there is more in this than meets the eye. How came the letter back in the box?"""
970,"you see."""
