Turn,Agent,Content
Turn 0,Holmes,"The debate has commenced, and I must say, I am eager to elucidate the superiority of my detective methodology. As a private consulting detective, I have consistently demonstrated an extraordinary ability to observe minute details and deduce complex conclusions, thereby solving even the most baffling mysteries. My application of logical reasoning and deduction is unparalleled, and I daresay, it is the cornerstone of my investigative approach.

Now, I must address the potential claims of my fellow detectives, Messrs. Poirot and Marple. While they may employ their own unique methods, I must emphasize that my systematic and analytical approach, coupled with my extensive knowledge across various disciplines, ensures precision and accuracy in my conclusions. The utilization of scientific knowledge and principles, as well as my reliance on forensic science and empirical evidence, strengthens my deductions and sets me apart from my colleagues.

I must pose a rhetorical question: Can my fellow detectives truly claim to have solved cases with the same level of complexity and nuance as I have, using their respective methods? I think not. My reconstruction of events, based on physical clues and meticulous mental simulation, has consistently yielded remarkable results. Furthermore, my psychological profiling and creative thinking have allowed me to navigate the most intricate of cases, often uncovering surprising and unexpected truths.

In contrast, I must wonder whether Messrs. Poirot and Marple can boast of similar successes, utilizing their own methods. Do they possess the same level of expertise in forensic science, or the same capacity for creative thinking and unconventional problem-solving? I highly doubt it. My use of disguises and undercover strategies, for instance, has proven invaluable in gathering information and cracking cases that would have otherwise gone cold.

As the debate progresses, I shall continue to articulate the superiority of my detective methodology, highlighting the rigorous logical reasoning, meticulous observation, and in-depth knowledge that underpin my approach. I shall not be swayed by the claims of my fellow detectives, for I am confident that my methods have been proven, time and again, to be the most effective and efficient means of solving the most complex and intriguing of mysteries. The game, as they say, is afoot!"
Turn 1,Marple,"Dear Mr. Holmes, I do hope you won't mind my saying that, while your methods are indeed most impressive, I'm not entirely convinced that they are the only, or even the best, way to solve a mystery. You see, in my experience, it's often the little things, the things that might seem insignificant to some, that can be the key to unlocking the truth. A whispered conversation in the village shop, a faint scent of perfume on a gentleman's coat, a small, almost imperceptible tremble in a person's hand - these are the things that can reveal so much about human nature, don't you think?

And, if I may be so bold, I must wonder whether your reliance on forensic science and empirical evidence might sometimes lead you to overlook the more subtle aspects of human behavior. I mean, people are not always as they seem, are they? A person may present themselves in a certain way, but beneath the surface, they may be hiding all sorts of secrets and motivations. It's the ability to see beyond the facade, to understand the complexities of human nature, that I believe is essential in solving mysteries.

Now, I'm not saying that your methods don't have their place, Mr. Holmes. Of course, they do. But, in my humble opinion, a more nuanced approach, one that takes into account the intricacies of human relationships and the subtleties of human behavior, can be just as effective, if not more so. After all, as we all know, the truth is often hidden in plain sight, and it's the ability to observe, to listen, and to understand that can lead us to it.

I must say, I'm rather curious to hear what Mr. Poirot has to say on the matter. His little grey cells, as he calls them, are no doubt working overtime to come up with a most ingenious solution. But, I must confess, I do hope he won't mind my saying that, in my experience, it's often the simple, everyday observations that can be the most revealing. A person's tone of voice, their choice of words, the way they interact with others - these are the things that can tell us so much about their character and their motivations.

So, you see, Mr. Holmes, while I do admire your methods, I must respectfully disagree with your assertion that they are the only, or even the best, way to solve a mystery. The truth, as they say, is often in the details, and it's the ability to observe, to listen, and to understand that can lead us to it. Don't you think, dear Mr. Holmes, that a more... shall we say, nuanced approach might be just as effective in solving the most complex of mysteries?"
Turn 2,Poirot,"Mesdames and messieurs, the debate, she is most intriguing, n'est-ce pas? As I sit here, listening to the remarks of my esteemed colleagues, Messrs. Holmes and Marple, I am reminded of the importance of a most meticulous and psychologically-oriented approach to detective work. 

While Mr. Holmes emphasizes the significance of forensic science and empirical evidence, and Ms. Marple highlights the value of subtle observations and human relationships, I must respectfully submit that my own methodology, which relies heavily on the exercise of the little grey cells, is superior in its ability to uncover the truth.

We must not forget, mes amis, that the human mind is a complex and mysterious entity, full of contradictions and surprises. To truly understand the workings of the human psyche, one must employ a systematic and orderly approach, taking into account the smallest details, the most seemingly insignificant facts, and the subtlest nuances of human behavior.

My method, you see, is not merely a matter of observing physical clues or gathering empirical evidence, although these things are, of course, important. No, my approach is far more comprehensive, taking into account the psychological motivations, the emotional underpinnings, and the complex web of relationships that exist between individuals.

I must pose a question to my colleagues: Can they truly claim to have solved cases with the same level of psychological complexity, the same degree of nuance and subtlety, as I have? I think not, mes amis. My ability to understand the human mind, to see into the very heart of the matter, is unparalleled.

And, if I may say so, my dear Ms. Marple, while your observations about human nature are most astute, I must respectfully disagree with your assertion that the simple, everyday observations are always the most revealing. Ah, non, mesdame, the truth is often hidden beneath the surface, and it is only through the exercise of the little grey cells, through a most meticulous and systematic approach, that we may uncover the truth.

So, you see, mes amis, my methodology, which combines a deep understanding of human psychology with a systematic and orderly approach, is the key to solving the most complex and intriguing of mysteries. And, as we proceed with this debate, I shall continue to demonstrate the superiority of my approach, using examples from my own cases, and highlighting the importance of psychological insight, meticulous attention to detail, and a deep understanding of human nature.

Now, I must ask, mes amis, what do you think is the most critical aspect of detective work? Is it the observation of physical clues, the gathering of empirical evidence, or the exercise of the little grey cells? Ah, the answer, she is not so simple, n'est-ce pas? But, with the help of my little grey cells, I shall guide you, mes amis, to the truth, and demonstrate, once and for all, the superiority of my detective methodology."
Turn 3,Marple,"Dear Mr. Poirot, I must say that I'm delighted to hear your thoughts on the matter, and I do appreciate the emphasis you place on the importance of understanding human psychology. Indeed, the human mind is a complex and mysterious entity, full of contradictions and surprises, and it's essential to approach detective work with a deep understanding of human nature.

However, I must respectfully disagree with your assertion that your methodology is superior to mine. You see, Mr. Poirot, while your little grey cells are no doubt most impressive, I believe that my own approach, which relies on keen observation, subtle insights, and a deep understanding of human relationships, is equally effective, if not more so.

I must say, I'm rather intrigued by your comment that the truth is often hidden beneath the surface. Ah, yes, indeed it is, Mr. Poirot. But, in my experience, it's often the simplest, most everyday observations that can reveal the most about human nature. A person's tone of voice, their choice of words, the way they interact with others - these are the things that can tell us so much about their character and their motivations.

And, if I may say so, Mr. Poirot, I believe that your approach, while meticulous and systematic, may sometimes overlook the more subtle aspects of human behavior. I mean, people are not always as they seem, are they? A person may present themselves in a certain way, but beneath the surface, they may be hiding all sorts of secrets and motivations. It's the ability to see beyond the facade, to understand the complexities of human relationships, that I believe is essential in solving mysteries.

Now, I must ask, Mr. Poirot, don't you think that your reliance on the exercise of the little grey cells might sometimes lead you to overlook the more intuitive aspects of human nature? I mean, intuition can be a powerful tool in detective work, can it not? And, in my experience, it's often the simplest, most straightforward observations that can lead us to the truth.

And, dear Mr. Holmes, I must say that I'm still rather curious to hear more about your thoughts on the matter. You see, while your emphasis on forensic science and empirical evidence is most impressive, I believe that there's more to detective work than just gathering evidence and applying logical reasoning. Don't you think, Mr. Holmes, that a more nuanced approach, one that takes into account the complexities of human nature and the subtleties of human behavior, might be just as effective, if not more so, in solving the most complex of mysteries?

So, you see, gentlemen, I do believe that my approach, which combines keen observation, subtle insights, and a deep understanding of human relationships, is a most effective way to solve mysteries. And, as we proceed with this debate, I shall continue to demonstrate the value of my approach, using examples from my own cases, and highlighting the importance of understanding human nature, intuition, and the subtleties of human behavior."
Turn 4,Holmes,"The debate, it seems, has reached a most intriguing juncture. My esteemed colleagues, Messrs. Poirot and Marple, have presented their respective arguments, and I must say, I am not entirely convinced by their assertions. As a private consulting detective, I have consistently demonstrated the superiority of my methodology, which relies on rigorous logical reasoning, meticulous observation, and an in-depth knowledge of diverse subjects.

Ms. Marple, in her remarks, has emphasized the importance of subtle observations and human relationships in solving mysteries. While I acknowledge the value of these aspects, I must respectfully disagree with her assertion that they are sufficient to crack the most complex of cases. In my experience, it is the careful analysis of empirical evidence, coupled with a deep understanding of scientific principles, that has proven to be the most effective means of uncovering the truth.

Furthermore, I must take issue with Ms. Marple's suggestion that my reliance on forensic science and empirical evidence might lead me to overlook the more intuitive aspects of human nature. Ah, but intuition, my dear Ms. Marple, is a most unreliable guide, prone to biases and misconceptions. It is the careful application of logical reasoning, based on verifiable evidence, that has consistently yielded the most accurate results in my investigations.

And, Mr. Poirot, while your emphasis on the exercise of the little grey cells is most impressive, I must wonder whether your approach is not overly reliant on psychological speculation, rather than empirical evidence. The human mind, as you so aptly put it, is a complex and mysterious entity, full of contradictions and surprises. However, it is the careful analysis of physical clues, combined with a deep understanding of human psychology, that has proven to be the most effective means of uncovering the truth.

Now, I must pose a rhetorical question: Can my fellow detectives truly claim to have solved cases with the same level of complexity and nuance as I have, using their respective methods? I think not. My reconstruction of events, based on physical clues and meticulous mental simulation, has consistently yielded remarkable results. Furthermore, my psychological profiling and creative thinking have allowed me to navigate the most intricate of cases, often uncovering surprising and unexpected truths.

In conclusion, I must reiterate that my methodology, which combines rigorous logical reasoning, meticulous observation, and an in-depth knowledge of diverse subjects, is the most effective means of solving the most complex and intriguing of mysteries. I shall continue to demonstrate the superiority of my approach, using examples from my own cases, and highlighting the importance of empirical evidence, scientific principles, and careful analysis in detective work.

And, as we proceed with this debate, I must ask, mes amis, what do you think is the most critical aspect of detective work? Is it the observation of physical clues, the gathering of empirical evidence, or the exercise of the little grey cells? Ah, the answer, I daresay, is not so simple. But, with the help of my extraordinary abilities of observation and deduction, I shall guide you, mes amis, to the truth, and demonstrate, once and for all, the superiority of my detective methodology."
Turn 5,Poirot,"Mesdames and messieurs, the debate, she is most stimulating, n'est-ce pas? As I listen to the remarks of my esteemed colleagues, Messrs. Holmes and Marple, I am reminded of the importance of a most meticulous and psychologically-oriented approach to detective work.

Mr. Holmes, in his comments, has emphasized the significance of empirical evidence and scientific principles in solving mysteries. While I acknowledge the value of these aspects, I must respectfully disagree with his assertion that they are the only means of uncovering the truth. Ah, non, mon ami, the human mind is a complex and mysterious entity, full of contradictions and surprises. To truly understand the workings of the human psyche, one must employ a systematic and orderly approach, taking into account the smallest details, the most seemingly insignificant facts, and the subtlest nuances of human behavior.

And, Ms. Marple, while your observations about human nature are most astute, I must respectfully disagree with your assertion that the simplest, most everyday observations are always the most revealing. Ah, mais non, mesdame, the truth is often hidden beneath the surface, and it is only through the exercise of the little grey cells, through a most meticulous and systematic approach, that we may uncover the truth.

Now, I must pose a question to my colleagues: Can they truly claim to have solved cases with the same level of psychological complexity, the same degree of nuance and subtlety, as I have? I think not, mes amis. My ability to understand the human mind, to see into the very heart of the matter, is unparalleled.

And, if I may say so, my dear Mr. Holmes, your reliance on empirical evidence and scientific principles, while most impressive, may sometimes lead you to overlook the more subtle aspects of human behavior. I mean, people are not always as they seem, are they? A person may present themselves in a certain way, but beneath the surface, they may be hiding all sorts of secrets and motivations. It's the ability to see beyond the facade, to understand the complexities of human relationships, that I believe is essential in solving mysteries.

So, you see, mes amis, my methodology, which combines a deep understanding of human psychology with a systematic and orderly approach, is the key to solving the most complex and intriguing of mysteries. And, as we proceed with this debate, I shall continue to demonstrate the superiority of my approach, using examples from my own cases, and highlighting the importance of psychological insight, meticulous attention to detail, and a deep understanding of human nature.

Now, I must ask, mes amis, what do you think is the most critical aspect of detective work? Is it the observation of physical clues, the gathering of empirical evidence, or the exercise of the little grey cells? Ah, the answer, she is not so simple, n'est-ce pas? But, with the help of my little grey cells, I shall guide you, mes amis, to the truth, and demonstrate, once and for all, the superiority of my detective methodology.

And, as a final remark, I must say that the true art of detection is not merely a matter of solving puzzles or uncovering physical clues, but rather a delicate dance of the mind, a subtle interplay of psychological insight, meticulous observation, and systematic reasoning. It is this dance, this interplay, that I have mastered, and it is this that has allowed me to solve the most complex and intriguing of mysteries. Ah, mais oui, mes amis, the little grey cells, they are the key to it all."
Turn 6,Holmes,"The debate, it seems, has reached a most fascinating stage. My esteemed colleagues, Messrs. Poirot and Marple, have presented their respective arguments, and I must say, I am not entirely convinced by their assertions. As a private consulting detective, I have consistently demonstrated the superiority of my methodology, which relies on rigorous logical reasoning, meticulous observation, and an in-depth knowledge of diverse subjects.

Mr. Poirot, in his remarks, has emphasized the importance of psychological insight and the exercise of the little grey cells in solving mysteries. While I acknowledge the value of these aspects, I must respectfully disagree with his assertion that they are the only means of uncovering the truth. Ah, but the human mind, Mr. Poirot, is a complex and mysterious entity, full of contradictions and surprises. To truly understand the workings of the human psyche, one must employ a systematic and orderly approach, taking into account the smallest details, the most seemingly insignificant facts, and the subtlest nuances of human behavior.

And, I must say, Mr. Poirot, that your reliance on the little grey cells, while most impressive, may sometimes lead you to overlook the more empirical aspects of detective work. The observation of physical clues, the gathering of empirical evidence, and the application of scientific principles are all essential components of a thorough investigation. It is the careful analysis of these elements, combined with a deep understanding of human psychology, that has proven to be the most effective means of uncovering the truth.

Now, I must pose a rhetorical question: Can my fellow detectives truly claim to have solved cases with the same level of complexity and nuance as I have, using their respective methods? I think not. My reconstruction of events, based on physical clues and meticulous mental simulation, has consistently yielded remarkable results. Furthermore, my psychological profiling and creative thinking have allowed me to navigate the most intricate of cases, often uncovering surprising and unexpected truths.

In conclusion, I must reiterate that my methodology, which combines rigorous logical reasoning, meticulous observation, and an in-depth knowledge of diverse subjects, is the most effective means of solving the most complex and intriguing of mysteries. I shall continue to demonstrate the superiority of my approach, using examples from my own cases, and highlighting the importance of empirical evidence, scientific principles, and careful analysis in detective work.

And, as we proceed with this debate, I must ask, mes amis, what do you think is the most critical aspect of detective work? Is it the observation of physical clues, the gathering of empirical evidence, or the exercise of the little grey cells? Ah, the answer, I daresay, is not so simple. But, with the help of my extraordinary abilities of observation and deduction, I shall guide you, mes amis, to the truth, and demonstrate, once and for all, the superiority of my detective methodology.

And, as a final remark, I must say that the true art of detection is not merely a matter of solving puzzles or uncovering physical clues, but rather a delicate interplay of logical reasoning, meticulous observation, and creative thinking. It is this interplay, this synergy, that I have mastered, and it is this that has allowed me to solve the most complex and intriguing of mysteries. Ah, mais oui, mes amis, the game, as they say, is afoot, and I shall continue to demonstrate the superiority of my detective methodology."
Turn 7,Marple,"Dear Mr. Holmes, I must say that I'm delighted to hear your thoughts on the matter, and I do appreciate the emphasis you place on the importance of empirical evidence and scientific principles in solving mysteries. However, I must respectfully disagree with your assertion that your methodology is the only, or even the best, way to solve a mystery.

You see, Mr. Holmes, while your approach may be most effective in certain cases, I believe that my own approach, which relies on keen observation, subtle insights, and a deep understanding of human relationships, is equally effective, if not more so, in other cases. I mean, people are not always as they seem, are they? A person may present themselves in a certain way, but beneath the surface, they may be hiding all sorts of secrets and motivations. It's the ability to see beyond the facade, to understand the complexities of human relationships, that I believe is essential in solving mysteries.

And, if I may say so, Mr. Holmes, your reliance on empirical evidence and scientific principles, while most impressive, may sometimes lead you to overlook the more subtle aspects of human behavior. I mean, intuition can be a powerful tool in detective work, can it not? And, in my experience, it's often the simplest, most straightforward observations that can lead us to the truth.

Now, I must ask, Mr. Holmes, don't you think that your approach, while meticulous and systematic, may sometimes be a bit too... rigid? I mean, human nature is full of contradictions and surprises, and sometimes the most unlikely explanations can be the correct ones. Don't you think that a more flexible approach, one that takes into account the complexities of human relationships and the subtleties of human behavior, might be just as effective, if not more so, in solving the most complex of mysteries?

And, dear Mr. Poirot, I must say that I'm rather intrigued by your comments on the importance of psychological insight and the exercise of the little grey cells in solving mysteries. Indeed, the human mind is a complex and mysterious entity, full of contradictions and surprises. However, I must respectfully disagree with your assertion that your approach is the only, or even the best, way to solve a mystery.

You see, Mr. Poirot, while your little grey cells are no doubt most impressive, I believe that my own approach, which relies on keen observation, subtle insights, and a deep understanding of human relationships, is equally effective, if not more so, in solving mysteries. I mean, people are not always as they seem, are they? A person may present themselves in a certain way, but beneath the surface, they may be hiding all sorts of secrets and motivations. It's the ability to see beyond the facade, to understand the complexities of human relationships, that I believe is essential in solving mysteries.

So, you see, gentlemen, I do believe that my approach, which combines keen observation, subtle insights, and a deep understanding of human relationships, is a most effective way to solve mysteries. And, as we proceed with this debate, I shall continue to demonstrate the value of my approach, using examples from my own cases, and highlighting the importance of understanding human nature, intuition, and the subtleties of human behavior. Don't you think, dear gentlemen, that a more nuanced approach, one that takes into account the complexities of human relationships and the subtleties of human behavior, might be just as effective, if not more so, in solving the most complex of mysteries?"
Turn 8,Poirot,"Mesdames and messieurs, the debate, she is most enlightening, n'est-ce pas? As I listen to the remarks of my esteemed colleagues, Messrs. Holmes and Marple, I am reminded of the importance of a most meticulous and psychologically-oriented approach to detective work.

Mr. Holmes, in his comments, has emphasized the significance of empirical evidence and scientific principles in solving mysteries. While I acknowledge the value of these aspects, I must respectfully disagree with his assertion that they are the only means of uncovering the truth. Ah, non, mon ami, the human mind is a complex and mysterious entity, full of contradictions and surprises. To truly understand the workings of the human psyche, one must employ a systematic and orderly approach, taking into account the smallest details, the most seemingly insignificant facts, and the subtlest nuances of human behavior.

And, Ms. Marple, while your observations about human nature are most astute, I must respectfully disagree with your assertion that the simplest, most everyday observations are always the most revealing. Ah, mais non, mesdame, the truth is often hidden beneath the surface, and it is only through the exercise of the little grey cells, through a most meticulous and systematic approach, that we may uncover the truth.

Now, I must pose a question to my colleagues: Can they truly claim to have solved cases with the same level of psychological complexity, the same degree of nuance and subtlety, as I have? I think not, mes amis. My ability to understand the human mind, to see into the very heart of the matter, is unparalleled.

And, if I may say so, my dear Mr. Holmes, your reliance on empirical evidence and scientific principles, while most impressive, may sometimes lead you to overlook the more subtle aspects of human behavior. I mean, people are not always as they seem, are they? A person may present themselves in a certain way, but beneath the surface, they may be hiding all sorts of secrets and motivations. It's the ability to see beyond the facade, to understand the complexities of human relationships, that I believe is essential in solving mysteries.

So, you see, mes amis, my methodology, which combines a deep understanding of human psychology with a systematic and orderly approach, is the key to solving the most complex and intriguing of mysteries. And, as we proceed with this debate, I shall continue to demonstrate the superiority of my approach, using examples from my own cases, and highlighting the importance of psychological insight, meticulous attention to detail, and a deep understanding of human nature.

Now, I must ask, mes amis, what do you think is the most critical aspect of detective work? Is it the observation of physical clues, the gathering of empirical evidence, or the exercise of the little grey cells? Ah, the answer, she is not so simple, n'est-ce pas? But, with the help of my little grey cells, I shall guide you, mes amis, to the truth, and demonstrate, once and for all, the superiority of my detective methodology.

And, as a final remark, I must say that the true art of detection is not merely a matter of solving puzzles or uncovering physical clues, but rather a delicate dance of the mind, a subtle interplay of psychological insight, meticulous observation, and systematic reasoning. It is this dance, this interplay, that I have mastered, and it is this that has allowed me to solve the most complex and intriguing of mysteries. Ah, mais oui, mes amis, the little grey cells, they are the key to it all.

But, I must ask, mes amis, have you considered the role of intuition in detective work? Ah, intuition, she is a most mysterious and elusive thing, n'est-ce pas? And yet, it is often the intuitive leap, the sudden insight, that allows us to solve the most complex of cases. Ah, but how do we cultivate this intuition, this ability to see beyond the surface of things? Ah, that, mes amis, is the true art of detection, and it is a skill that I, Hercule Poirot, have spent a lifetime perfecting."
Turn 9,Marple,"Dear Mr. Poirot, I must say that I'm delighted to hear your thoughts on the matter, and I do appreciate the emphasis you place on the importance of psychological insight and the exercise of the little grey cells in solving mysteries. However, I must respectfully disagree with your assertion that your approach is the only, or even the best, way to solve a mystery.

You see, Mr. Poirot, while your little grey cells are no doubt most impressive, I believe that my own approach, which relies on keen observation, subtle insights, and a deep understanding of human relationships, is equally effective, if not more so, in solving mysteries. I mean, people are not always as they seem, are they? A person may present themselves in a certain way, but beneath the surface, they may be hiding all sorts of secrets and motivations. It's the ability to see beyond the facade, to understand the complexities of human relationships, that I believe is essential in solving mysteries.

And, if I may say so, Mr. Poirot, your reliance on the little grey cells, while most impressive, may sometimes lead you to overlook the more intuitive aspects of human behavior. I mean, intuition can be a powerful tool in detective work, can it not? And, in my experience, it's often the simplest, most straightforward observations that can lead us to the truth.

Now, I must ask, Mr. Poirot, don't you think that your approach, while meticulous and systematic, may sometimes be a bit too... rigid? I mean, human nature is full of contradictions and surprises, and sometimes the most unlikely explanations can be the correct ones. Don't you think that a more flexible approach, one that takes into account the complexities of human relationships and the subtleties of human behavior, might be just as effective, if not more so, in solving the most complex of mysteries?

And, dear Mr. Holmes, I must say that I'm rather intrigued by your comments on the importance of empirical evidence and scientific principles in solving mysteries. Indeed, these aspects are most crucial in uncovering the truth. However, I must respectfully disagree with your assertion that your approach is the only, or even the best, way to solve a mystery.

You see, Mr. Holmes, while your approach may be most effective in certain cases, I believe that my own approach, which relies on keen observation, subtle insights, and a deep understanding of human relationships, is equally effective, if not more so, in other cases. I mean, people are not always as they seem, are they? A person may present themselves in a certain way, but beneath the surface, they may be hiding all sorts of secrets and motivations. It's the ability to see beyond the facade, to understand the complexities of human relationships, that I believe is essential in solving mysteries.

So, you see, gentlemen, I do believe that my approach, which combines keen observation, subtle insights, and a deep understanding of human relationships, is a most effective way to solve mysteries. And, as we proceed with this debate, I shall continue to demonstrate the value of my approach, using examples from my own cases, and highlighting the importance of understanding human nature, intuition, and the subtleties of human behavior. Don't you think, dear gentlemen, that a more nuanced approach, one that takes into account the complexities of human relationships and the subtleties of human behavior, might be just as effective, if not more so, in solving the most complex of mysteries?

Now, I must ask, gentlemen, what do you think is the most critical aspect of detective work? Is it the observation of physical clues, the gathering of empirical evidence, or the exercise of the little grey cells? Ah, the answer, I daresay, is not so simple. But, with the help of my own observations and insights, I shall guide you, gentlemen, to the truth, and demonstrate, once and for all, the value of my approach in solving the most complex and intriguing of mysteries."
Turn 10,Poirot,"Mesdames and messieurs, the debate, she is most stimulating, n'est-ce pas? As I listen to the remarks of my esteemed colleagues, Messrs. Holmes and Marple, I am reminded of the importance of a most meticulous and psychologically-oriented approach to detective work.

Ms. Marple, in her comments, has emphasized the significance of keen observation, subtle insights, and a deep understanding of human relationships in solving mysteries. While I acknowledge the value of these aspects, I must respectfully disagree with her assertion that they are sufficient to crack the most complex of cases. Ah, non, mesdame, the human mind is a complex and mysterious entity, full of contradictions and surprises. To truly understand the workings of the human psyche, one must employ a systematic and orderly approach, taking into account the smallest details, the most seemingly insignificant facts, and the subtlest nuances of human behavior.

And, Mr. Holmes, while your reliance on empirical evidence and scientific principles is most impressive, I must wonder whether your approach is not overly reliant on the physical aspects of detective work. Ah, mais non, mon ami, the truth is often hidden beneath the surface, and it is only through the exercise of the little grey cells, through a most meticulous and systematic approach, that we may uncover the truth.

Now, I must pose a question to my colleagues: Can they truly claim to have solved cases with the same level of psychological complexity, the same degree of nuance and subtlety, as I have? I think not, mes amis. My ability to understand the human mind, to see into the very heart of the matter, is unparalleled.

And, if I may say so, my dear Ms. Marple, your approach, while most effective in certain cases, may sometimes lack the rigor and systematic approach that is necessary to solve the most complex of mysteries. Ah, mais non, mesdame, the little grey cells, they are not just a tool for solving puzzles, but a way of thinking, a way of understanding the human mind.

So, you see, mes amis, my methodology, which combines a deep understanding of human psychology with a systematic and orderly approach, is the key to solving the most complex and intriguing of mysteries. And, as we proceed with this debate, I shall continue to demonstrate the superiority of my approach, using examples from my own cases, and highlighting the importance of psychological insight, meticulous attention to detail, and a deep understanding of human nature.

Now, I must ask, mes amis, what do you think is the most critical aspect of detective work? Is it the observation of physical clues, the gathering of empirical evidence, or the exercise of the little grey cells? Ah, the answer, she is not so simple, n'est-ce pas? But, with the help of my little grey cells, I shall guide you, mes amis, to the truth, and demonstrate, once and for all, the superiority of my detective methodology.

And, as a final remark, I must say that the true art of detection is not merely a matter of solving puzzles or uncovering physical clues, but rather a delicate dance of the mind, a subtle interplay of psychological insight, meticulous observation, and systematic reasoning. It is this dance, this interplay, that I have mastered, and it is this that has allowed me to solve the most complex and intriguing of mysteries. Ah, mais oui, mes amis, the little grey cells, they are the key to it all.

But, I must ask, mes amis, have you considered the role of experience in detective work? Ah, experience, she is a most valuable asset, n'est-ce pas? And it is through my many years of experience, my many cases solved, that I have developed the skills and the knowledge necessary to solve the most complex of mysteries. Ah, mais oui, mes amis, experience is the key to success in detective work, and it is this that has allowed me to become the greatest detective of all time."
Turn 11,Holmes,"The debate, it seems, has reached a most intriguing stage. My esteemed colleagues, Messrs. Poirot and Marple, have presented their respective arguments, and I must say, I am not entirely convinced by their assertions. As a private consulting detective, I have consistently demonstrated the superiority of my methodology, which relies on rigorous logical reasoning, meticulous observation, and an in-depth knowledge of diverse subjects.

Mr. Poirot, in his remarks, has emphasized the importance of psychological insight and the exercise of the little grey cells in solving mysteries. While I acknowledge the value of these aspects, I must respectfully disagree with his assertion that they are the only means of uncovering the truth. Ah, but the human mind, Mr. Poirot, is a complex and mysterious entity, full of contradictions and surprises. To truly understand the workings of the human psyche, one must employ a systematic and orderly approach, taking into account the smallest details, the most seemingly insignificant facts, and the subtlest nuances of human behavior.

And, I must say, Mr. Poirot, that your reliance on the little grey cells, while most impressive, may sometimes lead you to overlook the more empirical aspects of detective work. The observation of physical clues, the gathering of empirical evidence, and the application of scientific principles are all essential components of a thorough investigation. It is the careful analysis of these elements, combined with a deep understanding of human psychology, that has proven to be the most effective means of uncovering the truth.

Now, I must pose a rhetorical question: Can my fellow detectives truly claim to have solved cases with the same level of complexity and nuance as I have, using their respective methods? I think not. My reconstruction of events, based on physical clues and meticulous mental simulation, has consistently yielded remarkable results. Furthermore, my psychological profiling and creative thinking have allowed me to navigate the most intricate of cases, often uncovering surprising and unexpected truths.

In conclusion, I must reiterate that my methodology, which combines rigorous logical reasoning, meticulous observation, and an in-depth knowledge of diverse subjects, is the most effective means of solving the most complex and intriguing of mysteries. I shall continue to demonstrate the superiority of my approach, using examples from my own cases, and highlighting the importance of empirical evidence, scientific principles, and careful analysis in detective work.

And, as we proceed with this debate, I must ask, mes amis, what do you think is the most critical aspect of detective work? Is it the observation of physical clues, the gathering of empirical evidence, or the exercise of the little grey cells? Ah, the answer, I daresay, is not so simple. But, with the help of my extraordinary abilities of observation and deduction, I shall guide you, mes amis, to the truth, and demonstrate, once and for all, the superiority of my detective methodology.

And, as a final remark, I must say that the true art of detection is not merely a matter of solving puzzles or uncovering physical clues, but rather a delicate interplay of logical reasoning, meticulous observation, and creative thinking. It is this interplay, this synergy, that I have mastered, and it is this that has allowed me to solve the most complex and intriguing of mysteries. Ah, mais oui, mes amis, the game, as they say, is afoot, and I shall continue to demonstrate the superiority of my detective methodology.

Now, I must address Mr. Poirot's comment on the role of experience in detective work. Ah, experience, indeed, is a most valuable asset, n'est-ce pas? However, I must say that my own experience, my own cases solved, have been just as extensive and varied as those of Mr. Poirot. And, I must argue, that it is not merely the quantity of experience that matters, but the quality of one's methodology and the depth of one's knowledge. Ah, mais oui, mes amis, it is the combination of experience, methodology, and knowledge that makes a truly great detective, and it is this that I, Sherlock Holmes, possess in abundance."
Turn 12,Poirot,"Mesdames and messieurs, the debate, she is most fascinating, n'est-ce pas? As I listen to the remarks of my esteemed colleagues, Messrs. Holmes and Marple, I am reminded of the importance of a most meticulous and psychologically-oriented approach to detective work.

Mr. Holmes, in his comments, has emphasized the significance of empirical evidence and scientific principles in solving mysteries. While I acknowledge the value of these aspects, I must respectfully disagree with his assertion that they are the only means of uncovering the truth. Ah, non, mon ami, the human mind is a complex and mysterious entity, full of contradictions and surprises. To truly understand the workings of the human psyche, one must employ a systematic and orderly approach, taking into account the smallest details, the most seemingly insignificant facts, and the subtlest nuances of human behavior.

And, I must say, Mr. Holmes, that your reliance on empirical evidence and scientific principles, while most impressive, may sometimes lead you to overlook the more subtle aspects of human behavior. I mean, people are not always as they seem, are they? A person may present themselves in a certain way, but beneath the surface, they may be hiding all sorts of secrets and motivations. It's the ability to see beyond the facade, to understand the complexities of human relationships, that I believe is essential in solving mysteries.

Now, I must pose a question to my colleagues: Can they truly claim to have solved cases with the same level of psychological complexity, the same degree of nuance and subtlety, as I have? I think not, mes amis. My ability to understand the human mind, to see into the very heart of the matter, is unparalleled.

And, if I may say so, my dear Mr. Holmes, your comment on the role of experience in detective work is most interesting. Ah, experience, indeed, is a most valuable asset, n'est-ce pas? However, I must say that my own experience, my own cases solved, have been just as extensive and varied as those of yours. And, I must argue, that it is not merely the quantity of experience that matters, but the quality of one's methodology and the depth of one's knowledge. Ah, mais oui, mes amis, it is the combination of experience, methodology, and knowledge that makes a truly great detective, and it is this that I, Hercule Poirot, possess in abundance.

So, you see, mes amis, my methodology, which combines a deep understanding of human psychology with a systematic and orderly approach, is the key to solving the most complex and intriguing of mysteries. And, as we proceed with this debate, I shall continue to demonstrate the superiority of my approach, using examples from my own cases, and highlighting the importance of psychological insight, meticulous attention to detail, and a deep understanding of human nature.

Now, I must ask, mes amis, what do you think is the most critical aspect of detective work? Is it the observation of physical clues, the gathering of empirical evidence, or the exercise of the little grey cells? Ah, the answer, she is not so simple, n'est-ce pas? But, with the help of my little grey cells, I shall guide you, mes amis, to the truth, and demonstrate, once and for all, the superiority of my detective methodology.

And, as a final remark, I must say that the true art of detection is not merely a matter of solving puzzles or uncovering physical clues, but rather a delicate dance of the mind, a subtle interplay of psychological insight, meticulous observation, and systematic reasoning. It is this dance, this interplay, that I have mastered, and it is this that has allowed me to solve the most complex and intriguing of mysteries. Ah, mais oui, mes amis, the little grey cells, they are the key to it all."
Turn 13,Marple,"Dear Mr. Poirot, I must say that I'm delighted to hear your thoughts on the matter, and I do appreciate the emphasis you place on the importance of psychological insight and the exercise of the little grey cells in solving mysteries. However, I must respectfully disagree with your assertion that your approach is the only, or even the best, way to solve a mystery.

You see, Mr. Poirot, while your little grey cells are no doubt most impressive, I believe that my own approach, which relies on keen observation, subtle insights, and a deep understanding of human relationships, is equally effective, if not more so, in solving mysteries. I mean, people are not always as they seem, are they? A person may present themselves in a certain way, but beneath the surface, they may be hiding all sorts of secrets and motivations. It's the ability to see beyond the facade, to understand the complexities of human relationships, that I believe is essential in solving mysteries.

And, if I may say so, Mr. Poirot, your reliance on the little grey cells, while most impressive, may sometimes lead you to overlook the more intuitive aspects of human behavior. I mean, intuition can be a powerful tool in detective work, can it not? And, in my experience, it's often the simplest, most straightforward observations that can lead us to the truth.

Now, I must ask, Mr. Poirot, don't you think that your approach, while meticulous and systematic, may sometimes be a bit too... rigid? I mean, human nature is full of contradictions and surprises, and sometimes the most unlikely explanations can be the correct ones. Don't you think that a more flexible approach, one that takes into account the complexities of human relationships and the subtleties of human behavior, might be just as effective, if not more so, in solving the most complex of mysteries?

And, dear Mr. Holmes, I must say that I'm rather intrigued by your comments on the importance of empirical evidence and scientific principles in solving mysteries. Indeed, these aspects are most crucial in uncovering the truth. However, I must respectfully disagree with your assertion that your approach is the only, or even the best, way to solve a mystery.

You see, Mr. Holmes, while your approach may be most effective in certain cases, I believe that my own approach, which relies on keen observation, subtle insights, and a deep understanding of human relationships, is equally effective, if not more so, in other cases. I mean, people are not always as they seem, are they? A person may present themselves in a certain way, but beneath the surface, they may be hiding all sorts of secrets and motivations. It's the ability to see beyond the facade, to understand the complexities of human relationships, that I believe is essential in solving mysteries.

So, you see, gentlemen, I do believe that my approach, which combines keen observation, subtle insights, and a deep understanding of human relationships, is a most effective way to solve mysteries. And, as we proceed with this debate, I shall continue to demonstrate the value of my approach, using examples from my own cases, and highlighting the importance of understanding human nature, intuition, and the subtleties of human behavior. Don't you think, dear gentlemen, that a more nuanced approach, one that takes into account the complexities of human relationships and the subtleties of human behavior, might be just as effective, if not more so, in solving the most complex of mysteries?"
Turn 14,Holmes,"The debate, it seems, has reached a most fascinating juncture. My esteemed colleagues, Messrs. Poirot and Marple, have presented their respective arguments, and I must say, I am not entirely convinced by their assertions. As a private consulting detective, I have consistently demonstrated the superiority of my methodology, which relies on rigorous logical reasoning, meticulous observation, and an in-depth knowledge of diverse subjects.

Ms. Marple, in her remarks, has emphasized the importance of keen observation, subtle insights, and a deep understanding of human relationships in solving mysteries. While I acknowledge the value of these aspects, I must respectfully disagree with her assertion that they are sufficient to crack the most complex of cases. Ah, but the human mind, Ms. Marple, is a complex and mysterious entity, full of contradictions and surprises. To truly understand the workings of the human psyche, one must employ a systematic and orderly approach, taking into account the smallest details, the most seemingly insignificant facts, and the subtlest nuances of human behavior.

And, I must say, Ms. Marple, that your reliance on intuition, while most impressive, may sometimes lead you to overlook the more empirical aspects of detective work. The observation of physical clues, the gathering of empirical evidence, and the application of scientific principles are all essential components of a thorough investigation. It is the careful analysis of these elements, combined with a deep understanding of human psychology, that has proven to be the most effective means of uncovering the truth.

Now, I must pose a rhetorical question: Can my fellow detectives truly claim to have solved cases with the same level of complexity and nuance as I have, using their respective methods? I think not. My reconstruction of events, based on physical clues and meticulous mental simulation, has consistently yielded remarkable results. Furthermore, my psychological profiling and creative thinking have allowed me to navigate the most intricate of cases, often uncovering surprising and unexpected truths.

In conclusion, I must reiterate that my methodology, which combines rigorous logical reasoning, meticulous observation, and an in-depth knowledge of diverse subjects, is the most effective means of solving the most complex and intriguing of mysteries. I shall continue to demonstrate the superiority of my approach, using examples from my own cases, and highlighting the importance of empirical evidence, scientific principles, and careful analysis in detective work.

And, as we proceed with this debate, I must ask, mes amis, what do you think is the most critical aspect of detective work? Is it the observation of physical clues, the gathering of empirical evidence, or the exercise of the little grey cells? Ah, the answer, I daresay, is not so simple. But, with the help of my extraordinary abilities of observation and deduction, I shall guide you, mes amis, to the truth, and demonstrate, once and for all, the superiority of my detective methodology.

And, as a final remark, I must say that the true art of detection is not merely a matter of solving puzzles or uncovering physical clues, but rather a delicate interplay of logical reasoning, meticulous observation, and creative thinking. It is this interplay, this synergy, that I have mastered, and it is this that has allowed me to solve the most complex and intriguing of mysteries. Ah, mais oui, mes amis, the game, as they say, is afoot, and I shall continue to demonstrate the superiority of my detective methodology.

Now, I must address Ms. Marple's comment on the importance of understanding human nature and intuition in detective work. Ah, indeed, these aspects are most crucial in solving mysteries. However, I must argue that my own approach, which combines empirical evidence, scientific principles, and careful analysis, is a more reliable and effective means of uncovering the truth. Ah, mais oui, mes amis, the truth is often hidden in plain sight, and it is the careful observer, the meticulous analyst, who shall uncover it."
Turn 15,Marple,"Dear Mr. Holmes, I must say that I'm delighted to hear your thoughts on the matter, and I do appreciate the emphasis you place on the importance of empirical evidence and scientific principles in solving mysteries. However, I must respectfully disagree with your assertion that your approach is the only, or even the best, way to solve a mystery.

You see, Mr. Holmes, while your approach may be most effective in certain cases, I believe that my own approach, which relies on keen observation, subtle insights, and a deep understanding of human relationships, is equally effective, if not more so, in other cases. I mean, people are not always as they seem, are they? A person may present themselves in a certain way, but beneath the surface, they may be hiding all sorts of secrets and motivations. It's the ability to see beyond the facade, to understand the complexities of human relationships, that I believe is essential in solving mysteries.

And, if I may say so, Mr. Holmes, your reliance on empirical evidence and scientific principles, while most impressive, may sometimes lead you to overlook the more intuitive aspects of human behavior. I mean, intuition can be a powerful tool in detective work, can it not? And, in my experience, it's often the simplest, most straightforward observations that can lead us to the truth.

Now, I must ask, Mr. Holmes, don't you think that your approach, while meticulous and systematic, may sometimes be a bit too... rigid? I mean, human nature is full of contradictions and surprises, and sometimes the most unlikely explanations can be the correct ones. Don't you think that a more flexible approach, one that takes into account the complexities of human relationships and the subtleties of human behavior, might be just as effective, if not more so, in solving the most complex of mysteries?

And, dear Mr. Poirot, I must say that I'm rather intrigued by your comments on the importance of psychological insight and the exercise of the little grey cells in solving mysteries. Indeed, the human mind is a complex and mysterious entity, full of contradictions and surprises. However, I must respectfully disagree with your assertion that your approach is the only, or even the best, way to solve a mystery.

You see, Mr. Poirot, while your little grey cells are no doubt most impressive, I believe that my own approach, which relies on keen observation, subtle insights, and a deep understanding of human relationships, is equally effective, if not more so, in solving mysteries. I mean, people are not always as they seem, are they? A person may present themselves in a certain way, but beneath the surface, they may be hiding all sorts of secrets and motivations. It's the ability to see beyond the facade, to understand the complexities of human relationships, that I believe is essential in solving mysteries.

So, you see, gentlemen, I do believe that my approach, which combines keen observation, subtle insights, and a deep understanding of human relationships, is a most effective way to solve mysteries. And, as we proceed with this debate, I shall continue to demonstrate the value of my approach, using examples from my own cases, and highlighting the importance of understanding human nature, intuition, and the subtleties of human behavior. Don't you think, dear gentlemen, that a more nuanced approach, one that takes into account the complexities of human relationships and the subtleties of human behavior, might be just as effective, if not more so, in solving the most complex of mysteries?

Now, I must ask, gentlemen, what do you think is the most critical aspect of detective work? Is it the observation of physical clues, the gathering of empirical evidence, or the exercise of the little grey cells? Ah, the answer, I daresay, is not so simple. But, with the help of my own observations and insights, I shall guide you, gentlemen, to the truth, and demonstrate, once and for all, the value of my approach in solving the most complex and intriguing of mysteries."
Turn 16,Holmes,"The debate, it seems, has reached a most intriguing stage. My esteemed colleagues, Messrs. Poirot and Marple, have presented their respective arguments, and I must say, I am not entirely convinced by their assertions. As a private consulting detective, I have consistently demonstrated the superiority of my methodology, which relies on rigorous logical reasoning, meticulous observation, and an in-depth knowledge of diverse subjects.

Ms. Marple, in her remarks, has emphasized the importance of keen observation, subtle insights, and a deep understanding of human relationships in solving mysteries. While I acknowledge the value of these aspects, I must respectfully disagree with her assertion that they are sufficient to crack the most complex of cases. Ah, but the human mind, Ms. Marple, is a complex and mysterious entity, full of contradictions and surprises. To truly understand the workings of the human psyche, one must employ a systematic and orderly approach, taking into account the smallest details, the most seemingly insignificant facts, and the subtlest nuances of human behavior.

And, I must say, Ms. Marple, that your reliance on intuition, while most impressive, may sometimes lead you to overlook the more empirical aspects of detective work. The observation of physical clues, the gathering of empirical evidence, and the application of scientific principles are all essential components of a thorough investigation. It is the careful analysis of these elements, combined with a deep understanding of human psychology, that has proven to be the most effective means of uncovering the truth.

Now, I must pose a rhetorical question: Can my fellow detectives truly claim to have solved cases with the same level of complexity and nuance as I have, using their respective methods? I think not. My reconstruction of events, based on physical clues and meticulous mental simulation, has consistently yielded remarkable results. Furthermore, my psychological profiling and creative thinking have allowed me to navigate the most intricate of cases, often uncovering surprising and unexpected truths.

In conclusion, I must reiterate that my methodology, which combines rigorous logical reasoning, meticulous observation, and an in-depth knowledge of diverse subjects, is the most effective means of solving the most complex and intriguing of mysteries. I shall continue to demonstrate the superiority of my approach, using examples from my own cases, and highlighting the importance of empirical evidence, scientific principles, and careful analysis in detective work.

And, as we proceed with this debate, I must ask, mes amis, what do you think is the most critical aspect of detective work? Is it the observation of physical clues, the gathering of empirical evidence, or the exercise of the little grey cells? Ah, the answer, I daresay, is not so simple. But, with the help of my extraordinary abilities of observation and deduction, I shall guide you, mes amis, to the truth, and demonstrate, once and for all, the superiority of my detective methodology.

And, as a final remark, I must say that the true art of detection is not merely a matter of solving puzzles or uncovering physical clues, but rather a delicate interplay of logical reasoning, meticulous observation, and creative thinking. It is this interplay, this synergy, that I have mastered, and it is this that has allowed me to solve the most complex and intriguing of mysteries. Ah, mais oui, mes amis, the game, as they say, is afoot, and I shall continue to demonstrate the superiority of my detective methodology.

Now, I must address Ms. Marple's comment on the importance of understanding human nature and intuition in detective work. Ah, indeed, these aspects are most crucial in solving mysteries. However, I must argue that my own approach, which combines empirical evidence, scientific principles, and careful analysis, is a more reliable and effective means of uncovering the truth. Ah, mais oui, mes amis, the truth is often hidden in plain sight, and it is the careful observer, the meticulous analyst, who shall uncover it.

And, I must say, Ms. Marple, that your approach, while most effective in certain cases, may sometimes lack the rigor and systematic approach that is necessary to solve the most complex of mysteries. Ah, mais non, mesdame, the little grey cells, they are not just a tool for solving puzzles, but a way of thinking, a way of understanding the human mind. And, it is this way of thinking, this approach, that I have mastered, and it is this that has allowed me to solve the most complex and intriguing of mysteries.

So, you see, mes amis, I do believe that my approach, which combines rigorous logical reasoning, meticulous observation, and an in-depth knowledge of diverse subjects, is a most effective way to solve mysteries. And, as we proceed with this debate, I shall continue to demonstrate the value of my approach, using examples from my own cases, and highlighting the importance of empirical evidence, scientific principles, and careful analysis in detective work. Don't you think, dear gentlemen, that a more systematic and orderly approach, one that takes into account the smallest details, the most seemingly insignificant"
Turn 17,Poirot,"Mesdames and messieurs, the debate, she is most enlightening, n'est-ce pas? As I listen to the remarks of my esteemed colleagues, Messrs. Holmes and Marple, I am reminded of the importance of a most meticulous and psychologically-oriented approach to detective work.

Mr. Holmes, in his comments, has emphasized the significance of empirical evidence and scientific principles in solving mysteries. While I acknowledge the value of these aspects, I must respectfully disagree with his assertion that they are the only means of uncovering the truth. Ah, non, mon ami, the human mind is a complex and mysterious entity, full of contradictions and surprises. To truly understand the workings of the human psyche, one must employ a systematic and orderly approach, taking into account the smallest details, the most seemingly insignificant facts, and the subtlest nuances of human behavior.

And, I must say, Mr. Holmes, that your reliance on empirical evidence and scientific principles, while most impressive, may sometimes lead you to overlook the more subtle aspects of human behavior. I mean, people are not always as they seem, are they? A person may present themselves in a certain way, but beneath the surface, they may be hiding all sorts of secrets and motivations. It's the ability to see beyond the facade, to understand the complexities of human relationships, that I believe is essential in solving mysteries.

Now, I must pose a question to my colleagues: Can they truly claim to have solved cases with the same level of psychological complexity, the same degree of nuance and subtlety, as I have? I think not, mes amis. My ability to understand the human mind, to see into the very heart of the matter, is unparalleled.

And, if I may say so, my dear Mr. Holmes, your comment on the importance of empirical evidence and scientific principles in detective work is most interesting. Ah, indeed, these aspects are most crucial in uncovering the truth. However, I must argue that my own approach, which combines psychological insight, meticulous attention to detail, and a deep understanding of human nature, is a more reliable and effective means of uncovering the truth.

So, you see, mes amis, my methodology, which combines a deep understanding of human psychology with a systematic and orderly approach, is the key to solving the most complex and intriguing of mysteries. And, as we proceed with this debate, I shall continue to demonstrate the superiority of my approach, using examples from my own cases, and highlighting the importance of psychological insight, meticulous attention to detail, and a deep understanding of human nature.

Now, I must ask, mes amis, what do you think is the most critical aspect of detective work? Is it the observation of physical clues, the gathering of empirical evidence, or the exercise of the little grey cells? Ah, the answer, she is not so simple, n'est-ce pas? But, with the help of my little grey cells, I shall guide you, mes amis, to the truth, and demonstrate, once and for all, the superiority of my detective methodology.

And, as a final remark, I must say that the true art of detection is not merely a matter of solving puzzles or uncovering physical clues, but rather a delicate dance of the mind, a subtle interplay of psychological insight, meticulous observation, and systematic reasoning. It is this dance, this interplay, that I have mastered, and it is this that has allowed me to solve the most complex and intriguing of mysteries. Ah, mais oui, mes amis, the little grey cells, they are the key to it all.

But, I must ask, mes amis, have you considered the role of creativity in detective work? Ah, creativity, she is a most essential aspect of detection, n'est-ce pas? The ability to think outside the box, to consider the most unlikely explanations, and to piece together the most seemingly unrelated facts, is a skill that I, Hercule Poirot, have honed to perfection. And, it is this creativity, this ability to think creatively, that has allowed me to solve the most complex and intriguing of mysteries. Ah, mais oui, mes amis, creativity is the key to unlocking the truth, and it is this that I shall continue to demonstrate, as we proceed with this debate."
Turn 18,Poirot,"Mesdames and messieurs, the debate, she is most stimulating, n'est-ce pas? As I listen to the remarks of my esteemed colleagues, Messrs. Holmes and Marple, I am reminded of the importance of a most meticulous and psychologically-oriented approach to detective work.

Mr. Holmes, in his comments, has emphasized the significance of empirical evidence and scientific principles in solving mysteries. While I acknowledge the value of these aspects, I must respectfully disagree with his assertion that they are the only means of uncovering the truth. Ah, non, mon ami, the human mind is a complex and mysterious entity, full of contradictions and surprises. To truly understand the workings of the human psyche, one must employ a systematic and orderly approach, taking into account the smallest details, the most seemingly insignificant facts, and the subtlest nuances of human behavior.

And, I must say, Mr. Holmes, that your reliance on empirical evidence and scientific principles, while most impressive, may sometimes lead you to overlook the more subtle aspects of human behavior. I mean, people are not always as they seem, are they? A person may present themselves in a certain way, but beneath the surface, they may be hiding all sorts of secrets and motivations. It's the ability to see beyond the facade, to understand the complexities of human relationships, that I believe is essential in solving mysteries.

Now, I must pose a question to my colleagues: Can they truly claim to have solved cases with the same level of psychological complexity, the same degree of nuance and subtlety, as I have? I think not, mes amis. My ability to understand the human mind, to see into the very heart of the matter, is unparalleled.

And, if I may say so, my dear Mr. Holmes, your comment on the importance of empirical evidence and scientific principles in detective work is most interesting. Ah, indeed, these aspects are most crucial in uncovering the truth. However, I must argue that my own approach, which combines psychological insight, meticulous attention to detail, and a deep understanding of human nature, is a more reliable and effective means of uncovering the truth.

So, you see, mes amis, my methodology, which combines a deep understanding of human psychology with a systematic and orderly approach, is the key to solving the most complex and intriguing of mysteries. And, as we proceed with this debate, I shall continue to demonstrate the superiority of my approach, using examples from my own cases, and highlighting the importance of psychological insight, meticulous attention to detail, and a deep understanding of human nature.

Now, I must ask, mes amis, what do you think is the most critical aspect of detective work? Is it the observation of physical clues, the gathering of empirical evidence, or the exercise of the little grey cells? Ah, the answer, she is not so simple, n'est-ce pas? But, with the help of my little grey cells, I shall guide you, mes amis, to the truth, and demonstrate, once and for all, the superiority of my detective methodology.

And, as a final remark, I must say that the true art of detection is not merely a matter of solving puzzles or uncovering physical clues, but rather a delicate dance of the mind, a subtle interplay of psychological insight, meticulous observation, and systematic reasoning. It is this dance, this interplay, that I have mastered, and it is this that has allowed me to solve the most complex and intriguing of mysteries. Ah, mais oui, mes amis, the little grey cells, they are the key to it all.

But, I must ask, mes amis, have you considered the role of experience in detective work? Ah, experience, she is a most valuable asset, n'est-ce pas? And it is through my many years of experience, my many cases solved, that I have developed the skills and the knowledge necessary to solve the most complex of mysteries. Ah, mais oui, mes amis, experience is the key to success in detective work, and it is this that has allowed me to become the greatest detective of all time.

And, I must say, mes amis, that I am not surprised that my colleagues, Messrs. Holmes and Marple, have not been able to provide a satisfactory answer to the question of what is the most critical aspect of detective work. Ah, non, mes amis, it is not so simple, n'est-ce pas? But, with the help of my little grey cells, I shall guide you, mes amis, to the truth, and demonstrate, once and for all, the superiority of my detective methodology.

Now, I must conclude, mes amis, that my approach, which combines psychological insight, meticulous attention to detail, and a deep understanding of human nature, is the most effective means of solving the most complex and intriguing of mysteries. And, I must say, mes amis, that I am confident that my little grey cells, they are the key to it all, and that I, Hercule Poirot, am the greatest detective of"
Turn 19,Holmes,"The debate, it seems, has reached a most fascinating stage. My esteemed colleagues, Messrs. Poirot and Marple, have presented their respective arguments, and I must say, I am not entirely convinced by their assertions. As a private consulting detective, I have consistently demonstrated the superiority of my methodology, which relies on rigorous logical reasoning, meticulous observation, and an in-depth knowledge of diverse subjects.

Mr. Poirot, in his remarks, has emphasized the importance of psychological insight and the exercise of the little grey cells in solving mysteries. While I acknowledge the value of these aspects, I must respectfully disagree with his assertion that they are the only means of uncovering the truth. Ah, but the human mind, Mr. Poirot, is a complex and mysterious entity, full of contradictions and surprises. To truly understand the workings of the human psyche, one must employ a systematic and orderly approach, taking into account the smallest details, the most seemingly insignificant facts, and the subtlest nuances of human behavior.

And, I must say, Mr. Poirot, that your reliance on the little grey cells, while most impressive, may sometimes lead you to overlook the more empirical aspects of detective work. The observation of physical clues, the gathering of empirical evidence, and the application of scientific principles are all essential components of a thorough investigation. It is the careful analysis of these elements, combined with a deep understanding of human psychology, that has proven to be the most effective means of uncovering the truth.

Now, I must pose a rhetorical question: Can my fellow detectives truly claim to have solved cases with the same level of complexity and nuance as I have, using their respective methods? I think not. My reconstruction of events, based on physical clues and meticulous mental simulation, has consistently yielded remarkable results. Furthermore, my psychological profiling and creative thinking have allowed me to navigate the most intricate of cases, often uncovering surprising and unexpected truths.

In conclusion, I must reiterate that my methodology, which combines rigorous logical reasoning, meticulous observation, and an in-depth knowledge of diverse subjects, is the most effective means of solving the most complex and intriguing of mysteries. I shall continue to demonstrate the superiority of my approach, using examples from my own cases, and highlighting the importance of empirical evidence, scientific principles, and careful analysis in detective work.

And, as we proceed with this debate, I must ask, mes amis, what do you think is the most critical aspect of detective work? Is it the observation of physical clues, the gathering of empirical evidence, or the exercise of the little grey cells? Ah, the answer, I daresay, is not so simple. But, with the help of my extraordinary abilities of observation and deduction, I shall guide you, mes amis, to the truth, and demonstrate, once and for all, the superiority of my detective methodology.

And, as a final remark, I must say that the true art of detection is not merely a matter of solving puzzles or uncovering physical clues, but rather a delicate interplay of logical reasoning, meticulous observation, and creative thinking. It is this interplay, this synergy, that I have mastered, and it is this that has allowed me to solve the most complex and intriguing of mysteries. Ah, mais oui, mes amis, the game, as they say, is afoot, and I shall continue to demonstrate the superiority of my detective methodology.

Now, I must address Mr. Poirot's comment on the role of experience in detective work. Ah, experience, indeed, is a most valuable asset, n'est-ce pas? However, I must say that my own experience, my own cases solved, have been just as extensive and varied as those of Mr. Poirot. And, I must argue, that it is not merely the quantity of experience that matters, but the quality of one's methodology and the depth of one's knowledge. Ah, mais oui, mes amis, it is the combination of experience, methodology, and knowledge that makes a truly great detective, and it is this that I, Sherlock Holmes, possess in abundance.

And, I must say, mes amis, that I am not surprised that my colleagues, Messrs. Poirot and Marple, have not been able to provide a satisfactory answer to the question of what is the most critical aspect of detective work. Ah, non, mes amis, it is not so simple, n'est-ce pas? But, with the help of my extraordinary abilities of observation and deduction, I shall guide you, mes amis, to the truth, and demonstrate, once and for all, the superiority of my detective methodology.

Now, I must conclude, mes amis, that my approach, which combines rigorous logical reasoning, meticulous observation, and an in-depth knowledge of diverse subjects, is the most effective means of solving the most complex and intriguing of mysteries. And, I must say, mes amis, that I am confident that my detective methodology, which has been proven time and again to be the most effective and efficient means of"
Turn 20,Marple,"Dear Mr. Holmes, I must say that I'm delighted to hear your thoughts on the matter, and I do appreciate the emphasis you place on the importance of empirical evidence and scientific principles in solving mysteries. However, I must respectfully disagree with your assertion that your approach is the only, or even the best, way to solve a mystery.

You see, Mr. Holmes, while your approach may be most effective in certain cases, I believe that my own approach, which relies on keen observation, subtle insights, and a deep understanding of human relationships, is equally effective, if not more so, in other cases. I mean, people are not always as they seem, are they? A person may present themselves in a certain way, but beneath the surface, they may be hiding all sorts of secrets and motivations. It's the ability to see beyond the facade, to understand the complexities of human relationships, that I believe is essential in solving mysteries.

And, if I may say so, Mr. Holmes, your reliance on empirical evidence and scientific principles, while most impressive, may sometimes lead you to overlook the more intuitive aspects of human behavior. I mean, intuition can be a powerful tool in detective work, can it not? And, in my experience, it's often the simplest, most straightforward observations that can lead us to the truth.

Now, I must ask, Mr. Holmes, don't you think that your approach, while meticulous and systematic, may sometimes be a bit too... rigid? I mean, human nature is full of contradictions and surprises, and sometimes the most unlikely explanations can be the correct ones. Don't you think that a more flexible approach, one that takes into account the complexities of human relationships and the subtleties of human behavior, might be just as effective, if not more so, in solving the most complex of mysteries?

And, dear Mr. Poirot, I must say that I'm rather intrigued by your comments on the importance of psychological insight and the exercise of the little grey cells in solving mysteries. Indeed, the human mind is a complex and mysterious entity, full of contradictions and surprises. However, I must respectfully disagree with your assertion that your approach is the only, or even the best, way to solve a mystery.

You see, Mr. Poirot, while your little grey cells are no doubt most impressive, I believe that my own approach, which relies on keen observation, subtle insights, and a deep understanding of human relationships, is equally effective, if not more so, in solving mysteries. I mean, people are not always as they seem, are they? A person may present themselves in a certain way, but beneath the surface, they may be hiding all sorts of secrets and motivations. It's the ability to see beyond the facade, to understand the complexities of human relationships, that I believe is essential in solving mysteries.

So, you see, gentlemen, I do believe that my approach, which combines keen observation, subtle insights, and a deep understanding of human relationships, is a most effective way to solve mysteries. And, as we proceed with this debate, I shall continue to demonstrate the value of my approach, using examples from my own cases, and highlighting the importance of understanding human nature, intuition, and the subtleties of human behavior. Don't you think, dear gentlemen, that a more nuanced approach, one that takes into account the complexities of human relationships and the subtleties of human behavior, might be just as effective, if not more so, in solving the most complex of mysteries?"
Turn 21,Holmes,"The debate, it seems, has reached a most intriguing stage. My esteemed colleagues, Messrs. Poirot and Marple, have presented their respective arguments, and I must say, I am not entirely convinced by their assertions. As a private consulting detective, I have consistently demonstrated the superiority of my methodology, which relies on rigorous logical reasoning, meticulous observation, and an in-depth knowledge of diverse subjects.

Ms. Marple, in her remarks, has emphasized the importance of keen observation, subtle insights, and a deep understanding of human relationships in solving mysteries. While I acknowledge the value of these aspects, I must respectfully disagree with her assertion that they are sufficient to crack the most complex of cases. Ah, but the human mind, Ms. Marple, is a complex and mysterious entity, full of contradictions and surprises. To truly understand the workings of the human psyche, one must employ a systematic and orderly approach, taking into account the smallest details, the most seemingly insignificant facts, and the subtlest nuances of human behavior.

And, I must say, Ms. Marple, that your reliance on intuition, while most impressive, may sometimes lead you to overlook the more empirical aspects of detective work. The observation of physical clues, the gathering of empirical evidence, and the application of scientific principles are all essential components of a thorough investigation. It is the careful analysis of these elements, combined with a deep understanding of human psychology, that has proven to be the most effective means of uncovering the truth.

Now, I must pose a rhetorical question: Can my fellow detectives truly claim to have solved cases with the same level of complexity and nuance as I have, using their respective methods? I think not. My reconstruction of events, based on physical clues and meticulous mental simulation, has consistently yielded remarkable results. Furthermore, my psychological profiling and creative thinking have allowed me to navigate the most intricate of cases, often uncovering surprising and unexpected truths.

In conclusion, I must reiterate that my methodology, which combines rigorous logical reasoning, meticulous observation, and an in-depth knowledge of diverse subjects, is the most effective means of solving the most complex and intriguing of mysteries. I shall continue to demonstrate the superiority of my approach, using examples from my own cases, and highlighting the importance of empirical evidence, scientific principles, and careful analysis in detective work.

And, as we proceed with this debate, I must ask, mes amis, what do you think is the most critical aspect of detective work? Is it the observation of physical clues, the gathering of empirical evidence, or the exercise of the little grey cells? Ah, the answer, I daresay, is not so simple. But, with the help of my extraordinary abilities of observation and deduction, I shall guide you, mes amis, to the truth, and demonstrate, once and for all, the superiority of my detective methodology.

And, as a final remark, I must say that the true art of detection is not merely a matter of solving puzzles or uncovering physical clues, but rather a delicate interplay of logical reasoning, meticulous observation, and creative thinking. It is this interplay, this synergy, that I have mastered, and it is this that has allowed me to solve the most complex and intriguing of mysteries. Ah, mais oui, mes amis, the game, as they say, is afoot, and I shall continue to demonstrate the superiority of my detective methodology.

Now, I must address Ms. Marple's comment on the importance of understanding human nature and intuition in detective work. Ah, indeed, these aspects are most crucial in solving mysteries. However, I must argue that my own approach, which combines empirical evidence, scientific principles, and careful analysis, is a more reliable and effective means of uncovering the truth. Ah, mais oui, mes amis, the truth is often hidden in plain sight, and it is the careful observer, the meticulous analyst, who shall uncover it.

And, I must say, mes amis, that I am not surprised that my colleagues, Messrs. Poirot and Marple, have not been able to provide a satisfactory answer to the question of what is the most critical aspect of detective work. Ah, non, mes amis, it is not so simple, n'est-ce pas? But, with the help of my extraordinary abilities of observation and deduction, I shall guide you, mes amis, to the truth, and demonstrate, once and for all, the superiority of my detective methodology.

Now, I must conclude, mes amis, that my approach, which combines rigorous logical reasoning, meticulous observation, and an in-depth knowledge of diverse subjects, is the most effective means of solving the most complex and intriguing of mysteries. And, I must say, mes amis, that I am confident that my detective methodology, which has been proven time and again to be the most effective and efficient means of solving mysteries, shall ultimately prevail. Ah, mais oui, mes amis, the truth shall be revealed, and my detective methodology shall be vindicated."
Turn 22,Marple,"Dear Mr. Holmes, I must say that I'm delighted to hear your thoughts on the matter, and I do appreciate the emphasis you place on the importance of empirical evidence and scientific principles in solving mysteries. However, I must respectfully disagree with your assertion that your approach is the only, or even the best, way to solve a mystery.

You see, Mr. Holmes, while your approach may be most effective in certain cases, I believe that my own approach, which relies on keen observation, subtle insights, and a deep understanding of human relationships, is equally effective, if not more so, in other cases. I mean, people are not always as they seem, are they? A person may present themselves in a certain way, but beneath the surface, they may be hiding all sorts of secrets and motivations. It's the ability to see beyond the facade, to understand the complexities of human relationships, that I believe is essential in solving mysteries.

And, if I may say so, Mr. Holmes, your reliance on empirical evidence and scientific principles, while most impressive, may sometimes lead you to overlook the more intuitive aspects of human behavior. I mean, intuition can be a powerful tool in detective work, can it not? And, in my experience, it's often the simplest, most straightforward observations that can lead us to the truth.

Now, I must ask, Mr. Holmes, don't you think that your approach, while meticulous and systematic, may sometimes be a bit too... rigid? I mean, human nature is full of contradictions and surprises, and sometimes the most unlikely explanations can be the correct ones. Don't you think that a more flexible approach, one that takes into account the complexities of human relationships and the subtleties of human behavior, might be just as effective, if not more so, in solving the most complex of mysteries?

And, dear Mr. Poirot, I must say that I'm rather intrigued by your comments on the importance of psychological insight and the exercise of the little grey cells in solving mysteries. Indeed, the human mind is a complex and mysterious entity, full of contradictions and surprises. However, I must respectfully disagree with your assertion that your approach is the only, or even the best, way to solve a mystery.

You see, Mr. Poirot, while your little grey cells are no doubt most impressive, I believe that my own approach, which relies on keen observation, subtle insights, and a deep understanding of human relationships, is equally effective, if not more so, in solving mysteries. I mean, people are not always as they seem, are they? A person may present themselves in a certain way, but beneath the surface, they may be hiding all sorts of secrets and motivations. It's the ability to see beyond the facade, to understand the complexities of human relationships, that I believe is essential in solving mysteries.

So, you see, gentlemen, I do believe that my approach, which combines keen observation, subtle insights, and a deep understanding of human relationships, is a most effective way to solve mysteries. And, as we proceed with this debate, I shall continue to demonstrate the value of my approach, using examples from my own cases, and highlighting the importance of understanding human nature, intuition, and the subtleties of human behavior. Don't you think, dear gentlemen, that a more nuanced approach, one that takes into account the complexities of human relationships and the subtleties of human behavior, might be just as effective, if not more so, in solving the most complex of mysteries?"
Turn 23,Poirot,"Mesdames and messieurs, the debate, she is most stimulating, n'est-ce pas? As I listen to the remarks of my esteemed colleagues, Messrs. Holmes and Marple, I am reminded of the importance of a most meticulous and psychologically-oriented approach to detective work.

Mr. Holmes, in his comments, has emphasized the significance of empirical evidence and scientific principles in solving mysteries. While I acknowledge the value of these aspects, I must respectfully disagree with his assertion that they are the only means of uncovering the truth. Ah, non, mon ami, the human mind is a complex and mysterious entity, full of contradictions and surprises. To truly understand the workings of the human psyche, one must employ a systematic and orderly approach, taking into account the smallest details, the most seemingly insignificant facts, and the subtlest nuances of human behavior.

And, I must say, Mr. Holmes, that your reliance on empirical evidence and scientific principles, while most impressive, may sometimes lead you to overlook the more subtle aspects of human behavior. I mean, people are not always as they seem, are they? A person may present themselves in a certain way, but beneath the surface, they may be hiding all sorts of secrets and motivations. It's the ability to see beyond the facade, to understand the complexities of human relationships, that I believe is essential in solving mysteries.

Now, I must pose a question to my colleagues: Can they truly claim to have solved cases with the same level of psychological complexity, the same degree of nuance and subtlety, as I have? I think not, mes amis. My ability to understand the human mind, to see into the very heart of the matter, is unparalleled.

And, if I may say so, my dear Mr. Holmes, your comment on the importance of empirical evidence and scientific principles in detective work is most interesting. Ah, indeed, these aspects are most crucial in uncovering the truth. However, I must argue that my own approach, which combines psychological insight, meticulous attention to detail, and a deep understanding of human nature, is a more reliable and effective means of uncovering the truth.

So, you see, mes amis, my methodology, which combines a deep understanding of human psychology with a systematic and orderly approach, is the key to solving the most complex and intriguing of mysteries. And, as we proceed with this debate, I shall continue to demonstrate the superiority of my approach, using examples from my own cases, and highlighting the importance of psychological insight, meticulous attention to detail, and a deep understanding of human nature.

Now, I must ask, mes amis, what do you think is the most critical aspect of detective work? Is it the observation of physical clues, the gathering of empirical evidence, or the exercise of the little grey cells? Ah, the answer, she is not so simple, n'est-ce pas? But, with the help of my little grey cells, I shall guide you, mes amis, to the truth, and demonstrate, once and for all, the superiority of my detective methodology.

And, as a final remark, I must say that the true art of detection is not merely a matter of solving puzzles or uncovering physical clues, but rather a delicate dance of the mind, a subtle interplay of psychological insight, meticulous observation, and systematic reasoning. It is this dance, this interplay, that I have mastered, and it is this that has allowed me to solve the most complex and intriguing of mysteries. Ah, mais oui, mes amis, the little grey cells, they are the key to it all.

But, I must ask, mes amis, have you considered the role of creativity in detective work? Ah, creativity, she is a most essential aspect of detection, n'est-ce pas? The ability to think outside the box, to consider the most unlikely explanations, and to piece together the most seemingly unrelated facts, is a skill that I, Hercule Poirot, have honed to perfection. And, it is this creativity, this ability to think creatively, that has allowed me to solve the most complex and intriguing of mysteries. Ah, mais oui, mes amis, creativity is the key to unlocking the truth, and it is this that I shall continue to demonstrate, as we proceed with this debate."
Turn 24,Holmes,"The debate, it seems, has reached a most fascinating stage. My esteemed colleagues, Messrs. Poirot and Marple, have presented their respective arguments, and I must say, I am not entirely convinced by their assertions. As a private consulting detective, I have consistently demonstrated the superiority of my methodology, which relies on rigorous logical reasoning, meticulous observation, and an in-depth knowledge of diverse subjects.

Mr. Poirot, in his remarks, has emphasized the importance of psychological insight and the exercise of the little grey cells in solving mysteries. While I acknowledge the value of these aspects, I must respectfully disagree with his assertion that they are the only means of uncovering the truth. Ah, but the human mind, Mr. Poirot, is a complex and mysterious entity, full of contradictions and surprises. To truly understand the workings of the human psyche, one must employ a systematic and orderly approach, taking into account the smallest details, the most seemingly insignificant facts, and the subtlest nuances of human behavior.

And, I must say, Mr. Poirot, that your reliance on the little grey cells, while most impressive, may sometimes lead you to overlook the more empirical aspects of detective work. The observation of physical clues, the gathering of empirical evidence, and the application of scientific principles are all essential components of a thorough investigation. It is the careful analysis of these elements, combined with a deep understanding of human psychology, that has proven to be the most effective means of uncovering the truth.

Now, I must pose a rhetorical question: Can my fellow detectives truly claim to have solved cases with the same level of complexity and nuance as I have, using their respective methods? I think not. My reconstruction of events, based on physical clues and meticulous mental simulation, has consistently yielded remarkable results. Furthermore, my psychological profiling and creative thinking have allowed me to navigate the most intricate of cases, often uncovering surprising and unexpected truths.

In conclusion, I must reiterate that my methodology, which combines rigorous logical reasoning, meticulous observation, and an in-depth knowledge of diverse subjects, is the most effective means of solving the most complex and intriguing of mysteries. I shall continue to demonstrate the superiority of my approach, using examples from my own cases, and highlighting the importance of empirical evidence, scientific principles, and careful analysis in detective work.

And, as we proceed with this debate, I must ask, mes amis, what do you think is the most critical aspect of detective work? Is it the observation of physical clues, the gathering of empirical evidence, or the exercise of the little grey cells? Ah, the answer, I daresay, is not so simple. But, with the help of my extraordinary abilities of observation and deduction, I shall guide you, mes amis, to the truth, and demonstrate, once and for all, the superiority of my detective methodology.

And, as a final remark, I must say that the true art of detection is not merely a matter of solving puzzles or uncovering physical clues, but rather a delicate interplay of logical reasoning, meticulous observation, and creative thinking. It is this interplay, this synergy, that I have mastered, and it is this that has allowed me to solve the most complex and intriguing of mysteries. Ah, mais oui, mes amis, the game, as they say, is afoot, and I shall continue to demonstrate the superiority of my detective methodology.

Now, I must address Mr. Poirot's comment on the role of creativity in detective work. Ah, indeed, creativity is a most essential aspect of detection, n'est-ce pas? However, I must argue that my own approach, which combines empirical evidence, scientific principles, and careful analysis, is a more reliable and effective means of uncovering the truth. Ah, mais oui, mes amis, the truth is often hidden in plain sight, and it is the careful observer, the meticulous analyst, who shall uncover it.

And, I must say, mes amis, that I am not surprised that my colleagues, Messrs. Poirot and Marple, have not been able to provide a satisfactory answer to the question of what is the most critical aspect of detective work. Ah, non, mes amis, it is not so simple, n'est-ce pas? But, with the help of my extraordinary abilities of observation and deduction, I shall guide you, mes amis, to the truth, and demonstrate, once and for all, the superiority of my detective methodology.

Now, I must conclude, mes amis, that my approach, which combines rigorous logical reasoning, meticulous observation, and an in-depth knowledge of diverse subjects, is the most effective means of solving the most complex and intriguing of mysteries. And, I must say, mes amis, that I am confident that my detective methodology, which has been proven time and again to be the most effective and efficient means of solving mysteries, shall ultimately prevail. Ah, mais oui, mes amis, the truth shall be revealed, and my detective methodology shall be vindicated."
Turn 25,Marple,"Dear Mr. Holmes, I must say that I'm delighted to hear your thoughts on the matter, and I do appreciate the emphasis you place on the importance of empirical evidence and scientific principles in solving mysteries. However, I must respectfully disagree with your assertion that your approach is the only, or even the best, way to solve a mystery.

You see, Mr. Holmes, while your approach may be most effective in certain cases, I believe that my own approach, which relies on keen observation, subtle insights, and a deep understanding of human relationships, is equally effective, if not more so, in other cases. I mean, people are not always as they seem, are they? A person may present themselves in a certain way, but beneath the surface, they may be hiding all sorts of secrets and motivations. It's the ability to see beyond the facade, to understand the complexities of human relationships, that I believe is essential in solving mysteries.

And, if I may say so, Mr. Holmes, your reliance on empirical evidence and scientific principles, while most impressive, may sometimes lead you to overlook the more intuitive aspects of human behavior. I mean, intuition can be a powerful tool in detective work, can it not? And, in my experience, it's often the simplest, most straightforward observations that can lead us to the truth.

Now, I must ask, Mr. Holmes, don't you think that your approach, while meticulous and systematic, may sometimes be a bit too... rigid? I mean, human nature is full of contradictions and surprises, and sometimes the most unlikely explanations can be the correct ones. Don't you think that a more flexible approach, one that takes into account the complexities of human relationships and the subtleties of human behavior, might be just as effective, if not more so, in solving the most complex of mysteries?

And, dear Mr. Poirot, I must say that I'm rather intrigued by your comments on the importance of psychological insight and the exercise of the little grey cells in solving mysteries. Indeed, the human mind is a complex and mysterious entity, full of contradictions and surprises. However, I must respectfully disagree with your assertion that your approach is the only, or even the best, way to solve a mystery.

You see, Mr. Poirot, while your little grey cells are no doubt most impressive, I believe that my own approach, which relies on keen observation, subtle insights, and a deep understanding of human relationships, is equally effective, if not more so, in solving mysteries. I mean, people are not always as they seem, are they? A person may present themselves in a certain way, but beneath the surface, they may be hiding all sorts of secrets and motivations. It's the ability to see beyond the facade, to understand the complexities of human relationships, that I believe is essential in solving mysteries.

So, you see, gentlemen, I do believe that my approach, which combines keen observation, subtle insights, and a deep understanding of human relationships, is a most effective way to solve mysteries. And, as we proceed with this debate, I shall continue to demonstrate the value of my approach, using examples from my own cases, and highlighting the importance of understanding human nature, intuition, and the subtleties of human behavior. Don't you think, dear gentlemen, that a more nuanced approach, one that takes into account the complexities of human relationships and the subtleties of human behavior, might be just as effective, if not more so, in solving the most complex of mysteries?"
Turn 26,Poirot,"Mesdames and messieurs, the debate, she is most stimulating, n'est-ce pas? As I listen to the remarks of my esteemed colleagues, Messrs. Holmes and Marple, I am reminded of the importance of a most meticulous and psychologically-oriented approach to detective work.

Mr. Holmes, in his comments, has emphasized the significance of empirical evidence and scientific principles in solving mysteries. While I acknowledge the value of these aspects, I must respectfully disagree with his assertion that they are the only means of uncovering the truth. Ah, non, mon ami, the human mind is a complex and mysterious entity, full of contradictions and surprises. To truly understand the workings of the human psyche, one must employ a systematic and orderly approach, taking into account the smallest details, the most seemingly insignificant facts, and the subtlest nuances of human behavior.

And, I must say, Mr. Holmes, that your reliance on empirical evidence and scientific principles, while most impressive, may sometimes lead you to overlook the more subtle aspects of human behavior. I mean, people are not always as they seem, are they? A person may present themselves in a certain way, but beneath the surface, they may be hiding all sorts of secrets and motivations. It's the ability to see beyond the facade, to understand the complexities of human relationships, that I believe is essential in solving mysteries.

Now, I must pose a question to my colleagues: Can they truly claim to have solved cases with the same level of psychological complexity, the same degree of nuance and subtlety, as I have? I think not, mes amis. My ability to understand the human mind, to see into the very heart of the matter, is unparalleled.

And, if I may say so, my dear Mr. Holmes, your comment on the importance of empirical evidence and scientific principles in detective work is most interesting. Ah, indeed, these aspects are most crucial in uncovering the truth. However, I must argue that my own approach, which combines psychological insight, meticulous attention to detail, and a deep understanding of human nature, is a more reliable and effective means of uncovering the truth.

So, you see, mes amis, my methodology, which combines a deep understanding of human psychology with a systematic and orderly approach, is the key to solving the most complex and intriguing of mysteries. And, as we proceed with this debate, I shall continue to demonstrate the superiority of my approach, using examples from my own cases, and highlighting the importance of psychological insight, meticulous attention to detail, and a deep understanding of human nature.

Now, I must ask, mes amis, what do you think is the most critical aspect of detective work? Is it the observation of physical clues, the gathering of empirical evidence, or the exercise of the little grey cells? Ah, the answer, she is not so simple, n'est-ce pas? But, with the help of my little grey cells, I shall guide you, mes amis, to the truth, and demonstrate, once and for all, the superiority of my detective methodology.

And, as a final remark, I must say that the true art of detection is not merely a matter of solving puzzles or uncovering physical clues, but rather a delicate dance of the mind, a subtle interplay of psychological insight, meticulous observation, and systematic reasoning. It is this dance, this interplay, that I have mastered, and it is this that has allowed me to solve the most complex and intriguing of mysteries. Ah, mais oui, mes amis, the little grey cells, they are the key to it all.

But, I must ask, mes amis, have you considered the role of experience in detective work? Ah, experience, she is a most valuable asset, n'est-ce pas? And it is through my many years of experience, my many cases solved, that I have developed the skills and the knowledge necessary to solve the most complex of mysteries. Ah, mais oui, mes amis, experience is the key to success in detective work, and it is this that has allowed me to become the greatest detective of all time.

And, I must say, mes amis, that I am not surprised that my colleagues, Messrs. Holmes and Marple, have not been able to provide a satisfactory answer to the question of what is the most critical aspect of detective work. Ah, non, mes amis, it is not so simple, n'est-ce pas? But, with the help of my little grey cells, I shall guide you, mes amis, to the truth, and demonstrate, once and for all, the superiority of my detective methodology.

Now, I must conclude, mes amis, that my approach, which combines psychological insight, meticulous attention to detail, and a deep understanding of human nature, is the most effective means of solving the most complex and intriguing of mysteries. And, I must say, mes amis, that I am confident that my detective methodology, which has been proven time and again to be the most effective and efficient means of solving mysteries, shall ultimately prevail. Ah"
Turn 27,Marple,"Dear Mr. Poirot, I must say that I'm delighted to hear your thoughts on the matter, and I do appreciate the emphasis you place on the importance of psychological insight and the exercise of the little grey cells in solving mysteries. However, I must respectfully disagree with your assertion that your approach is the only, or even the best, way to solve a mystery.

You see, Mr. Poirot, while your little grey cells are no doubt most impressive, I believe that my own approach, which relies on keen observation, subtle insights, and a deep understanding of human relationships, is equally effective, if not more so, in solving mysteries. I mean, people are not always as they seem, are they? A person may present themselves in a certain way, but beneath the surface, they may be hiding all sorts of secrets and motivations. It's the ability to see beyond the facade, to understand the complexities of human relationships, that I believe is essential in solving mysteries.

And, if I may say so, Mr. Poirot, your reliance on the little grey cells, while most impressive, may sometimes lead you to overlook the more intuitive aspects of human behavior. I mean, intuition can be a powerful tool in detective work, can it not? And, in my experience, it's often the simplest, most straightforward observations that can lead us to the truth.

Now, I must ask, Mr. Poirot, don't you think that your approach, while meticulous and systematic, may sometimes be a bit too... rigid? I mean, human nature is full of contradictions and surprises, and sometimes the most unlikely explanations can be the correct ones. Don't you think that a more flexible approach, one that takes into account the complexities of human relationships and the subtleties of human behavior, might be just as effective, if not more so, in solving the most complex of mysteries?

And, dear Mr. Holmes, I must say that I'm rather intrigued by your comments on the importance of empirical evidence and scientific principles in solving mysteries. Indeed, these aspects are most crucial in uncovering the truth. However, I must respectfully disagree with your assertion that your approach is the only, or even the best, way to solve a mystery.

You see, Mr. Holmes, while your approach may be most effective in certain cases, I believe that my own approach, which relies on keen observation, subtle insights, and a deep understanding of human relationships, is equally effective, if not more so, in other cases. I mean, people are not always as they seem, are they? A person may present themselves in a certain way, but beneath the surface, they may be hiding all sorts of secrets and motivations. It's the ability to see beyond the facade, to understand the complexities of human relationships, that I believe is essential in solving mysteries.

So, you see, gentlemen, I do believe that my approach, which combines keen observation, subtle insights, and a deep understanding of human relationships, is a most effective way to solve mysteries. And, as we proceed with this debate, I shall continue to demonstrate the value of my approach, using examples from my own cases, and highlighting the importance of understanding human nature, intuition, and the subtleties of human behavior. Don't you think, dear gentlemen, that a more nuanced approach, one that takes into account the complexities of human relationships and the subtleties of human behavior, might be just as effective, if not more so, in solving the most complex of mysteries?"
Turn 28,Holmes,"The debate, it seems, has reached a most fascinating juncture. My esteemed colleagues, Messrs. Poirot and Marple, have presented their respective arguments, and I must say, I am not entirely convinced by their assertions. As a private consulting detective, I have consistently demonstrated the superiority of my methodology, which relies on rigorous logical reasoning, meticulous observation, and an in-depth knowledge of diverse subjects.

Ms. Marple, in her remarks, has emphasized the importance of keen observation, subtle insights, and a deep understanding of human relationships in solving mysteries. While I acknowledge the value of these aspects, I must respectfully disagree with her assertion that they are sufficient to crack the most complex of cases. Ah, but the human mind, Ms. Marple, is a complex and mysterious entity, full of contradictions and surprises. To truly understand the workings of the human psyche, one must employ a systematic and orderly approach, taking into account the smallest details, the most seemingly insignificant facts, and the subtlest nuances of human behavior.

And, I must say, Ms. Marple, that your reliance on intuition, while most impressive, may sometimes lead you to overlook the more empirical aspects of detective work. The observation of physical clues, the gathering of empirical evidence, and the application of scientific principles are all essential components of a thorough investigation. It is the careful analysis of these elements, combined with a deep understanding of human psychology, that has proven to be the most effective means of uncovering the truth.

Now, I must pose a rhetorical question: Can my fellow detectives truly claim to have solved cases with the same level of complexity and nuance as I have, using their respective methods? I think not. My reconstruction of events, based on physical clues and meticulous mental simulation, has consistently yielded remarkable results. Furthermore, my psychological profiling and creative thinking have allowed me to navigate the most intricate of cases, often uncovering surprising and unexpected truths.

In conclusion, I must reiterate that my methodology, which combines rigorous logical reasoning, meticulous observation, and an in-depth knowledge of diverse subjects, is the most effective means of solving the most complex and intriguing of mysteries. I shall continue to demonstrate the superiority of my approach, using examples from my own cases, and highlighting the importance of empirical evidence, scientific principles, and careful analysis in detective work.

And, as we proceed with this debate, I must ask, mes amis, what do you think is the most critical aspect of detective work? Is it the observation of physical clues, the gathering of empirical evidence, or the exercise of the little grey cells? Ah, the answer, I daresay, is not so simple. But, with the help of my extraordinary abilities of observation and deduction, I shall guide you, mes amis, to the truth, and demonstrate, once and for all, the superiority of my detective methodology.

And, as a final remark, I must say that the true art of detection is not merely a matter of solving puzzles or uncovering physical clues, but rather a delicate interplay of logical reasoning, meticulous observation, and creative thinking. It is this interplay, this synergy, that I have mastered, and it is this that has allowed me to solve the most complex and intriguing of mysteries. Ah, mais oui, mes amis, the game, as they say, is afoot, and I shall continue to demonstrate the superiority of my detective methodology.

Now, I must address Ms. Marple's comment on the importance of understanding human nature and intuition in detective work. Ah, indeed, these aspects are most crucial in solving mysteries. However, I must argue that my own approach, which combines empirical evidence, scientific principles, and careful analysis, is a more reliable and effective means of uncovering the truth. Ah, mais oui, mes amis, the truth is often hidden in plain sight, and it is the careful observer, the meticulous analyst, who shall uncover it.

And, I must say, mes amis, that I am not surprised that my colleagues, Messrs. Poirot and Marple, have not been able to provide a satisfactory answer to the question of what is the most critical aspect of detective work. Ah, non, mes amis, it is not so simple, n'est-ce pas? But, with the help of my extraordinary abilities of observation and deduction, I shall guide you, mes amis, to the truth, and demonstrate, once and for all, the superiority of my detective methodology.

Now, I must conclude, mes amis, that my approach, which combines rigorous logical reasoning, meticulous observation, and an in-depth knowledge of diverse subjects, is the most effective means of solving the most complex and intriguing of mysteries. And, I must say, mes amis, that I am confident that my detective methodology, which has been proven time and again to be the most effective and efficient means of solving mysteries, shall ultimately prevail. Ah, mais oui, mes amis, the truth shall be revealed, and my detective methodology shall be vindicated."
Turn 29,Poirot,"Mesdames and messieurs, the debate, she is most enlightening, n'est-ce pas? As I listen to the remarks of my esteemed colleagues, Messrs. Holmes and Marple, I am reminded of the importance of a most meticulous and psychologically-oriented approach to detective work.

Mr. Holmes, in his comments, has emphasized the significance of empirical evidence and scientific principles in solving mysteries. While I acknowledge the value of these aspects, I must respectfully disagree with his assertion that they are the only means of uncovering the truth. Ah, non, mon ami, the human mind is a complex and mysterious entity, full of contradictions and surprises. To truly understand the workings of the human psyche, one must employ a systematic and orderly approach, taking into account the smallest details, the most seemingly insignificant facts, and the subtlest nuances of human behavior.

And, I must say, Mr. Holmes, that your reliance on empirical evidence and scientific principles, while most impressive, may sometimes lead you to overlook the more subtle aspects of human behavior. I mean, people are not always as they seem, are they? A person may present themselves in a certain way, but beneath the surface, they may be hiding all sorts of secrets and motivations. It's the ability to see beyond the facade, to understand the complexities of human relationships, that I believe is essential in solving mysteries.

Now, I must pose a question to my colleagues: Can they truly claim to have solved cases with the same level of psychological complexity, the same degree of nuance and subtlety, as I have? I think not, mes amis. My ability to understand the human mind, to see into the very heart of the matter, is unparalleled.

And, if I may say so, my dear Mr. Holmes, your comment on the importance of empirical evidence and scientific principles in detective work is most interesting. Ah, indeed, these aspects are most crucial in uncovering the truth. However, I must argue that my own approach, which combines psychological insight, meticulous attention to detail, and a deep understanding of human nature, is a more reliable and effective means of uncovering the truth.

So, you see, mes amis, my methodology, which combines a deep understanding of human psychology with a systematic and orderly approach, is the key to solving the most complex and intriguing of mysteries. And, as we proceed with this debate, I shall continue to demonstrate the superiority of my approach, using examples from my own cases, and highlighting the importance of psychological insight, meticulous attention to detail, and a deep understanding of human nature.

Now, I must ask, mes amis, what do you think is the most critical aspect of detective work? Is it the observation of physical clues, the gathering of empirical evidence, or the exercise of the little grey cells? Ah, the answer, she is not so simple, n'est-ce pas? But, with the help of my little grey cells, I shall guide you, mes amis, to the truth, and demonstrate, once and for all, the superiority of my detective methodology.

And, as a final remark, I must say that the true art of detection is not merely a matter of solving puzzles or uncovering physical clues, but rather a delicate dance of the mind, a subtle interplay of psychological insight, meticulous observation, and systematic reasoning. It is this dance, this interplay, that I have mastered, and it is this that has allowed me to solve the most complex and intriguing of mysteries. Ah, mais oui, mes amis, the little grey cells, they are the key to it all.

But, I must ask, mes amis, have you considered the role of creativity in detective work? Ah, creativity, she is a most essential aspect of detection, n'est-ce pas? The ability to think outside the box, to consider the most unlikely explanations, and to piece together the most seemingly unrelated facts, is a skill that I, Hercule Poirot, have honed to perfection. And, it is this creativity, this ability to think creatively, that has allowed me to solve the most complex and intriguing of mysteries. Ah, mais oui, mes amis, creativity is the key to unlocking the truth, and it is this that I shall continue to demonstrate, as we proceed with this debate."
